t,state,p,acc,fitness,sample_count,step_seconds
0,CA,0.3333333333333333,0.7728,0.7728,336,0.683464340865612
0,NY,0.3333333333333333,0.7498,0.7498,334,0.683464340865612
0,TX,0.3333333333333333,0.7688,0.7688,330,0.683464340865612
1,CA,0.335034206448199,0.773,0.773,356,0.047838956117630005
1,NY,0.330687530710209,0.7478,0.7478,319,0.047838956117630005
1,TX,0.33427826284159207,0.763,0.763,325,0.047838956117630005
2,CA,0.33725520380798824,0.7734,0.7734,340,0.039468832314014435
2,NY,0.3281484279708628,0.754,0.754,314,0.039468832314014435
2,TX,0.334596368221149,0.7638,0.7638,346,0.039468832314014435
3,CA,0.3390866242868867,0.7688,0.7688,310,0.03901461511850357
3,NY,0.32632114206447976,0.7516,0.7516,344,0.03901461511850357
3,TX,0.3345922336486336,0.769,0.769,346,0.03901461511850357
4,CA,0.3401531230189872,0.7772,0.7772,349,0.039052814245224
4,NY,0.324164328730794,0.7532,0.7532,321,0.039052814245224
4,TX,0.33568254825021876,0.7742,0.7742,330,0.039052814245224
5,CA,0.34184329527966484,0.7752,0.7752,316,0.038779862225055695
5,NY,0.3213756619127742,0.7528,0.7528,309,0.038779862225055695
5,TX,0.33678104280756105,0.7682,0.7682,375,0.038779862225055695
6,CA,0.3436934709066474,0.7692,0.7692,369,0.038288190960884094
6,NY,0.3190378979056684,0.7514,0.7514,320,0.038288190960884094
6,TX,0.3372686311876843,0.775,0.775,311,0.038288190960884094
7,CA,0.3444181890180407,0.7686,0.7686,322,0.038919366896152496
7,NY,0.3164940039846722,0.7436,0.7436,306,0.038919366896152496
7,TX,0.339087806997287,0.7728,0.7728,372,0.038919366896152496
8,CA,0.34568635351996835,0.7752,0.7752,345,0.038286589086055756
8,NY,0.3131690846713675,0.7604,0.7604,315,0.038286589086055756
8,TX,0.3411445618086642,0.7712,0.7712,340,0.038286589086055756
9,CA,0.34685859973157673,0.7708,0.7708,341,0.03876087814569473
9,NY,0.311611290320963,0.7534,0.7534,311,0.03876087814569473
9,TX,0.3415301099474602,0.7732,0.7732,348,0.03876087814569473
10,CA,0.3477624451253398,0.776,0.776,342,0.039536334574222565
10,NY,0.30935339588850275,0.7558,0.7558,318,0.039536334574222565
10,TX,0.34288415898615754,0.7638,0.7638,340,0.039536334574222565
11,CA,0.3498172522312939,0.772,0.772,353,0.03867683559656143
11,NY,0.3076419209341237,0.7556,0.7556,302,0.03867683559656143
11,TX,0.3425408268345824,0.774,0.774,345,0.03867683559656143
12,CA,0.35068014820237414,0.7732,0.7732,353,0.03847014904022217
12,NY,0.3055465091933029,0.7524,0.7524,292,0.03847014904022217
12,TX,0.34377334260432285,0.7634,0.7634,355,0.03847014904022217
13,CA,0.3526139061996366,0.775,0.775,339,0.03837689757347107
13,NY,0.3036274992178069,0.7492,0.7492,313,0.03837689757347107
13,TX,0.3437585945825565,0.7732,0.7732,348,0.03837689757347107
14,CA,0.35430104886113273,0.7742,0.7742,340,0.04335083067417145
14,NY,0.300645851879515,0.7568,0.7568,316,0.04335083067417145
14,TX,0.3450530992593523,0.7722,0.7722,344,0.04335083067417145
15,CA,0.3554874786075379,0.776,0.776,365,0.04193490743637085
15,NY,0.29869423057056393,0.7558,0.7558,291,0.04193490743637085
15,TX,0.3458182908218981,0.773,0.773,344,0.04193490743637085
16,CA,0.3569084965895334,0.7702,0.7702,340,0.03917557746171951
16,NY,0.2964773336063025,0.756,0.756,296,0.03917557746171951
16,TX,0.3466141698041641,0.7682,0.7682,364,0.03917557746171951
17,CA,0.35789982907171414,0.7682,0.7682,371,0.03913396596908569
17,NY,0.2949159595841244,0.7586,0.7586,285,0.03913396596908569
17,TX,0.34718421134416133,0.768,0.768,344,0.03913396596908569
18,CA,0.35848790779552736,0.7624,0.7624,337,0.03895352780818939
18,NY,0.29379674368806213,0.7468,0.7468,289,0.03895352780818939
18,TX,0.3477153485164106,0.7712,0.7712,374,0.03895352780818939
19,CA,0.35879803562978657,0.7752,0.7752,348,0.039014242589473724
19,NY,0.29144809618002665,0.7548,0.7548,301,0.039014242589473724
19,TX,0.3497538681901868,0.7736,0.7736,351,0.039014242589473724
20,CA,0.36011767202019557,0.7722,0.7722,372,0.03898569941520691
20,NY,0.28915848226209345,0.7512,0.7512,288,0.03898569941520691
20,TX,0.3507238457177109,0.773,0.773,340,0.03898569941520691
21,CA,0.36129843597101235,0.7768,0.7768,383,0.03890535980463028
21,NY,0.2866689135228558,0.7584,0.7584,275,0.03890535980463028
21,TX,0.35203265050613175,0.7716,0.7716,342,0.03890535980463028
22,CA,0.36274903969434136,0.7782,0.7782,365,0.0385001003742218
22,NY,0.28483930658362844,0.7546,0.7546,288,0.0385001003742218
22,TX,0.35241165372203015,0.7714,0.7714,347,0.0385001003742218
23,CA,0.3646188043655337,0.7736,0.7736,355,0.03900911659002304
23,NY,0.28250766147644774,0.7544,0.7544,286,0.03900911659002304
23,TX,0.35287353415801853,0.7684,0.7684,359,0.03900911659002304
24,CA,0.36611726964506885,0.776,0.776,345,0.03905460983514786
24,NY,0.2805978383571489,0.7538,0.7538,283,0.03905460983514786
24,TX,0.35328489199778235,0.7706,0.7706,372,0.03905460983514786
25,CA,0.3678024115699024,0.7776,0.7776,388,0.03917660564184189
25,NY,0.2783657397737573,0.7596,0.7596,287,0.03917660564184189
25,TX,0.35383184865634043,0.7682,0.7682,325,0.03917660564184189
26,CA,0.3695354619340045,0.7686,0.7686,415,0.04048757255077362
26,NY,0.2768453563508577,0.743,0.743,261,0.04048757255077362
26,TX,0.35361918171513784,0.7704,0.7704,324,0.04048757255077362
27,CA,0.37088822600924687,0.7614,0.7614,365,0.038928426802158356
27,NY,0.2738368782953704,0.745,0.745,264,0.038928426802158356
27,TX,0.3552748956953827,0.7628,0.7628,371,0.038928426802158356
28,CA,0.3717310344211021,0.7738,0.7738,396,0.03891143947839737
28,NY,0.27190371919529954,0.7576,0.7576,262,0.03891143947839737
28,TX,0.3563652463835984,0.7668,0.7668,342,0.03891143947839737
29,CA,0.3731825705008623,0.7748,0.7748,375,0.039211057126522064
29,NY,0.27047247368621347,0.7526,0.7526,259,0.039211057126522064
29,TX,0.3563449558129243,0.7742,0.7742,366,0.039211057126522064
30,CA,0.3744946725308213,0.774,0.774,395,0.03957346826791763
30,NY,0.2680283620941455,0.7582,0.7582,267,0.03957346826791763
30,TX,0.35747696537503326,0.7724,0.7724,338,0.03957346826791763
31,CA,0.3755121562190492,0.773,0.773,356,0.03931654989719391
31,NY,0.2663629213783367,0.7556,0.7556,285,0.03931654989719391
31,TX,0.358124922402614,0.768,0.768,359,0.03931654989719391
32,CA,0.37687795927449147,0.7736,0.7736,392,0.03865009546279907
32,NY,0.2647081695514806,0.7482,0.7482,255,0.03865009546279907
32,TX,0.35841387117402784,0.775,0.775,353,0.03865009546279907
33,CA,0.37820470549414154,0.7652,0.7652,380,0.038719452917575836
33,NY,0.26183576561448746,0.7432,0.7432,294,0.038719452917575836
33,TX,0.35995952889137095,0.7692,0.7692,326,0.038719452917575836
34,CA,0.3791326803524138,0.7728,0.7728,393,0.03892964869737625
34,NY,0.2592069015794643,0.7508,0.7508,231,0.03892964869737625
34,TX,0.36166041806812194,0.7738,0.7738,376,0.03892964869737625
35,CA,0.3802783399427509,0.7696,0.7696,380,0.03944476693868637
35,NY,0.2567637582569467,0.7574,0.7574,272,0.03944476693868637
35,TX,0.36295790180030235,0.7676,0.7676,348,0.03944476693868637
36,CA,0.3811093102120223,0.7794,0.7794,377,0.03863034397363663
36,NY,0.2555507767167913,0.759,0.759,257,0.03863034397363663
36,TX,0.3633399130711865,0.7678,0.7678,366,0.03863034397363663
37,CA,0.38313933694022273,0.7744,0.7744,387,0.03864564001560211
37,NY,0.25396662256241953,0.757,0.757,256,0.03864564001560211
37,TX,0.36289404049735774,0.7746,0.7746,357,0.03864564001560211
38,CA,0.3840801515801409,0.7728,0.7728,389,0.03922051936388016
38,NY,0.25209370271777626,0.7562,0.7562,274,0.03922051936388016
38,TX,0.36382614570208277,0.7626,0.7626,337,0.03922051936388016
39,CA,0.38579843927804364,0.7688,0.7688,394,0.03941372036933899
39,NY,0.2508504179635353,0.7546,0.7546,262,0.03941372036933899
39,TX,0.3633511427584211,0.767,0.767,344,0.03941372036933899
40,CA,0.3867202247995632,0.7766,0.7766,374,0.03805592656135559
40,NY,0.2494311238770139,0.7634,0.7634,261,0.03805592656135559
40,TX,0.36384865132342287,0.7714,0.7714,365,0.03805592656135559
41,CA,0.3878520611687643,0.774,0.774,402,0.03838260471820831
41,NY,0.2483024704219608,0.7464,0.7464,240,0.03838260471820831
41,TX,0.36384546840927495,0.767,0.767,358,0.03838260471820831
42,CA,0.38991815846556027,0.7686,0.7686,406,0.04057826101779938
42,NY,0.24574149987391444,0.7508,0.7508,230,0.04057826101779938
42,TX,0.3643403416605252,0.7722,0.7722,364,0.04057826101779938
43,CA,0.39059452645911047,0.7734,0.7734,378,0.03966259956359863
43,NY,0.24369022798022072,0.7532,0.7532,265,0.03966259956359863
43,TX,0.36571524556066876,0.7664,0.7664,357,0.03966259956359863
44,CA,0.3922495544497139,0.7726,0.7726,394,0.03958676755428314
44,NY,0.24193526573476298,0.7516,0.7516,249,0.03958676755428314
44,TX,0.3658151798155231,0.77,0.77,357,0.03958676755428314
45,CA,0.3935888489857802,0.7686,0.7686,383,0.03965750336647034
45,NY,0.23988533353940147,0.7556,0.7556,234,0.03965750336647034
45,TX,0.3665258174748182,0.7626,0.7626,383,0.03965750336647034
46,CA,0.39477582472154765,0.7714,0.7714,398,0.039146825671195984
46,NY,0.23884019196532155,0.7528,0.7528,240,0.039146825671195984
46,TX,0.3663839833131308,0.7694,0.7694,362,0.039146825671195984
47,CA,0.39593255294839835,0.7732,0.7732,406,0.03853452205657959
47,NY,0.237024804214626,0.7564,0.7564,237,0.03853452205657959
47,TX,0.36704264283697574,0.7716,0.7716,357,0.03853452205657959
48,CA,0.3969554508522841,0.7742,0.7742,367,0.03889793902635574
48,NY,0.23538569277210122,0.7536,0.7536,248,0.03889793902635574
48,TX,0.36765885637561474,0.7718,0.7718,385,0.03889793902635574
49,CA,0.3982419205191755,0.771,0.771,398,0.0386958122253418
49,NY,0.23340665120994028,0.7538,0.7538,246,0.0386958122253418
49,TX,0.3683514282708843,0.7712,0.7712,356,0.0386958122253418
50,CA,0.39913008617795775,0.775,0.775,387,0.0390927717089653
50,NY,0.23165529125675363,0.7582,0.7582,244,0.0390927717089653
50,TX,0.3692146225652887,0.771,0.771,369,0.0390927717089653
51,CA,0.4003409579770113,0.772,0.772,398,0.03868648409843445
51,NY,0.2301588616683141,0.7548,0.7548,245,0.03868648409843445
51,TX,0.3695001803546746,0.7718,0.7718,357,0.03868648409843445
52,CA,0.40125411280698664,0.7722,0.7722,401,0.040072083473205566
52,NY,0.22844469749280083,0.7532,0.7532,242,0.040072083473205566
52,TX,0.3703011897002125,0.7672,0.7672,357,0.040072083473205566
53,CA,0.40266098493193553,0.7764,0.7764,406,0.039317287504673004
53,NY,0.22678789308116207,0.7592,0.7592,228,0.039317287504673004
53,TX,0.3705511219869024,0.7738,0.7738,366,0.039317287504673004
54,CA,0.40376658910683255,0.7724,0.7724,389,0.0381912961602211
54,NY,0.22520869070654356,0.7476,0.7476,234,0.0381912961602211
54,TX,0.3710247201866238,0.7734,0.7734,377,0.0381912961602211
55,CA,0.4049579181842685,0.7744,0.7744,411,0.038870230317115784
55,NY,0.2227126864211848,0.7568,0.7568,234,0.038870230317115784
55,TX,0.3723293953945468,0.7662,0.7662,355,0.038870230317115784
56,CA,0.4065555560342337,0.7728,0.7728,402,0.03947674483060837
56,NY,0.2213735634014984,0.7502,0.7502,213,0.03947674483060837
56,TX,0.3720708805642679,0.7748,0.7748,385,0.03947674483060837
57,CA,0.40753460015829,0.7732,0.7732,418,0.039016492664813995
57,NY,0.21907775331564233,0.752,0.752,230,0.039016492664813995
57,TX,0.3733876465260676,0.7734,0.7734,352,0.039016492664813995
58,CA,0.4085875843840442,0.7782,0.7782,400,0.0394006222486496
58,NY,0.21701779008465463,0.7578,0.7578,214,0.0394006222486496
58,TX,0.37439462553130126,0.768,0.768,386,0.0394006222486496
59,CA,0.41049114138904275,0.777,0.777,438,0.043224044144153595
59,NY,0.21552756108103846,0.7612,0.7612,214,0.043224044144153595
59,TX,0.37398129752991877,0.7714,0.7714,348,0.043224044144153595
60,CA,0.41176551295297315,0.7718,0.7718,411,0.03854794800281525
60,NY,0.21427437846519481,0.7542,0.7542,195,0.03854794800281525
60,TX,0.373960108581832,0.769,0.769,394,0.03854794800281525
61,CA,0.4128883411864937,0.772,0.772,415,0.039735399186611176
61,NY,0.21272439799326015,0.75,0.75,212,0.039735399186611176
61,TX,0.3743872608202461,0.7546,0.7546,373,0.039735399186611176
62,CA,0.41551326772382957,0.774,0.774,399,0.03969254344701767
62,NY,0.21141894941766212,0.7508,0.7508,210,0.03969254344701767
62,TX,0.37306778285850845,0.7676,0.7676,391,0.03969254344701767
63,CA,0.4172284089117288,0.7714,0.7714,434,0.038914069533348083
63,NY,0.209515331675599,0.7542,0.7542,209,0.038914069533348083
63,TX,0.3732562594126722,0.771,0.771,357,0.038914069533348083
64,CA,0.4181142442000945,0.7692,0.7692,399,0.038520291447639465
64,NY,0.20792148421001175,0.7534,0.7534,223,0.038520291447639465
64,TX,0.3739642715898936,0.773,0.773,378,0.038520291447639465
65,CA,0.418555249648624,0.7726,0.7726,398,0.0406387522816658
65,NY,0.20628196905154964,0.7528,0.7528,207,0.0406387522816658
65,TX,0.3751627812998264,0.7676,0.7676,395,0.0406387522816658
66,CA,0.4199673494407941,0.7676,0.7676,420,0.03951012343168259
66,NY,0.2046659623075436,0.746,0.746,193,0.03951012343168259
66,TX,0.37536668825166225,0.7674,0.7674,387,0.03951012343168259
67,CA,0.4210382525001992,0.7698,0.7698,437,0.04026865214109421
67,NY,0.20268046662781927,0.7448,0.7448,206,0.04026865214109421
67,TX,0.3762812808719816,0.7668,0.7668,357,0.04026865214109421
68,CA,0.4225174348802764,0.7752,0.7752,418,0.221270352602005
68,NY,0.2005194188711466,0.7506,0.7506,199,0.221270352602005
68,TX,0.376963146248577,0.7704,0.7704,383,0.221270352602005
69,CA,0.42412827195616926,0.773,0.773,414,0.03833286464214325
69,NY,0.19849458371913664,0.7598,0.7598,193,0.03833286464214325
69,TX,0.3773771443246941,0.7678,0.7678,393,0.03833286464214325
70,CA,0.4252273129956917,0.7728,0.7728,420,0.03833473473787308
70,NY,0.19752731828633865,0.7576,0.7576,204,0.03833473473787308
70,TX,0.37724536871796965,0.7706,0.7706,376,0.03833473473787308
71,CA,0.42614854072116154,0.7734,0.7734,418,0.03907482326030731
71,NY,0.19625797883358762,0.7514,0.7514,196,0.03907482326030731
71,TX,0.3775934804452508,0.7752,0.7752,386,0.03907482326030731
72,CA,0.42702455201274453,0.7722,0.7722,438,0.03906116634607315
72,NY,0.19422172333966228,0.7556,0.7556,190,0.03906116634607315
72,TX,0.37875372464759305,0.7666,0.7666,372,0.03906116634607315
73,CA,0.4283163895941136,0.7738,0.7738,442,0.040894798934459686
73,NY,0.1929845273530516,0.7544,0.7544,194,0.040894798934459686
73,TX,0.3786990830528349,0.7696,0.7696,364,0.040894798934459686
74,CA,0.4296083719802753,0.7746,0.7746,411,0.03875346481800079
74,NY,0.1914496169314516,0.7598,0.7598,200,0.03875346481800079
74,TX,0.37894201108827325,0.7716,0.7716,389,0.03875346481800079
75,CA,0.4305716821882218,0.7728,0.7728,403,0.03832601010799408
75,NY,0.19027865179242642,0.7524,0.7524,183,0.03832601010799408
75,TX,0.37914966601935185,0.7764,0.7764,414,0.03832601010799408
76,CA,0.43118380989523175,0.7776,0.7776,432,0.03943365812301636
76,NY,0.18835647266668043,0.756,0.756,200,0.03943365812301636
76,TX,0.3804597174380877,0.7688,0.7688,368,0.03943365812301636
77,CA,0.43299034257985647,0.7754,0.7754,406,0.03976623713970184
77,NY,0.18684728135313688,0.7558,0.7558,203,0.03976623713970184
77,TX,0.3801623760670067,0.7766,0.7766,391,0.03976623713970184
78,CA,0.4337736497032709,0.7732,0.7732,434,0.03782381862401962
78,NY,0.18511881814064765,0.7564,0.7564,175,0.03782381862401962
78,TX,0.3811075321560815,0.7704,0.7704,391,0.03782381862401962
79,CA,0.43479789574885475,0.7696,0.7696,434,0.037954181432724
79,NY,0.18379789864449775,0.7504,0.7504,172,0.037954181432724
79,TX,0.3814042056066474,0.7696,0.7696,394,0.037954181432724
80,CA,0.43566669817526343,0.7744,0.7744,431,0.0375349223613739
80,NY,0.18216698374580395,0.75,0.75,181,0.0375349223613739
80,TX,0.38216631807893253,0.772,0.772,388,0.0375349223613739
81,CA,0.4369872333946101,0.773,0.773,456,0.037606410682201385
81,NY,0.18020655000761648,0.7532,0.7532,176,0.037606410682201385
81,TX,0.3828062165977734,0.7656,0.7656,368,0.037606410682201385
82,CA,0.4385705536569598,0.7686,0.7686,446,0.03836674988269806
82,NY,0.1788397353703489,0.7548,0.7548,164,0.03836674988269806
82,TX,0.3825897109726913,0.765,0.765,390,0.03836674988269806
83,CA,0.439526176735889,0.776,0.776,430,0.03844495862722397
83,NY,0.17783093006565248,0.7582,0.7582,175,0.03844495862722397
83,TX,0.38264289319845857,0.771,0.771,395,0.03844495862722397
84,CA,0.4407866391451363,0.7742,0.7742,428,0.03820383548736572
84,NY,0.17655348347359381,0.759,0.759,187,0.03820383548736572
84,TX,0.38265987738126994,0.7726,0.7726,385,0.03820383548736572
85,CA,0.44160699688494376,0.7718,0.7718,423,0.03843659162521362
85,NY,0.17536667962443603,0.7496,0.7496,177,0.03843659162521362
85,TX,0.38302632349062016,0.7758,0.7758,400,0.03843659162521362
86,CA,0.4421962512156827,0.7696,0.7696,420,0.03960855305194855
86,NY,0.17340046689308714,0.7538,0.7538,180,0.03960855305194855
86,TX,0.3844032818912302,0.771,0.771,400,0.03960855305194855
87,CA,0.44274707370631766,0.772,0.772,466,0.03963354229927063
87,NY,0.17206631647577442,0.7526,0.7526,164,0.03963354229927063
87,TX,0.3851866098179079,0.7666,0.7666,370,0.03963354229927063
88,CA,0.4441049758555121,0.7676,0.7676,463,0.03879467397928238
88,NY,0.1707044690489183,0.7462,0.7462,158,0.03879467397928238
88,TX,0.38519055509556965,0.7712,0.7712,379,0.03879467397928238
89,CA,0.4446751314964258,0.7708,0.7708,463,0.038993947207927704
89,NY,0.16885428459741153,0.751,0.751,155,0.038993947207927704
89,TX,0.3864705839061627,0.7628,0.7628,382,0.038993947207927704
90,CA,0.44629697275636393,0.7724,0.7724,444,0.03983420133590698
90,NY,0.1675752271516099,0.7552,0.7552,159,0.03983420133590698
90,TX,0.38612780009202624,0.7724,0.7724,397,0.03983420133590698
91,CA,0.44702392736148727,0.771,0.771,454,0.03833529353141785
91,NY,0.16621932500801356,0.7504,0.7504,158,0.03833529353141785
91,TX,0.3867567476304992,0.7732,0.7732,388,0.03833529353141785
92,CA,0.44767439579406093,0.7698,0.7698,471,0.037994563579559326
92,NY,0.16452494118220906,0.7536,0.7536,151,0.037994563579559326
92,TX,0.38780066302372995,0.7694,0.7694,378,0.037994563579559326
93,CA,0.44838896644744713,0.7742,0.7742,458,0.038144662976264954
93,NY,0.16327915773720517,0.7524,0.7524,149,0.038144662976264954
93,TX,0.3883318758153476,0.7712,0.7712,393,0.038144662976264954
94,CA,0.4495861603331418,0.7754,0.7754,437,0.03857699781656265
94,NY,0.16170350648502554,0.7522,0.7522,163,0.03857699781656265
94,TX,0.3887103331818326,0.772,0.772,400,0.03857699781656265
95,CA,0.4508745167374664,0.7792,0.7792,450,0.03824879974126816
95,NY,0.16004777982085017,0.759,0.759,171,0.03824879974126816
95,TX,0.38907770344168335,0.7768,0.7768,379,0.03824879974126816
96,CA,0.4519329093811397,0.771,0.771,457,0.03835169970989227
96,NY,0.15860212475742896,0.7544,0.7544,164,0.03835169970989227
96,TX,0.38946496586143126,0.7696,0.7696,379,0.03835169970989227
97,CA,0.4527453575310909,0.7732,0.7732,420,0.03868373483419418
97,NY,0.1573979591553151,0.7526,0.7526,162,0.03868373483419418
97,TX,0.38985668331359385,0.7676,0.7676,418,0.03868373483419418
98,CA,0.4541349087747671,0.7738,0.7738,458,0.038460686802864075
98,NY,0.156046870288128,0.7572,0.7572,142,0.038460686802864075
98,TX,0.38981822093710494,0.7692,0.7692,400,0.038460686802864075
99,CA,0.45525997991048067,0.7704,0.7704,505,0.03966809809207916
99,NY,0.15496948680980463,0.749,0.749,140,0.03966809809207916
99,TX,0.3897705332797147,0.7696,0.7696,355,0.03966809809207916
100,CA,0.45619488139725584,0.7748,0.7748,447,0.03840675204992294
100,NY,0.15341065938584852,0.7536,0.7536,154,0.03840675204992294
100,TX,0.3903944592168957,0.7798,0.7798,399,0.03840675204992294
101,CA,0.45652936444312925,0.775,0.775,446,0.037400707602500916
101,NY,0.15168930528060362,0.7484,0.7484,164,0.037400707602500916
101,TX,0.39178133027626705,0.772,0.772,390,0.037400707602500916
102,CA,0.45787339168338514,0.7756,0.7756,505,0.038699328899383545
102,NY,0.14985598474341444,0.755,0.755,134,0.038699328899383545
102,TX,0.39227062357320047,0.7658,0.7658,361,0.038699328899383545
103,CA,0.4596677645510247,0.7698,0.7698,465,0.03808581084012985
103,NY,0.14869786017766784,0.7474,0.7474,166,0.03808581084012985
103,TX,0.39163437527130746,0.7662,0.7662,369,0.03808581084012985
104,CA,0.460902371378343,0.7708,0.7708,468,0.03835277259349823
104,NY,0.14721014937184698,0.7512,0.7512,145,0.03835277259349823
104,TX,0.39188747924981004,0.7668,0.7668,387,0.03835277259349823
105,CA,0.46206428217931383,0.7754,0.7754,471,0.03870371729135513
105,NY,0.14594776362637343,0.7532,0.7532,135,0.03870371729135513
105,TX,0.3919879541943127,0.7708,0.7708,394,0.03870371729135513
106,CA,0.4633805567349341,0.7726,0.7726,453,0.03796759247779846
106,NY,0.144533360175387,0.7498,0.7498,131,0.03796759247779846
106,TX,0.3920860830896789,0.7756,0.7756,416,0.03796759247779846
107,CA,0.46393518052891597,0.7756,0.7756,493,0.03926102817058563
107,NY,0.14284507332013383,0.7534,0.7534,123,0.03926102817058563
107,TX,0.3932197461509502,0.765,0.765,384,0.03926102817058563
108,CA,0.4658607759925575,0.7656,0.7656,476,0.038103945553302765
108,NY,0.14164458336609534,0.7418,0.7418,145,0.038103945553302765
108,TX,0.39249464064134726,0.7582,0.7582,379,0.038103945553302765
109,CA,0.4675225255550444,0.7774,0.7774,473,0.04005012661218643
109,NY,0.14023368033028932,0.7558,0.7558,156,0.04005012661218643
109,TX,0.39224379411466626,0.7652,0.7652,371,0.04005012661218643
110,CA,0.469587087028007,0.7698,0.7698,460,0.038338884711265564
110,NY,0.13914121981716035,0.7444,0.7444,152,0.038338884711265564
110,TX,0.39127169315483273,0.767,0.767,388,0.038338884711265564
111,CA,0.4708187357852153,0.7716,0.7716,468,0.03882620483636856
111,NY,0.13750398497602226,0.7532,0.7532,137,0.03882620483636856
111,TX,0.39167727923876244,0.7656,0.7656,395,0.03882620483636856
112,CA,0.4721192588508364,0.7724,0.7724,487,0.04098857194185257
112,NY,0.136451732676209,0.7518,0.7518,143,0.04098857194185257
112,TX,0.3914290084729546,0.7682,0.7682,370,0.04098857194185257
113,CA,0.4733089155034458,0.779,0.779,469,0.037705205380916595
113,NY,0.1352056386366906,0.7574,0.7574,138,0.037705205380916595
113,TX,0.39148544585986367,0.7662,0.7662,393,0.037705205380916595
114,CA,0.47542855599588635,0.7724,0.7724,476,0.038102276623249054
114,NY,0.1341621644617997,0.7538,0.7538,149,0.038102276623249054
114,TX,0.390409279542314,0.768,0.768,375,0.038102276623249054
115,CA,0.4765614022178285,0.7674,0.7674,482,0.03752675652503967
115,NY,0.13307055923454686,0.7554,0.7554,128,0.03752675652503967
115,TX,0.3903680385476246,0.7648,0.7648,390,0.03752675652503967
116,CA,0.47726669070159156,0.7764,0.7764,445,0.03742776811122894
116,NY,0.13236265981282638,0.7532,0.7532,146,0.03742776811122894
116,TX,0.39037064948558214,0.7674,0.7674,409,0.03742776811122894
117,CA,0.4790422399868261,0.7726,0.7726,475,0.03867825120687485
117,NY,0.1311199778921859,0.747,0.747,129,0.03867825120687485
117,TX,0.38983778212098796,0.7732,0.7732,396,0.03867825120687485
118,CA,0.4798876524722927,0.7724,0.7724,485,0.038170479238033295
118,NY,0.12945439327170233,0.7462,0.7462,126,0.038170479238033295
118,TX,0.390657954256005,0.7646,0.7646,389,0.038170479238033295
119,CA,0.4816373616437518,0.778,0.778,470,0.03849346190690994
119,NY,0.12800579440027732,0.7532,0.7532,125,0.03849346190690994
119,TX,0.39035684395597087,0.7738,0.7738,405,0.03849346190690994
120,CA,0.4829449643193371,0.7708,0.7708,475,0.03860051929950714
120,NY,0.12656301375863965,0.75,0.75,133,0.03860051929950714
120,TX,0.3904920219220232,0.766,0.766,392,0.03860051929950714
121,CA,0.48417724637503756,0.7782,0.7782,486,0.03912739455699921
121,NY,0.12539553634423692,0.7554,0.7554,118,0.03912739455699921
121,TX,0.39042721728072555,0.7716,0.7716,396,0.03912739455699921
122,CA,0.48566188210059896,0.7696,0.7696,477,0.03722057491540909
122,NY,0.12416729151005113,0.755,0.755,131,0.03722057491540909
122,TX,0.3901708263893499,0.7656,0.7656,392,0.03722057491540909
123,CA,0.48658950542331136,0.7774,0.7774,494,0.038251981139183044
123,NY,0.12337806038951203,0.76,0.76,126,0.038251981139183044
123,TX,0.3900324341871767,0.7722,0.7722,380,0.038251981139183044
124,CA,0.4877351498229653,0.7726,0.7726,503,0.0383370965719223
124,NY,0.12245788311357816,0.7536,0.7536,144,0.0383370965719223
124,TX,0.38980696706345647,0.771,0.771,353,0.0383370965719223
125,CA,0.48854831043576397,0.772,0.772,491,0.037783607840538025
125,NY,0.1213472671239105,0.75,0.75,128,0.037783607840538025
125,TX,0.39010442244032556,0.771,0.771,381,0.037783607840538025
126,CA,0.4893933547513681,0.7766,0.7766,494,0.040416017174720764
126,NY,0.12004798736558217,0.7526,0.7526,126,0.040416017174720764
126,TX,0.39055865788304983,0.7754,0.7754,380,0.040416017174720764
127,CA,0.4903178608864983,0.7704,0.7704,508,0.038287535309791565
127,NY,0.11864998254473653,0.7544,0.7544,115,0.038287535309791565
127,TX,0.39103215656876517,0.7698,0.7698,377,0.038287535309791565
128,CA,0.49090931983005337,0.7752,0.7752,492,0.0400874987244606
128,NY,0.11771951386011387,0.7552,0.7552,120,0.0400874987244606
128,TX,0.3913711663098328,0.7714,0.7714,388,0.0400874987244606
129,CA,0.4919739703219906,0.7758,0.7758,490,0.03816724568605423
129,NY,0.1166456719374208,0.7562,0.7562,116,0.03816724568605423
129,TX,0.3913803577405887,0.7696,0.7696,394,0.03816724568605423
130,CA,0.4932830992747549,0.7762,0.7762,509,0.03880850970745087
130,NY,0.1156651861099893,0.7512,0.7512,110,0.03880850970745087
130,TX,0.39105171461525573,0.773,0.773,381,0.03880850970745087
131,CA,0.4944363745232918,0.7696,0.7696,500,0.03787568211555481
131,NY,0.11430381379393649,0.7532,0.7532,118,0.03787568211555481
131,TX,0.39125981168277174,0.7696,0.7696,382,0.03787568211555481
132,CA,0.49496069905285195,0.7738,0.7738,468,0.03791411966085434
132,NY,0.11336457821157579,0.761,0.761,119,0.03791411966085434
132,TX,0.3916747227355723,0.776,0.776,413,0.03791411966085434
133,CA,0.4951252147783297,0.7654,0.7654,483,0.03822776675224304
133,NY,0.11258393121935971,0.7456,0.7456,138,0.03822776675224304
133,TX,0.3922908540023107,0.7642,0.7642,379,0.03822776675224304
134,CA,0.4958835933329895,0.7758,0.7758,480,0.03781704604625702
134,NY,0.11149174584357434,0.755,0.755,102,0.03781704604625702
134,TX,0.3926246608234361,0.7784,0.7784,418,0.03781704604625702
135,CA,0.4962463758124548,0.773,0.773,477,0.037060171365737915
135,NY,0.1102664502330093,0.7546,0.7546,94,0.037060171365737915
135,TX,0.39348717395453586,0.7732,0.7732,429,0.037060171365737915
136,CA,0.49679282136696246,0.7706,0.7706,510,0.03856263309717178
136,NY,0.1092422777452701,0.7508,0.7508,118,0.03856263309717178
136,TX,0.3939649008877674,0.7614,0.7614,372,0.03856263309717178
137,CA,0.4984219891046998,0.7664,0.7664,506,0.038039430975914
137,NY,0.1083748993612604,0.739,0.739,104,0.038039430975914
137,TX,0.3932031115340398,0.763,0.763,390,0.038039430975914
138,CA,0.49964007756385936,0.776,0.776,505,0.03794912248849869
138,NY,0.10695456019637357,0.752,0.752,110,0.03794912248849869
138,TX,0.3934053622397671,0.7684,0.7684,385,0.03794912248849869
139,CA,0.5012082696809692,0.773,0.773,510,0.04172712564468384
139,NY,0.10584038416288702,0.7522,0.7522,99,0.04172712564468384
139,TX,0.39295134615614374,0.7694,0.7694,391,0.04172712564468384
140,CA,0.5022325932622831,0.777,0.777,497,0.037827931344509125
140,NY,0.10481248395962145,0.7542,0.7542,101,0.037827931344509125
140,TX,0.39295492277809563,0.773,0.773,402,0.037827931344509125
141,CA,0.5033547441516206,0.775,0.775,514,0.0379900261759758
141,NY,0.10369885592357996,0.7522,0.7522,94,0.0379900261759758
141,TX,0.39294639992479946,0.77,0.77,392,0.0379900261759758
142,CA,0.5045853826762349,0.7702,0.7702,502,0.03817283362150192
142,NY,0.10261711075251753,0.7602,0.7602,99,0.03817283362150192
142,TX,0.3927975065712476,0.766,0.766,399,0.03817283362150192
143,CA,0.5053492933088813,0.7756,0.7756,496,0.037302643060684204
143,NY,0.10219189682071314,0.752,0.752,106,0.037302643060684204
143,TX,0.3924588098704055,0.7692,0.7692,398,0.037302643060684204
144,CA,0.5067544452856941,0.77,0.77,519,0.0385003462433815
144,NY,0.1011140090840298,0.7468,0.7468,95,0.0385003462433815
144,TX,0.392131545630276,0.761,0.761,386,0.0385003462433815
145,CA,0.5084420791386929,0.77,0.77,481,0.2232789695262909
145,NY,0.1001209970742577,0.7512,0.7512,107,0.2232789695262909
145,TX,0.3914369237870495,0.7702,0.7702,412,0.2232789695262909
146,CA,0.5089608129654989,0.7742,0.7742,520,0.03762716054916382
146,NY,0.09915862767651248,0.7552,0.7552,101,0.03762716054916382
146,TX,0.3918805593579887,0.7664,0.7664,379,0.03762716054916382
147,CA,0.5103820934127248,0.7772,0.7772,505,0.042417049407958984
147,NY,0.09837066932786878,0.7518,0.7518,100,0.042417049407958984
147,TX,0.3912472372594063,0.77,0.77,395,0.042417049407958984
148,CA,0.5119132229559825,0.7754,0.7754,533,0.038233086466789246
148,NY,0.09725563250791207,0.7542,0.7542,81,0.038233086466789246
148,TX,0.3908311445361055,0.7742,0.7742,386,0.038233086466789246
149,CA,0.5126439923709859,0.7694,0.7694,523,0.037961848080158234
149,NY,0.09623148293195848,0.7518,0.7518,104,0.037961848080158234
149,TX,0.39112452469705555,0.7614,0.7614,373,0.037961848080158234
150,CA,0.5140450717759056,0.7702,0.7702,503,0.03793856501579285
150,NY,0.09553466938657527,0.756,0.756,94,0.03793856501579285
150,TX,0.3904202588375191,0.7716,0.7716,403,0.03793856501579285
151,CA,0.514280394986675,0.7746,0.7746,499,0.03870884329080582
151,NY,0.09481170336480982,0.7526,0.7526,107,0.03870884329080582
151,TX,0.390907901648515,0.7728,0.7728,394,0.03870884329080582
152,CA,0.5150900644660121,0.7744,0.7744,516,0.038124628365039825
152,NY,0.09378372604659403,0.7524,0.7524,105,0.038124628365039825
152,TX,0.3911262094873938,0.77,0.77,379,0.038124628365039825
153,CA,0.5161909257740027,0.7666,0.7666,566,0.03763402998447418
153,NY,0.09281889457495797,0.7426,0.7426,86,0.03763402998447418
153,TX,0.39099017965103916,0.7666,0.7666,348,0.03763402998447418
154,CA,0.5168426558405845,0.7734,0.7734,515,0.0405806228518486
154,NY,0.09167350984864982,0.7568,0.7568,95,0.0405806228518486
154,TX,0.39148383431076555,0.7696,0.7696,390,0.0405806228518486
155,CA,0.5177212167859376,0.7654,0.7654,520,0.03750889003276825
155,NY,0.09096976893992811,0.7446,0.7446,103,0.03750889003276825
155,TX,0.3913090142741344,0.7634,0.7634,377,0.03750889003276825
156,CA,0.5185068157678159,0.7766,0.7766,511,0.038673922419548035
156,NY,0.09003437286892649,0.7542,0.7542,79,0.038673922419548035
156,TX,0.3914588113632576,0.7732,0.7732,410,0.038673922419548035
157,CA,0.5194857068175724,0.7698,0.7698,519,0.03818894922733307
157,NY,0.08906702083552662,0.7524,0.7524,84,0.03818894922733307
157,TX,0.39144727234690074,0.765,0.765,397,0.03818894922733307
158,CA,0.5204940833948645,0.7756,0.7756,515,0.03834962844848633
158,NY,0.08836253649901232,0.7576,0.7576,82,0.03834962844848633
158,TX,0.39114338010612326,0.7782,0.7782,403,0.03834962844848633
159,CA,0.5206622672972272,0.7732,0.7732,503,0.03832507133483887
159,NY,0.08749503107498009,0.7528,0.7528,87,0.03832507133483887
159,TX,0.3918427016277926,0.775,0.775,410,0.03832507133483887
160,CA,0.5209794565168984,0.7702,0.7702,529,0.03837861120700836
160,NY,0.08654112265208783,0.7524,0.7524,85,0.03837861120700836
160,TX,0.39247942083101367,0.7708,0.7708,386,0.03837861120700836
161,CA,0.5213637920296348,0.7724,0.7724,521,0.03809807449579239
161,NY,0.08573412133719692,0.7486,0.7486,83,0.03809807449579239
161,TX,0.3929020866331684,0.77,0.77,396,0.03809807449579239
162,CA,0.5222428705406702,0.7732,0.7732,519,0.040262579917907715
162,NY,0.08472548958406838,0.753,0.753,95,0.040262579917907715
162,TX,0.39303163987526135,0.7664,0.7664,386,0.040262579917907715
163,CA,0.5235372671389559,0.7684,0.7684,522,0.03872367739677429
163,NY,0.08396791363377962,0.7544,0.7544,77,0.03872367739677429
163,TX,0.3924948192272646,0.763,0.763,401,0.03872367739677429
164,CA,0.5245145842174672,0.773,0.773,535,0.03795301169157028
164,NY,0.08345866652872627,0.7544,0.7544,84,0.03795301169157028
164,TX,0.3920267492538065,0.7692,0.7692,381,0.03795301169157028
165,CA,0.5254160692370381,0.7738,0.7738,508,0.03796029090881348
165,NY,0.08272506312300568,0.7578,0.7578,74,0.03796029090881348
165,TX,0.39185886763995625,0.7658,0.7658,418,0.03796029090881348
166,CA,0.5267400379396363,0.7714,0.7714,555,0.03769789636135101
166,NY,0.08218544224074725,0.7532,0.7532,69,0.03769789636135101
166,TX,0.39107451981961644,0.766,0.766,376,0.03769789636135101
167,CA,0.5278149692843511,0.7724,0.7724,537,0.03945058584213257
167,NY,0.08150703413985026,0.7506,0.7506,77,0.03945058584213257
167,TX,0.39067799657579855,0.7682,0.7682,386,0.03945058584213257
168,CA,0.5288347158992659,0.7744,0.7744,520,0.038065165281295776
168,NY,0.08066005750324635,0.7502,0.7502,99,0.038065165281295776
168,TX,0.3905052265974877,0.7644,0.7644,381,0.038065165281295776
169,CA,0.5305861002560858,0.771,0.771,557,0.03831172734498978
169,NY,0.07982346750418659,0.752,0.752,73,0.03831172734498978
169,TX,0.38959043223972767,0.7636,0.7636,370,0.03831172734498978
170,CA,0.5319074939501353,0.7714,0.7714,521,0.03806694597005844
170,NY,0.07916375217690182,0.755,0.755,80,0.03806694597005844
170,TX,0.38892875387296294,0.7702,0.7702,399,0.03806694597005844
171,CA,0.5324380082925307,0.7702,0.7702,545,0.03741154819726944
171,NY,0.07850906264491289,0.7524,0.7524,77,0.03741154819726944
171,TX,0.38905292906255634,0.7666,0.7666,378,0.03741154819726944
172,CA,0.5332809343517941,0.779,0.779,531,0.03825321048498154
172,NY,0.07784266704227055,0.7588,0.7588,80,0.03825321048498154
172,TX,0.38887639860593526,0.7768,0.7768,389,0.03825321048498154
173,CA,0.5340097420680322,0.7724,0.7724,515,0.037942513823509216
173,NY,0.07706396303498286,0.751,0.751,85,0.037942513823509216
173,TX,0.388926294896985,0.7726,0.7726,400,0.037942513823509216
174,CA,0.5344836073062681,0.7716,0.7716,535,0.03770827502012253
174,NY,0.07620104962205002,0.752,0.752,80,0.03770827502012253
174,TX,0.3893153430716819,0.7736,0.7736,385,0.03770827502012253
175,CA,0.5346993794177062,0.7748,0.7748,541,0.037945546209812164
175,NY,0.07538842564272263,0.7578,0.7578,60,0.037945546209812164
175,TX,0.3899121949395712,0.7666,0.7666,399,0.037945546209812164
176,CA,0.5360521600309262,0.7706,0.7706,523,0.038672663271427155
176,NY,0.07485521882995548,0.756,0.756,64,0.038672663271427155
176,TX,0.3890926211391183,0.7666,0.7666,413,0.038672663271427155
177,CA,0.5368554288837909,0.7746,0.7746,546,0.038016535341739655
177,NY,0.07434922311156889,0.7518,0.7518,72,0.038016535341739655
177,TX,0.38879534800464033,0.7756,0.7756,382,0.038016535341739655
178,CA,0.537250924683363,0.7726,0.7726,543,0.037201933562755585
178,NY,0.07344805542555148,0.755,0.755,66,0.037201933562755585
178,TX,0.38930101989108545,0.7672,0.7672,391,0.037201933562755585
179,CA,0.5382818505141719,0.7684,0.7684,564,0.0403369665145874
179,NY,0.07285833513248197,0.7456,0.7456,78,0.0403369665145874
179,TX,0.38885981435334616,0.7706,0.7706,358,0.0403369665145874
180,CA,0.5385272021095002,0.7736,0.7736,539,0.038668133318424225
180,NY,0.07195175287488775,0.7584,0.7584,74,0.038668133318424225
180,TX,0.3895210450156121,0.7676,0.7676,387,0.038668133318424225
181,CA,0.5395709301901184,0.7686,0.7686,545,0.037639230489730835
181,NY,0.07147337200801337,0.75,0.75,68,0.037639230489730835
181,TX,0.3889556978018682,0.7676,0.7676,387,0.037639230489730835
182,CA,0.5400956836925108,0.7702,0.7702,553,0.03802073746919632
182,NY,0.07079048093088665,0.7558,0.7558,76,0.03802073746919632
182,TX,0.38911383537660255,0.7716,0.7716,371,0.03802073746919632
183,CA,0.5402405322307757,0.7694,0.7694,550,0.03871697932481766
183,NY,0.07023345433865696,0.7464,0.7464,71,0.03871697932481766
183,TX,0.3895260134305673,0.764,0.764,379,0.03871697932481766
184,CA,0.5413783660951144,0.774,0.774,558,0.03861125558614731
184,NY,0.06946650694717654,0.7498,0.7498,65,0.03861125558614731
184,TX,0.3891551269577091,0.7724,0.7724,377,0.03861125558614731
185,CA,0.5420823206966418,0.7748,0.7748,521,0.03855590522289276
185,NY,0.06860797555468055,0.7544,0.7544,81,0.03855590522289276
185,TX,0.3893097037486777,0.7684,0.7684,398,0.03855590522289276
186,CA,0.5432734280373596,0.7682,0.7682,535,0.03788080811500549
186,NY,0.0679683963851626,0.7532,0.7532,65,0.03788080811500549
186,TX,0.38875817557747777,0.7678,0.7678,400,0.03788080811500549
187,CA,0.5436346918342949,0.7808,0.7808,541,0.03790609538555145
187,NY,0.06743662059829145,0.7572,0.7572,67,0.03790609538555145
187,TX,0.3889286875674136,0.7656,0.7656,392,0.03790609538555145
188,CA,0.5459349333396601,0.7594,0.7594,538,0.037624768912792206
188,NY,0.06682447691309418,0.7424,0.7424,67,0.037624768912792206
188,TX,0.3872405897472457,0.7656,0.7656,395,0.037624768912792206
189,CA,0.5455427293728138,0.771,0.771,551,0.03806454688310623
189,NY,0.0661312497286431,0.748,0.748,54,0.03806454688310623
189,TX,0.38832602089854323,0.763,0.763,395,0.03806454688310623
190,CA,0.5469719683339633,0.7744,0.7744,546,0.03754477947950363
190,NY,0.06544340609421442,0.751,0.751,59,0.03754477947950363
190,TX,0.38758462557182227,0.7646,0.7646,395,0.03754477947950363
191,CA,0.5486198391172485,0.7778,0.7778,552,0.03850405663251877
191,NY,0.06477492974529908,0.7558,0.7558,63,0.03850405663251877
191,TX,0.38660523113745243,0.7756,0.7756,385,0.03850405663251877
192,CA,0.549322971273053,0.772,0.772,525,0.037959977984428406
192,NY,0.06405534070008433,0.7556,0.7556,63,0.037959977984428406
192,TX,0.38662168802686275,0.7726,0.7726,412,0.037959977984428406
193,CA,0.5495768356305014,0.7722,0.7722,538,0.03781332075595856
193,NY,0.06349183205011845,0.7494,0.7494,74,0.03781332075595856
193,TX,0.3869313323193801,0.774,0.774,388,0.03781332075595856
194,CA,0.5498098695661959,0.7736,0.7736,559,0.04024244099855423
194,NY,0.06270156216857037,0.754,0.754,60,0.04024244099855423
194,TX,0.38748856826523365,0.7752,0.7752,381,0.04024244099855423
195,CA,0.5499987126628104,0.7732,0.7732,540,0.03863991051912308
195,NY,0.062029947199459375,0.7572,0.7572,67,0.03863991051912308
195,TX,0.38797134013773016,0.7688,0.7688,393,0.03863991051912308
196,CA,0.5508373177621838,0.7792,0.7792,570,0.03837002068758011
196,NY,0.06156396255463858,0.7572,0.7572,56,0.03837002068758011
196,TX,0.38759871968317766,0.772,0.772,374,0.03837002068758011
197,CA,0.5521236361069565,0.775,0.775,532,0.038487814366817474
197,NY,0.06094470435559548,0.7552,0.7552,69,0.038487814366817474
197,TX,0.38693165953744807,0.77,0.77,399,0.038487814366817474
198,CA,0.5531025070909116,0.7716,0.7716,545,0.03780384361743927
198,NY,0.06037171525876185,0.7538,0.7538,50,0.03780384361743927
198,TX,0.3865257776503266,0.7646,0.7646,405,0.03780384361743927
199,CA,0.5542852587770312,0.7736,0.7736,563,0.03878835588693619
199,NY,0.05989293706798826,0.7516,0.7516,65,0.03878835588693619
199,TX,0.3858218041549805,0.7706,0.7706,372,0.03878835588693619
200,CA,0.5550598608449698,0.7734,0.7734,572,0.037736013531684875
200,NY,0.05923267701914823,0.7508,0.7508,54,0.037736013531684875
200,TX,0.38570746213588203,0.7676,0.7676,374,0.037736013531684875
201,CA,0.5561813065759795,0.7738,0.7738,575,0.03728647530078888
201,NY,0.05859597167088487,0.7524,0.7524,67,0.03728647530078888
201,TX,0.3852227217531356,0.7616,0.7616,358,0.03728647530078888
202,CA,0.5580543882239187,0.7738,0.7738,536,0.03813544660806656
202,NY,0.05808399693546497,0.7616,0.7616,59,0.03813544660806656
202,TX,0.38386161484061637,0.7678,0.7678,405,0.03813544660806656
203,CA,0.55900353906246,0.7758,0.7758,560,0.03825489431619644
203,NY,0.05778261266983668,0.7552,0.7552,59,0.03825489431619644
203,TX,0.3832138482677033,0.7672,0.7672,381,0.03825489431619644
204,CA,0.5604192496439068,0.773,0.773,566,0.03823283314704895
204,NY,0.057256951348136145,0.7486,0.7486,58,0.03823283314704895
204,TX,0.3823237990079571,0.7682,0.7682,376,0.03823283314704895
205,CA,0.561442774022676,0.7752,0.7752,552,0.037756629288196564
205,NY,0.056572114418902954,0.753,0.753,54,0.037756629288196564
205,TX,0.381985111558421,0.7694,0.7694,394,0.037756629288196564
206,CA,0.56254283000847,0.7678,0.7678,576,0.03745470941066742
206,NY,0.05597410201135709,0.7466,0.7466,48,0.03745470941066742
206,TX,0.38148306798017295,0.7692,0.7692,376,0.03745470941066742
207,CA,0.5627505666098237,0.7706,0.7706,558,0.04069400578737259
207,NY,0.055323265717142724,0.7498,0.7498,49,0.04069400578737259
207,TX,0.3819261676730335,0.7682,0.7682,393,0.04069400578737259
208,CA,0.563408400402804,0.7728,0.7728,540,0.03786005824804306
208,NY,0.05473727056881247,0.755,0.755,64,0.03786005824804306
208,TX,0.3818543290283836,0.7708,0.7708,396,0.03786005824804306
209,CA,0.5639613013675908,0.7714,0.7714,544,0.03915249556303024
209,NY,0.054240851866279555,0.749,0.749,55,0.03915249556303024
209,TX,0.38179784676612966,0.7682,0.7682,401,0.03915249556303024
210,CA,0.5647381584785307,0.7766,0.7766,565,0.03846544772386551
210,NY,0.05362872847535586,0.7576,0.7576,59,0.03846544772386551
210,TX,0.3816331130461135,0.7722,0.7722,376,0.03846544772386551
211,CA,0.565597133748493,0.7718,0.7718,577,0.048179708421230316
211,NY,0.053135889219188624,0.7546,0.7546,51,0.048179708421230316
211,TX,0.38126697703231843,0.7664,0.7664,372,0.048179708421230316
212,CA,0.5665477044119347,0.7736,0.7736,527,0.038349442183971405
212,NY,0.052708500929631384,0.7552,0.7552,73,0.038349442183971405
212,TX,0.3807437946584339,0.7756,0.7756,400,0.038349442183971405
213,CA,0.566614265879066,0.7728,0.7728,589,0.03856605291366577
213,NY,0.0521678111941811,0.7546,0.7546,50,0.03856605291366577
213,TX,0.3812179229267529,0.7688,0.7688,361,0.03856605291366577
214,CA,0.5674062039662792,0.7702,0.7702,532,0.03839082270860672
214,NY,0.05170440832336695,0.7572,0.7572,45,0.03839082270860672
214,TX,0.38088938771035385,0.7712,0.7712,423,0.03839082270860672
215,CA,0.5674995800947252,0.7714,0.7714,536,0.03815767914056778
215,NY,0.051333147669751764,0.7502,0.7502,51,0.03815767914056778
215,TX,0.3811672722355231,0.773,0.773,413,0.03815767914056778
216,CA,0.5676528838969896,0.7738,0.7738,576,0.03830493241548538
216,NY,0.050732497024576204,0.7532,0.7532,69,0.03830493241548538
216,TX,0.38161461907843414,0.7752,0.7752,355,0.03830493241548538
217,CA,0.5678164068823377,0.7712,0.7712,562,0.0387267991900444
217,NY,0.050157760638624246,0.7514,0.7514,48,0.0387267991900444
217,TX,0.38202583247903804,0.7652,0.7652,390,0.0387267991900444
218,CA,0.568871568140549,0.7752,0.7752,568,0.039253994822502136
218,NY,0.04968921912459685,0.7542,0.7542,35,0.039253994822502136
218,TX,0.38143921273485426,0.7754,0.7754,397,0.039253994822502136
219,CA,0.5691816765293854,0.7748,0.7748,587,0.038996800780296326
219,NY,0.04912817950876391,0.7548,0.7548,44,0.038996800780296326
219,TX,0.3816901439618507,0.7688,0.7688,369,0.038996800780296326
220,CA,0.5702331779161073,0.7758,0.7758,565,0.040789760649204254
220,NY,0.048664296406116386,0.7584,0.7584,48,0.040789760649204254
220,TX,0.3811025256777763,0.77,0.77,387,0.040789760649204254
221,CA,0.5712165638063152,0.772,0.772,588,0.03858333081007004
221,NY,0.048270564997593295,0.7504,0.7504,50,0.03858333081007004
221,TX,0.3805128711960915,0.7746,0.7746,362,0.03858333081007004
222,CA,0.5712337494119758,0.7736,0.7736,576,0.038848862051963806
222,NY,0.04768359989826656,0.7518,0.7518,57,0.038848862051963806
222,TX,0.3810826506897577,0.7664,0.7664,367,0.038848862051963806
223,CA,0.572454863015963,0.7774,0.7774,553,0.0379638746380806
223,NY,0.04719818170251728,0.753,0.753,54,0.0379638746380806
223,TX,0.38034695528151974,0.7736,0.7736,393,0.0379638746380806
224,CA,0.5732924990489567,0.7692,0.7692,589,0.03927034139633179
224,NY,0.046618362929876464,0.7462,0.7462,45,0.03927034139633179
224,TX,0.38008913802116684,0.7662,0.7662,366,0.03927034139633179
225,CA,0.5740103330897254,0.7756,0.7756,573,0.038359954953193665
225,NY,0.046069926853733296,0.7568,0.7568,47,0.038359954953193665
225,TX,0.37991974005654133,0.7756,0.7756,380,0.038359954953193665
226,CA,0.5742904645214859,0.769,0.769,582,0.0388258695602417
226,NY,0.04560438506504888,0.7496,0.7496,38,0.0388258695602417
226,TX,0.3801051504134651,0.765,0.765,380,0.0388258695602417
227,CA,0.5750723371856016,0.7746,0.7746,582,0.038885630667209625
227,NY,0.04516566541237721,0.7546,0.7546,48,0.038885630667209625
227,TX,0.37976199740202116,0.7736,0.7736,370,0.038885630667209625
228,CA,0.5754884281305026,0.7692,0.7692,572,0.04108563810586929
228,NY,0.044688952904578076,0.75,0.75,36,0.04108563810586929
228,TX,0.3798226189649193,0.7664,0.7664,392,0.04108563810586929
229,CA,0.5761141467176106,0.7698,0.7698,583,0.22153466939926147
229,NY,0.044252034393533694,0.7542,0.7542,47,0.22153466939926147
229,TX,0.3796338188888556,0.763,0.763,370,0.22153466939926147
230,CA,0.577181185634149,0.773,0.773,610,0.03805432468652725
230,NY,0.04394321051075645,0.758,0.758,52,0.03805432468652725
230,TX,0.37887560385509456,0.768,0.768,338,0.03805432468652725
231,CA,0.5780136577185322,0.775,0.775,587,0.03926578909158707
231,NY,0.043634283905287015,0.7592,0.7592,42,0.03926578909158707
231,TX,0.37835205837618086,0.772,0.772,371,0.03926578909158707
232,CA,0.578608394736159,0.7668,0.7668,566,0.03904520720243454
232,NY,0.04329037440894488,0.756,0.756,42,0.03904520720243454
232,TX,0.37810123085489605,0.7636,0.7636,392,0.03904520720243454
233,CA,0.5791582672835989,0.7718,0.7718,553,0.03804578632116318
233,NY,0.04306664026926266,0.7558,0.7558,51,0.03804578632116318
233,TX,0.37777509244713847,0.7678,0.7678,396,0.03804578632116318
234,CA,0.5798783423310278,0.771,0.771,556,0.038173042237758636
234,NY,0.042730794588790755,0.7572,0.7572,40,0.038173042237758636
234,TX,0.3773908630801815,0.772,0.772,404,0.038173042237758636
235,CA,0.5799478620999342,0.7774,0.7774,572,0.03851616382598877
235,NY,0.042402910298812865,0.7594,0.7594,38,0.03851616382598877
235,TX,0.37764922760125286,0.7708,0.7708,390,0.03851616382598877
236,CA,0.5810121261054921,0.7766,0.7766,583,0.03801601380109787
236,NY,0.04205051525272883,0.755,0.755,35,0.03801601380109787
236,TX,0.376937358641779,0.7682,0.7682,382,0.03801601380109787
237,CA,0.5823477185845123,0.7788,0.7788,597,0.038576193153858185
237,NY,0.04163475051410269,0.7578,0.7578,53,0.038576193153858185
237,TX,0.376017530901385,0.7714,0.7714,350,0.038576193153858185
238,CA,0.5835473760838294,0.7724,0.7724,612,0.038176849484443665
238,NY,0.0412279791885636,0.7534,0.7534,33,0.038176849484443665
238,TX,0.37522464472760697,0.7658,0.7658,355,0.038176849484443665
239,CA,0.5846226193421935,0.7684,0.7684,605,0.037836022675037384
239,NY,0.04086117046681711,0.756,0.756,39,0.037836022675037384
239,TX,0.37451621019098935,0.7662,0.7662,356,0.037836022675037384
240,CA,0.5850628437902372,0.7756,0.7756,599,0.0376703217625618
240,NY,0.04060520538432657,0.7534,0.7534,38,0.0376703217625618
240,TX,0.3743319508254363,0.778,0.778,363,0.0376703217625618
241,CA,0.5850638451066287,0.772,0.772,622,0.04044931381940842
241,NY,0.040097594600449586,0.7528,0.7528,31,0.04044931381940842
241,TX,0.37483856029292173,0.7642,0.7642,347,0.04044931381940842
242,CA,0.5862859185946916,0.7736,0.7736,608,0.038465872406959534
242,NY,0.039745976373453853,0.7528,0.7528,32,0.038465872406959534
242,TX,0.3739681050318546,0.7756,0.7756,360,0.038465872406959534
243,CA,0.586311961509713,0.768,0.768,580,0.03810544312000275
243,NY,0.03928159787750344,0.744,0.744,42,0.03810544312000275
243,TX,0.3744064406127836,0.7602,0.7602,378,0.03810544312000275
244,CA,0.5875958746433421,0.7724,0.7724,574,0.038676634430885315
244,NY,0.03883321515946187,0.7518,0.7518,46,0.038676634430885315
244,TX,0.37357091019719607,0.7676,0.7676,380,0.038676634430885315
245,CA,0.5884568146533307,0.7774,0.7774,592,0.03996450453996658
245,NY,0.0384381067184267,0.7528,0.7528,40,0.03996450453996658
245,TX,0.37310507862824277,0.7694,0.7694,368,0.03996450453996658
246,CA,0.5897609708181921,0.7722,0.7722,596,0.03861764073371887
246,NY,0.03799011505014984,0.7512,0.7512,31,0.03861764073371887
246,TX,0.37224891413165806,0.7662,0.7662,373,0.03861764073371887
247,CA,0.5907714646741267,0.7746,0.7746,604,0.03823334723711014
247,NY,0.03760426518151377,0.7556,0.7556,39,0.03823334723711014
247,TX,0.37162427014435967,0.7658,0.7658,357,0.03823334723711014
248,CA,0.5921009975406555,0.7736,0.7736,627,0.03816726803779602
248,NY,0.03728537234188614,0.7516,0.7516,42,0.03816726803779602
248,TX,0.3706136301174585,0.7688,0.7688,331,0.03816726803779602
249,CA,0.5929699993595352,0.7668,0.7668,570,0.03786832094192505
249,NY,0.036876922396046515,0.7396,0.7396,48,0.03786832094192505
249,TX,0.3701530782444182,0.763,0.763,382,0.03786832094192505
250,CA,0.5937798205255058,0.7736,0.7736,601,0.038169704377651215
250,NY,0.03635878739527856,0.7578,0.7578,36,0.038169704377651215
250,TX,0.36986139207921553,0.7722,0.7722,363,0.038169704377651215
251,CA,0.5941457262529685,0.7742,0.7742,598,0.03814051300287247
251,NY,0.03605709333415734,0.753,0.753,37,0.03814051300287247
251,TX,0.3697971804128743,0.7714,0.7714,365,0.03814051300287247
252,CA,0.5947490712228768,0.7724,0.7724,622,0.03808038681745529
252,NY,0.035662423266401407,0.7536,0.7536,44,0.03808038681745529
252,TX,0.36958850551072187,0.7636,0.7636,334,0.03808038681745529
253,CA,0.5960683423860706,0.7758,0.7758,611,0.03838863968849182
253,NY,0.035362416086513596,0.7596,0.7596,33,0.03838863968849182
253,TX,0.36856924152741577,0.773,0.773,356,0.03838863968849182
254,CA,0.5966075216519258,0.769,0.769,595,0.04071768373250961
254,NY,0.03507151277721279,0.756,0.756,38,0.04071768373250961
254,TX,0.3683209655708614,0.7658,0.7658,367,0.04071768373250961
255,CA,0.5971592970976226,0.7744,0.7744,610,0.038124747574329376
255,NY,0.03484597748145562,0.7568,0.7568,30,0.038124747574329376
255,TX,0.3679947254209218,0.773,0.773,360,0.038124747574329376
256,CA,0.5975393197862348,0.7706,0.7706,570,0.038998015224933624
256,NY,0.03452230107559973,0.7568,0.7568,39,0.038998015224933624
256,TX,0.36793837913816546,0.77,0.77,391,0.038998015224933624
257,CA,0.5977746925695135,0.7684,0.7684,610,0.04020104557275772
257,NY,0.0342667278273245,0.757,0.757,37,0.04020104557275772
257,TX,0.3679585796031619,0.7672,0.7672,353,0.04020104557275772
258,CA,0.5980561316816757,0.7788,0.7788,588,0.03683031350374222
258,NY,0.03406185634622087,0.758,0.758,28,0.03683031350374222
258,TX,0.36788201197210335,0.7652,0.7652,384,0.03683031350374222
259,CA,0.5999826608864152,0.7704,0.7704,588,0.037896595895290375
259,NY,0.03377200269603603,0.7506,0.7506,27,0.037896595895290375
259,TX,0.3662453364175487,0.7718,0.7718,385,0.037896595895290375
260,CA,0.6000355138278646,0.7666,0.7666,600,0.03765707463026047
260,NY,0.03339724127788725,0.7444,0.7444,31,0.03765707463026047
260,TX,0.36656724489424813,0.7712,0.7712,369,0.03765707463026047
261,CA,0.5997147819865892,0.7692,0.7692,617,0.03711262345314026
261,NY,0.03295992723689599,0.7512,0.7512,25,0.03711262345314026
261,TX,0.3673252907765149,0.7654,0.7654,358,0.03711262345314026
262,CA,0.6003898013381254,0.7758,0.7758,602,0.038956500589847565
262,NY,0.032661311143159746,0.7522,0.7522,29,0.038956500589847565
262,TX,0.3669488875187149,0.7732,0.7732,369,0.038956500589847565
263,CA,0.6009735403091427,0.7716,0.7716,585,0.03790277987718582
263,NY,0.03225858282321379,0.7468,0.7468,41,0.03790277987718582
263,TX,0.3667678768676434,0.759,0.759,374,0.03790277987718582
264,CA,0.602818229457572,0.7658,0.7658,615,0.037402138113975525
264,NY,0.031904638016530235,0.7472,0.7472,36,0.037402138113975525
264,TX,0.3652771325258976,0.7698,0.7698,349,0.037402138113975525
265,CA,0.6025221609378599,0.7666,0.7666,585,0.037882521748542786
265,NY,0.03155306688526569,0.7524,0.7524,35,0.037882521748542786
265,TX,0.36592477217687447,0.7574,0.7574,380,0.037882521748542786
266,CA,0.6038259825828062,0.772,0.772,615,0.03779181092977524
266,NY,0.03136717220408918,0.753,0.753,26,0.03779181092977524
266,TX,0.36480684521310464,0.768,0.768,359,0.03779181092977524
267,CA,0.6045271261255757,0.7734,0.7734,624,0.0375051349401474
267,NY,0.03106687450775145,0.7532,0.7532,32,0.0375051349401474
267,TX,0.36440599936667273,0.7696,0.7696,344,0.0375051349401474
268,CA,0.6052138679949308,0.774,0.774,633,0.040310345590114594
268,NY,0.030747895670795094,0.76,0.76,32,0.040310345590114594
268,TX,0.3640382363342742,0.7686,0.7686,335,0.040310345590114594
269,CA,0.6060324822609661,0.7702,0.7702,621,0.038227930665016174
269,NY,0.030546501838140335,0.7524,0.7524,40,0.038227930665016174
269,TX,0.36342101590089354,0.7676,0.7676,339,0.038227930665016174
270,CA,0.6065425448545095,0.7784,0.7784,600,0.037581756711006165
270,NY,0.030264796449157017,0.7532,0.7532,32,0.037581756711006165
270,TX,0.3631926586963335,0.7682,0.7682,368,0.037581756711006165
271,CA,0.608069981494995,0.7762,0.7762,606,0.03750742971897125
271,NY,0.029911077956820374,0.7518,0.7518,36,0.03750742971897125
271,TX,0.3620189405481845,0.769,0.769,358,0.03750742971897125
272,CA,0.6092143134016575,0.7686,0.7686,610,0.03845467418432236
272,NY,0.029555700382018914,0.751,0.751,33,0.03845467418432236
272,TX,0.3612299862163236,0.7682,0.7682,357,0.03845467418432236
273,CA,0.6094433533928063,0.7766,0.7766,610,0.03794264793395996
273,NY,0.02927258172778465,0.757,0.757,31,0.03794264793395996
273,TX,0.3612840648794091,0.773,0.773,359,0.03794264793395996
274,CA,0.6100870131293802,0.7734,0.7734,621,0.04220258444547653
274,NY,0.02898021254003042,0.75,0.75,29,0.04220258444547653
274,TX,0.36093277433058935,0.7704,0.7704,350,0.04220258444547653
275,CA,0.6106934141603328,0.777,0.777,586,0.037882618606090546
275,NY,0.028626243886498898,0.753,0.753,28,0.037882618606090546
275,TX,0.3606803419531683,0.773,0.773,386,0.037882618606090546
276,CA,0.6114262142314443,0.767,0.767,600,0.039324045181274414
276,NY,0.028273506509874185,0.7506,0.7506,28,0.039324045181274414
276,TX,0.3603002792586816,0.7674,0.7674,372,0.039324045181274414
277,CA,0.6115368118561605,0.7684,0.7684,593,0.03813868761062622
277,NY,0.02801615930458514,0.7548,0.7548,34,0.03813868761062622
277,TX,0.36044702883925434,0.7648,0.7648,373,0.03813868761062622
278,CA,0.6121178562058075,0.7692,0.7692,620,0.03832057863473892
278,NY,0.02782711363355327,0.76,0.76,34,0.03832057863473892
278,TX,0.3600550301606392,0.7676,0.7676,346,0.03832057863473892
279,CA,0.6124058854859518,0.7748,0.7748,622,0.03938668966293335
279,NY,0.02769543595856964,0.7516,0.7516,23,0.03938668966293335
279,TX,0.3598986785554785,0.7722,0.7722,355,0.03938668966293335
280,CA,0.6129509624136763,0.7714,0.7714,622,0.038099005818367004
280,NY,0.02735773243856669,0.7556,0.7556,29,0.038099005818367004
280,TX,0.359691305147757,0.7726,0.7726,349,0.038099005818367004
281,CA,0.6129511778519156,0.775,0.775,582,0.03964843600988388
281,NY,0.027113724709452933,0.755,0.755,31,0.03964843600988388
281,TX,0.35993509743863167,0.7772,0.7772,387,0.03964843600988388
282,CA,0.6128650029141531,0.7738,0.7738,628,0.037975944578647614
282,NY,0.02680444897904275,0.7556,0.7556,19,0.037975944578647614
282,TX,0.36033054810680404,0.7638,0.7638,353,0.037975944578647614
283,CA,0.6142818012069906,0.774,0.774,627,0.03828641027212143
283,NY,0.026590752785847462,0.7528,0.7528,21,0.03828641027212143
283,TX,0.3591274460071619,0.7708,0.7708,352,0.03828641027212143
284,CA,0.6148755102295832,0.7732,0.7732,644,0.03905849903821945
284,NY,0.02629837587767865,0.7534,0.7534,27,0.03905849903821945
284,TX,0.35882611389273816,0.766,0.766,329,0.03905849903821945
285,CA,0.6159538309439295,0.7688,0.7688,611,0.03727346658706665
285,NY,0.026050326608964135,0.7528,0.7528,26,0.03727346658706665
285,TX,0.35799584244710625,0.7644,0.7644,363,0.03727346658706665
286,CA,0.6166482878250369,0.7712,0.7712,628,0.03819906711578369
286,NY,0.025843788426630914,0.7534,0.7534,29,0.03819906711578369
286,TX,0.3575079237483322,0.7684,0.7684,343,0.03819906711578369
287,CA,0.6171573735347965,0.7716,0.7716,605,0.03823331743478775
287,NY,0.025605187936161827,0.7554,0.7554,23,0.03823331743478775
287,TX,0.3572374385290416,0.7658,0.7658,372,0.03823331743478775
288,CA,0.6180248902828731,0.769,0.769,660,0.037799157202243805
288,NY,0.02540671022362408,0.751,0.751,16,0.037799157202243805
288,TX,0.3565683994935029,0.7638,0.7638,324,0.037799157202243805
289,CA,0.6188334934788579,0.7738,0.7738,607,0.03767508268356323
289,NY,0.025181093899030782,0.7506,0.7506,29,0.03767508268356323
289,TX,0.3559854126221114,0.7778,0.7778,364,0.03767508268356323
290,CA,0.618540668183468,0.7738,0.7738,638,0.038539908826351166
290,NY,0.024839984127080373,0.7592,0.7592,29,0.038539908826351166
290,TX,0.3566193476894517,0.7662,0.7662,333,0.038539908826351166
291,CA,0.6196141015174731,0.7714,0.7714,611,0.03802425414323807
291,NY,0.024678281494560087,0.757,0.757,23,0.03802425414323807
291,TX,0.3557076169879667,0.7662,0.7662,366,0.03802425414323807
292,CA,0.6203863613115062,0.7674,0.7674,604,0.03759007155895233
292,NY,0.024508175602147166,0.7534,0.7534,23,0.03759007155895233
292,TX,0.35510546308634666,0.7686,0.7686,373,0.03759007155895233
293,CA,0.6203572240736261,0.773,0.773,585,0.03903307765722275
293,NY,0.02431289851539452,0.7528,0.7528,22,0.03903307765722275
293,TX,0.3553298774109794,0.7672,0.7672,393,0.03903307765722275
294,CA,0.62125144556918,0.775,0.775,603,0.04040391743183136
294,NY,0.024070545608968232,0.7532,0.7532,26,0.04040391743183136
294,TX,0.35467800882185185,0.7688,0.7688,371,0.04040391743183136
295,CA,0.6222062224368303,0.7772,0.7772,605,0.03741474449634552
295,NY,0.023811457361916227,0.7526,0.7526,21,0.03741474449634552
295,TX,0.3539823202012534,0.7702,0.7702,374,0.03741474449634552
296,CA,0.6232806689818557,0.7706,0.7706,633,0.03869687020778656
296,NY,0.02352240846223662,0.748,0.748,22,0.03869687020778656
296,TX,0.3531969225559076,0.7654,0.7654,345,0.03869687020778656
297,CA,0.6241154420422672,0.7708,0.7708,633,0.03834516555070877
297,NY,0.023253269565422695,0.7484,0.7484,24,0.03834516555070877
297,TX,0.3526312883923101,0.7704,0.7704,343,0.03834516555070877
298,CA,0.6243488238842442,0.775,0.775,629,0.03708001226186752
298,NY,0.022967709185902924,0.7556,0.7556,23,0.03708001226186752
298,TX,0.3526834669298529,0.7666,0.7666,348,0.03708001226186752
299,CA,0.6255499201468844,0.7646,0.7646,630,0.03818676620721817
299,NY,0.02276038323549746,0.7498,0.7498,19,0.03818676620721817
299,TX,0.35168969661761806,0.7646,0.7646,351,0.03818676620721817
300,CA,0.6256693574247009,0.7734,0.7734,619,0.03892125189304352
300,NY,0.022573797263952297,0.7514,0.7514,22,0.03892125189304352
300,TX,0.351756845311347,0.7632,0.7632,359,0.03892125189304352
301,CA,0.6271137429417533,0.7764,0.7764,654,0.03881043940782547
301,NY,0.022345223052089472,0.757,0.757,16,0.03881043940782547
301,TX,0.3505410340061572,0.7736,0.7736,330,0.03881043940782547
302,CA,0.6276136759649762,0.7742,0.7742,604,0.04060950130224228
302,NY,0.022118810678888424,0.7558,0.7558,22,0.04060950130224228
302,TX,0.3502675133561353,0.7724,0.7724,374,0.04060950130224228
303,CA,0.6279808892732244,0.7704,0.7704,613,0.03890245407819748
303,NY,0.021902226717093277,0.7464,0.7464,15,0.03890245407819748
303,TX,0.3501168840096824,0.7704,0.7704,372,0.03890245407819748
304,CA,0.6281673998670994,0.7696,0.7696,641,0.039017945528030396
304,NY,0.021611731258268253,0.7562,0.7562,27,0.039017945528030396
304,TX,0.3502208688746324,0.766,0.766,332,0.039017945528030396
305,CA,0.6287182361742252,0.7694,0.7694,616,0.03822576254606247
305,NY,0.021466887733834608,0.7502,0.7502,20,0.03822576254606247
305,TX,0.3498148760919403,0.766,0.766,364,0.03822576254606247
306,CA,0.6292878226791635,0.775,0.775,625,0.038329437375068665
306,NY,0.021253184484465434,0.7536,0.7536,19,0.038329437375068665
306,TX,0.34945899283637116,0.7718,0.7718,356,0.038329437375068665
307,CA,0.6298460212937483,0.7764,0.7764,639,0.22820676118135452
307,NY,0.021015573879690715,0.7588,0.7588,23,0.22820676118135452
307,TX,0.349138404826561,0.7714,0.7714,338,0.22820676118135452
308,CA,0.6305970175155527,0.7694,0.7694,626,0.03863723576068878
308,NY,0.020832167962418064,0.7584,0.7584,20,0.03863723576068878
308,TX,0.34857081452202926,0.7682,0.7682,354,0.03863723576068878
309,CA,0.6308278429012165,0.7736,0.7736,623,0.038143664598464966
309,NY,0.02071023666576724,0.7464,0.7464,21,0.038143664598464966
309,TX,0.3484619204330163,0.7632,0.7632,356,0.038143664598464966
310,CA,0.6323206995969826,0.7738,0.7738,644,0.03769204020500183
310,NY,0.020440882882310187,0.7568,0.7568,24,0.03769204020500183
310,TX,0.3472384175207073,0.7684,0.7684,332,0.03769204020500183
311,CA,0.6331139953820784,0.774,0.774,630,0.03873852640390396
311,NY,0.020270377513380625,0.751,0.751,30,0.03873852640390396
311,TX,0.34661562710454097,0.7676,0.7676,340,0.03873852640390396
312,CA,0.6340735261592655,0.774,0.774,658,0.037640757858753204
312,NY,0.020037893984487378,0.758,0.758,14,0.037640757858753204
312,TX,0.34588857985624727,0.7704,0.7704,328,0.037640757858753204
313,CA,0.6346336798855884,0.7742,0.7742,624,0.038253627717494965
313,NY,0.019874711133368497,0.7472,0.7472,20,0.038253627717494965
313,TX,0.3454916089810431,0.764,0.764,356,0.038253627717494965
314,CA,0.6360895051323102,0.7662,0.7662,623,0.03785191476345062
314,NY,0.01961715326621336,0.748,0.748,20,0.03785191476345062
314,TX,0.3442933416014765,0.7652,0.7652,357,0.03785191476345062
315,CA,0.6363421849085293,0.7694,0.7694,664,0.03878108412027359
315,NY,0.019422718581001096,0.7558,0.7558,13,0.03878108412027359
315,TX,0.34423509651046963,0.7686,0.7686,323,0.03878108412027359
316,CA,0.636536281725305,0.7714,0.7714,650,0.037870727479457855
316,NY,0.019279310041022697,0.7528,0.7528,14,0.037870727479457855
316,TX,0.3441844082336724,0.7656,0.7656,336,0.037870727479457855
317,CA,0.6373836071056442,0.7672,0.7672,626,0.03917350620031357
317,NY,0.01910226820461157,0.7486,0.7486,27,0.03917350620031357
317,TX,0.3435141246897442,0.7714,0.7714,347,0.03917350620031357
318,CA,0.6369916304795926,0.7718,0.7718,639,0.03858962655067444
318,NY,0.018889590630643705,0.7538,0.7538,17,0.03858962655067444
318,TX,0.3441187788897637,0.7662,0.7662,344,0.03858962655067444
319,CA,0.6378077269544022,0.7748,0.7748,634,0.038663335144519806
319,NY,0.018721643227019916,0.7594,0.7594,15,0.038663335144519806
319,TX,0.34347062981857784,0.7746,0.7746,351,0.038663335144519806
320,CA,0.6379360500954929,0.7796,0.7796,636,0.03830963373184204
320,NY,0.01856292889181124,0.7548,0.7548,13,0.03830963373184204
320,TX,0.3435010210126958,0.7664,0.7664,351,0.03830963373184204
321,CA,0.639731502107328,0.7738,0.7738,635,0.038212671875953674
321,NY,0.018355757930293173,0.7556,0.7556,13,0.038212671875953674
321,TX,0.3419127399623788,0.7666,0.7666,352,0.038212671875953674
322,CA,0.6407414325988555,0.7712,0.7712,655,0.037285126745700836
322,NY,0.018196099969126415,0.756,0.756,18,0.037285126745700836
322,TX,0.34106246743201796,0.7692,0.7692,327,0.037285126745700836
323,CA,0.6410884375164335,0.7758,0.7758,662,0.03826066106557846
323,NY,0.018049715396339587,0.7574,0.7574,17,0.03826066106557846
323,TX,0.3408618470872269,0.7706,0.7706,321,0.03826066106557846
324,CA,0.6418491275393624,0.7766,0.7766,644,0.038518279790878296
324,NY,0.017883887939595222,0.7524,0.7524,19,0.038518279790878296
324,TX,0.3402669845210423,0.7664,0.7664,337,0.038518279790878296
325,CA,0.6432624922321915,0.7746,0.7746,625,0.03780517727136612
325,NY,0.017679126382329907,0.7522,0.7522,22,0.03780517727136612
325,TX,0.3390583813854786,0.7746,0.7746,353,0.03780517727136612
326,CA,0.6434060720826945,0.774,0.774,634,0.03877076506614685
326,NY,0.017459866770766747,0.7518,0.7518,18,0.03877076506614685
326,TX,0.3391340611465388,0.768,0.768,348,0.03877076506614685
327,CA,0.6442858503709076,0.767,0.767,656,0.03745979815721512
327,NY,0.017264947829854112,0.744,0.744,14,0.03745979815721512
327,TX,0.3384492017992383,0.76,0.76,330,0.03745979815721512
328,CA,0.6452960612498675,0.7708,0.7708,656,0.0382223054766655
328,NY,0.01706693844514205,0.7578,0.7578,25,0.0382223054766655
328,TX,0.3376370003049905,0.771,0.771,319,0.0382223054766655
329,CA,0.6453523101104683,0.7674,0.7674,639,0.040545277297496796
329,NY,0.016943121440970176,0.748,0.748,19,0.040545277297496796
329,TX,0.3377045684485615,0.7638,0.7638,342,0.040545277297496796
330,CA,0.6459167409872159,0.7764,0.7764,640,0.03814288228750229
330,NY,0.016771799932183022,0.7546,0.7546,12,0.03814288228750229
330,TX,0.33731145908060106,0.7666,0.7666,348,0.03814288228750229
331,CA,0.6472544186545551,0.7718,0.7718,639,0.03882811218500137
331,NY,0.016600283951021182,0.7554,0.7554,18,0.03882811218500137
331,TX,0.3361452973944236,0.7696,0.7696,343,0.03882811218500137
332,CA,0.6476242364045125,0.777,0.777,649,0.03833811730146408
332,NY,0.016456026678020843,0.7572,0.7572,16,0.03833811730146408
332,TX,0.33591973691746657,0.7664,0.7664,335,0.03833811730146408
333,CA,0.6490437972901489,0.7702,0.7702,653,0.037983231246471405
333,NY,0.01630833635831413,0.752,0.752,26,0.037983231246471405
333,TX,0.33464786635153687,0.7608,0.7608,321,0.037983231246471405
334,CA,0.6503084498274733,0.7718,0.7718,653,0.037521690130233765
334,NY,0.01617211492052521,0.7488,0.7488,14,0.037521690130233765
334,TX,0.3335194352520015,0.7624,0.7624,333,0.037521690130233765
335,CA,0.6515982013941296,0.7716,0.7716,664,0.038535140454769135
335,NY,0.01599383995418888,0.7522,0.7522,15,0.038535140454769135
335,TX,0.3324079586516815,0.772,0.772,321,0.038535140454769135
336,CA,0.651663425602037,0.7668,0.7668,673,0.038266606628894806
336,NY,0.01582028199232456,0.7526,0.7526,16,0.038266606628894806
336,TX,0.33251629240563846,0.7682,0.7682,311,0.038266606628894806
337,CA,0.6515745938704932,0.773,0.773,666,0.03813908249139786
337,NY,0.01569099312589844,0.7506,0.7506,15,0.03813908249139786
337,TX,0.33273441300360834,0.7666,0.7666,319,0.03813908249139786
338,CA,0.6524876270160794,0.7688,0.7688,637,0.03784208744764328
338,NY,0.015514463404498883,0.75,0.75,13,0.03784208744764328
338,TX,0.3319979095794217,0.7652,0.7652,350,0.03784208744764328
339,CA,0.653036573660387,0.7718,0.7718,636,0.03810807317495346
339,NY,0.015362479014477542,0.757,0.757,17,0.03810807317495346
339,TX,0.3316009473251354,0.7636,0.7636,347,0.03810807317495346
340,CA,0.6541243784619404,0.7722,0.7722,676,0.03837013244628906
340,NY,0.015259531393267859,0.7544,0.7544,14,0.03837013244628906
340,TX,0.33061609014479176,0.7686,0.7686,310,0.03837013244628906
341,CA,0.6546643925763351,0.7754,0.7754,649,0.03758790343999863
341,NY,0.015118735476854472,0.7474,0.7474,16,0.03758790343999863
341,TX,0.33021687194681043,0.7652,0.7652,335,0.03758790343999863
342,CA,0.6560654832313331,0.7722,0.7722,644,0.043617621064186096
342,NY,0.014912142789640266,0.7484,0.7484,20,0.043617621064186096
342,TX,0.3290223739790267,0.7648,0.7648,336,0.043617621064186096
343,CA,0.657099844320893,0.7706,0.7706,658,0.03774744272232056
343,NY,0.014735073079789806,0.754,0.754,14,0.03774744272232056
343,TX,0.32816508259931715,0.7704,0.7704,328,0.03774744272232056
344,CA,0.6572149980799888,0.7752,0.7752,687,0.03843986243009567
344,NY,0.01459948461335877,0.7584,0.7584,14,0.03843986243009567
344,TX,0.32818551730665235,0.7656,0.7656,299,0.03843986243009567
345,CA,0.6584746209738384,0.773,0.773,677,0.037458643317222595
345,NY,0.014489035809948666,0.7556,0.7556,16,0.037458643317222595
345,TX,0.32703634321621283,0.7724,0.7724,307,0.037458643317222595
346,CA,0.6586411687871261,0.7752,0.7752,656,0.03801164776086807
346,NY,0.01435047096974772,0.7546,0.7546,20,0.03801164776086807
346,TX,0.3270083602431261,0.7632,0.7632,324,0.03801164776086807
347,CA,0.6602105150754936,0.7722,0.7722,646,0.03835209459066391
347,NY,0.014217739546977503,0.7512,0.7512,12,0.03835209459066391
347,TX,0.3255717453775289,0.7684,0.7684,342,0.03835209459066391
348,CA,0.6607831335729117,0.7734,0.7734,690,0.03832298517227173
348,NY,0.014061449214130042,0.7472,0.7472,23,0.03832298517227173
348,TX,0.3251554172129582,0.7672,0.7672,287,0.03832298517227173
349,CA,0.6616727665081061,0.77,0.77,670,0.038436323404312134
349,NY,0.013872358718968464,0.7528,0.7528,25,0.038436323404312134
349,TX,0.3244548747729254,0.767,0.767,305,0.038436323404312134
350,CA,0.662126143055063,0.772,0.772,668,0.03739442676305771
350,NY,0.013746966815199328,0.7558,0.7558,17,0.03739442676305771
350,TX,0.3241268901297378,0.771,0.771,315,0.03739442676305771
351,CA,0.662330533979065,0.771,0.771,662,0.03994230180978775
351,NY,0.01362549386699518,0.7552,0.7552,12,0.03994230180978775
351,TX,0.32404397215393976,0.7654,0.7654,326,0.03994230180978775
352,CA,0.6630905717048708,0.7696,0.7696,680,0.0383509024977684
352,NY,0.013519429880726073,0.755,0.755,13,0.0383509024977684
352,TX,0.3233899984144031,0.7724,0.7724,307,0.0383509024977684
353,CA,0.6628253410661655,0.7692,0.7692,663,0.03852479159832001
353,NY,0.013402525429994136,0.7466,0.7466,16,0.03852479159832001
353,TX,0.3237721335038403,0.7696,0.7696,321,0.03852479159832001
354,CA,0.6628903067971307,0.7758,0.7758,662,0.038274504244327545
354,NY,0.013232616604049341,0.7528,0.7528,15,0.038274504244327545
354,TX,0.3238770765988201,0.762,0.762,323,0.038274504244327545
355,CA,0.6646771474051987,0.7658,0.7658,661,0.03920979052782059
355,NY,0.013096435890488877,0.745,0.745,10,0.03920979052782059
355,TX,0.3222264167043125,0.7672,0.7672,329,0.03920979052782059
356,CA,0.6646098843093193,0.7724,0.7724,650,0.03799355775117874
356,NY,0.012940858508112996,0.7542,0.7542,14,0.03799355775117874
356,TX,0.3224492571825676,0.7672,0.7672,336,0.03799355775117874
357,CA,0.6653277129112573,0.7726,0.7726,674,0.03811948746442795
357,NY,0.012821808069612929,0.7576,0.7576,9,0.03811948746442795
357,TX,0.3218504790191298,0.7696,0.7696,317,0.03811948746442795
358,CA,0.665762595137194,0.7728,0.7728,659,0.038259655237197876
358,NY,0.012721617935114022,0.7526,0.7526,15,0.038259655237197876
358,TX,0.321515786927692,0.7694,0.7694,326,0.038259655237197876
359,CA,0.6662700135554148,0.7754,0.7754,653,0.03840750455856323
359,NY,0.012586248120916195,0.7594,0.7594,10,0.03840750455856323
359,TX,0.3211437383236689,0.7694,0.7694,337,0.03840750455856323
360,CA,0.6670696564113605,0.7714,0.7714,703,0.03749541938304901
360,NY,0.01248778978689037,0.7512,0.7512,11,0.03749541938304901
360,TX,0.3204425538017492,0.7686,0.7686,286,0.03749541938304901
361,CA,0.6675028106834088,0.7688,0.7688,674,0.03712216764688492
361,NY,0.012353402742835268,0.7538,0.7538,15,0.03712216764688492
361,TX,0.32014378657375586,0.7636,0.7636,311,0.03712216764688492
362,CA,0.6682017058202941,0.7656,0.7656,660,0.03782494366168976
362,NY,0.012261466554176417,0.749,0.749,14,0.03782494366168976
362,TX,0.3195368276255294,0.7646,0.7646,326,0.03782494366168976
363,CA,0.6683997261186561,0.7792,0.7792,664,0.038783758878707886
363,NY,0.012149784933395495,0.7546,0.7546,15,0.038783758878707886
363,TX,0.3194504889479485,0.774,0.774,321,0.038783758878707886
364,CA,0.6691368700600695,0.773,0.773,664,0.03959498554468155
364,NY,0.011995010786963191,0.7482,0.7482,11,0.03959498554468155
364,TX,0.3188681191529674,0.77,0.77,325,0.03959498554468155
365,CA,0.6696104998142134,0.7758,0.7758,641,0.04002784937620163
365,NY,0.01183560104665911,0.7584,0.7584,11,0.04002784937620163
365,TX,0.3185538991391275,0.7726,0.7726,348,0.04002784937620163
366,CA,0.670072853832361,0.7728,0.7728,663,0.03849323093891144
366,NY,0.011727723279510925,0.7548,0.7548,10,0.03849323093891144
366,TX,0.318199422888128,0.7666,0.7666,327,0.03849323093891144
367,CA,0.6708993434834979,0.7724,0.7724,686,0.037356898188591
367,NY,0.011622965149144727,0.7574,0.7574,13,0.037356898188591
367,TX,0.3174776913673574,0.7652,0.7652,301,0.037356898188591
368,CA,0.6718318812557812,0.7736,0.7736,666,0.04198003560304642
368,NY,0.011540617803376486,0.7526,0.7526,14,0.04198003560304642
368,TX,0.31662750094084235,0.762,0.762,320,0.04198003560304642
369,CA,0.6733182350502147,0.7746,0.7746,668,0.037329792976379395
369,NY,0.011429203170959164,0.7528,0.7528,13,0.037329792976379395
369,TX,0.3152525617788261,0.761,0.761,319,0.037329792976379395
370,CA,0.6750439188571022,0.7754,0.7754,681,0.03839541971683502
370,NY,0.011317734280879004,0.759,0.759,16,0.03839541971683502
370,TX,0.31363834686201864,0.7738,0.7738,303,0.03839541971683502
371,CA,0.6753053960860099,0.771,0.771,654,0.03928101062774658
371,NY,0.011217531763305855,0.7506,0.7506,9,0.03928101062774658
371,TX,0.3134770721506841,0.7672,0.7672,337,0.03928101062774658
372,CA,0.6758473143986591,0.7752,0.7752,686,0.03856685012578964
372,NY,0.011097216099582037,0.75,0.75,12,0.03856685012578964
372,TX,0.3130554695017589,0.7646,0.7646,302,0.03856685012578964
373,CA,0.6772199275766237,0.7724,0.7724,683,0.037500783801078796
373,NY,0.01096190261067347,0.7552,0.7552,9,0.037500783801078796
373,TX,0.3118181698127029,0.7616,0.7616,308,0.037500783801078796
374,CA,0.6785814477885824,0.7754,0.7754,677,0.03802918642759323
374,NY,0.010877348952540168,0.7584,0.7584,11,0.03802918642759323
374,TX,0.3105412032588775,0.7654,0.7654,312,0.03802918642759323
375,CA,0.6798413894668168,0.773,0.773,695,0.03829435259103775
375,NY,0.010793197898066275,0.7558,0.7558,9,0.03829435259103775
375,TX,0.3093654126351169,0.767,0.767,296,0.03829435259103775
376,CA,0.6806252161530496,0.77,0.77,681,0.03785087168216705
376,NY,0.01070081566526304,0.7496,0.7496,14,0.03785087168216705
376,TX,0.30867396818168724,0.7652,0.7652,305,0.03785087168216705
377,CA,0.6812795261270955,0.7698,0.7698,683,0.0386425256729126
377,NY,0.010587652753869954,0.756,0.756,6,0.0386425256729126
377,TX,0.30813282111903456,0.7654,0.7654,311,0.0386425256729126
378,CA,0.6818581670493533,0.7702,0.7702,687,0.26117613166570663
378,NY,0.0105140180679556,0.7514,0.7514,12,0.26117613166570663
378,TX,0.30762781488269114,0.7594,0.7594,301,0.26117613166570663
379,CA,0.6832167440235863,0.7688,0.7688,669,0.03730178624391556
379,NY,0.010423082676099786,0.7498,0.7498,9,0.03730178624391556
379,TX,0.30636017330031395,0.7614,0.7614,322,0.03730178624391556
380,CA,0.6841702439697086,0.7744,0.7744,679,0.03770844638347626
380,NY,0.010325510811356537,0.7496,0.7496,9,0.03770844638347626
380,TX,0.3055042452189348,0.7658,0.7658,312,0.03770844638347626
381,CA,0.6852838337437559,0.7744,0.7744,697,0.03870585560798645
381,NY,0.01019776716127546,0.7536,0.7536,10,0.03870585560798645
381,TX,0.3045183990949686,0.7748,0.7748,293,0.03870585560798645
382,CA,0.6853187123093885,0.7708,0.7708,701,0.03777746856212616
382,NY,0.01007873910426899,0.754,0.754,7,0.03777746856212616
382,TX,0.30460254858634245,0.7654,0.7654,292,0.03777746856212616
383,CA,0.6860215382680702,0.7752,0.7752,692,0.03898133337497711
383,NY,0.00999335786349249,0.7504,0.7504,11,0.03898133337497711
383,TX,0.3039851038684373,0.7614,0.7614,297,0.03898133337497711
384,CA,0.6877427662952407,0.7778,0.7778,695,0.03893302381038666
384,NY,0.009878471140894312,0.7568,0.7568,12,0.03893302381038666
384,TX,0.302378762563865,0.7688,0.7688,293,0.03893302381038666
385,CA,0.6888776656122042,0.771,0.771,685,0.038747429847717285
385,NY,0.009777891857892147,0.757,0.757,10,0.038747429847717285
385,TX,0.3013444425299036,0.7724,0.7724,305,0.038747429847717285
386,CA,0.6887668283155354,0.7742,0.7742,689,0.038714081048965454
386,NY,0.009699035488074069,0.7536,0.7536,10,0.038714081048965454
386,TX,0.3015341361963906,0.7716,0.7716,301,0.038714081048965454
387,CA,0.6891489594656568,0.7742,0.7742,715,0.03832624852657318
387,NY,0.009591739870905806,0.754,0.754,14,0.03832624852657318
387,TX,0.3012593006634374,0.7684,0.7684,271,0.03832624852657318
388,CA,0.6899037461624113,0.7758,0.7758,696,0.038399919867515564
388,NY,0.009492919644088339,0.756,0.756,9,0.038399919867515564
388,TX,0.3006033341935003,0.773,0.773,295,0.038399919867515564
389,CA,0.690304000089245,0.7736,0.7736,687,0.04163532704114914
389,NY,0.009392520495390093,0.7574,0.7574,9,0.04163532704114914
389,TX,0.3003034794153649,0.769,0.769,304,0.04163532704114914
390,CA,0.6909013924959795,0.7678,0.7678,674,0.03751217573881149
390,NY,0.00931478363221497,0.7542,0.7542,12,0.03751217573881149
390,TX,0.29978382387180547,0.7676,0.7676,314,0.03751217573881149
391,CA,0.6909743430257675,0.768,0.768,672,0.03815167397260666
391,NY,0.009244099302066515,0.7456,0.7456,6,0.03815167397260666
391,TX,0.29978155767216585,0.7642,0.7642,322,0.03815167397260666
392,CA,0.6915008840833642,0.775,0.775,708,0.29541798681020737
392,NY,0.009133934496070566,0.7494,0.7494,8,0.29541798681020737
392,TX,0.2993651814205652,0.7672,0.7672,284,0.29541798681020737
393,CA,0.6925031124854951,0.7698,0.7698,714,0.041923508048057556
393,NY,0.009015247363534125,0.7472,0.7472,6,0.041923508048057556
393,TX,0.29848164015097073,0.7616,0.7616,280,0.041923508048057556
394,CA,0.693542090907844,0.7704,0.7704,690,0.03859961777925491
394,NY,0.00891347747953492,0.7492,0.7492,7,0.03859961777925491
394,TX,0.2975444316126211,0.771,0.771,303,0.03859961777925491
395,CA,0.6935461803637213,0.7708,0.7708,718,0.039848558604717255
395,NY,0.008806793234227945,0.755,0.755,6,0.039848558604717255
395,TX,0.29764702640205065,0.77,0.77,276,0.039848558604717255
396,CA,0.6936939703027042,0.769,0.769,704,0.038594335317611694
396,NY,0.008730074360274415,0.75,0.75,5,0.038594335317611694
396,TX,0.2975759553370215,0.7718,0.7718,291,0.038594335317611694
397,CA,0.6934323784210787,0.7706,0.7706,722,0.03843136131763458
397,NY,0.008633051972120626,0.76,0.76,8,0.03843136131763458
397,TX,0.2979345696068007,0.7742,0.7742,270,0.03843136131763458
398,CA,0.6930483741576968,0.7736,0.7736,706,0.037942834198474884
398,NY,0.008576616596667095,0.7514,0.7514,7,0.037942834198474884
398,TX,0.2983750092456361,0.7694,0.7694,287,0.037942834198474884
399,CA,0.6936129224875072,0.7744,0.7744,678,0.038691602647304535
399,NY,0.008476162771727391,0.755,0.755,10,0.038691602647304535
399,TX,0.2979109147407654,0.7768,0.7768,312,0.038691602647304535
400,CA,0.6933977797897036,0.7704,0.7704,720,0.038134247064590454
400,NY,0.008380890203278982,0.7532,0.7532,8,0.038134247064590454
400,TX,0.29822133000701734,0.7664,0.7664,272,0.038134247064590454
401,CA,0.6939218415393383,0.7746,0.7746,692,0.038330286741256714
401,NY,0.00830573982308184,0.7552,0.7552,10,0.038330286741256714
401,TX,0.29777241863757997,0.7666,0.7666,298,0.038330286741256714
402,CA,0.6949177796808022,0.7776,0.7776,697,0.03892920911312103
402,NY,0.008226731472820815,0.7594,0.7594,7,0.03892920911312103
402,TX,0.296855488846377,0.7694,0.7694,296,0.03892920911312103
403,CA,0.6959293913201794,0.771,0.771,666,0.038121215999126434
403,NY,0.008154355158728274,0.7534,0.7534,13,0.038121215999126434
403,TX,0.29591625352109235,0.7616,0.7616,321,0.038121215999126434
404,CA,0.6970807472838606,0.7702,0.7702,695,0.043856143951416016
404,NY,0.008086674706674738,0.7542,0.7542,5,0.043856143951416016
404,TX,0.2948325780094648,0.7668,0.7668,300,0.043856143951416016
405,CA,0.6975267268332759,0.7714,0.7714,712,0.04132679104804993
405,NY,0.008018710025572612,0.7566,0.7566,2,0.04132679104804993
405,TX,0.2944545631411514,0.7692,0.7692,286,0.04132679104804993
406,CA,0.6978286742149757,0.7718,0.7718,696,0.039547212421894073
406,NY,0.007955156076925542,0.7526,0.7526,8,0.039547212421894073
406,TX,0.29421616970809883,0.775,0.775,296,0.039547212421894073
407,CA,0.6975181598430192,0.7726,0.7726,678,0.038728468120098114
407,NY,0.007865449060769521,0.7558,0.7558,11,0.038728468120098114
407,TX,0.2946163910962112,0.771,0.771,311,0.038728468120098114
408,CA,0.6977557281399165,0.776,0.776,693,0.03791959583759308
408,NY,0.007793556963424529,0.7518,0.7518,11,0.03791959583759308
408,TX,0.2944507148966589,0.7636,0.7636,296,0.03791959583759308
409,CA,0.6992675765102522,0.7708,0.7708,692,0.03815527260303497
409,NY,0.007704017410029657,0.7538,0.7538,9,0.03815527260303497
409,TX,0.2930284060797182,0.7674,0.7674,299,0.03815527260303497
410,CA,0.6997130033751913,0.7718,0.7718,681,0.0381954088807106
410,NY,0.007634917725490179,0.7524,0.7524,9,0.0381954088807106
410,TX,0.29265207889931855,0.7692,0.7692,310,0.0381954088807106
411,CA,0.7000721717753364,0.7782,0.7782,712,0.037138842046260834
411,NY,0.007555196744985208,0.76,0.76,6,0.037138842046260834
411,TX,0.2923726314796784,0.7682,0.7682,282,0.037138842046260834
412,CA,0.7012794478478648,0.7762,0.7762,696,0.038598544895648956
412,NY,0.007490764385638629,0.7618,0.7618,5,0.038598544895648956
412,TX,0.29122978776649655,0.7674,0.7674,299,0.038598544895648956
413,CA,0.7023354774232724,0.7732,0.7732,711,0.038684673607349396
413,NY,0.007441223899601048,0.7578,0.7578,11,0.038684673607349396
413,TX,0.2902232986771267,0.7666,0.7666,278,0.038684673607349396
414,CA,0.7031404759655876,0.7752,0.7752,697,0.03873969614505768
414,NY,0.0073850527490167735,0.7576,0.7576,8,0.03873969614505768
414,TX,0.2894744712853956,0.7702,0.7702,295,0.03873969614505768
415,CA,0.7037658052183674,0.7724,0.7724,724,0.04115357995033264
415,NY,0.00731833724971762,0.7534,0.7534,10,0.04115357995033264
415,TX,0.28891585753191495,0.7646,0.7646,266,0.04115357995033264
416,CA,0.7047171145156218,0.7758,0.7758,708,0.03879101574420929
416,NY,0.00724967165468181,0.7578,0.7578,5,0.03879101574420929
416,TX,0.2880332138296962,0.775,0.775,287,0.03879101574420929
417,CA,0.7048603731436659,0.7772,0.7772,715,0.038403429090976715
417,NY,0.0071776457907770175,0.7598,0.7598,3,0.038403429090976715
417,TX,0.287961981065557,0.7722,0.7722,282,0.038403429090976715
418,CA,0.705481500517335,0.7692,0.7692,721,0.038063354790210724
418,NY,0.007113634804011309,0.7448,0.7448,4,0.038063354790210724
418,TX,0.28740486467865367,0.7666,0.7666,275,0.038063354790210724
419,CA,0.7058488775978544,0.7706,0.7706,711,0.03850499540567398
419,NY,0.007019180106787763,0.7536,0.7536,7,0.03850499540567398
419,TX,0.2871319422953577,0.7648,0.7648,282,0.03850499540567398
420,CA,0.7065610618286985,0.774,0.774,714,0.03852961212396622
420,NY,0.0069588012806708725,0.7542,0.7542,5,0.03852961212396622
420,TX,0.2864801368906307,0.7704,0.7704,281,0.03852961212396622
421,CA,0.7070270112645698,0.7738,0.7738,707,0.03763428330421448
421,NY,0.006885670423728149,0.7554,0.7554,4,0.03763428330421448
421,TX,0.28608731831170214,0.765,0.765,289,0.03763428330421448
422,CA,0.7080825743394188,0.7736,0.7736,709,0.03924020379781723
422,NY,0.006824417311906881,0.7468,0.7468,5,0.03924020379781723
422,TX,0.2850930083486744,0.7722,0.7722,286,0.03924020379781723
423,CA,0.7083150150025884,0.7724,0.7724,720,0.038032688200473785
423,NY,0.006723503272842043,0.7538,0.7538,4,0.038032688200473785
423,TX,0.28496148172456953,0.7664,0.7664,276,0.038032688200473785
424,CA,0.7090490375966848,0.774,0.774,713,0.037115417420864105
424,NY,0.006659839588741119,0.7568,0.7568,3,0.037115417420864105
424,TX,0.2842911228145741,0.7656,0.7656,284,0.037115417420864105
425,CA,0.7100507112873959,0.7718,0.7718,721,0.03705495595932007
425,NY,0.006604585563780631,0.7494,0.7494,4,0.03705495595932007
425,TX,0.2833447031488235,0.7644,0.7644,275,0.03705495595932007
426,CA,0.7109514156760136,0.7742,0.7742,709,0.041738830506801605
426,NY,0.006529359067200178,0.75,0.75,10,0.041738830506801605
426,TX,0.28251922525678613,0.769,0.769,281,0.041738830506801605
427,CA,0.7116040243740065,0.7786,0.7786,709,0.03909289091825485
427,NY,0.006446210722860868,0.7538,0.7538,7,0.03909289091825485
427,TX,0.2819497649031326,0.7718,0.7718,284,0.03909289091825485
428,CA,0.7124360373595376,0.7744,0.7744,734,0.03974156081676483
428,NY,0.006363759522155696,0.7546,0.7546,3,0.03974156081676483
428,TX,0.2812002031183067,0.7698,0.7698,263,0.03974156081676483
429,CA,0.7130064438699578,0.7736,0.7736,725,0.03852473199367523
429,NY,0.006297786470168065,0.7564,0.7564,7,0.03852473199367523
429,TX,0.28069576965987414,0.7672,0.7672,268,0.03852473199367523
430,CA,0.713773007286234,0.777,0.777,715,0.038818344473838806
430,NY,0.006243417038777701,0.7614,0.7614,9,0.038818344473838806
430,TX,0.2799835756749882,0.77,0.77,276,0.038818344473838806
431,CA,0.7146003199565834,0.7694,0.7694,708,0.03783392906188965
431,NY,0.006195780101891667,0.7566,0.7566,7,0.03783392906188965
431,TX,0.27920389994152495,0.773,0.773,285,0.03783392906188965
432,CA,0.714226605122017,0.7734,0.7734,708,0.03787704557180405
432,NY,0.006147742497178288,0.7522,0.7522,8,0.03787704557180405
432,TX,0.27962565238080467,0.7602,0.7602,284,0.03787704557180405
433,CA,0.7157689717225424,0.7788,0.7788,717,0.03711894154548645
433,NY,0.006087366985146668,0.752,0.752,3,0.03711894154548645
433,TX,0.27814366129231094,0.7694,0.7694,280,0.03711894154548645
434,CA,0.716888431557636,0.7752,0.7752,704,0.03909371793270111
434,NY,0.006005029840584815,0.7504,0.7504,3,0.03909371793270111
434,TX,0.27710653860177925,0.7684,0.7684,293,0.03909371793270111
435,CA,0.7177104709011541,0.77,0.77,710,0.03798151761293411
435,NY,0.005927927662884704,0.757,0.757,6,0.03798151761293411
435,TX,0.2763616014359612,0.7646,0.7646,284,0.03798151761293411
436,CA,0.7183474119812181,0.7736,0.7736,726,0.03924483060836792
436,NY,0.005889611385484248,0.7524,0.7524,12,0.03924483060836792
436,TX,0.27576297663329774,0.7688,0.7688,262,0.03924483060836792
437,CA,0.7189345751431688,0.7694,0.7694,714,0.04016795754432678
437,NY,0.005823968842582883,0.7526,0.7526,8,0.04016795754432678
437,TX,0.2752414560142484,0.7646,0.7646,278,0.04016795754432678
438,CA,0.7195116002132459,0.7714,0.7714,738,0.038077324628829956
438,NY,0.005773301751051485,0.7536,0.7536,4,0.038077324628829956
438,TX,0.2747150980357027,0.7624,0.7624,258,0.038077324628829956
439,CA,0.7205591243907378,0.7754,0.7754,732,0.03779526799917221
439,NY,0.0057236092316119746,0.7544,0.7544,5,0.03779526799917221
439,TX,0.27371726637765026,0.7724,0.7724,263,0.03779526799917221
440,CA,0.7209413799008546,0.7746,0.7746,705,0.03826736658811569
440,NY,0.005658908998707317,0.7564,0.7564,6,0.03826736658811569
440,TX,0.2733997111004381,0.7718,0.7718,289,0.03826736658811569
441,CA,0.721294390356052,0.7744,0.7744,720,0.038470134139060974
441,NY,0.005603614655795258,0.755,0.755,8,0.038470134139060974
441,TX,0.27310199498815263,0.7602,0.7602,272,0.038470134139060974
442,CA,0.722918658883016,0.7738,0.7738,723,0.03849632292985916
442,NY,0.0055548295110627475,0.7532,0.7532,8,0.03849632292985916
442,TX,0.27152651160592123,0.7706,0.7706,269,0.03849632292985916
443,CA,0.7233196345049637,0.7702,0.7702,714,0.03932378441095352
443,NY,0.005493363852838263,0.747,0.747,5,0.03932378441095352
443,TX,0.271187001642198,0.7614,0.7614,281,0.03932378441095352
444,CA,0.7243482940532296,0.7768,0.7768,740,0.03751939535140991
444,NY,0.005429078503025695,0.7572,0.7572,5,0.03751939535140991
444,TX,0.27022262744374465,0.7692,0.7692,255,0.03751939535140991
445,CA,0.7252299749695474,0.7688,0.7688,726,0.03280802071094513
445,NY,0.0053757253828055525,0.7516,0.7516,0,0.03280802071094513
445,TX,0.26939429964764705,0.7678,0.7678,274,0.03280802071094513
446,CA,0.7253783711019057,0.774,0.774,756,0.03853286802768707
446,NY,0.005324540536858769,0.752,0.752,4,0.03853286802768707
446,TX,0.26929708836123556,0.7682,0.7682,240,0.03853286802768707
447,CA,0.7260655807159305,0.7748,0.7748,717,0.0383782684803009
447,NY,0.0052634908417826965,0.7528,0.7528,3,0.0383782684803009
447,TX,0.26867092844228674,0.7658,0.7658,280,0.0383782684803009
448,CA,0.7271036474179774,0.7728,0.7728,733,0.04260289669036865
448,NY,0.005205677866270718,0.76,0.76,6,0.04260289669036865
448,TX,0.2676906747157519,0.7724,0.7724,261,0.04260289669036865
449,CA,0.7271749001175909,0.7764,0.7764,717,0.04176705330610275
449,NY,0.005168598192906035,0.7532,0.7532,7,0.04176705330610275
449,TX,0.267656501689503,0.763,0.763,276,0.04176705330610275
450,CA,0.7286953434624708,0.7704,0.7704,707,0.03809098154306412
450,NY,0.005111761506299687,0.7474,0.7474,7,0.03809098154306412
450,TX,0.26619289503122956,0.766,0.766,286,0.03809098154306412
451,CA,0.7292262069821228,0.7756,0.7756,737,0.03727240860462189
451,NY,0.005049028095755604,0.752,0.752,6,0.03727240860462189
451,TX,0.2657247649221216,0.763,0.763,257,0.03727240860462189
452,CA,0.7306529839182629,0.7712,0.7712,716,0.03739164024591446
452,NY,0.004991667480296496,0.7524,0.7524,4,0.03739164024591446
452,TX,0.26435534860144067,0.7624,0.7624,280,0.03739164024591446
453,CA,0.7316527153188028,0.7704,0.7704,723,0.037452176213264465
453,NY,0.004945442019502494,0.7564,0.7564,9,0.037452176213264465
453,TX,0.2634018426616947,0.7634,0.7634,268,0.037452176213264465
454,CA,0.7324441758145952,0.7742,0.7742,724,0.039728209376335144
454,NY,0.004911641761659244,0.7566,0.7566,5,0.039728209376335144
454,TX,0.2626441824237455,0.7656,0.7656,271,0.039728209376335144
455,CA,0.7334136214938132,0.7756,0.7756,734,0.038255445659160614
455,NY,0.004869354895687469,0.7568,0.7568,2,0.038255445659160614
455,TX,0.2617170236104995,0.7762,0.7762,264,0.038255445659160614
456,CA,0.7333865732824763,0.7752,0.7752,724,0.03698858618736267
456,NY,0.004817620630992827,0.7544,0.7544,3,0.03698858618736267
456,TX,0.26179580608653086,0.7694,0.7694,273,0.03698858618736267
457,CA,0.7340558832967355,0.7734,0.7734,732,0.03694308549165726
457,NY,0.0047655178052352695,0.7564,0.7564,3,0.03694308549165726
457,TX,0.2611785988980293,0.766,0.766,265,0.03694308549165726
458,CA,0.7348903677751875,0.7718,0.7718,736,0.21903212368488312
458,NY,0.004725200618606178,0.7552,0.7552,5,0.21903212368488312
458,TX,0.2603844316062063,0.7678,0.7678,259,0.21903212368488312
459,CA,0.7353551946242363,0.7692,0.7692,711,0.037863731384277344
459,NY,0.0046838909422536705,0.7552,0.7552,5,0.037863731384277344
459,TX,0.2599609144335101,0.7612,0.7612,284,0.037863731384277344
460,CA,0.7362479396909322,0.7778,0.7778,726,0.038590073585510254
460,NY,0.00465246786308687,0.753,0.753,6,0.038590073585510254
460,TX,0.259099592445981,0.7684,0.7684,268,0.038590073585510254
461,CA,0.7373058800542496,0.7706,0.7706,751,0.03832244873046875
461,NY,0.004594158782449739,0.7506,0.7506,3,0.03832244873046875
461,TX,0.2580999611633007,0.773,0.773,246,0.03832244873046875
462,CA,0.7370862625126131,0.7788,0.7788,734,0.037838637828826904
462,NY,0.004540911993600339,0.7582,0.7582,4,0.037838637828826904
462,TX,0.2583728254937866,0.7638,0.7638,262,0.037838637828826904
463,CA,0.7387346421218751,0.7762,0.7762,737,0.039785102009773254
463,NY,0.004498361858221615,0.7516,0.7516,2,0.039785102009773254
463,TX,0.2567669960199032,0.7682,0.7682,261,0.039785102009773254
464,CA,0.7396360952331472,0.776,0.776,757,0.037834011018276215
464,NY,0.004441473659388962,0.753,0.753,2,0.037834011018276215
464,TX,0.2559224311074639,0.7732,0.7732,241,0.037834011018276215
465,CA,0.7399772250260697,0.7768,0.7768,752,0.03807903081178665
465,NY,0.004385976511739813,0.7544,0.7544,5,0.03807903081178665
465,TX,0.2556367984621905,0.776,0.776,243,0.03807903081178665
466,CA,0.7401033338825702,0.7732,0.7732,734,0.03728412091732025
466,NY,0.004331420842451388,0.7528,0.7528,1,0.03728412091732025
466,TX,0.25556524527497837,0.7684,0.7684,265,0.03728412091732025
467,CA,0.7406526307120544,0.777,0.777,764,0.04140967130661011
467,NY,0.004284767222713589,0.7546,0.7546,3,0.04140967130661011
467,TX,0.2550626020652319,0.7686,0.7686,233,0.04140967130661011
468,CA,0.7415868150276022,0.7716,0.7716,729,0.03932671248912811
468,NY,0.004236091772692847,0.7546,0.7546,5,0.03932671248912811
468,TX,0.25417709319970494,0.7676,0.7676,266,0.03932671248912811
469,CA,0.7420428312307732,0.7756,0.7756,743,0.037793226540088654
469,NY,0.004198022749949027,0.757,0.757,3,0.037793226540088654
469,TX,0.2537591460192777,0.7742,0.7742,254,0.037793226540088654
470,CA,0.7422239755264289,0.777,0.777,742,0.038645073771476746
470,NY,0.004155061134769955,0.7602,0.7602,8,0.038645073771476746
470,TX,0.2536209633388012,0.767,0.767,250,0.038645073771476746
471,CA,0.7433140640735848,0.773,0.773,755,0.037930652499198914
471,NY,0.0041218233773614365,0.757,0.757,2,0.037930652499198914
471,TX,0.2525641125490538,0.7686,0.7686,243,0.037930652499198914
472,CA,0.7438079354553879,0.776,0.776,760,0.03782492130994797
472,NY,0.004087340902167047,0.7576,0.7576,6,0.03782492130994797
472,TX,0.25210472364244496,0.7638,0.7638,234,0.03782492130994797
473,CA,0.745129905285822,0.772,0.772,742,0.03862453252077103
473,NY,0.004052183746295495,0.755,0.755,3,0.03862453252077103
473,TX,0.25081791096788253,0.7696,0.7696,255,0.03862453252077103
474,CA,0.7454121060721433,0.7766,0.7766,769,0.03853824734687805
474,NY,0.004014828342428772,0.7542,0.7542,3,0.03853824734687805
474,TX,0.250573065585428,0.7652,0.7652,228,0.03853824734687805
475,CA,0.7466504148592551,0.7712,0.7712,731,0.038178831338882446
475,NY,0.003970793472184935,0.7544,0.7544,4,0.038178831338882446
475,TX,0.24937879166855997,0.7592,0.7592,265,0.038178831338882446
476,CA,0.7479422768869162,0.7792,0.7792,741,0.038558803498744965
476,NY,0.003939935260602153,0.7522,0.7522,2,0.038558803498744965
476,TX,0.24811778785248165,0.766,0.766,257,0.038558803498744965
477,CA,0.7493665167949486,0.7724,0.7724,738,0.03783588111400604
477,NY,0.003887533941175101,0.748,0.748,4,0.03783588111400604
477,TX,0.24674594926387636,0.768,0.768,258,0.03783588111400604
478,CA,0.7498659781387725,0.7728,0.7728,748,0.038816288113594055
478,NY,0.003836571060211721,0.7596,0.7596,3,0.038816288113594055
478,TX,0.24629745080101575,0.7676,0.7676,249,0.038816288113594055
479,CA,0.7504295577982687,0.7698,0.7698,764,0.03850496560335159
479,NY,0.0038108665304405964,0.7532,0.7532,4,0.03850496560335159
479,TX,0.2457595756712908,0.7642,0.7642,232,0.03850496560335159
480,CA,0.7510404365580853,0.7692,0.7692,749,0.03803253173828125
480,NY,0.0037781952571854177,0.7552,0.7552,7,0.03803253173828125
480,TX,0.2451813681847294,0.77,0.77,244,0.03803253173828125
481,CA,0.7509796304857751,0.7728,0.7728,744,0.03768172115087509
481,NY,0.003747994242529829,0.7566,0.7566,1,0.03768172115087509
481,TX,0.2452723752716951,0.772,0.772,255,0.03768172115087509
482,CA,0.7510884872243343,0.7742,0.7742,746,0.03768821060657501
482,NY,0.003714283064789408,0.7538,0.7538,8,0.03768821060657501
482,TX,0.2451972297108763,0.7648,0.7648,246,0.03768821060657501
483,CA,0.7520976534554866,0.7688,0.7688,723,0.03831145167350769
483,NY,0.003676508865501539,0.7502,0.7502,2,0.03831145167350769
483,TX,0.24422583767901174,0.7666,0.7666,275,0.03831145167350769
484,CA,0.7523552781024044,0.7766,0.7766,766,0.037952400743961334
484,NY,0.003639094268816134,0.7486,0.7486,4,0.037952400743961334
484,TX,0.24400562762877948,0.7678,0.7678,230,0.037952400743961334
485,CA,0.7533089539080792,0.7694,0.7694,743,0.03847400099039078
485,NY,0.0035862807051477742,0.758,0.758,3,0.03847400099039078
485,TX,0.24310476538677298,0.7716,0.7716,254,0.03847400099039078
486,CA,0.7530987183677037,0.7676,0.7676,747,0.03934137523174286
486,NY,0.0035621803728693524,0.7506,0.7506,5,0.03934137523174286
486,TX,0.24333910125942707,0.7664,0.7664,248,0.03934137523174286
487,CA,0.753248960762731,0.7776,0.7776,762,0.03881080448627472
487,NY,0.003528624703972814,0.7542,0.7542,6,0.03881080448627472
487,TX,0.24322241453329613,0.7686,0.7686,232,0.03881080448627472
488,CA,0.7542127592808336,0.7794,0.7794,779,0.037693463265895844
488,NY,0.003486630054760885,0.7586,0.7586,4,0.037693463265895844
488,TX,0.24230061066440553,0.7672,0.7672,217,0.037693463265895844
489,CA,0.7554986394299172,0.7724,0.7724,767,0.03778926283121109
489,NY,0.0034517486475854507,0.7576,0.7576,0,0.03778926283121109
489,TX,0.24104961192249738,0.7652,0.7652,233,0.03778926283121109
490,CA,0.7562609777547794,0.7752,0.7752,751,0.039794400334358215
490,NY,0.0034263795646325636,0.75,0.75,3,0.039794400334358215
490,TX,0.24031264268058808,0.7706,0.7706,246,0.039794400334358215
491,CA,0.7567690356705781,0.7738,0.7738,753,0.03790675103664398
491,NY,0.0033800092808934155,0.7588,0.7588,3,0.03790675103664398
491,TX,0.2398509550485285,0.7686,0.7686,244,0.03790675103664398
492,CA,0.7573231842633206,0.7756,0.7756,762,0.03809410333633423
492,NY,0.0033538806004438995,0.7556,0.7556,3,0.03809410333633423
492,TX,0.23932293513623548,0.7676,0.7676,235,0.03809410333633423
493,CA,0.7581693403140531,0.7756,0.7756,765,0.03790464252233505
493,NY,0.003319808243394793,0.7544,0.7544,3,0.03790464252233505
493,TX,0.23851085144255205,0.7732,0.7732,232,0.03790464252233505
494,CA,0.7584439135748056,0.7734,0.7734,771,0.03808850795030594
494,NY,0.0032813588980221704,0.7538,0.7538,5,0.03808850795030594
494,TX,0.23827472752717221,0.7744,0.7744,224,0.03808850795030594
495,CA,0.7583695219921567,0.776,0.776,773,0.037647806107997894
495,NY,0.0032447743171923377,0.7488,0.7488,3,0.037647806107997894
495,TX,0.238385703690651,0.7686,0.7686,224,0.037647806107997894
496,CA,0.759161303323387,0.7742,0.7742,762,0.037445276975631714
496,NY,0.003198415421955455,0.7542,0.7542,3,0.037445276975631714
496,TX,0.23764028125465755,0.7652,0.7652,235,0.037445276975631714
497,CA,0.7601050000458731,0.7716,0.7716,756,0.038089193403720856
497,NY,0.0031662917493394858,0.7558,0.7558,3,0.038089193403720856
497,TX,0.23672870820478745,0.7638,0.7638,241,0.038089193403720856
498,CA,0.7609195702586647,0.7732,0.7732,753,0.03788744658231735
498,NY,0.0031414161124131467,0.7532,0.7532,3,0.03788744658231735
498,TX,0.23593901362892214,0.7656,0.7656,244,0.03788744658231735
499,CA,0.7617168405402367,0.7744,0.7744,743,0.03832939267158508
499,NY,0.003109238306572775,0.7572,0.7572,3,0.03832939267158508
499,TX,0.2351739211531904,0.7634,0.7634,254,0.03832939267158508
500,CA,0.7628520007882865,0.7764,0.7764,765,0.03818356245756149
500,NY,0.003083687836508685,0.754,0.754,2,0.03818356245756149
500,TX,0.2340643113752047,0.7686,0.7686,233,0.03818356245756149
501,CA,0.7636665567690318,0.776,0.776,731,0.03781060874462128
501,NY,0.0030480544057031084,0.7522,0.7522,4,0.03781060874462128
501,TX,0.2332853888252651,0.7652,0.7652,265,0.03781060874462128
502,CA,0.7647827373200152,0.7756,0.7756,764,0.038704998791217804
502,NY,0.0030116030871947938,0.76,0.76,4,0.038704998791217804
502,TX,0.23220565959278996,0.7668,0.7668,232,0.038704998791217804
503,CA,0.7656841673429647,0.7682,0.7682,763,0.040675483644008636
503,NY,0.002988662370930911,0.7496,0.7496,3,0.040675483644008636
503,TX,0.23132717028610428,0.7656,0.7656,234,0.040675483644008636
504,CA,0.7659687912276687,0.7754,0.7754,770,0.03803650289773941
504,NY,0.002958323391177511,0.756,0.756,2,0.03803650289773941
504,TX,0.23107288538115378,0.7732,0.7732,228,0.03803650289773941
505,CA,0.7662129538808243,0.7772,0.7772,752,0.03785613179206848
505,NY,0.002926930151499773,0.7542,0.7542,4,0.03785613179206848
505,TX,0.23086011596767586,0.777,0.777,244,0.03785613179206848
506,CA,0.7662618871168785,0.7698,0.7698,770,0.0377114862203598
506,NY,0.002889235187460861,0.7606,0.7606,1,0.0377114862203598
506,TX,0.2308488776956607,0.7676,0.7676,229,0.0377114862203598
507,CA,0.7664933546383779,0.7802,0.7802,772,0.0385625958442688
507,NY,0.002875084221650955,0.7564,0.7564,4,0.0385625958442688
507,TX,0.23063156113997116,0.767,0.767,224,0.0385625958442688
508,CA,0.7678359519931601,0.7748,0.7748,774,0.03827814757823944
508,NY,0.0028416151011079766,0.7578,0.7578,2,0.03827814757823944
508,TX,0.2293224329057319,0.7726,0.7726,224,0.03827814757823944
509,CA,0.7680751929652881,0.775,0.775,752,0.037283509969711304
509,NY,0.002815273470376534,0.7516,0.7516,3,0.037283509969711304
509,TX,0.2291095335643354,0.7676,0.7676,245,0.037283509969711304
510,CA,0.7688380917058877,0.7748,0.7748,766,0.03835336118936539
510,NY,0.002780918878656744,0.755,0.755,4,0.03835336118936539
510,TX,0.2283809894154556,0.7688,0.7688,230,0.03835336118936539
511,CA,0.7694560445650612,0.7724,0.7724,744,0.04231183975934982
511,NY,0.0027521046536313964,0.752,0.752,3,0.04231183975934982
511,TX,0.2277918507813074,0.7694,0.7694,253,0.04231183975934982
512,CA,0.7697772274192488,0.7744,0.7744,787,0.04055812209844589
512,NY,0.002721563981065513,0.751,0.751,5,0.04055812209844589
512,TX,0.22750120859968567,0.765,0.765,208,0.04055812209844589
513,CA,0.7707337799524435,0.7772,0.7772,779,0.038862548768520355
513,NY,0.0026890105156302056,0.7548,0.7548,1,0.038862548768520355
513,TX,0.22657720953192628,0.7666,0.7666,220,0.038862548768520355
514,CA,0.771802957328336,0.7782,0.7782,775,0.03686349093914032
514,NY,0.002658801201015386,0.7548,0.7548,2,0.03686349093914032
514,TX,0.22553824147064855,0.7582,0.7582,223,0.03686349093914032
515,CA,0.7737929135308754,0.7654,0.7654,769,0.03211977332830429
515,NY,0.002630578073617258,0.751,0.751,0,0.03211977332830429
515,TX,0.2235765083955074,0.7624,0.7624,231,0.03211977332830429
516,CA,0.7741036292078601,0.7682,0.7682,781,0.03366720676422119
516,NY,0.0026101686859314518,0.747,0.747,0,0.03366720676422119
516,TX,0.2232862021062083,0.7604,0.7604,219,0.03366720676422119
517,CA,0.774891127524166,0.7754,0.7754,777,0.03825526684522629
517,NY,0.0025814973205955222,0.753,0.753,4,0.03825526684522629
517,TX,0.2225273751552385,0.773,0.773,219,0.03825526684522629
518,CA,0.7751495505437284,0.7696,0.7696,780,0.03831598907709122
518,NY,0.0025497769480930404,0.7534,0.7534,3,0.03831598907709122
518,TX,0.2223006725081786,0.7652,0.7652,217,0.03831598907709122
519,CA,0.7755963552933456,0.7746,0.7746,760,0.03794986009597778
519,NY,0.0025278909962988413,0.7514,0.7514,4,0.03794986009597778
519,TX,0.2218757537103556,0.7736,0.7736,236,0.03794986009597778
520,CA,0.7757189783515429,0.7714,0.7714,786,0.039288945496082306
520,NY,0.0024952373841752545,0.7582,0.7582,2,0.039288945496082306
520,TX,0.22178578426428175,0.7642,0.7642,212,0.039288945496082306
521,CA,0.7764333438313495,0.7746,0.7746,773,0.038476526737213135
521,NY,0.0024789243009727367,0.7534,0.7534,7,0.038476526737213135
521,TX,0.22108773186767774,0.769,0.769,220,0.038476526737213135
522,CA,0.7769984451301062,0.7764,0.7764,775,0.03846396505832672
522,NY,0.0024510928427851552,0.7598,0.7598,4,0.03846396505832672
522,TX,0.22055046202710857,0.7748,0.7748,221,0.03846396505832672
523,CA,0.7771706305472253,0.776,0.776,784,0.0387764647603035
523,NY,0.00242872610659084,0.7592,0.7592,4,0.0387764647603035
523,TX,0.22040064334618384,0.7716,0.7716,212,0.0387764647603035
524,CA,0.7776131017848635,0.7762,0.7762,780,0.038093142211437225
524,NY,0.0024071213515408987,0.7572,0.7572,4,0.038093142211437225
524,TX,0.21997977686359563,0.7666,0.7666,216,0.038093142211437225
525,CA,0.7785588132406831,0.7756,0.7756,780,0.03744730353355408
525,NY,0.0023842685488496876,0.7588,0.7588,1,0.03744730353355408
525,TX,0.21905691821046716,0.7668,0.7668,219,0.03744730353355408
526,CA,0.7794225854474689,0.7724,0.7724,767,0.03838968276977539
526,NY,0.0023643297754098644,0.7544,0.7544,2,0.03838968276977539
526,TX,0.21821308477712126,0.7704,0.7704,231,0.03838968276977539
527,CA,0.7796332782642238,0.7756,0.7756,779,0.0382143035531044
527,NY,0.002340950934477806,0.749,0.749,2,0.0382143035531044
527,TX,0.21802577080129834,0.7716,0.7716,219,0.0382143035531044
528,CA,0.7800437599847744,0.7802,0.7802,793,0.0374905988574028
528,NY,0.002307095556861661,0.761,0.761,1,0.0374905988574028
528,TX,0.2176491444583639,0.768,0.768,206,0.0374905988574028
529,CA,0.7812284677213165,0.779,0.779,788,0.03943464159965515
529,NY,0.00228567898591778,0.7552,0.7552,1,0.03943464159965515
529,TX,0.21648585329276582,0.7658,0.7658,211,0.03943464159965515
530,CA,0.7825093428915646,0.7716,0.7716,771,0.0382421612739563
530,NY,0.002258797865952969,0.7516,0.7516,3,0.0382421612739563
530,TX,0.21523185924248245,0.7648,0.7648,226,0.0382421612739563
531,CA,0.7831763215049425,0.7732,0.7732,792,0.037003301084041595
531,NY,0.00223520134784866,0.759,0.759,1,0.037003301084041595
531,TX,0.21458847714720874,0.7678,0.7678,207,0.037003301084041595
532,CA,0.7837024954514822,0.7742,0.7742,771,0.038096293807029724
532,NY,0.002218791270586194,0.7534,0.7534,3,0.038096293807029724
532,TX,0.2140787132779316,0.7664,0.7664,226,0.038096293807029724
533,CA,0.7844612080189385,0.777,0.777,788,0.040896736085414886
533,NY,0.0021949019210517917,0.7564,0.7564,2,0.040896736085414886
533,TX,0.21334389006000964,0.7676,0.7676,210,0.040896736085414886
534,CA,0.7853675175139337,0.775,0.775,766,0.040174826979637146
534,NY,0.0021719637964912448,0.7536,0.7536,1,0.040174826979637146
534,TX,0.2124605186895751,0.7738,0.7738,233,0.040174826979637146
535,CA,0.7855009122292702,0.775,0.775,781,0.22286087274551392
535,NY,0.002146142327262555,0.7558,0.7558,3,0.22286087274551392
535,TX,0.21235294544346725,0.7656,0.7656,216,0.22286087274551392
536,CA,0.7864035367363846,0.7786,0.7786,804,0.032784268260002136
536,NY,0.0021253671881582463,0.7516,0.7516,0,0.032784268260002136
536,TX,0.2114710960754571,0.767,0.767,196,0.032784268260002136
537,CA,0.7875150946903638,0.7684,0.7684,766,0.03961671143770218
537,NY,0.0020960616349549573,0.7516,0.7516,3,0.03961671143770218
537,TX,0.21038884367468125,0.765,0.765,231,0.03961671143770218
538,CA,0.787849470009386,0.7792,0.7792,803,0.03355337679386139
538,NY,0.0020770303356863,0.754,0.754,0,0.03355337679386139
538,TX,0.21007349965492778,0.7718,0.7718,197,0.03355337679386139
539,CA,0.7885616597302786,0.7696,0.7696,778,0.03775501251220703
539,NY,0.002049462938497398,0.7504,0.7504,2,0.03775501251220703
539,TX,0.20938887733122402,0.7564,0.7564,220,0.03775501251220703
540,CA,0.789812828792678,0.7778,0.7778,762,0.037941135466098785
540,NY,0.0020304429438671215,0.76,0.76,2,0.037941135466098785
540,TX,0.20815672826345485,0.7642,0.7642,236,0.037941135466098785
541,CA,0.7910886242380163,0.7752,0.7752,775,0.03847162425518036
541,NY,0.0020133603516100055,0.755,0.755,4,0.03847162425518036
541,TX,0.20689801541037367,0.7744,0.7744,221,0.03847162425518036
542,CA,0.7911805193256082,0.7798,0.7798,786,0.03809431940317154
542,NY,0.0019906815414045542,0.7602,0.7602,3,0.03809431940317154
542,TX,0.20682879913298724,0.7692,0.7692,211,0.03809431940317154
543,CA,0.7921736974755061,0.7712,0.7712,801,0.038171812891960144
543,NY,0.0019712306205019055,0.7492,0.7492,3,0.038171812891960144
543,TX,0.205855071903992,0.769,0.769,196,0.038171812891960144
544,CA,0.7923957079593544,0.7766,0.7766,797,0.03874368965625763
544,NY,0.001947291633588515,0.7592,0.7592,2,0.03874368965625763
544,TX,0.20565700040705695,0.7704,0.7704,201,0.03874368965625763
545,CA,0.792979956575618,0.7702,0.7702,796,0.03750436007976532
545,NY,0.0019296415953435782,0.755,0.755,1,0.03750436007976532
545,TX,0.2050904018290384,0.7702,0.7702,203,0.03750436007976532
546,CA,0.7929930957268029,0.7734,0.7734,804,0.03803257644176483
546,NY,0.0019131042324209845,0.7548,0.7548,4,0.03803257644176483
546,TX,0.2050938000407761,0.7708,0.7708,192,0.03803257644176483
547,CA,0.7932475341535508,0.7714,0.7714,810,0.03767841309309006
547,NY,0.0018936463659668438,0.751,0.751,5,0.03767841309309006
547,TX,0.2048588194804824,0.7716,0.7716,185,0.03767841309309006
548,CA,0.7932464856665381,0.7726,0.7726,788,0.0377822071313858
548,NY,0.0018718360642046438,0.7514,0.7514,4,0.0377822071313858
548,TX,0.2048816782692572,0.7664,0.7664,208,0.0377822071313858
549,CA,0.7938331274206067,0.7712,0.7712,782,0.03731878846883774
549,NY,0.001850816969026418,0.7524,0.7524,4,0.03731878846883774
549,TX,0.20431605561036692,0.7634,0.7634,214,0.03731878846883774
550,CA,0.7945636579114393,0.778,0.778,806,0.037577010691165924
550,NY,0.0018328570415459854,0.7588,0.7588,1,0.037577010691165924
550,TX,0.2036034850470147,0.7656,0.7656,193,0.037577010691165924
551,CA,0.7957092797068305,0.7768,0.7768,803,0.041152723133563995
551,NY,0.0018156787816103344,0.7558,0.7558,1,0.041152723133563995
551,TX,0.20247504151155926,0.7726,0.7726,196,0.041152723133563995
552,CA,0.7961073891525645,0.7722,0.7722,792,0.03301890194416046
552,NY,0.0017951169574632019,0.758,0.758,0,0.03301890194416046
552,TX,0.20209749388997233,0.7638,0.7638,208,0.03301890194416046
553,CA,0.7968821975106208,0.7774,0.7774,798,0.042320214211940765
553,NY,0.0017824664237917306,0.7492,0.7492,3,0.042320214211940765
553,TX,0.20133533606558743,0.7652,0.7652,199,0.042320214211940765
554,CA,0.7980075779560978,0.7738,0.7738,800,0.03968261927366257
554,NY,0.0017566633536136166,0.7536,0.7536,1,0.03968261927366257
554,TX,0.2002357586902885,0.7624,0.7624,199,0.03968261927366257
555,CA,0.7990518556859508,0.7702,0.7702,808,0.03731054812669754
555,NY,0.001738931107640753,0.7526,0.7526,1,0.03731054812669754
555,TX,0.19920921320640847,0.7648,0.7648,191,0.03731054812669754
556,CA,0.7995515573147138,0.7766,0.7766,790,0.037930652499198914
556,NY,0.001722718655004493,0.7576,0.7576,1,0.037930652499198914
556,TX,0.1987257240302816,0.7682,0.7682,209,0.037930652499198914
557,CA,0.8003182824721129,0.7708,0.7708,803,0.031538642942905426
557,NY,0.0017059292169758831,0.7522,0.7522,0,0.031538642942905426
557,TX,0.19797578831091123,0.7682,0.7682,197,0.031538642942905426
558,CA,0.8005653362355081,0.7706,0.7706,813,0.037526935338974
558,NY,0.0016885316813811991,0.756,0.756,1,0.037526935338974
558,TX,0.19774613208311073,0.7638,0.7638,186,0.037526935338974
559,CA,0.8011849474340903,0.7766,0.7766,818,0.03860367834568024
559,NY,0.0016759044914356465,0.7562,0.7562,2,0.03860367834568024
559,TX,0.19713914807447402,0.7754,0.7754,180,0.03860367834568024
560,CA,0.8013070673479893,0.7744,0.7744,808,0.03759158402681351
560,NY,0.0016569132534721173,0.7538,0.7538,3,0.03759158402681351
560,TX,0.1970360193985387,0.7704,0.7704,189,0.03759158402681351
561,CA,0.801678574023175,0.7722,0.7722,810,0.03794882446527481
561,NY,0.001638436492193585,0.7516,0.7516,2,0.03794882446527481
561,TX,0.1966829894846315,0.7654,0.7654,188,0.03794882446527481
562,CA,0.8022993333805829,0.7674,0.7674,793,0.03185702860355377
562,NY,0.0016206452896172458,0.7516,0.7516,0,0.03185702860355377
562,TX,0.1960800213297999,0.7668,0.7668,207,0.03185702860355377
563,CA,0.8023643679354975,0.778,0.778,811,0.03851422667503357
563,NY,0.0016062874260083747,0.7564,0.7564,2,0.03851422667503357
563,TX,0.19602934463849425,0.7722,0.7722,187,0.03851422667503357
564,CA,0.8028934584713683,0.7772,0.7772,801,0.038117945194244385
564,NY,0.0015878198141412057,0.7532,0.7532,1,0.038117945194244385
564,TX,0.19551872171449047,0.768,0.768,198,0.038117945194244385
565,CA,0.8037241723976166,0.7744,0.7744,814,0.03820879012346268
565,NY,0.0015679979304851013,0.7554,0.7554,2,0.03820879012346268
565,TX,0.19470782967189826,0.771,0.771,184,0.03820879012346268
566,CA,0.8040376485612767,0.7732,0.7732,817,0.0386410728096962
566,NY,0.0015518130687857217,0.758,0.758,1,0.0386410728096962
566,TX,0.19441053836993755,0.7676,0.7676,182,0.0386410728096962
567,CA,0.8045423189984797,0.7716,0.7716,799,0.0367586687207222
567,NY,0.001539476491065055,0.7492,0.7492,1,0.0367586687207222
567,TX,0.19391820451045513,0.7626,0.7626,200,0.0367586687207222
568,CA,0.8053513744228032,0.7722,0.7722,794,0.037491247057914734
568,NY,0.0015215399842449318,0.7538,0.7538,2,0.037491247057914734
568,TX,0.19312708559295183,0.763,0.763,204,0.037491247057914734
569,CA,0.8061723608140265,0.7746,0.7746,802,0.037943482398986816
569,NY,0.0015072774555661955,0.7542,0.7542,1,0.037943482398986816
569,TX,0.19232036173040726,0.7704,0.7704,197,0.037943482398986816
570,CA,0.8065534552670157,0.7786,0.7786,820,0.03790493309497833
570,NY,0.0014906548053836583,0.7588,0.7588,3,0.03790493309497833
570,TX,0.1919558899276007,0.7664,0.7664,177,0.03790493309497833
571,CA,0.8076302548100356,0.7698,0.7698,808,0.037327349185943604
571,NY,0.0014760282755821989,0.755,0.755,1,0.037327349185943604
571,TX,0.1908937169143823,0.7652,0.7652,191,0.037327349185943604
572,CA,0.808041149677518,0.773,0.773,825,0.039361074566841125
572,NY,0.0014644296227457922,0.752,0.752,2,0.039361074566841125
572,TX,0.19049442069973632,0.7668,0.7668,173,0.039361074566841125
573,CA,0.8085938112021287,0.773,0.773,832,0.031814418733119965
573,NY,0.0014480741692146032,0.7542,0.7542,0,0.031814418733119965
573,TX,0.1899581146286566,0.7712,0.7712,168,0.031814418733119965
574,CA,0.8087621999628017,0.7734,0.7734,820,0.03872276097536087
574,NY,0.0014330178814976904,0.7524,0.7524,5,0.03872276097536087
574,TX,0.1898047821557005,0.7686,0.7686,175,0.03872276097536087
575,CA,0.8091916438771493,0.7734,0.7734,810,0.040166743099689484
575,NY,0.001416800477204139,0.756,0.756,1,0.040166743099689484
575,TX,0.18939155564564655,0.7644,0.7644,189,0.040166743099689484
576,CA,0.809981426616479,0.7788,0.7788,805,0.040059491991996765
576,NY,0.0014042685609144696,0.7546,0.7546,1,0.040059491991996765
576,TX,0.1886143048226065,0.7612,0.7612,194,0.040059491991996765
577,CA,0.8115113797069936,0.776,0.776,797,0.03866765648126602
577,NY,0.00138778034083739,0.7568,0.7568,4,0.03866765648126602
577,TX,0.18710083995216897,0.7702,0.7702,199,0.03866765648126602
578,CA,0.8120197288633064,0.7754,0.7754,822,0.038805775344371796
578,NY,0.001373637249006171,0.7604,0.7604,2,0.038805775344371796
578,TX,0.18660663388768733,0.77,0.77,176,0.038805775344371796
579,CA,0.8124903089269621,0.7706,0.7706,839,0.03843003511428833
579,NY,0.0013628209841344244,0.754,0.754,1,0.03843003511428833
579,TX,0.1861468700889035,0.7656,0.7656,160,0.03843003511428833
580,CA,0.8129280197388057,0.774,0.774,808,0.03248993307352066
580,NY,0.0013507713621070468,0.7486,0.7486,0,0.03248993307352066
580,TX,0.18572120889908725,0.77,0.77,192,0.03248993307352066
581,CA,0.8132843219053909,0.769,0.769,833,0.03815445303916931
581,NY,0.0013320146776584726,0.754,0.754,3,0.03815445303916931
581,TX,0.18538366341695053,0.771,0.771,164,0.03815445303916931
582,CA,0.8131230821691785,0.7758,0.7758,809,0.038089096546173096
582,NY,0.001320458193840399,0.7548,0.7548,2,0.038089096546173096
582,TX,0.18555645963698109,0.771,0.771,189,0.038089096546173096
583,CA,0.8135438272768165,0.7728,0.7728,779,0.03817863017320633
583,NY,0.001305518091669566,0.75,0.75,4,0.03817863017320633
583,TX,0.18515065463151392,0.7694,0.7694,217,0.03817863017320633
584,CA,0.8138464847192082,0.7702,0.7702,804,0.038212165236473083
584,NY,0.001289207246415861,0.7578,0.7578,3,0.038212165236473083
584,TX,0.18486430803437598,0.7678,0.7678,193,0.038212165236473083
585,CA,0.814057867757261,0.7788,0.7788,834,0.03212053328752518
585,NY,0.0012805090369368854,0.761,0.761,0,0.03212053328752518
585,TX,0.18466162320580212,0.7746,0.7746,166,0.03212053328752518
586,CA,0.8144234022419682,0.775,0.775,830,0.03829392045736313
586,NY,0.001268264538333446,0.7522,0.7522,1,0.03829392045736313
586,TX,0.18430833321969836,0.7628,0.7628,169,0.03829392045736313
587,CA,0.8154697202286653,0.7786,0.7786,805,0.037828393280506134
587,NY,0.0012535820449113434,0.7594,0.7594,1,0.037828393280506134
587,TX,0.1832766977264235,0.7676,0.7676,194,0.037828393280506134
588,CA,0.816406164837542,0.7748,0.7748,807,0.03122583031654358
588,NY,0.0012414736284848474,0.7544,0.7544,0,0.03122583031654358
588,TX,0.1823523615339731,0.765,0.765,193,0.03122583031654358
589,CA,0.8172407096130809,0.7702,0.7702,819,0.037813976407051086
589,NY,0.0012284582860410827,0.7446,0.7446,1,0.037813976407051086
589,TX,0.18153083210087806,0.7664,0.7664,180,0.037813976407051086
590,CA,0.8175738290093431,0.7728,0.7728,820,0.03818865865468979
590,NY,0.0012111862574420622,0.7598,0.7598,1,0.03818865865468979
590,TX,0.18121498473321487,0.7722,0.7722,179,0.03818865865468979
591,CA,0.8176312377230733,0.7732,0.7732,799,0.032272227108478546
591,NY,0.0012023890131499168,0.7592,0.7592,0,0.032272227108478546
591,TX,0.18116637326377671,0.7662,0.7662,201,0.032272227108478546
592,CA,0.8182241863421246,0.774,0.774,797,0.039604514837265015
592,NY,0.001193760846099435,0.7526,0.7526,2,0.039604514837265015
592,TX,0.18058205281177606,0.763,0.763,201,0.039604514837265015
593,CA,0.8191532137044671,0.772,0.772,839,0.032829493284225464
593,NY,0.0011806994171137876,0.7534,0.7534,0,0.032829493284225464
593,TX,0.17966608687841915,0.7666,0.7666,161,0.032829493284225464
594,CA,0.8196121215055412,0.7782,0.7782,840,0.03822114318609238
594,NY,0.0011689605820644664,0.75,0.75,1,0.03822114318609238
594,TX,0.17921891791239428,0.7712,0.7712,159,0.03822114318609238
595,CA,0.820205987685874,0.7726,0.7726,822,0.03812763839960098
595,NY,0.0011512559089375885,0.7542,0.7542,2,0.03812763839960098
595,TX,0.1786427564051883,0.7634,0.7634,176,0.03812763839960098
596,CA,0.8209769893185845,0.7716,0.7716,839,0.03728564828634262
596,NY,0.0011403765634069812,0.7496,0.7496,1,0.03728564828634262
596,TX,0.17788263411800856,0.7588,0.7588,160,0.03728564828634262
597,CA,0.8220451403715378,0.7716,0.7716,830,0.03897823393344879
597,NY,0.0011276804809311797,0.7566,0.7566,3,0.03897823393344879
597,TX,0.17682717914753104,0.7758,0.7758,167,0.03897823393344879
598,CA,0.8217085168072882,0.775,0.775,822,0.040298402309417725
598,NY,0.0011176746277064933,0.752,0.752,2,0.040298402309417725
598,TX,0.17717380856500536,0.762,0.762,176,0.040298402309417725
599,CA,0.8227880917446049,0.7762,0.7762,830,0.033214271068573
599,NY,0.001104641476176152,0.7586,0.7586,0,0.033214271068573
599,TX,0.17610726677921906,0.772,0.772,170,0.033214271068573
600,CA,0.8231398759287795,,,0,
600,NY,0.0010941634224379668,,,0,
600,TX,0.17576596064878253,,,0,
