t,state,p,acc,fitness,sample_count,step_seconds
0,CA,0.3333333333333333,0.7244,0.7244,327,0.06406543776392937
0,NY,0.3333333333333333,0.6826,0.6826,317,0.06406543776392937
0,TX,0.3333333333333333,0.68,0.68,356,0.06406543776392937
1,CA,0.33898171810497346,0.7224,0.7224,333,0.03825148940086365
1,NY,0.33076469431885197,0.6872,0.6872,344,0.03825148940086365
1,TX,0.3302535875761746,0.6858,0.6858,323,0.03825148940086365
2,CA,0.3437172490874946,0.739,0.739,324,0.03852184675633907
2,NY,0.32853129653382684,0.6928,0.6928,337,0.03852184675633907
2,TX,0.3277514543786785,0.6984,0.6984,339,0.03852184675633907
3,CA,0.34944110135011724,0.7398,0.7398,361,0.03848734684288502
3,NY,0.32512882471756044,0.6992,0.6992,306,0.03848734684288502
3,TX,0.3254300739323224,0.7014,0.7014,333,0.03848734684288502
4,CA,0.35467969995331133,0.7412,0.7412,361,0.038412557914853096
4,NY,0.32230199516164604,0.6958,0.6958,340,0.038412557914853096
4,TX,0.3230183048850427,0.6952,0.6952,299,0.038412557914853096
5,CA,0.36079054370531066,0.7168,0.7168,357,0.03822873905301094
5,NY,0.31930651529214915,0.6758,0.6758,328,0.03822873905301094
5,TX,0.3199029410025402,0.6784,0.6784,315,0.03822873905301094
6,CA,0.3662033569721447,0.7244,0.7244,355,0.03850001469254494
6,NY,0.3163569913451111,0.6818,0.6818,317,0.03850001469254494
6,TX,0.31743965168274424,0.6786,0.6786,328,0.03850001469254494
7,CA,0.37225115243421564,0.717,0.717,363,0.03733154200017452
7,NY,0.31363715113295076,0.6646,0.6646,310,0.03733154200017452
7,TX,0.31411169643283354,0.6606,0.6606,327,0.03733154200017452
8,CA,0.3798053382453415,0.729,0.729,373,0.03779498673975468
8,NY,0.31023594062103355,0.6854,0.6854,344,0.03779498673975468
8,TX,0.30995872113362494,0.687,0.687,283,0.03779498673975468
9,CA,0.3857272336251676,0.7314,0.7314,376,0.03808180242776871
9,NY,0.3071279517686114,0.69,0.69,315,0.03808180242776871
9,TX,0.30714481460622106,0.6916,0.6916,309,0.03808180242776871
10,CA,0.3913645331765563,0.717,0.717,408,0.03814096190035343
10,NY,0.30416539179965585,0.6806,0.6806,266,0.03814096190035343
10,TX,0.304470075023788,0.6818,0.6818,326,0.03814096190035343
11,CA,0.3963948383678536,0.7404,0.7404,415,0.037515681236982346
11,NY,0.3015437886364053,0.6928,0.6928,294,0.037515681236982346
11,TX,0.30206137299574115,0.701,0.701,291,0.037515681236982346
12,CA,0.4024662189812427,0.7308,0.7308,415,0.04054446518421173
12,NY,0.29778883162871894,0.6804,0.6804,309,0.04054446518421173
12,TX,0.2997449493900384,0.68,0.68,276,0.04054446518421173
13,CA,0.40962196552815117,0.7274,0.7274,414,0.03805511258542538
13,NY,0.29425780807166796,0.6772,0.6772,289,0.03805511258542538
13,TX,0.29612022640018093,0.6862,0.6862,297,0.03805511258542538
14,CA,0.41611931800856905,0.7176,0.7176,425,0.037645988166332245
14,NY,0.2902382019749127,0.6776,0.6776,299,0.037645988166332245
14,TX,0.2936424800165183,0.678,0.678,276,0.037645988166332245
15,CA,0.4218262943295524,0.717,0.717,432,0.03924866393208504
15,NY,0.28736689185746,0.6794,0.6794,272,0.03924866393208504
15,TX,0.2908068138129876,0.678,0.678,296,0.03924866393208504
16,CA,0.4273382511486593,0.735,0.735,399,0.03810960054397583
16,NY,0.2847467035021051,0.6926,0.6926,309,0.03810960054397583
16,TX,0.2879150453492357,0.6922,0.6922,292,0.03810960054397583
17,CA,0.43343279696455184,0.7234,0.7234,450,0.03689324110746384
17,NY,0.2817497662564779,0.6866,0.6866,276,0.03689324110746384
17,TX,0.2848174367789702,0.683,0.683,274,0.03689324110746384
18,CA,0.43900506266105566,0.7222,0.7222,444,0.037291502580046654
18,NY,0.2792783886179121,0.6786,0.6786,272,0.037291502580046654
18,TX,0.28171654872103236,0.6804,0.6804,284,0.037291502580046654
19,CA,0.44519684274062254,0.7224,0.7224,438,0.038206178694963455
19,NY,0.2760473046600251,0.6776,0.6776,290,0.038206178694963455
19,TX,0.2787558525993524,0.6766,0.6766,272,0.038206178694963455
20,CA,0.4517895330538992,0.7296,0.7296,454,0.03772493824362755
20,NY,0.27284877042811506,0.681,0.681,261,0.03772493824362755
20,TX,0.27536169651798564,0.68,0.68,285,0.03772493824362755
21,CA,0.45893205867716674,0.7204,0.7204,487,0.03796389326453209
21,NY,0.2693743683499019,0.6786,0.6786,241,0.03796389326453209
21,TX,0.27169357297293134,0.6804,0.6804,272,0.03796389326453209
22,CA,0.46491170074003463,0.7482,0.7482,455,0.03728207387030125
22,NY,0.2662539957978657,0.7026,0.7026,283,0.03728207387030125
22,TX,0.26883430346209963,0.712,0.712,262,0.03728207387030125
23,CA,0.47080224528605047,0.717,0.717,462,0.03910924680531025
23,NY,0.262594542657493,0.6746,0.6746,275,0.03910924680531025
23,TX,0.26660321205645654,0.6726,0.6726,263,0.03910924680531025
24,CA,0.47718636835947165,0.7344,0.7344,456,0.038024792447686195
24,NY,0.25958284703077933,0.6884,0.6884,275,0.038024792447686195
24,TX,0.26323078460974914,0.6884,0.6884,269,0.038024792447686195
25,CA,0.48389613823896815,0.715,0.715,489,0.037439970299601555
25,NY,0.25625137083576177,0.6746,0.6746,252,0.037439970299601555
25,TX,0.2598524909252701,0.6696,0.6696,259,0.037439970299601555
26,CA,0.49022760888312916,0.7414,0.7414,504,0.03846895508468151
26,NY,0.253488796836837,0.6992,0.6992,256,0.03846895508468151
26,TX,0.25628359428003394,0.705,0.705,240,0.03846895508468151
27,CA,0.49593077003687697,0.7054,0.7054,491,0.04026256874203682
27,NY,0.25022345584897326,0.6596,0.6596,237,0.04026256874203682
27,TX,0.25384577411414966,0.659,0.659,272,0.04026256874203682
28,CA,0.5027819414574718,0.7134,0.7134,499,0.03849365562200546
28,NY,0.24686743295333866,0.6752,0.6752,233,0.03849365562200546
28,TX,0.2503506255891896,0.6716,0.6716,268,0.03849365562200546
29,CA,0.5086885332306165,0.7356,0.7356,525,0.03806182183325291
29,NY,0.2441990556576088,0.6944,0.6944,235,0.03806182183325291
29,TX,0.24711241111177468,0.7026,0.7026,240,0.03806182183325291
30,CA,0.5140840193747443,0.7198,0.7198,493,0.03720802441239357
30,NY,0.24093086356648474,0.6826,0.6826,257,0.03720802441239357
30,TX,0.24498511705877105,0.6746,0.6746,250,0.03720802441239357
31,CA,0.5201437807427703,0.7126,0.7126,537,0.037135105580091476
31,NY,0.2384979681907072,0.6692,0.6692,229,0.037135105580091476
31,TX,0.24135825106652242,0.6616,0.6616,234,0.037135105580091476
32,CA,0.5271182896745572,0.742,0.742,505,0.03794066421687603
32,NY,0.2355709835661116,0.6936,0.6936,238,0.03794066421687603
32,TX,0.23731072675933118,0.701,0.701,257,0.03794066421687603
33,CA,0.5335910292556117,0.7116,0.7116,542,0.03845072723925114
33,NY,0.23183816130107174,0.6732,0.6732,229,0.03845072723925114
33,TX,0.23457080944331649,0.6682,0.6682,229,0.03845072723925114
34,CA,0.5396072141627227,0.716,0.716,525,0.038212960585951805
34,NY,0.22919214517959596,0.682,0.682,233,0.038212960585951805
34,TX,0.2312006406576813,0.6764,0.6764,242,0.038212960585951805
35,CA,0.5449898073627447,0.722,0.722,511,0.037220755591988564
35,NY,0.22689194089357764,0.681,0.681,239,0.037220755591988564
35,TX,0.22811825174367772,0.6834,0.6834,250,0.037220755591988564
36,CA,0.5507816293396534,0.7262,0.7262,547,0.038359107449650764
36,NY,0.2238436109151602,0.6892,0.6892,226,0.038359107449650764
36,TX,0.22537475974518645,0.699,0.699,227,0.038359107449650764
37,CA,0.5554189389456538,0.7116,0.7116,564,0.038435446098446846
37,NY,0.2208899218100096,0.6682,0.6682,215,0.038435446098446846
37,TX,0.2236911392443366,0.6602,0.6602,221,0.038435446098446846
38,CA,0.5623462014707795,0.73,0.73,568,0.03846460580825806
38,NY,0.21797406427158547,0.6828,0.6828,208,0.03846460580825806
38,TX,0.2196797342576349,0.6832,0.6832,224,0.03846460580825806
39,CA,0.5691128504262465,0.7292,0.7292,567,0.03818054124712944
39,NY,0.21457832371309302,0.6874,0.6874,231,0.03818054124712944
39,TX,0.2163088258606604,0.6902,0.6902,202,0.03818054124712944
40,CA,0.5748995535945802,0.7216,0.7216,597,0.038222869858145714
40,NY,0.21152039343412177,0.6848,0.6848,209,0.038222869858145714
40,TX,0.213580052971298,0.6874,0.6874,194,0.038222869858145714
41,CA,0.5799826175672227,0.7146,0.7146,573,0.03790169395506382
41,NY,0.20882926105654157,0.6774,0.6774,207,0.03790169395506382
41,TX,0.21118812137623563,0.6698,0.6698,220,0.03790169395506382
42,CA,0.5858699084250071,0.7206,0.7206,580,0.03882398083806038
42,NY,0.20637229107597987,0.6702,0.6702,210,0.03882398083806038
42,TX,0.20775780049901307,0.6726,0.6726,210,0.03882398083806038
43,CA,0.5928902925011226,0.7374,0.7374,591,0.038484375923871994
43,NY,0.202727700243057,0.6956,0.6956,207,0.038484375923871994
43,TX,0.20438200725582048,0.697,0.697,202,0.038484375923871994
44,CA,0.5986553048267257,0.716,0.716,634,0.040417227894067764
44,NY,0.19977409874489152,0.6714,0.6714,163,0.040417227894067764
44,TX,0.20157059642838288,0.6704,0.6704,203,0.040417227894067764
45,CA,0.6050376566708893,0.7282,0.7282,596,0.03834579698741436
45,NY,0.1966563003002337,0.6876,0.6876,208,0.03834579698741436
45,TX,0.19830604302887714,0.696,0.696,196,0.03834579698741436
46,CA,0.6101106267575508,0.6988,0.6988,618,0.03831714950501919
46,NY,0.19364646106432962,0.6648,0.6648,196,0.03831714950501919
46,TX,0.19624291217811957,0.6616,0.6616,186,0.03831714950501919
47,CA,0.615138122975406,0.734,0.734,623,0.03789842501282692
47,NY,0.1913345648744061,0.6862,0.6862,175,0.03789842501282692
47,TX,0.19352731215018784,0.6962,0.6962,202,0.03789842501282692
48,CA,0.6210336898436204,0.7084,0.7084,606,0.03742121160030365
48,NY,0.1878434007592041,0.672,0.672,197,0.03742121160030365
48,TX,0.19112290939717555,0.6688,0.6688,197,0.03742121160030365
49,CA,0.6263150489672904,0.7092,0.7092,635,0.037860576063394547
49,NY,0.18540452914886116,0.6632,0.6632,180,0.037860576063394547
49,TX,0.18828042188384847,0.6596,0.6596,185,0.037860576063394547
50,CA,0.6329314703270792,0.7146,0.7146,630,0.039088256657123566
50,NY,0.18232061381441145,0.6746,0.6746,173,0.039088256657123566
50,TX,0.1847479158585093,0.668,0.668,197,0.039088256657123566
51,CA,0.6388565527777651,0.7388,0.7388,663,0.03789837472140789
51,NY,0.17973419278218758,0.6984,0.6984,161,0.03789837472140789
51,TX,0.1814092544400472,0.7056,0.7056,176,0.03789837472140789
52,CA,0.6437748507000163,0.689,0.689,630,0.037801265716552734
52,NY,0.17690972533747307,0.657,0.657,195,0.037801265716552734
52,TX,0.1793154239625106,0.6498,0.6498,175,0.037801265716552734
53,CA,0.6486484610538126,0.716,0.716,676,0.037261962890625
53,NY,0.174871869236074,0.673,0.673,181,0.037261962890625
53,TX,0.1764796697101134,0.6704,0.6704,143,0.037261962890625
54,CA,0.6545866465514616,0.7218,0.7218,660,0.03793231397867203
54,NY,0.17205066645991554,0.6952,0.6952,171,0.03793231397867203
54,TX,0.1733626869886228,0.6926,0.6926,169,0.03793231397867203
55,CA,0.6582716903894049,0.7306,0.7306,649,0.0381900891661644
55,NY,0.17034627303398084,0.683,0.683,198,0.0381900891661644
55,TX,0.17138203657661422,0.6856,0.6856,153,0.0381900891661644
56,CA,0.6643449511409133,0.7132,0.7132,672,0.03798402287065983
56,NY,0.16718931305608162,0.6726,0.6726,163,0.03798402287065983
56,TX,0.1684657358030051,0.6588,0.6588,165,0.03798402287065983
57,CA,0.6705891262653452,0.7234,0.7234,715,0.03973507694900036
57,NY,0.16476137522012105,0.6772,0.6772,134,0.03973507694900036
57,TX,0.16464949851453375,0.6654,0.6654,151,0.03973507694900036
58,CA,0.6773340300319068,0.7062,0.7062,672,0.03828516788780689
58,NY,0.16195731267210037,0.6648,0.6648,177,0.03828516788780689
58,TX,0.16070865729599274,0.6594,0.6594,151,0.03828516788780689
59,CA,0.6830290874540903,0.7232,0.7232,689,0.037879424169659615
59,NY,0.1593562109548228,0.681,0.681,150,0.037879424169659615
59,TX,0.15761470159108693,0.693,0.693,161,0.037879424169659615
60,CA,0.6876118882466912,0.7146,0.7146,680,0.03753376007080078
60,NY,0.15649670576227218,0.675,0.675,172,0.03753376007080078
60,TX,0.15589140599103662,0.6704,0.6704,148,0.03753376007080078
61,CA,0.6929008521349057,0.7252,0.7252,666,0.037579288706183434
61,NY,0.15405823248104727,0.6856,0.6856,158,0.037579288706183434
61,TX,0.15304091538404685,0.6788,0.6788,176,0.037579288706183434
62,CA,0.698244047938439,0.7358,0.7358,654,0.037500038743019104
62,NY,0.15168272802483232,0.6908,0.6908,174,0.037500038743019104
62,TX,0.1500732240367287,0.687,0.687,172,0.037500038743019104
63,CA,0.7039825300578474,0.7306,0.7306,685,0.03798997402191162
63,NY,0.14896468602054225,0.6846,0.6846,159,0.03798997402191162
63,TX,0.1470527839216104,0.6788,0.6788,156,0.03798997402191162
64,CA,0.7099182232548497,0.7264,0.7264,714,0.0378060657531023
64,NY,0.14622777273846035,0.6838,0.6838,136,0.0378060657531023
64,TX,0.14385400400669002,0.6818,0.6818,150,0.0378060657531023
65,CA,0.7151564591909435,0.705,0.705,701,0.03779853694140911
65,NY,0.14367184998937038,0.6706,0.6706,157,0.03779853694140911
65,TX,0.14117169081968617,0.6574,0.6574,142,0.03779853694140911
66,CA,0.7200817695556034,0.7088,0.7088,752,0.03719618730247021
66,NY,0.14174264353366492,0.6714,0.6714,112,0.03719618730247021
66,TX,0.13817558691073167,0.6724,0.6724,136,0.03719618730247021
67,CA,0.7244615936237088,0.7184,0.7184,692,0.03759580850601196
67,NY,0.13948363013709275,0.6752,0.6752,149,0.03759580850601196
67,TX,0.1360547762391985,0.6738,0.6738,159,0.03759580850601196
68,CA,0.7295963383791715,0.7248,0.7248,712,0.2133640218526125
68,NY,0.13694081895725096,0.6876,0.6876,142,0.2133640218526125
68,TX,0.13346284266357752,0.6848,0.6848,146,0.2133640218526125
69,CA,0.7340362671236806,0.7282,0.7282,739,0.037957994267344475
69,NY,0.1348026923478077,0.6764,0.6764,134,0.037957994267344475
69,TX,0.1311610405285117,0.6788,0.6788,127,0.037957994267344475
70,CA,0.7397990693719289,0.7298,0.7298,738,0.037453580647706985
70,NY,0.13178879293842904,0.6912,0.6912,142,0.037453580647706985
70,TX,0.12841213768964208,0.6898,0.6898,120,0.037453580647706985
71,CA,0.7441974548354368,0.719,0.719,734,0.03821571171283722
71,NY,0.12961401303385897,0.6818,0.6818,139,0.03821571171283722
71,TX,0.1261885321307042,0.6812,0.6812,127,0.03821571171283722
72,CA,0.7483731803143419,0.7262,0.7262,705,0.03830181993544102
72,NY,0.12752063404748867,0.686,0.686,138,0.03830181993544102
72,TX,0.1241061856381695,0.6902,0.6902,157,0.03830181993544102
73,CA,0.7525558563679192,0.7188,0.7188,739,0.038886938244104385
73,NY,0.12524703284453023,0.6794,0.6794,143,0.038886938244104385
73,TX,0.1221971107875506,0.674,0.674,118,0.038886938244104385
74,CA,0.7571411520178338,0.7124,0.7124,759,0.037288665771484375
74,NY,0.12312163147011711,0.6704,0.6704,114,0.037288665771484375
74,TX,0.11973721651204909,0.667,0.667,127,0.037288665771484375
75,CA,0.7618603698815449,0.7088,0.7088,760,0.039870524778962135
75,NY,0.12085041761092781,0.67,0.67,136,0.039870524778962135
75,TX,0.1172892125075272,0.6598,0.6598,104,0.039870524778962135
76,CA,0.7665418770878326,0.7176,0.7176,783,0.08554324135184288
76,NY,0.11883213335211816,0.6788,0.6788,110,0.08554324135184288
76,TX,0.11462598956004917,0.6824,0.6824,107,0.08554324135184288
77,CA,0.7704197769643338,0.69,0.69,792,0.03750383108854294
77,NY,0.11673534198469707,0.6528,0.6528,108,0.03750383108854294
77,TX,0.112844881050969,0.6432,0.6432,100,0.03750383108854294
78,CA,0.7748320535797104,0.7216,0.7216,792,0.03831403888761997
78,NY,0.11481962265000294,0.6796,0.6796,102,0.03831403888761997
78,TX,0.11034832377028672,0.6796,0.6796,106,0.03831403888761997
79,CA,0.7791118529934827,0.7028,0.7028,783,0.03685348108410835
79,NY,0.11263722963394812,0.6646,0.6646,118,0.03685348108410835
79,TX,0.10825091737256919,0.6582,0.6582,99,0.03685348108410835
80,CA,0.7833121195469623,0.7096,0.7096,775,0.03759818896651268
80,NY,0.1107039822422915,0.6662,0.6662,133,0.03759818896651268
80,TX,0.10598389821074622,0.6602,0.6602,92,0.03759818896651268
81,CA,0.7879395394101415,0.7084,0.7084,789,0.03652960620820522
81,NY,0.10853102702757789,0.6626,0.6626,108,0.03652960620820522
81,TX,0.1035294335622806,0.6574,0.6574,103,0.03652960620820522
82,CA,0.7926958640716303,0.7108,0.7108,784,0.03752855956554413
82,NY,0.10625902439181255,0.6646,0.6646,113,0.03752855956554413
82,TX,0.1010451115365572,0.6574,0.6574,103,0.03752855956554413
83,CA,0.7974995898373183,0.7252,0.7252,809,0.03695695847272873
83,NY,0.10401604797076813,0.6764,0.6764,98,0.03695695847272873
83,TX,0.09848436219191353,0.6766,0.6766,93,0.03695695847272873
84,CA,0.8020848086941665,0.7182,0.7182,809,0.037823716178536415
84,NY,0.10165491329832385,0.6814,0.6814,92,0.037823716178536415
84,TX,0.09626027800750955,0.6802,0.6802,99,0.037823716178536415
85,CA,0.805553626774017,0.7324,0.7324,801,0.037169324234128
85,NY,0.09990790885461298,0.6908,0.6908,106,0.037169324234128
85,TX,0.09453846437136997,0.6876,0.6876,93,0.037169324234128
86,CA,0.8094746033556518,0.7202,0.7202,814,0.036636894568800926
86,NY,0.0979834447036097,0.6832,0.6832,100,0.036636894568800926
86,TX,0.09254195194073854,0.6814,0.6814,86,0.036636894568800926
87,CA,0.8128845482734032,0.7126,0.7126,832,0.03964485786855221
87,NY,0.09627978754474166,0.6678,0.6678,95,0.03964485786855221
87,TX,0.09083566418185521,0.6658,0.6658,73,0.03964485786855221
88,CA,0.8169700873414362,0.726,0.726,817,0.03807634115219116
88,NY,0.09423244078493655,0.681,0.681,99,0.03807634115219116
88,TX,0.0887974718736274,0.682,0.682,84,0.03807634115219116
89,CA,0.8208448691855337,0.7172,0.7172,831,0.03698051907122135
89,NY,0.09221090718831916,0.6674,0.6674,88,0.03698051907122135
89,TX,0.08694422362614714,0.663,0.663,81,0.03698051907122135
90,CA,0.8253167672965761,0.71,0.71,819,0.036529576405882835
90,NY,0.09002451546607028,0.6674,0.6674,94,0.036529576405882835
90,TX,0.08465871723735352,0.6592,0.6592,87,0.036529576405882835
91,CA,0.8292621674027019,0.7206,0.7206,855,0.03889700025320053
91,NY,0.08820143751924987,0.682,0.682,74,0.03889700025320053
91,TX,0.08253639507804827,0.6784,0.6784,71,0.03889700025320053
92,CA,0.8325950694479515,0.7124,0.7124,850,0.03680630028247833
92,NY,0.08656926266674124,0.6698,0.6698,73,0.03680630028247833
92,TX,0.08083566788530722,0.6694,0.6694,77,0.03680630028247833
93,CA,0.8360928437968093,0.6964,0.6964,854,0.0383108202368021
93,NY,0.08477028195317819,0.649,0.649,78,0.0383108202368021
93,TX,0.07913687425001249,0.6302,0.6302,68,0.0383108202368021
94,CA,0.8406802962450134,0.7216,0.7216,857,0.03768673911690712
94,NY,0.08285379049513568,0.678,0.678,80,0.03768673911690712
94,TX,0.07646591325985085,0.6746,0.6746,63,0.03768673911690712
95,CA,0.8442140318129531,0.7214,0.7214,829,0.037427032366395
95,NY,0.08109494472088424,0.6802,0.6802,86,0.037427032366395
95,TX,0.0746910234661627,0.683,0.683,85,0.037427032366395
96,CA,0.847270212855919,0.7078,0.7078,842,0.038072893396019936
96,NY,0.07944056711102418,0.6608,0.6608,79,0.038072893396019936
96,TX,0.07328922003305688,0.6564,0.6564,79,0.038072893396019936
97,CA,0.8510078968260499,0.7066,0.7066,882,0.0382388886064291
97,NY,0.07759510310249118,0.6636,0.6636,68,0.0382388886064291
97,TX,0.07139700007145884,0.6606,0.6606,50,0.0382388886064291
98,CA,0.854322288570855,0.7074,0.7074,857,0.03784320503473282
98,NY,0.07593458639207377,0.6632,0.6632,71,0.03784320503473282
98,TX,0.06974312503707127,0.6614,0.6614,72,0.03784320503473282
99,CA,0.8576196046285509,0.7226,0.7226,877,0.03762214817106724
99,NY,0.0742543317846902,0.678,0.678,61,0.03762214817106724
99,TX,0.06812606358675895,0.6734,0.6734,62,0.03762214817106724
100,CA,0.8609500235753533,0.7216,0.7216,854,0.03760774992406368
100,NY,0.07261269402479661,0.68,0.68,75,0.03760774992406368
100,TX,0.06643728239985018,0.675,0.675,71,0.03760774992406368
101,CA,0.8640197958903223,0.7216,0.7216,874,0.03759760968387127
101,NY,0.07111076132507337,0.6772,0.6772,71,0.03759760968387127
101,TX,0.06486944278460446,0.6784,0.6784,55,0.03759760968387127
102,CA,0.867021170636523,0.7246,0.7246,871,0.038206690922379494
102,NY,0.06951746665448316,0.6784,0.6784,65,0.038206690922379494
102,TX,0.06346136270899394,0.6742,0.6742,64,0.038206690922379494
103,CA,0.8702558214210077,0.7206,0.7206,872,0.03726845607161522
103,NY,0.06790758116020275,0.6768,0.6768,61,0.03726845607161522
103,TX,0.06183659741878967,0.669,0.669,67,0.03726845607161522
104,CA,0.8733852677785179,0.7106,0.7106,856,0.03835654817521572
104,NY,0.06641688958254051,0.6722,0.6722,86,0.03835654817521572
104,TX,0.06019784263894166,0.6648,0.6648,58,0.03835654817521572
105,CA,0.8761035497208146,0.7176,0.7176,868,0.037251316010951996
105,NY,0.06512801809073002,0.6706,0.6706,70,0.037251316010951996
105,TX,0.05876843218845536,0.6716,0.6716,62,0.037251316010951996
106,CA,0.8790537046881531,0.725,0.725,889,0.038418715819716454
106,NY,0.06355917868555873,0.6804,0.6804,57,0.038418715819716454
106,TX,0.05738711662628814,0.6886,0.6886,54,0.038418715819716454
107,CA,0.8815699508461586,0.7148,0.7148,890,0.03781212866306305
107,NY,0.06209308246525995,0.6772,0.6772,49,0.03781212866306305
107,TX,0.05633696668858135,0.6702,0.6702,61,0.03781212866306305
108,CA,0.8840690020306593,0.7104,0.7104,891,0.03752807155251503
108,NY,0.06090374292428959,0.668,0.668,58,0.03752807155251503
108,TX,0.05502725504505108,0.6668,0.6668,51,0.03752807155251503
109,CA,0.8866513570114851,0.701,0.701,914,0.03899318724870682
109,NY,0.059567457263936016,0.6474,0.6474,40,0.03899318724870682
109,TX,0.05378118572457879,0.6364,0.6364,46,0.03899318724870682
110,CA,0.8901402674451648,0.733,0.733,893,0.038022663444280624
110,NY,0.05791744229014792,0.6948,0.6948,49,0.038022663444280624
110,TX,0.05194229026468722,0.693,0.693,58,0.038022663444280624
111,CA,0.8923493278472737,0.7364,0.7364,885,0.03733734413981438
111,NY,0.056781350847646905,0.6924,0.6924,60,0.03733734413981438
111,TX,0.05086932130507933,0.7008,0.7008,55,0.03733734413981438
112,CA,0.8945694340799042,0.7048,0.7048,900,0.03715299628674984
112,NY,0.05548021225898993,0.658,0.658,47,0.03715299628674984
112,TX,0.049950353661106006,0.6556,0.6556,53,0.03715299628674984
113,CA,0.8972293503459151,0.708,0.708,904,0.036558935418725014
113,NY,0.05411761146731232,0.6658,0.6658,46,0.036558935418725014
113,TX,0.048653038186772586,0.6662,0.6662,50,0.036558935418725014
114,CA,0.899503102597294,0.713,0.713,887,0.03742651268839836
114,NY,0.052914269575620856,0.6694,0.6694,60,0.03742651268839836
114,TX,0.04758262782708513,0.6618,0.6618,53,0.03742651268839836
115,CA,0.9020007403822712,0.7084,0.7084,916,0.03685593977570534
115,NY,0.05171065990958081,0.6694,0.6694,40,0.03685593977570534
115,TX,0.04628859970814808,0.665,0.665,44,0.03685593977570534
116,CA,0.9041312178273324,0.7054,0.7054,891,0.03744957223534584
116,NY,0.05064953904954929,0.6612,0.6612,55,0.03744957223534584
116,TX,0.04521924312311831,0.6562,0.6562,54,0.03744957223534584
117,CA,0.9065037851842921,0.7044,0.7044,907,0.03791951574385166
117,NY,0.049466287595346214,0.6662,0.6662,49,0.03791951574385166
117,TX,0.04402992722036181,0.6704,0.6704,44,0.03791951574385166
118,CA,0.9083085873723511,0.729,0.729,911,0.037731027230620384
118,NY,0.04845389802985112,0.6854,0.6854,47,0.037731027230620384
118,TX,0.043237514597797747,0.693,0.693,42,0.037731027230620384
119,CA,0.9102402237234466,0.7202,0.7202,903,0.037262896075844765
119,NY,0.04733248657142363,0.6772,0.6772,48,0.037262896075844765
119,TX,0.04242728970512975,0.6792,0.6792,49,0.037262896075844765
120,CA,0.9122420524138987,0.7248,0.7248,919,0.0374409519135952
120,NY,0.04625080499189636,0.6744,0.6744,42,0.0374409519135952
120,TX,0.04150714259420494,0.6702,0.6702,39,0.0374409519135952
121,CA,0.9146800664558813,0.7066,0.7066,908,0.037036849185824394
121,NY,0.04501931618529439,0.6634,0.6634,50,0.037036849185824394
121,TX,0.040300617358824356,0.6602,0.6602,42,0.037036849185824394
122,CA,0.9167292421411399,0.71,0.71,923,0.038070881739258766
122,NY,0.04397802482638136,0.6628,0.6628,39,0.038070881739258766
122,TX,0.039292733032478724,0.6586,0.6586,38,0.038070881739258766
123,CA,0.9189300577307508,0.7022,0.7022,918,0.037677427753806114
123,NY,0.04286679341729356,0.6574,0.6574,40,0.037677427753806114
123,TX,0.03820314885195567,0.658,0.658,42,0.037677427753806114
124,CA,0.9208825166752076,0.7218,0.7218,912,0.038681885227561
124,NY,0.04182726971463671,0.6724,0.6724,48,0.038681885227561
124,TX,0.03729021361015573,0.6676,0.6676,40,0.038681885227561
125,CA,0.9230738099998109,0.7012,0.7012,922,0.03823330998420715
125,NY,0.040723882293483615,0.6544,0.6544,38,0.03823330998420715
125,TX,0.03620230770670544,0.6486,0.6486,40,0.03823330998420715
126,CA,0.9251458272612644,0.708,0.708,918,0.036633195355534554
126,NY,0.0396924664295109,0.6748,0.6748,54,0.036633195355534554
126,TX,0.03516170630922464,0.6712,0.6712,28,0.036633195355534554
127,CA,0.9265626547646779,0.713,0.713,931,0.03732215240597725
127,NY,0.038980532680903755,0.6654,0.6654,31,0.03732215240597725
127,TX,0.03445681255441826,0.6608,0.6608,38,0.03732215240597725
128,CA,0.9285433950069704,0.7046,0.7046,940,0.03651174530386925
128,NY,0.03797837514762988,0.6676,0.6676,26,0.03651174530386925
128,TX,0.03347822984539977,0.6624,0.6624,34,0.03651174530386925
129,CA,0.9300809701975342,0.7184,0.7184,930,0.037783388048410416
129,NY,0.037215540942252774,0.6756,0.6756,40,0.037783388048410416
129,TX,0.03270348886021293,0.677,0.677,30,0.037783388048410416
130,CA,0.9316786329248657,0.7094,0.7094,942,0.03678070195019245
130,NY,0.03635095295542234,0.6684,0.6684,39,0.03678070195019245
130,TX,0.031970414119711923,0.6658,0.6658,19,0.03678070195019245
131,CA,0.9332533268266099,0.7052,0.7052,933,0.038030290976166725
131,NY,0.035539040091921596,0.6642,0.6642,37,0.038030290976166725
131,TX,0.03120763308146849,0.6584,0.6584,30,0.038030290976166725
132,CA,0.9348528714227489,0.7034,0.7034,945,0.036291489377617836
132,NY,0.03474398322036328,0.662,0.662,34,0.036291489377617836
132,TX,0.03040314535688778,0.6656,0.6656,21,0.036291489377617836
133,CA,0.9362751697042468,0.7172,0.7172,938,0.03694549947977066
133,NY,0.033951129156567984,0.6782,0.6782,35,0.03694549947977066
133,TX,0.02977370113918503,0.6732,0.6732,27,0.03694549947977066
134,CA,0.9377135961970258,0.7212,0.7212,927,0.03790723532438278
134,NY,0.033231027268390764,0.677,0.677,34,0.03790723532438278
134,TX,0.02905537653458334,0.6772,0.6772,39,0.03790723532438278
135,CA,0.9392126957638693,0.7136,0.7136,934,0.037710387259721756
135,NY,0.03242942388922238,0.6746,0.6746,33,0.037710387259721756
135,TX,0.028357880346908372,0.6704,0.6704,33,0.037710387259721756
136,CA,0.9405793285262899,0.703,0.703,937,0.03689815104007721
136,NY,0.031737472839333605,0.6588,0.6588,29,0.03689815104007721
136,TX,0.027683198634376564,0.6494,0.6494,34,0.03689815104007721
137,CA,0.9421763344233767,0.6976,0.6976,934,0.03744237311184406
137,NY,0.03096624050695109,0.6474,0.6474,42,0.03744237311184406
137,TX,0.026857425069672303,0.6434,0.6434,24,0.03744237311184406
138,CA,0.9438499655083541,0.7184,0.7184,951,0.03783789463341236
138,NY,0.030103913017889044,0.6866,0.6866,27,0.03783789463341236
138,TX,0.02604612147375688,0.684,0.684,22,0.03783789463341236
139,CA,0.944869004867565,0.7162,0.7162,949,0.03693136014044285
139,NY,0.029578723043269257,0.6794,0.6794,28,0.03693136014044285
139,TX,0.025552272089165877,0.6718,0.6718,23,0.03693136014044285
140,CA,0.9460944943124464,0.725,0.725,950,0.03743209317326546
140,NY,0.028982015509728808,0.6784,0.6784,26,0.03743209317326546
140,TX,0.024923490177824803,0.6766,0.6766,24,0.03743209317326546
141,CA,0.9474989122699545,0.725,0.725,942,0.03726745396852493
141,NY,0.028240940829534256,0.6804,0.6804,35,0.03726745396852493
141,TX,0.024260146900511242,0.6774,0.6774,23,0.03726745396852493
142,CA,0.9488269008255988,0.7118,0.7118,960,0.03882797062397003
142,NY,0.02754932759954861,0.6662,0.6662,17,0.03882797062397003
142,TX,0.02362377157485257,0.661,0.661,23,0.03882797062397003
143,CA,0.9501903706832664,0.7228,0.7228,949,0.03693949989974499
143,NY,0.026853985326770465,0.6834,0.6834,26,0.03693949989974499
143,TX,0.022955643989963116,0.6836,0.6836,25,0.03693949989974499
144,CA,0.9512714609182382,0.7132,0.7132,951,0.037584949284791946
144,NY,0.026269696165754027,0.671,0.671,24,0.037584949284791946
144,TX,0.02245884291600782,0.665,0.665,25,0.037584949284791946
145,CA,0.9524896477014693,0.699,0.699,943,0.2137192077934742
145,NY,0.02565542600418031,0.6546,0.6546,31,0.2137192077934742
145,TX,0.021854926294350457,0.6526,0.6526,26,0.2137192077934742
146,CA,0.9536982845781303,0.7078,0.7078,944,0.03615712188184261
146,NY,0.02501667628649452,0.6716,0.6716,29,0.03615712188184261
146,TX,0.021285039135375015,0.6668,0.6668,27,0.03615712188184261
147,CA,0.954692382358774,0.7156,0.7156,948,0.03612928092479706
147,NY,0.024511924931786264,0.683,0.683,30,0.03612928092479706
147,TX,0.02079569270943989,0.6758,0.6758,22,0.03612928092479706
148,CA,0.9555984950011264,0.7276,0.7276,966,0.0373342614620924
148,NY,0.02406896947571615,0.689,0.689,18,0.0373342614620924
148,TX,0.020332535523157457,0.6858,0.6858,16,0.0373342614620924
149,CA,0.9565835181119199,0.6886,0.6886,958,0.03743501380085945
149,NY,0.023555449003253986,0.648,0.648,22,0.03743501380085945
149,TX,0.019861032884826116,0.6412,0.6412,20,0.03743501380085945
150,CA,0.9576598017055626,0.714,0.714,970,0.03722386434674263
150,NY,0.023014957313245453,0.6612,0.6612,15,0.03722386434674263
150,TX,0.019325240981191795,0.6532,0.6532,15,0.03722386434674263
151,CA,0.9589971183741314,0.7296,0.7296,960,0.0379662960767746
151,NY,0.02233712747701747,0.6832,0.6832,19,0.0379662960767746
151,TX,0.018665754148851153,0.6818,0.6818,21,0.0379662960767746
152,CA,0.9600676836330494,0.7352,0.7352,958,0.0371718555688858
152,NY,0.02176215592876393,0.6916,0.6916,24,0.0371718555688858
152,TX,0.01817016043818671,0.6952,0.6952,18,0.0371718555688858
153,CA,0.9609956915724446,0.695,0.695,962,0.03790230676531792
153,NY,0.021235849776572068,0.6554,0.6554,18,0.03790230676531792
153,TX,0.01776845865098333,0.6556,0.6556,20,0.03790230676531792
154,CA,0.9618701802004428,0.7254,0.7254,946,0.037873465567827225
154,NY,0.020758592957617714,0.6916,0.6916,30,0.037873465567827225
154,TX,0.01737122684193944,0.6938,0.6938,24,0.037873465567827225
155,CA,0.9625678500979568,0.7168,0.7168,969,0.03716154582798481
155,NY,0.02036670097194148,0.679,0.679,20,0.03716154582798481
155,TX,0.017065448930101822,0.6742,0.6742,11,0.03716154582798481
156,CA,0.9634078293918569,0.6946,0.6946,957,0.03741445206105709
156,NY,0.01993565447620744,0.658,0.658,25,0.03741445206105709
156,TX,0.01665651613193565,0.6482,0.6482,18,0.03741445206105709
157,CA,0.9642627874229488,0.7032,0.7032,954,0.03752735070884228
157,NY,0.019522393284563535,0.6594,0.6594,29,0.03752735070884228
157,TX,0.01621481929248767,0.656,0.656,17,0.03752735070884228
158,CA,0.9651810583110741,0.7284,0.7284,970,0.03774654679000378
158,NY,0.019038462733579026,0.6888,0.6888,18,0.03774654679000378
158,TX,0.015780478955346896,0.6908,0.6908,12,0.03774654679000378
159,CA,0.9659339934266903,0.7282,0.7282,971,0.038903187960386276
159,NY,0.01861677717757174,0.682,0.682,15,0.038903187960386276
159,TX,0.015449229395738017,0.6756,0.6756,14,0.038903187960386276
160,CA,0.9668698266154013,0.7226,0.7226,970,0.037191117182374
160,NY,0.018136649016975367,0.6764,0.6764,14,0.037191117182374
160,TX,0.014993524367623261,0.677,0.677,16,0.037191117182374
161,CA,0.9677246432503287,0.7078,0.7078,972,0.037536779418587685
161,NY,0.01766583017264103,0.6658,0.6658,17,0.037536779418587685
161,TX,0.0146095265770302,0.6636,0.6636,11,0.037536779418587685
162,CA,0.9685116261162466,0.7138,0.7138,968,0.03731013648211956
162,NY,0.01724538671225984,0.6666,0.6666,17,0.03731013648211956
162,TX,0.014242987171493453,0.6618,0.6618,15,0.03731013648211956
163,CA,0.969390977418002,0.7254,0.7254,971,0.03766464814543724
163,NY,0.01678565571841534,0.6804,0.6804,15,0.03766464814543724
163,TX,0.0138233668635827,0.677,0.677,14,0.03766464814543724
164,CA,0.9701919201975303,0.7062,0.7062,966,0.03736366145312786
164,NY,0.016361377712431634,0.6584,0.6584,19,0.03736366145312786
164,TX,0.013446702090038048,0.6508,0.6508,15,0.03736366145312786
165,CA,0.9710610039458571,0.721,0.721,966,0.036519596353173256
165,NY,0.01591725165762204,0.6762,0.6762,15,0.036519596353173256
165,TX,0.013021744396520896,0.6682,0.6682,19,0.036519596353173256
166,CA,0.9718519485502006,0.712,0.712,971,0.03706107661128044
166,NY,0.015515531038396308,0.671,0.671,14,0.03706107661128044
166,TX,0.012632520411403149,0.6648,0.6648,15,0.03706107661128044
167,CA,0.9725520449889078,0.7286,0.7286,975,0.03828538954257965
167,NY,0.015154865125993915,0.6832,0.6832,12,0.03828538954257965
167,TX,0.01229308988509823,0.6866,0.6866,13,0.03828538954257965
168,CA,0.9732301084988655,0.6988,0.6988,971,0.03687115013599396
168,NY,0.014767125783851722,0.6514,0.6514,19,0.03687115013599396
168,TX,0.012002765717282865,0.6368,0.6368,10,0.03687115013599396
169,CA,0.9740581457856181,0.714,0.714,979,0.03809183090925217
169,NY,0.014367306230221675,0.6678,0.6678,6,0.03809183090925217
169,TX,0.011574547984160258,0.6642,0.6642,15,0.03809183090925217
170,CA,0.974763445736705,0.707,0.707,981,0.0366612933576107
170,NY,0.013990165509176844,0.6664,0.6664,9,0.0366612933576107
170,TX,0.011246388754118151,0.6628,0.6628,10,0.0366612933576107
171,CA,0.9753720339470662,0.715,0.715,967,0.03621608950197697
171,NY,0.013665944511071894,0.675,0.675,18,0.03621608950197697
171,TX,0.010962021541862016,0.6698,0.6698,15,0.03621608950197697
172,CA,0.975965079926943,0.7054,0.7054,974,0.03696584887802601
172,NY,0.013355320652021663,0.6682,0.6682,12,0.03696584887802601
172,TX,0.010679599421035302,0.663,0.663,14,0.03696584887802601
173,CA,0.9765088379674937,0.7088,0.7088,971,0.03763963840901852
173,NY,0.013071278778378602,0.6662,0.6662,12,0.03763963840901852
173,TX,0.010419883254127717,0.668,0.668,17,0.03763963840901852
174,CA,0.9770703147360653,0.7138,0.7138,978,0.03743857331573963
174,NY,0.012752743142877712,0.673,0.673,8,0.03743857331573963
174,TX,0.010176942121057,0.6712,0.6712,14,0.03743857331573963
175,CA,0.9776144255904053,0.73,0.73,978,0.037065766751766205
175,NY,0.012456074513015612,0.6874,0.6874,8,0.037065766751766205
175,TX,0.009929499896578965,0.6866,0.6866,14,0.037065766751766205
176,CA,0.9781581056943225,0.7072,0.7072,980,0.03693784773349762
176,NY,0.012156109290152976,0.6728,0.6728,13,0.03693784773349762
176,TX,0.009685785015524516,0.666,0.666,7,0.03693784773349762
177,CA,0.9786265672742784,0.7166,0.7166,982,0.03675259277224541
177,NY,0.011916868777953957,0.6708,0.6708,8,0.03675259277224541
177,TX,0.009456563947767558,0.673,0.673,10,0.03675259277224541
178,CA,0.9791730804584725,0.7174,0.7174,970,0.037355612963438034
178,NY,0.011605396405873188,0.6744,0.6744,17,0.037355612963438034
178,TX,0.009221523135654261,0.6756,0.6756,13,0.037355612963438034
179,CA,0.9796776319586539,0.7048,0.7048,983,0.0370971467345953
179,NY,0.011320652594266942,0.6616,0.6616,11,0.0370971467345953
179,TX,0.009001715447079138,0.6556,0.6556,6,0.0370971467345953
180,CA,0.9802134700632942,0.7272,0.7272,978,0.0367459412664175
180,NY,0.011039819781005227,0.6888,0.6888,12,0.0367459412664175
180,TX,0.008746710155700691,0.6842,0.6842,10,0.0367459412664175
181,CA,0.9806677145403143,0.719,0.719,980,0.03659307397902012
181,NY,0.010799379085029053,0.671,0.671,12,0.03659307397902012
181,TX,0.008532906374656713,0.6672,0.6672,8,0.03659307397902012
182,CA,0.9812159024247503,0.6982,0.6982,979,0.037024807184934616
182,NY,0.010503693969467464,0.6666,0.6666,13,0.037024807184934616
182,TX,0.008280403605782282,0.6564,0.6564,8,0.037024807184934616
183,CA,0.9816078274133231,0.7036,0.7036,981,0.03644184581935406
183,NY,0.010312359284451572,0.6608,0.6608,14,0.03644184581935406
183,TX,0.008079813302225255,0.6568,0.6568,5,0.03644184581935406
184,CA,0.9820802498885076,0.6924,0.6924,988,0.037115396931767464
184,NY,0.010058117497976264,0.6508,0.6508,8,0.037115396931767464
184,TX,0.00786163261351624,0.6454,0.6454,4,0.037115396931767464
185,CA,0.982537680523946,0.7236,0.7236,983,0.03772362694144249
185,NY,0.009815453854465474,0.6806,0.6806,11,0.03772362694144249
185,TX,0.007646865621588521,0.6858,0.6858,6,0.03772362694144249
186,CA,0.9829432193299201,0.7188,0.7188,985,0.03705216944217682
186,NY,0.009574530256335232,0.6736,0.6736,9,0.03705216944217682
186,TX,0.0074822504137446585,0.6738,0.6738,6,0.03705216944217682
187,CA,0.9833834590936343,0.7104,0.7104,982,0.037948884069919586
187,NY,0.00932692030643968,0.6672,0.6672,7,0.037948884069919586
187,TX,0.007289620599925969,0.6636,0.6636,11,0.037948884069919586
188,CA,0.9838114476744383,0.6972,0.6972,983,0.03616743162274361
188,NY,0.009095304691157588,0.6566,0.6566,7,0.03616743162274361
188,TX,0.007093247634404164,0.6478,0.6478,10,0.03616743162274361
189,CA,0.9842287972210838,0.7324,0.7324,992,0.03689663112163544
189,NY,0.00888149513818195,0.69,0.69,2,0.03689663112163544
189,TX,0.006889707640734211,0.6928,0.6928,6,0.03689663112163544
190,CA,0.9845978837841015,0.6944,0.6944,984,0.03600079379975796
190,NY,0.008667372109630232,0.6694,0.6694,9,0.03600079379975796
190,TX,0.00673474410626827,0.67,0.67,7,0.03600079379975796
191,CA,0.9848193356506939,0.7202,0.7202,993,0.036843059584498405
191,NY,0.008541410162942097,0.681,0.681,5,0.036843059584498405
191,TX,0.006639254186364107,0.6754,0.6754,2,0.036843059584498405
192,CA,0.9851814404384032,0.7214,0.7214,987,0.0376090481877327
192,NY,0.00834983709306266,0.6732,0.6732,6,0.0376090481877327
192,TX,0.006468722468534242,0.6682,0.6682,7,0.0376090481877327
193,CA,0.9856089144856391,0.7034,0.7034,989,0.0378342866897583
193,NY,0.0081195593542319,0.663,0.663,4,0.0378342866897583
193,TX,0.00627152616012893,0.651,0.651,7,0.0378342866897583
194,CA,0.9859890117844758,0.7336,0.7336,984,0.03596007451415062
194,NY,0.007930042581499907,0.6908,0.6908,9,0.03596007451415062
194,TX,0.0060809456340242315,0.6882,0.6882,7,0.03596007451415062
195,CA,0.9863391922124822,0.7054,0.7054,987,0.036027783527970314
195,NY,0.00773700852367444,0.663,0.663,7,0.036027783527970314
195,TX,0.00592379926384332,0.6556,0.6556,6,0.036027783527970314
196,CA,0.9866996751134263,0.702,0.702,982,0.03616307117044926
196,NY,0.007547406836896219,0.6516,0.6516,8,0.03616307117044926
196,TX,0.0057529180496774125,0.6464,0.6464,10,0.03616307117044926
197,CA,0.9871057987113859,0.7144,0.7144,990,0.03708641603589058
197,NY,0.007326925865451351,0.6676,0.6676,5,0.03708641603589058
197,TX,0.005567275423162687,0.657,0.657,5,0.03708641603589058
198,CA,0.9874873739585721,0.7264,0.7264,982,0.037139786407351494
198,NY,0.007129669100690191,0.6798,0.6798,11,0.037139786407351494
198,TX,0.005382956940737729,0.6838,0.6838,7,0.037139786407351494
199,CA,0.9878086844501841,0.7112,0.7112,985,0.03653055615723133
199,NY,0.006939478142211742,0.667,0.667,12,0.03653055615723133
199,TX,0.005251837407604109,0.6692,0.6692,3,0.03653055615723133
200,CA,0.9881131691124424,0.7398,0.7398,979,0.0362778902053833
200,NY,0.0067623164134797305,0.6958,0.6958,12,0.0362778902053833
200,TX,0.0051245144740778925,0.693,0.693,9,0.0362778902053833
201,CA,0.9884184603165292,0.7232,0.7232,989,0.03768414817750454
201,NY,0.006593332122993692,0.6866,0.6866,7,0.03768414817750454
201,TX,0.004988207560477058,0.694,0.694,4,0.03768414817750454
202,CA,0.988640475058137,0.7142,0.7142,984,0.036469295620918274
202,NY,0.006454742200942747,0.6706,0.6706,10,0.036469295620918274
202,TX,0.004904782740920273,0.6636,0.6636,6,0.036469295620918274
203,CA,0.9889460137809485,0.7318,0.7318,986,0.036787763237953186
203,NY,0.006292512478513498,0.6824,0.6824,7,0.036787763237953186
203,TX,0.00476147374053794,0.6842,0.6842,7,0.036787763237953186
204,CA,0.9892530468212988,0.717,0.717,990,0.03679889068007469
204,NY,0.006114914965824651,0.6752,0.6752,5,0.03679889068007469
204,TX,0.004632038212876573,0.6702,0.6702,5,0.03679889068007469
205,CA,0.9895252860518606,0.7016,0.7016,991,0.03611845336854458
205,NY,0.005967690498135705,0.664,0.664,4,0.03611845336854458
205,TX,0.004507023450003711,0.6566,0.6566,5,0.03611845336854458
206,CA,0.9897737772149724,0.7242,0.7242,989,0.03737684153020382
206,NY,0.005837288837446446,0.6812,0.6812,6,0.03737684153020382
206,TX,0.004388933947581211,0.6812,0.6812,5,0.03737684153020382
207,CA,0.990026266400693,0.7186,0.7186,985,0.040131980553269386
207,NY,0.005693164038254647,0.6778,0.6778,8,0.040131980553269386
207,TX,0.0042805695610524256,0.6782,0.6782,7,0.040131980553269386
208,CA,0.9902597524927969,0.7314,0.7314,988,0.03808191418647766
208,NY,0.005559317670444288,0.687,0.687,4,0.03808191418647766
208,TX,0.004180929836758793,0.693,0.693,8,0.03808191418647766
209,CA,0.990492805719137,0.7274,0.7274,996,0.038348058238625526
209,NY,0.005418029406549728,0.682,0.682,2,0.038348058238625526
209,TX,0.00408916487431332,0.6842,0.6842,2,0.038348058238625526
210,CA,0.9907352017314651,0.7254,0.7254,987,0.036922940984368324
210,NY,0.005276922339886542,0.683,0.683,9,0.036922940984368324
210,TX,0.003987875928648362,0.683,0.683,4,0.036922940984368324
211,CA,0.9909608170133789,0.7172,0.7172,993,0.037289224565029144
211,NY,0.005148419345342781,0.6678,0.6678,4,0.037289224565029144
211,TX,0.0038907636412783505,0.6672,0.6672,3,0.037289224565029144
212,CA,0.9912199184469097,0.7276,0.7276,986,0.03718877583742142
212,NY,0.005001618251243829,0.6838,0.6838,9,0.03718877583742142
212,TX,0.003778463301846501,0.6846,0.6846,5,0.03718877583742142
213,CA,0.991438880215048,0.7214,0.7214,995,0.036788539960980415
213,NY,0.004875888620861179,0.68,0.68,3,0.036788539960980415
213,TX,0.003685231164090746,0.6762,0.6762,2,0.036788539960980415
214,CA,0.9916511250309753,0.714,0.714,989,0.036826202645897865
214,NY,0.004759641279105565,0.6696,0.6696,7,0.036826202645897865
214,TX,0.0035892336899190987,0.671,0.671,4,0.036826202645897865
215,CA,0.9918627292348003,0.7292,0.7292,991,0.03765524923801422
215,NY,0.004637335350868712,0.685,0.685,5,0.03765524923801422
215,TX,0.003499935414330918,0.6944,0.6944,4,0.03765524923801422
216,CA,0.9920501975635557,0.6828,0.6828,994,0.036083003506064415
216,NY,0.004519654721625338,0.6466,0.6466,4,0.036083003506064415
216,TX,0.0034301477148188635,0.6372,0.6372,2,0.036083003506064415
217,CA,0.9922388964463437,0.7234,0.7234,994,0.036691173911094666
217,NY,0.004423270161119524,0.6836,0.6836,4,0.036691173911094666
217,TX,0.003337833392536755,0.68,0.68,2,0.036691173911094666
218,CA,0.9924236920961698,0.7172,0.7172,995,0.03643771633505821
218,NY,0.004321924442332323,0.6812,0.6812,2,0.03643771633505821
218,TX,0.0032543834614979124,0.6846,0.6846,3,0.03643771633505821
219,CA,0.9925749494787437,0.7164,0.7164,991,0.03594171442091465
219,NY,0.004231962963979995,0.6696,0.6696,3,0.03594171442091465
219,TX,0.003193087557276238,0.662,0.662,6,0.03594171442091465
220,CA,0.9927899806103266,0.7102,0.7102,993,0.0372538436204195
220,NY,0.004117464502775509,0.6648,0.6648,3,0.0372538436204195
220,TX,0.0030925548868979266,0.6576,0.6576,4,0.0372538436204195
221,CA,0.9929929695055896,0.705,0.705,992,0.03643784672021866
221,NY,0.004008979329030206,0.6604,0.6604,7,0.03643784672021866
221,TX,0.002998051165380286,0.6586,0.6586,1,0.03643784672021866
222,CA,0.9931781550299638,0.709,0.709,993,0.03660450503230095
222,NY,0.003904839100013883,0.6596,0.6596,4,0.03660450503230095
222,TX,0.002917005870022286,0.6552,0.6552,3,0.03660450503230095
223,CA,0.9933815011924285,0.712,0.712,991,0.03657769411802292
223,NY,0.0037927430080261374,0.6662,0.6662,6,0.03657769411802292
223,TX,0.0028257557995453476,0.6632,0.6632,3,0.03657769411802292
224,CA,0.9935623414432038,0.7138,0.7138,994,0.03734596446156502
224,NY,0.0036919502501939773,0.6724,0.6724,5,0.03734596446156502
224,TX,0.0027457083066021915,0.6706,0.6706,1,0.03734596446156502
225,CA,0.9937197439945503,0.7194,0.7194,996,0.0397203266620636
225,NY,0.00360333514097758,0.6802,0.6802,2,0.0397203266620636
225,TX,0.002676920864472186,0.685,0.685,2,0.0397203266620636
226,CA,0.9938546182945784,0.7172,0.7172,988,0.037228645756840706
226,NY,0.003521661880445591,0.6678,0.6678,9,0.037228645756840706
226,TX,0.002623719824976002,0.6634,0.6634,3,0.037228645756840706
227,CA,0.9940370356816337,0.7242,0.7242,992,0.03736848197877407
227,NY,0.003420979341082872,0.6794,0.6794,6,0.03736848197877407
227,TX,0.0025419849772834323,0.6812,0.6812,2,0.03736848197877407
228,CA,0.9941884330329241,0.715,0.715,996,0.03738462179899216
228,NY,0.0033325993098908984,0.6762,0.6762,2,0.03738462179899216
228,TX,0.002478967657184937,0.6776,0.6776,2,0.03738462179899216
229,CA,0.99431715405224,0.7266,0.7266,994,0.220600763335824
229,NY,0.0032576246153554187,0.6842,0.6842,4,0.220600763335824
229,TX,0.0024252213324046754,0.6818,0.6818,2,0.220600763335824
230,CA,0.9944592865089686,0.7226,0.7226,988,0.039183665066957474
230,NY,0.0031780815721875735,0.6816,0.6816,7,0.039183665066957474
230,TX,0.0023626319188438318,0.6794,0.6794,5,0.039183665066957474
231,CA,0.9945934504120286,0.7118,0.7118,997,0.03181501664221287
231,NY,0.0031028578739700128,0.6706,0.6706,3,0.03181501664221287
231,TX,0.002303691714001342,0.666,0.666,0,0.03181501664221287
232,CA,0.9947290485339587,0.6986,0.6986,997,0.035887205973267555
232,NY,0.0030285904172287145,0.6514,0.6514,1,0.035887205973267555
232,TX,0.002242361048812522,0.6468,0.6468,2,0.035887205973267555
233,CA,0.9948808072575445,0.708,0.708,995,0.0367843322455883
233,NY,0.002944882400296531,0.6716,0.6716,4,0.0367843322455883
233,TX,0.0021743103421590208,0.668,0.668,1,0.0367843322455883
234,CA,0.9949939185699475,0.6942,0.6942,997,0.03681883029639721
234,NY,0.0028824502895562847,0.6512,0.6512,1,0.03681883029639721
234,TX,0.002123631140496392,0.645,0.645,2,0.03681883029639721
235,CA,0.9951280911198769,0.7266,0.7266,992,0.036464815959334373
235,NY,0.002809670479025167,0.6974,0.6974,3,0.036464815959334373
235,TX,0.0020622384010979124,0.6994,0.6994,5,0.036464815959334373
236,CA,0.9952077119229152,0.706,0.706,995,0.0363297276198864
236,NY,0.0027623747552758342,0.6618,0.6618,1,0.0363297276198864
236,TX,0.0020299133218089583,0.6496,0.6496,4,0.0363297276198864
237,CA,0.9953457441343525,0.724,0.724,996,0.03688747063279152
237,NY,0.0026911788149879367,0.6804,0.6804,1,0.03688747063279152
237,TX,0.0019630770506596064,0.686,0.686,3,0.03688747063279152
238,CA,0.995456567970077,0.708,0.708,995,0.036206791177392006
238,NY,0.0026234109037459228,0.6666,0.6666,3,0.036206791177392006
238,TX,0.0019200211261771864,0.6664,0.6664,2,0.036206791177392006
239,CA,0.9955664312264904,0.7252,0.7252,998,0.03687386028468609
239,NY,0.002560104886477314,0.6826,0.6826,1,0.03687386028468609
239,TX,0.0018734638870322746,0.6808,0.6808,1,0.03687386028468609
240,CA,0.9956773814205334,0.7188,0.7188,993,0.03587323613464832
240,NY,0.0024971670200731057,0.6692,0.6692,3,0.03587323613464832
240,TX,0.0018254515593935856,0.6662,0.6662,4,0.03587323613464832
241,CA,0.9958047701780885,0.7108,0.7108,995,0.03912161476910114
241,NY,0.0024254156888700233,0.6638,0.6638,2,0.03912161476910114
241,TX,0.0017698141330414253,0.6614,0.6614,3,0.03912161476910114
242,CA,0.9959220264070014,0.725,0.725,995,0.03670729510486126
242,NY,0.0023590611369839268,0.6812,0.6812,3,0.03670729510486126
242,TX,0.0017189124560146188,0.6848,0.6848,2,0.03670729510486126
243,CA,0.9960215865067102,0.7108,0.7108,998,0.030279001221060753
243,NY,0.002299391339717355,0.677,0.677,0,0.030279001221060753
243,TX,0.0016790221535724532,0.684,0.684,2,0.030279001221060753
244,CA,0.9960930371551644,0.6828,0.6828,992,0.036737510934472084
244,NY,0.0022541243258002402,0.6522,0.6522,5,0.036737510934472084
244,TX,0.0016528385190354372,0.646,0.646,3,0.036737510934472084
245,CA,0.9961698754658196,0.6968,0.6968,995,0.036586035043001175
245,NY,0.0022133060967931078,0.6544,0.6544,3,0.036586035043001175
245,TX,0.001616818437387465,0.6526,0.6526,2,0.036586035043001175
246,CA,0.9962669349009786,0.712,0.712,997,0.037354353815317154
246,NY,0.0021582097919112565,0.6804,0.6804,2,0.037354353815317154
246,TX,0.0015748553071100652,0.6794,0.6794,1,0.037354353815317154
247,CA,0.9963365036972063,0.7132,0.7132,997,0.034430138766765594
247,NY,0.002118521601513266,0.6706,0.6706,3,0.034430138766765594
247,TX,0.0015449747012804649,0.6676,0.6676,0,0.034430138766765594
248,CA,0.9964299698209684,0.7224,0.7224,993,0.037170736119151115
248,NY,0.002066036772893919,0.6838,0.6838,5,0.037170736119151115
248,TX,0.001503993406137661,0.6802,0.6802,2,0.037170736119151115
249,CA,0.996512829851878,0.7144,0.7144,993,0.03582141734659672
249,NY,0.00201990362507511,0.6754,0.6754,3,0.03582141734659672
249,TX,0.0014672665230470124,0.6738,0.6738,4,0.03582141734659672
250,CA,0.9965932521267101,0.706,0.706,999,0.031124629080295563
250,NY,0.0019741131863074343,0.668,0.668,1,0.031124629080295563
250,TX,0.0014326346869824927,0.6662,0.6662,0,0.031124629080295563
251,CA,0.996670389017623,0.719,0.719,997,0.03625565022230148
251,NY,0.0019302905398500623,0.6746,0.6746,2,0.03625565022230148
251,TX,0.0013993204425269746,0.6762,0.6762,1,0.03625565022230148
252,CA,0.9967548121293954,0.7082,0.7082,995,0.03660266473889351
252,NY,0.0018805924051289423,0.6598,0.6598,2,0.03660266473889351
252,TX,0.0013645954654755864,0.6528,0.6528,3,0.03660266473889351
253,CA,0.996852045914322,0.7046,0.7046,996,0.03642846830189228
253,NY,0.0018274861072579644,0.6598,0.6598,2,0.03642846830189228
253,TX,0.001320467978420001,0.65,0.65,2,0.03642846830189228
254,CA,0.9969420952554622,0.7152,0.7152,997,0.03703811950981617
254,NY,0.0017796171809096254,0.671,0.671,1,0.03703811950981617
254,TX,0.0012782875636280751,0.6644,0.6644,2,0.03703811950981617
255,CA,0.997025565970562,0.7204,0.7204,994,0.037271684035658836
255,NY,0.0017339023384398992,0.6778,0.6778,2,0.037271684035658836
255,TX,0.00124053169099812,0.6742,0.6742,4,0.037271684035658836
256,CA,0.9971015928247542,0.7116,0.7116,998,0.030692534521222115
256,NY,0.001691096940319641,0.6728,0.6728,2,0.030692534521222115
256,TX,0.0012073102349260602,0.6704,0.6704,0,0.030692534521222115
257,CA,0.9971687984496695,0.714,0.714,995,0.03645137697458267
257,NY,0.0016528731188206016,0.6718,0.6718,1,0.03645137697458267
257,TX,0.0011783284315097938,0.6664,0.6664,4,0.03645137697458267
258,CA,0.9972420146777714,0.7082,0.7082,998,0.03664729371666908
258,NY,0.0016122964824480815,0.6682,0.6682,1,0.03664729371666908
258,TX,0.0011456888397804548,0.6624,0.6624,1,0.03664729371666908
259,CA,0.9973103028227904,0.7296,0.7296,999,0.03144500218331814
259,NY,0.0015746500234328179,0.6884,0.6884,0,0.03144500218331814
259,TX,0.0011150471537767473,0.6878,0.6878,1,0.03144500218331814
260,CA,0.9973745904380682,0.7116,0.7116,996,0.03671153448522091
260,NY,0.0015372401006521143,0.661,0.661,2,0.03671153448522091
260,TX,0.001088169461279647,0.6662,0.6662,2,0.03671153448522091
261,CA,0.9974487098299082,0.706,0.706,997,0.03588746674358845
261,NY,0.001491905561192897,0.664,0.664,2,0.03588746674358845
261,TX,0.0010593846088989506,0.6564,0.6564,1,0.03588746674358845
262,CA,0.9975160716985743,0.7202,0.7202,998,0.03133014403283596
262,NY,0.0014552746245489693,0.6748,0.6748,0,0.03133014403283596
262,TX,0.0010286536768768207,0.6694,0.6694,2,0.03133014403283596
263,CA,0.9975846912097629,0.7244,0.7244,997,0.03676028177142143
263,NY,0.001416964076023028,0.6838,0.6838,1,0.03676028177142143
263,TX,0.0009983447142140973,0.6826,0.6826,2,0.03676028177142143
264,CA,0.9976421172757344,0.719,0.719,996,0.03677501156926155
264,NY,0.001383682124143649,0.6854,0.6854,2,0.03677501156926155
264,TX,0.0009742006001219812,0.69,0.69,2,0.03677501156926155
265,CA,0.997685497463442,0.7118,0.7118,996,0.03589441627264023
265,NY,0.0013566953206738215,0.6698,0.6698,1,0.03589441627264023
265,TX,0.0009578072158842421,0.6606,0.6606,3,0.03589441627264023
266,CA,0.9977472932917248,0.716,0.716,992,0.036672912538051605
266,NY,0.0013234899895458296,0.6766,0.6766,7,0.036672912538051605
266,TX,0.0009292167187292781,0.6768,0.6768,1,0.036672912538051605
267,CA,0.9977987943630627,0.7178,0.7178,998,0.030807051807641983
267,NY,0.0012931689122837287,0.6772,0.6772,0,0.030807051807641983
267,TX,0.0009080367246534146,0.6766,0.6766,2,0.030807051807641983
268,CA,0.9978510242782939,0.7156,0.7156,995,0.03681568242609501
268,NY,0.001262671109094824,0.6778,0.6778,3,0.03681568242609501
268,TX,0.0008863046126113611,0.6712,0.6712,2,0.03681568242609501
269,CA,0.9979016760437406,0.7342,0.7342,999,0.031555620953440666
269,NY,0.001234913222304226,0.6878,0.6878,0,0.031555620953440666
269,TX,0.0008634107339552384,0.6926,0.6926,1,0.031555620953440666
270,CA,0.9979553187950039,0.6848,0.6848,999,0.030343610793352127
270,NY,0.0012019366731459208,0.6398,0.6398,0,0.030343610793352127
270,TX,0.0008427445318501108,0.6364,0.6364,1,0.030343610793352127
271,CA,0.9980115197248515,0.7104,0.7104,998,0.035493701696395874
271,NY,0.0011698995441577782,0.6682,0.6682,1,0.035493701696395874
271,TX,0.0008185807309907374,0.6656,0.6656,1,0.035493701696395874
272,CA,0.9980617275150331,0.699,0.699,998,0.03125315345823765
272,NY,0.0011410924939469875,0.6552,0.6552,2,0.03125315345823765
272,TX,0.0007971799910199184,0.6456,0.6456,0,0.03125315345823765
273,CA,0.9981160976792383,0.6896,0.6896,996,0.03854764625430107
273,NY,0.0011117358365586264,0.6462,0.6462,3,0.03854764625430107
273,TX,0.0007721664842031874,0.6422,0.6422,1,0.03854764625430107
274,CA,0.9981662245913863,0.6898,0.6898,998,0.03332825377583504
274,NY,0.0010832335739467546,0.6558,0.6558,2,0.03332825377583504
274,TX,0.0007505418346668758,0.6524,0.6524,0,0.03332825377583504
275,CA,0.9982045626680095,0.7226,0.7226,1000,0.02441509999334812
275,NY,0.0010614788980591336,0.68,0.68,0,0.02441509999334812
275,TX,0.0007339584339313525,0.6834,0.6834,0,0.02441509999334812
276,CA,0.9982474400042759,0.725,0.725,1000,0.023922616615891457
276,NY,0.0010352729297347838,0.6786,0.6786,0,0.023922616615891457
276,TX,0.0007172870659893105,0.6752,0.6752,0,0.023922616615891457
277,CA,0.998295912369264,0.7066,0.7066,999,0.031330594792962074
277,NY,0.0010074745063530708,0.6676,0.6676,0,0.031330594792962074
277,TX,0.0006966131243830343,0.6648,0.6648,1,0.031330594792962074
278,CA,0.9983359311759601,0.719,0.719,998,0.0377401877194643
278,NY,0.0009844907041713456,0.6826,0.6826,1,0.0377401877194643
278,TX,0.0006795781198684163,0.6762,0.6762,1,0.0377401877194643
279,CA,0.9983736367136986,0.7038,0.7038,999,0.030175821855664253
279,NY,0.0009636804085660022,0.6632,0.6632,1,0.030175821855664253
279,TX,0.000662682877735334,0.656,0.656,0,0.030175821855664253
280,CA,0.9984151260049442,0.7008,0.7008,1000,0.02366486005485058
280,NY,0.0009407558766348603,0.6506,0.6506,0,0.02366486005485058
280,TX,0.0006441181184209947,0.6478,0.6478,0,0.02366486005485058
281,CA,0.9984628912563859,0.7114,0.7114,1000,0.02407313510775566
281,NY,0.0009130326541332322,0.6686,0.6686,0,0.02407313510775566
281,TX,0.0006240760894809337,0.664,0.664,0,0.02407313510775566
282,CA,0.9985029498156142,0.7202,0.7202,998,0.036245329305529594
282,NY,0.0008902345502538684,0.677,0.677,1,0.036245329305529594
282,TX,0.0006068156341319794,0.6664,0.6664,1,0.036245329305529594
283,CA,0.9985442248423936,0.6926,0.6926,998,0.03012414276599884
283,NY,0.0008679136458631688,0.6608,0.6608,2,0.03012414276599884
283,TX,0.0005878615117432839,0.6594,0.6594,0,0.03012414276599884
284,CA,0.9985720219442353,0.7152,0.7152,1000,0.025008801370859146
284,NY,0.0008516312826821724,0.675,0.675,0,0.025008801370859146
284,TX,0.0005763467730825494,0.6724,0.6724,0,0.025008801370859146
285,CA,0.9986063159781531,0.6984,0.6984,999,0.0313107930123806
285,NY,0.0008316997366398927,0.659,0.659,0,0.0313107930123806
285,TX,0.0005619842852069355,0.643,0.643,1,0.0313107930123806
286,CA,0.9986438903067467,0.6956,0.6956,1000,0.02474825456738472
286,NY,0.000812436281276041,0.6478,0.6478,0,0.02474825456738472
286,TX,0.000543673411977239,0.6344,0.6344,0,0.02474825456738472
287,CA,0.998686360549792,0.7282,0.7282,994,0.03593328595161438
287,NY,0.000789566783315384,0.6852,0.6852,4,0.03593328595161438
287,TX,0.0005240726668927512,0.683,0.683,2,0.03593328595161438
288,CA,0.9987196701544152,0.7128,0.7128,999,0.030605286359786987
288,NY,0.0007699469520696246,0.668,0.668,1,0.030605286359786987
288,TX,0.000510382893515189,0.6642,0.6642,0,0.030605286359786987
289,CA,0.9987542476656054,0.6842,0.6842,999,0.031113969162106514
289,NY,0.000749834177891893,0.641,0.641,1,0.031113969162106514
289,TX,0.0004959181565027518,0.6344,0.6344,0,0.031113969162106514
290,CA,0.9987881037242995,0.7106,0.7106,999,0.03066629357635975
290,NY,0.0007306255771368102,0.6634,0.6634,1,0.03066629357635975
290,TX,0.00048127069856361825,0.654,0.654,0,0.03066629357635975
291,CA,0.9988241453872401,0.712,0.712,1000,0.02501465007662773
291,NY,0.0007104913132260803,0.665,0.665,0,0.02501465007662773
291,TX,0.0004653632995339261,0.654,0.654,0,0.02501465007662773
292,CA,0.998859376279463,0.7198,0.7198,998,0.03643539734184742
292,NY,0.0006910103753531712,0.679,0.679,1,0.03643539734184742
292,TX,0.00044961334518380766,0.6732,0.6732,1,0.03643539734184742
293,CA,0.9988879206170781,0.726,0.726,1000,0.024302491918206215
293,NY,0.0006746363387366422,0.6856,0.6856,0,0.024302491918206215
293,TX,0.00043744304418520577,0.6832,0.6832,0,0.024302491918206215
294,CA,0.998914530097253,0.7192,0.7192,999,0.030829202383756638
294,NY,0.0006588628654031897,0.6832,0.6832,1,0.030829202383756638
294,TX,0.00042660703734391834,0.6756,0.6756,0,0.030829202383756638
295,CA,0.9989391195775031,0.6786,0.6786,1000,0.023664912208914757
295,NY,0.000645082174478269,0.6376,0.6376,0,0.023664912208914757
295,TX,0.0004157982480185982,0.6222,0.6222,0,0.023664912208914757
296,CA,0.9989688157140899,0.7166,0.7166,999,0.03181100822985172
296,NY,0.0006293446758258381,0.6736,0.6736,0,0.03181100822985172
296,TX,0.00040183961008419424,0.671,0.671,1,0.03181100822985172
297,CA,0.9989952284514853,0.7156,0.7156,997,0.036757491528987885
297,NY,0.0006135961190469357,0.6726,0.6726,1,0.036757491528987885
297,TX,0.00039117542946768354,0.6708,0.6708,2,0.036757491528987885
298,CA,0.9990207975213568,0.7128,0.7128,1000,0.02458471804857254
298,NY,0.0005982321850488557,0.6608,0.6608,0,0.02458471804857254
298,TX,0.0003809702935944318,0.6568,0.6568,0,0.02458471804857254
299,CA,0.9990513864181814,0.7258,0.7258,999,0.030751382932066917
299,NY,0.0005800878293630079,0.6888,0.6888,1,0.030751382932066917
299,TX,0.00036852575245556045,0.68,0.68,0,0.030751382932066917
300,CA,0.9990735826220897,0.7114,0.7114,1000,0.025329506024718285
300,NY,0.0005676637451835748,0.6582,0.6582,0,0.025329506024718285
300,TX,0.0003587536327268275,0.6516,0.6516,0,0.025329506024718285
301,CA,0.9991037373981027,0.7022,0.7022,1000,0.02490353211760521
301,NY,0.0005500341435521744,0.6628,0.6628,0,0.02490353211760521
301,TX,0.0003462284583452041,0.6628,0.6628,0,0.02490353211760521
302,CA,0.9991244645917078,0.7222,0.7222,1000,0.02588626742362976
302,NY,0.0005373139160666622,0.6822,0.6822,0,0.02588626742362976
302,TX,0.0003382214922254883,0.686,0.686,0,0.02588626742362976
303,CA,0.9991440368235845,0.7044,0.7044,1000,0.02366357110440731
303,NY,0.0005248444871981357,0.6688,0.6688,0,0.02366357110440731
303,TX,0.000331118689217342,0.6716,0.6716,0,0.02366357110440731
304,CA,0.9991613569238599,0.7104,0.7104,998,0.031211066991090775
304,NY,0.0005138909077820182,0.6686,0.6686,0,0.031211066991090775
304,TX,0.000324752168358031,0.6618,0.6618,2,0.031211066991090775
305,CA,0.9991831256070046,0.7088,0.7088,998,0.03577691875398159
305,NY,0.0005013429902755996,0.6644,0.6644,1,0.03577691875398159
305,TX,0.0003155314027197615,0.6598,0.6598,1,0.03577691875398159
306,CA,0.999205182422578,0.7172,0.7172,999,0.03123735450208187
306,NY,0.0004883273016423719,0.6748,0.6748,1,0.03123735450208187
306,TX,0.0003064902757795209,0.666,0.666,0,0.03123735450208187
307,CA,0.9992263617967372,0.7058,0.7058,1000,0.024744603782892227
307,NY,0.00047627993252515516,0.6662,0.6662,0,0.024744603782892227
307,TX,0.0002973582707375795,0.6654,0.6654,0,0.024744603782892227
308,CA,0.9992444475234163,0.7194,0.7194,999,0.031385863199830055
308,NY,0.0004652315553485728,0.682,0.682,0,0.031385863199830055
308,TX,0.00029032092123503297,0.6762,0.6762,1,0.031385863199830055
309,CA,0.9992618486066954,0.7122,0.7122,1000,0.024561086669564247
309,NY,0.00045511986918621083,0.6678,0.6678,0,0.024561086669564247
309,TX,0.0002830315241184863,0.6656,0.6656,0,0.024561086669564247
310,CA,0.9992813396652225,0.7238,0.7238,1000,0.023593442514538765
310,NY,0.00044332655263661704,0.6816,0.6816,0,0.023593442514538765
310,TX,0.00027533378214082504,0.681,0.681,0,0.023593442514538765
311,CA,0.9992990164789713,0.7204,0.7204,1000,0.026075424626469612
311,NY,0.0004324812150012456,0.6764,0.6764,0,0.026075424626469612
311,TX,0.0002685023060273648,0.67,0.67,0,0.026075424626469612
312,CA,0.999317930382915,0.7008,0.7008,999,0.031632279977202415
312,NY,0.0004214282906564244,0.6612,0.6612,1,0.031632279977202415
312,TX,0.0002606413264285568,0.6528,0.6528,0,0.031632279977202415
313,CA,0.9993350869733163,0.7036,0.7036,1000,0.023745959624648094
313,NY,0.0004116231747207904,0.664,0.664,0,0.023745959624648094
313,TX,0.00025328985196297767,0.663,0.663,0,0.023745959624648094
314,CA,0.9993506813524674,0.724,0.724,998,0.0367736741900444
314,NY,0.0004020613119695222,0.6758,0.6758,1,0.0367736741900444
314,TX,0.00024725733556309627,0.6704,0.6704,1,0.0367736741900444
315,CA,0.9993695976963858,0.7138,0.7138,998,0.031277965754270554
315,NY,0.00039082778435438386,0.668,0.668,0,0.031277965754270554
315,TX,0.0002395745192597342,0.6648,0.6648,2,0.031277965754270554
316,CA,0.9993868814469444,0.7166,0.7166,1000,0.0236958097666502
316,NY,0.00038038978801515456,0.676,0.676,0,0.0236958097666502
316,TX,0.0002327287650404712,0.674,0.674,0,0.0236958097666502
317,CA,0.9994016448732826,0.7226,0.7226,1000,0.024599947035312653
317,NY,0.0003713985218824455,0.6796,0.6796,0,0.024599947035312653
317,TX,0.00022695660483478913,0.6806,0.6806,0,0.024599947035312653
318,CA,0.9994164407816385,0.7312,0.7312,1000,0.02357454225420952
318,NY,0.0003621329342746422,0.6888,0.6888,0,0.02357454225420952
318,TX,0.00022142628408680876,0.6894,0.6894,0,0.02357454225420952
319,CA,0.9994306482927935,0.7222,0.7222,999,0.032003844156861305
319,NY,0.0003532687115096275,0.6776,0.6776,0,0.032003844156861305
319,TX,0.00021608299569702083,0.6794,0.6794,1,0.032003844156861305
320,CA,0.9994451589555664,0.7134,0.7134,999,0.03093677945435047
320,NY,0.0003441250696660386,0.6652,0.6652,1,0.03093677945435047
320,TX,0.00021071597476752122,0.6644,0.6644,0,0.03093677945435047
321,CA,0.999460857217361,0.705,0.705,999,0.030147342011332512
321,NY,0.00033444967123130286,0.6736,0.6736,0,0.030147342011332512
321,TX,0.00020469311140765948,0.6718,0.6718,1,0.030147342011332512
322,CA,0.9994709970299887,0.721,0.721,1000,0.02443739026784897
322,NY,0.00032829363544987486,0.6772,0.6772,0,0.02443739026784897
322,TX,0.00020070933456144087,0.6688,0.6688,0,0.02443739026784897
323,CA,0.9994854325315919,0.6988,0.6988,1000,0.024631595239043236
323,NY,0.00031994307842765255,0.6602,0.6602,0,0.024631595239043236
323,TX,0.0001946243899803128,0.646,0.646,0,0.024631595239043236
324,CA,0.9994987446514587,0.7186,0.7186,999,0.03099803999066353
324,NY,0.0003126775214492596,0.6784,0.6784,0,0.03099803999066353
324,TX,0.00018857782709204732,0.678,0.678,1,0.03099803999066353
325,CA,0.9995105077119277,0.716,0.716,999,0.031074557453393936
325,NY,0.0003053672339848697,0.6726,0.6726,1,0.031074557453393936
325,TX,0.00018412505408744128,0.6692,0.6692,0,0.031074557453393936
326,CA,0.9995232463855228,0.711,0.711,999,0.030728153884410858
326,NY,0.0002976478701160727,0.6684,0.6684,1,0.030728153884410858
326,TX,0.00017910574436112015,0.6632,0.6632,0,0.030728153884410858
327,CA,0.9995356550299827,0.7272,0.7272,1000,0.024544887244701385
327,NY,0.0002902407197664599,0.6762,0.6762,0,0.024544887244701385
327,TX,0.00017410425025082973,0.6756,0.6756,0,0.024544887244701385
328,CA,0.9995494202792338,0.7074,0.7074,1000,0.023653900250792503
328,NY,0.0002816744988408692,0.6694,0.6694,0,0.023653900250792503
328,TX,0.00016890522192529022,0.6572,0.6572,0,0.023653900250792503
329,CA,0.9995606503631017,0.6934,0.6934,999,0.03518647700548172
329,NY,0.0002754086279949782,0.6506,0.6506,1,0.03518647700548172
329,TX,0.00016394100890322822,0.6418,0.6418,0,0.03518647700548172
330,CA,0.9995726015806924,0.72,0.72,1000,0.025139588862657547
330,NY,0.0002684509960164805,0.6746,0.6746,0,0.025139588862657547
330,TX,0.00015894742329113987,0.6772,0.6772,0,0.025139588862657547
331,CA,0.9995836380446239,0.7376,0.7376,1000,0.02587791718542576
331,NY,0.0002613680241112293,0.6924,0.6924,0,0.02587791718542576
331,TX,0.00015499393126483478,0.6894,0.6894,0,0.02587791718542576
332,CA,0.99959473192513,0.6926,0.6926,999,0.03172953799366951
332,NY,0.0002545719114345117,0.6622,0.6622,1,0.03172953799366951
332,TX,0.00015069616343538875,0.6564,0.6564,0,0.03172953799366951
333,CA,0.999602524045449,0.7224,0.7224,1000,0.02498745173215866
333,NY,0.00025000161275820065,0.6786,0.6786,0,0.02498745173215866
333,TX,0.00014747434179277697,0.6758,0.6758,0,0.02498745173215866
334,CA,0.9996128674472982,0.702,0.702,1000,0.02481076307594776
334,NY,0.00024364668459038997,0.6586,0.6586,0,0.02481076307594776
334,TX,0.00014348586811151854,0.655,0.655,0,0.02481076307594776
335,CA,0.9996230387596713,0.7174,0.7174,999,0.03352324292063713
335,NY,0.00023743625323551822,0.6744,0.6744,1,0.03352324292063713
335,TX,0.00013952498709313103,0.6738,0.6738,0,0.03352324292063713
336,CA,0.9996325223167895,0.7164,0.7164,997,0.03696933947503567
336,NY,0.00023149355662819207,0.6738,0.6738,2,0.03696933947503567
336,TX,0.00013598412658229225,0.6722,0.6722,1,0.03696933947503567
337,CA,0.9996417663379841,0.7136,0.7136,998,0.03044283762574196
337,NY,0.00022575011548477798,0.6656,0.6656,2,0.03044283762574196
337,TX,0.00013248354653121378,0.6622,0.6622,0,0.03044283762574196
338,CA,0.9996520601756399,0.7296,0.7296,1000,0.024866530671715736
338,NY,0.0002194288423892139,0.6856,0.6856,0,0.024866530671715736
338,TX,0.0001285109819708546,0.6816,0.6816,0,0.024866530671715736
339,CA,0.9996612056632225,0.7164,0.7164,1000,0.024805303663015366
339,NY,0.00021384865896352713,0.6792,0.6792,0,0.024805303663015366
339,TX,0.00012494567781403364,0.681,0.681,0,0.024805303663015366
340,CA,0.9996684150215698,0.6888,0.6888,998,0.03655950725078583
340,NY,0.000209215368125775,0.6472,0.6472,1,0.03655950725078583
340,TX,0.00012236961030451257,0.635,0.635,1,0.03655950725078583
341,CA,0.9996774639994184,0.7006,0.7006,999,0.030102763324975967
341,NY,0.00020406363919106232,0.6592,0.6592,1,0.030102763324975967
341,TX,0.00011847236139058869,0.6436,0.6436,0,0.030102763324975967
342,CA,0.9996863998997927,0.7152,0.7152,1000,0.024742363020777702
342,NY,0.00019909762240413815,0.6724,0.6724,0,0.024742363020777702
342,TX,0.00011450247780311212,0.668,0.668,0,0.024742363020777702
343,CA,0.9996945165282095,0.6916,0.6916,999,0.030188992619514465
343,NY,0.00019413104428478125,0.6504,0.6504,0,0.030188992619514465
343,TX,0.00011135242750572865,0.6422,0.6422,1,0.030188992619514465
344,CA,0.9997024941783097,0.7152,0.7152,1000,0.02506793849170208
344,NY,0.00018940436998042515,0.6778,0.6778,0,0.02506793849170208
344,TX,0.00010810145170984333,0.682,0.682,0,0.02506793849170208
345,CA,0.9997087147839748,0.6898,0.6898,1000,0.02415962517261505
345,NY,0.00018527555348764405,0.6482,0.6482,0,0.02415962517261505
345,TX,0.00010600966253754373,0.636,0.636,0,0.02415962517261505
346,CA,0.999716648848899,0.7072,0.7072,999,0.032141171395778656
346,NY,0.0001807158189128557,0.6634,0.6634,1,0.032141171395778656
346,TX,0.00010263533218817392,0.6614,0.6614,0,0.032141171395778656
347,CA,0.9997240367176407,0.7198,0.7198,1000,0.024916591122746468
347,NY,0.00017608066695310045,0.676,0.676,0,0.024916591122746468
347,TX,9.988261540628536e-05,0.674,0.674,0,0.024916591122746468
348,CA,0.9997311792074701,0.7066,0.7066,1000,0.024938350543379784
348,NY,0.00017159745681123923,0.6682,0.6682,0,0.024938350543379784
348,TX,9.722333571872711e-05,0.6668,0.6668,0,0.024938350543379784
349,CA,0.999737306058303,0.7096,0.7096,1000,0.023830708116292953
349,NY,0.00016773739118103442,0.6666,0.6666,0,0.023830708116292953
349,TX,9.495655051593713e-05,0.657,0.657,0,0.023830708116292953
350,CA,0.9997444447472986,0.7286,0.7286,1000,0.025363095104694366
350,NY,0.00016351961411751787,0.6824,0.6824,0,0.025363095104694366
350,TX,9.203563858377505e-05,0.687,0.687,0,0.025363095104694366
351,CA,0.9997510283725569,0.7222,0.7222,999,0.03149535320699215
351,NY,0.00015915030107898983,0.6806,0.6806,0,0.03149535320699215
351,TX,8.982132636406414e-05,0.6768,0.6768,1,0.03149535320699215
352,CA,0.9997572390005638,0.7034,0.7034,1000,0.02440316043794155
352,NY,0.00015530696640997445,0.667,0.667,0,0.02440316043794155
352,TX,8.745403302624442e-05,0.6692,0.6692,0,0.02440316043794155
353,CA,0.99976231241075,0.7132,0.7132,1000,0.023761320859193802
353,NY,0.00015198897899118807,0.6788,0.6788,0,0.023761320859193802
353,TX,8.569861025883131e-05,0.6774,0.6774,0,0.023761320859193802
354,CA,0.9997671539349929,0.7414,0.7414,1000,0.2351757027208805
354,NY,0.00014893785523176757,0.6894,0.6894,0,0.2351757027208805
354,TX,8.390820977518492e-05,0.6964,0.6964,0,0.2351757027208805
355,CA,0.999773768171571,0.7072,0.7072,1000,0.024875003844499588
355,NY,0.0001444913731832663,0.669,0.669,0,0.024875003844499588
355,TX,8.174045524567093e-05,0.6608,0.6608,0,0.024875003844499588
356,CA,0.9997792217046189,0.7018,0.7018,1000,0.024987701326608658
356,NY,0.0001412590307481486,0.6554,0.6554,0,0.024987701326608658
356,TX,7.951926463299635e-05,0.6456,0.6456,0,0.024987701326608658
357,CA,0.9997856978118934,0.716,0.716,1000,0.023698339238762856
357,NY,0.00013740845822606478,0.6662,0.6662,0,0.023698339238762856
357,TX,7.689372988043919e-05,0.6588,0.6588,0,0.023698339238762856
358,CA,0.9997922473032491,0.7142,0.7142,1000,0.024145051836967468
358,NY,0.000133421604267806,0.6722,0.6722,0,0.024145051836967468
358,TX,7.433109248310034e-05,0.67,0.67,0,0.024145051836967468
359,CA,0.999797431844732,0.7346,0.7346,1000,0.02787887677550316
359,NY,0.0001301532864354374,0.6896,0.6896,0,0.02787887677550316
359,TX,7.241486883257812e-05,0.6912,0.6912,0,0.02787887677550316
360,CA,0.9998026191656291,0.715,0.715,1000,0.02402297593653202
360,NY,0.00012677743209995156,0.6718,0.6718,0,0.02402297593653202
360,TX,7.060340227102575e-05,0.667,0.667,0,0.02402297593653202
361,CA,0.9998077877045619,0.718,0.718,1000,0.02457873709499836
361,NY,0.00012358461029431895,0.6812,0.6812,0,0.02457873709499836
361,TX,6.86276851437831e-05,0.6764,0.6764,0,0.02457873709499836
362,CA,0.9998120958735602,0.7066,0.7066,1000,0.024080995470285416
362,NY,0.00012093791740924978,0.6734,0.6734,0,0.024080995470285416
362,TX,6.696620903037749e-05,0.6702,0.6702,0,0.024080995470285416
363,CA,0.9998158762091806,0.7046,0.7046,1000,0.025980975478887558
363,NY,0.00011858565345794923,0.662,0.662,0,0.025980975478887558
363,TX,6.55381373614535e-05,0.6582,0.6582,0,0.025980975478887558
364,CA,0.9998206229337863,0.7292,0.7292,1000,0.024241842329502106
364,NY,0.00011562260456898529,0.6802,0.6802,0,0.024241842329502106
364,TX,6.375446164476576e-05,0.6814,0.6814,0,0.024241842329502106
365,CA,0.999825660784745,0.7096,0.7096,1000,0.025215066969394684
365,NY,0.00011234679566919348,0.663,0.663,0,0.025215066969394684
365,TX,6.1992419585737e-05,0.6608,0.6608,0,0.025215066969394684
366,CA,0.9998304918507935,0.7118,0.7118,1000,0.023690300062298775
366,NY,0.0001092849929553528,0.671,0.671,0,0.023690300062298775
366,TX,6.022315625107612e-05,0.6718,0.6718,0,0.023690300062298775
367,CA,0.9998345031940412,0.723,0.723,999,0.030486948788166046
367,NY,0.00010668066122498445,0.6756,0.6756,1,0.030486948788166046
367,TX,5.8816144733824115e-05,0.6668,0.6668,0,0.030486948788166046
368,CA,0.9998393556533256,0.7066,0.7066,999,0.031105827540159225
368,NY,0.00010374636302334808,0.667,0.667,1,0.031105827540159225
368,TX,5.689798365102295e-05,0.658,0.658,0,0.031105827540159225
369,CA,0.9998433826786723,0.7246,0.7246,999,0.03099215030670166
369,NY,0.00010133943731775051,0.681,0.681,1,0.03099215030670166
369,TX,5.527788400993085e-05,0.677,0.677,0,0.03099215030670166
370,CA,0.9998474697431885,0.6926,0.6926,1000,0.023541854694485664
370,NY,9.877785601191827e-05,0.6526,0.6526,0,0.023541854694485664
370,TX,5.375240079961519e-05,0.6424,0.6424,0,0.023541854694485664
371,CA,0.9998513977218202,0.7064,0.7064,1000,0.023595811799168587
371,NY,9.644388877907646e-05,0.6548,0.6548,0,0.023595811799168587
371,TX,5.215838940074644e-05,0.648,0.648,0,0.023595811799168587
372,CA,0.9998560984954632,0.722,0.722,1000,0.02481372281908989
372,NY,9.352795211246976e-05,0.6716,0.6716,0,0.02481372281908989
372,TX,5.037355242440517e-05,0.6728,0.6728,0,0.02481372281908989
373,CA,0.9998602745597106,0.7104,0.7104,1000,0.024456258863210678
373,NY,9.07909278377391e-05,0.6674,0.6674,0,0.024456258863210678
373,TX,4.8934512451647485e-05,0.6584,0.6584,0,0.024456258863210678
374,CA,0.999864044278969,0.7402,0.7402,1000,0.024706736207008362
374,NY,8.850874873396017e-05,0.6938,0.6938,0,0.024706736207008362
374,TX,4.7446972296874035e-05,0.702,0.702,0,0.024706736207008362
375,CA,0.999867445322329,0.7282,0.7282,1000,0.023889608681201935
375,NY,8.614907972999126e-05,0.6838,0.6838,0,0.023889608681201935
375,TX,4.640559794105306e-05,0.6814,0.6814,0,0.023889608681201935
376,CA,0.9998709148438112,0.7194,0.7194,1000,0.024469969794154167
376,NY,8.393607441112408e-05,0.6732,0.6732,0,0.024469969794154167
376,TX,4.514908177765939e-05,0.6704,0.6704,0,0.024469969794154167
377,CA,0.9998744564205622,0.7058,0.7058,1000,0.02407565526664257
377,NY,8.168101497874872e-05,0.6578,0.6578,0,0.02407565526664257
377,TX,4.386256445915513e-05,0.6494,0.6494,0,0.02407565526664257
378,CA,0.999878204666857,0.726,0.726,1000,0.024342231452465057
378,NY,7.938286683578198e-05,0.6836,0.6836,0,0.024342231452465057
378,TX,4.2412466307322406e-05,0.683,0.683,0,0.024342231452465057
379,CA,0.9998812110128252,0.6938,0.6938,1000,0.023189159110188484
379,NY,7.743302227623487e-05,0.6482,0.6482,0,0.023189159110188484
379,TX,4.135596489854115e-05,0.6416,0.6416,0,0.023189159110188484
380,CA,0.9998845697744364,0.7216,0.7216,1000,0.02427918091416359
380,NY,7.534864566591557e-05,0.677,0.677,0,0.02427918091416359
380,TX,4.0081579897685594e-05,0.6734,0.6734,0,0.02427918091416359
381,CA,0.9998876435936184,0.7358,0.7358,1000,0.034074293449521065
381,NY,7.339687920154735e-05,0.6872,0.6872,0,0.034074293449521065
381,TX,3.895952718016588e-05,0.691,0.691,0,0.034074293449521065
382,CA,0.9998907037932458,0.7196,0.7196,1000,0.024892423301935196
382,NY,7.134208641082593e-05,0.6772,0.6772,0,0.024892423301935196
382,TX,3.795412034334689e-05,0.6776,0.6776,0,0.024892423301935196
383,CA,0.9998933895835966,0.7184,0.7184,1000,0.02468709647655487
383,NY,6.958319884360804e-05,0.677,0.677,0,0.02468709647655487
383,TX,3.702721755983032e-05,0.6754,0.6754,0,0.02468709647655487
384,CA,0.9998959922660741,0.7024,0.7024,1000,0.024447757750749588
384,NY,6.790696473626479e-05,0.666,0.666,0,0.024447757750749588
384,TX,3.6100769189597334e-05,0.6618,0.6618,0,0.024447757750749588
385,CA,0.9998983049448339,0.7222,0.7222,1000,0.02468324638903141
385,NY,6.645516031374896e-05,0.6814,0.6814,0,0.02468324638903141
385,TX,3.523989485228269e-05,0.683,0.683,0,0.02468324638903141
386,CA,0.9999006811891316,0.7142,0.7142,1000,0.02374756895005703
386,NY,6.488095000268839e-05,0.6778,0.6778,0,0.02374756895005703
386,TX,3.4437860865629876e-05,0.668,0.668,0,0.02374756895005703
387,CA,0.9999029868199149,0.7126,0.7126,1000,0.024289531633257866
387,NY,6.350338870848523e-05,0.6736,0.6736,0,0.024289531633257866
387,TX,3.350979137666589e-05,0.6686,0.6686,0,0.024289531633257866
388,CA,0.999905293656765,0.722,0.722,1000,0.025148270651698112
388,NY,6.205740776319476e-05,0.6804,0.6804,0,0.025148270651698112
388,TX,3.2648935471858576e-05,0.679,0.679,0,0.025148270651698112
389,CA,0.9999076078984376,0.7194,0.7194,1000,0.024142634123563766
389,NY,6.0558367804986295e-05,0.6758,0.6758,0,0.024142634123563766
389,TX,3.183373375746465e-05,0.679,0.679,0,0.024142634123563766
390,CA,0.9999098912960617,0.7002,0.7002,1000,0.02532736398279667
390,NY,5.90228827013356e-05,0.6576,0.6576,0,0.02532736398279667
390,TX,3.108582123706648e-05,0.6536,0.6536,0,0.02532736398279667
391,CA,0.9999122219784583,0.735,0.735,1000,0.02711544930934906
391,NY,5.7544146813137124e-05,0.6858,0.6858,0,0.02711544930934906
391,TX,3.0233874728664153e-05,0.6922,0.6922,0,0.02711544930934906
392,CA,0.9999145994018407,0.7114,0.7114,1000,0.02408478409051895
392,NY,5.5912480315121724e-05,0.6722,0.6722,0,0.02408478409051895
392,TX,2.9488117844204233e-05,0.6618,0.6618,0,0.02408478409051895
393,CA,0.9999167345400841,0.718,0.718,1000,0.02855364792048931
393,NY,5.463190909705247e-05,0.6828,0.6828,0,0.02855364792048931
393,TX,2.863355081884446e-05,0.6872,0.6872,0,0.02855364792048931
394,CA,0.9999183670939774,0.7092,0.7092,1000,0.02440617047250271
394,NY,5.351264652454545e-05,0.6656,0.6656,0,0.02440617047250271
394,TX,2.8120259498056383e-05,0.6618,0.6618,0,0.02440617047250271
395,CA,0.9999205118168191,0.722,0.722,1000,0.024727733805775642
395,NY,5.2147703737105225e-05,0.6834,0.6834,0,0.024727733805775642
395,TX,2.734047944388072e-05,0.6784,0.6784,0,0.024727733805775642
396,CA,0.9999223728490357,0.7078,0.7078,1000,0.02401585504412651
396,NY,5.0978866350505453e-05,0.6646,0.6646,0,0.02401585504412651
396,TX,2.6648284613780324e-05,0.6596,0.6596,0,0.02401585504412651
397,CA,0.9999244143473363,0.7154,0.7154,1000,0.024902861565351486
397,NY,4.9689421583829605e-05,0.675,0.675,0,0.024902861565351486
397,TX,2.5896231079932157e-05,0.6682,0.6682,0,0.024902861565351486
398,CA,0.9999262970083462,0.7008,0.7008,999,0.030989810824394226
398,NY,4.851925956524607e-05,0.6582,0.6582,0,0.030989810824394226
398,TX,2.5183732088621247e-05,0.6526,0.6526,1,0.030989810824394226
399,CA,0.9999282258305883,0.7264,0.7264,1000,0.026663776487112045
399,NY,4.730408713853545e-05,0.6816,0.6816,0,0.026663776487112045
399,TX,2.4470082273355207e-05,0.677,0.677,0,0.026663776487112045
400,CA,0.9999301534329489,0.7176,0.7176,1000,0.024935271590948105
400,NY,4.6076637092962604e-05,0.668,0.668,0,0.024935271590948105
400,TX,2.3769929958188847e-05,0.6606,0.6606,0,0.024935271590948105
401,CA,0.9999322726927653,0.7086,0.7086,1000,0.02479754388332367
401,NY,4.47461536795019e-05,0.6652,0.6652,0,0.02479754388332367
401,TX,2.2981153555290932e-05,0.6606,0.6606,0,0.02479754388332367
402,CA,0.9999340547819798,0.7092,0.7092,1000,0.024225560948252678
402,NY,4.360963824293326e-05,0.6686,0.6686,0,0.024225560948252678
402,TX,2.233557977730806e-05,0.6538,0.6538,0,0.024225560948252678
403,CA,0.9999358145230084,0.7234,0.7234,1000,0.024445999413728714
403,NY,4.2573818413148456e-05,0.6802,0.6802,0,0.024445999413728714
403,TX,2.161165857847937e-05,0.6848,0.6848,0,0.024445999413728714
404,CA,0.9999373656611829,0.7028,0.7028,1000,0.024375800043344498
404,NY,4.1506696449885025e-05,0.6632,0.6632,0,0.024375800043344498
404,TX,2.112764236720409e-05,0.6578,0.6578,0,0.024375800043344498
405,CA,0.9999388891815842,0.7164,0.7164,999,0.03151523135602474
405,NY,4.0541486208978715e-05,0.6696,0.6696,1,0.03151523135602474
405,TX,2.0569332206726164e-05,0.671,0.671,0,0.03151523135602474
406,CA,0.9999405385761835,0.7056,0.7056,1000,0.024068044498562813
406,NY,3.943613203545993e-05,0.6674,0.6674,0,0.024068044498562813
406,TX,2.0025291780954306e-05,0.658,0.658,0,0.024068044498562813
407,CA,0.9999419806032851,0.7252,0.7252,1000,0.023996906355023384
407,NY,3.855294405676571e-05,0.6762,0.6762,0,0.023996906355023384
407,TX,1.9466452658159965e-05,0.6772,0.6772,0,0.023996906355023384
408,CA,0.9999436171235669,0.7242,0.7242,1000,0.023861946538090706
408,NY,3.7458005211006586e-05,0.6784,0.6784,0,0.023861946538090706
408,TX,1.89248712220825e-05,0.6748,0.6748,0,0.023861946538090706
409,CA,0.9999451542537783,0.6938,0.6938,1000,0.023708252236247063
409,NY,3.646306263208146e-05,0.651,0.651,0,0.023708252236247063
409,TX,1.8382683589727597e-05,0.6388,0.6388,0,0.023708252236247063
410,CA,0.9999466724551818,0.7188,0.7188,1000,0.02470148541033268
410,NY,3.554174507444088e-05,0.6696,0.6696,0,0.02470148541033268
410,TX,1.7785799743767934e-05,0.6682,0.6682,0,0.02470148541033268
411,CA,0.9999482133431045,0.7322,0.7322,1000,0.023676840588450432
411,NY,3.452442926356698e-05,0.683,0.683,0,0.023676840588450432
411,TX,1.7262227631809586e-05,0.6888,0.6888,0,0.023676840588450432
412,CA,0.999949626378144,0.7196,0.7196,1000,0.024632954970002174
412,NY,3.354387285457309e-05,0.6796,0.6796,0,0.024632954970002174
412,TX,1.682974900136635e-05,0.679,0.679,0,0.024632954970002174
413,CA,0.9999508039444965,0.7068,0.7068,1000,0.0244467593729496
413,NY,3.2763639912951605e-05,0.669,0.669,0,0.0244467593729496
413,TX,1.6432415590624405e-05,0.6674,0.6674,0,0.0244467593729496
414,CA,0.999951908826186,0.7306,0.7306,999,0.032539306208491325
414,NY,3.203806857007164e-05,0.6844,0.6844,0,0.032539306208491325
414,TX,1.6053105243966876e-05,0.6866,0.6866,1,0.032539306208491325
415,CA,0.9999531721990105,0.7212,0.7212,1000,0.024408359080553055
415,NY,3.118282149573812e-05,0.6688,0.6688,0,0.024408359080553055
415,TX,1.564497949390397e-05,0.6632,0.6632,0,0.024408359080553055
416,CA,0.9999546486534616,0.721,0.721,1000,0.024594318121671677
416,NY,3.023354017386929e-05,0.6724,0.6724,0,0.024594318121671677
416,TX,1.5117806364444973e-05,0.6716,0.6716,0,0.024594318121671677
417,CA,0.9999559363187924,0.7266,0.7266,1000,0.02687346190214157
417,NY,2.9379801102500645e-05,0.6816,0.6816,0,0.02687346190214157
417,TX,1.4683880105041366e-05,0.6852,0.6852,0,0.02687346190214157
418,CA,0.9999570540766982,0.72,0.72,1000,0.025295447558164597
418,NY,2.86141137259991e-05,0.6738,0.6738,0,0.025295447558164597
418,TX,1.4331809575733244e-05,0.6778,0.6778,0,0.025295447558164597
419,CA,0.9999581742475293,0.7116,0.7116,1000,0.02606763318181038
419,NY,2.7845556515513518e-05,0.6714,0.6714,0,0.02606763318181038
419,TX,1.3980195955144863e-05,0.6736,0.6736,0,0.02606763318181038
420,CA,0.9999591385916348,0.727,0.727,1000,0.024924350902438164
420,NY,2.7191579833785052e-05,0.681,0.681,0,0.024924350902438164
420,TX,1.3669828531479351e-05,0.6792,0.6792,0,0.024924350902438164
421,CA,0.999960241171117,0.7136,0.7136,1000,0.024308210238814354
421,NY,2.646733995397107e-05,0.6672,0.6672,0,0.024308210238814354
421,TX,1.3291488928846798e-05,0.6646,0.6646,0,0.024308210238814354
422,CA,0.9999613378651362,0.7198,0.7198,1000,0.02392672747373581
422,NY,2.5750698859878573e-05,0.6748,0.6748,0,0.02392672747373581
422,TX,1.2911436003905225e-05,0.6736,0.6736,0,0.02392672747373581
423,CA,0.9999623584627175,0.7208,0.7208,1000,0.024514328688383102
423,NY,2.5076935962213246e-05,0.684,0.684,0,0.024514328688383102
423,TX,1.2564601320300165e-05,0.6836,0.6836,0,0.024514328688383102
424,CA,0.9999631663330134,0.7148,0.7148,1000,0.023667141795158386
424,NY,2.4540675428671898e-05,0.6808,0.6808,0,0.023667141795158386
424,TX,1.2292991557994685e-05,0.6806,0.6806,0,0.023667141795158386
425,CA,0.9999638980556487,0.7158,0.7158,1000,0.024475108832120895
425,NY,2.4054115607473055e-05,0.6744,0.6744,0,0.024475108832120895
425,TX,1.2047828743888991e-05,0.6674,0.6674,0,0.024475108832120895
426,CA,0.9999648182676472,0.7214,0.7214,1000,0.02476559579372406
426,NY,2.347374299868501e-05,0.6772,0.6772,0,0.02476559579372406
426,TX,1.1707989354209299e-05,0.6754,0.6754,0,0.02476559579372406
427,CA,0.999965733832271,0.7132,0.7132,1000,0.02379029057919979
427,NY,2.287103392854075e-05,0.6608,0.6608,0,0.02379029057919979
427,TX,1.139513380039029e-05,0.6546,0.6546,0,0.02379029057919979
428,CA,0.9999668231009519,0.7214,0.7214,1000,0.024245671927928925
428,NY,2.2171523771277165e-05,0.6794,0.6794,0,0.024245671927928925
428,TX,1.1005375276864521e-05,0.6814,0.6814,0,0.024245671927928925
429,CA,0.9999676197633212,0.7222,0.7222,1000,0.02427179366350174
429,NY,2.1630583644752216e-05,0.6844,0.6844,0,0.02427179366350174
429,TX,1.07496530340412e-05,0.6784,0.6784,0,0.02427179366350174
430,CA,0.9999683678936822,0.7196,0.7196,1000,0.023618800565600395
430,NY,2.1155836923644252e-05,0.6794,0.6794,0,0.023618800565600395
430,TX,1.0476269394206616e-05,0.6792,0.6792,0,0.023618800565600395
431,CA,0.9999691085697587,0.7018,0.7018,1000,0.02352481335401535
431,NY,2.0661281022309997e-05,0.6642,0.6642,0,0.02352481335401535
431,TX,1.023014921897735e-05,0.656,0.656,0,0.02352481335401535
432,CA,0.9999698403639999,0.7178,0.7178,1000,0.024644557386636734
432,NY,2.0204800235331736e-05,0.67,0.67,0,0.024644557386636734
432,TX,9.954835764736594e-06,0.6658,0.6658,0,0.024644557386636734
433,CA,0.9999707039089133,0.7134,0.7134,1000,0.023878619074821472
433,NY,1.9642592578664238e-05,0.6708,0.6708,0,0.023878619074821472
433,TX,9.653498508145791e-06,0.6656,0.6656,0,0.023878619074821472
434,CA,0.9999714615689014,0.7138,0.7138,1000,0.024795254692435265
434,NY,1.9154236341009338e-05,0.672,0.672,0,0.024795254692435265
434,TX,9.384194757697444e-06,0.6656,0.6656,0,0.024795254692435265
435,CA,0.9999721926521227,0.722,0.722,1000,0.026167992502450943
435,NY,1.8687073507072966e-05,0.6794,0.6794,0,0.026167992502450943
435,TX,9.120274370292838e-06,0.675,0.675,0,0.026167992502450943
436,CA,0.9999729038536567,0.7034,0.7034,1000,0.023916246369481087
436,NY,1.822479301282661e-05,0.6642,0.6642,0,0.023916246369481087
436,TX,8.87135333053665e-06,0.6606,0.6606,0,0.023916246369481087
437,CA,0.9999735461437033,0.7036,0.7036,1000,0.024182453751564026
437,NY,1.7805400970376114e-05,0.6624,0.6624,0,0.024182453751564026
437,TX,8.648455326414447e-06,0.6586,0.6586,0,0.024182453751564026
438,CA,0.9999742051798903,0.6994,0.6994,1000,0.02530362643301487
438,NY,1.7374805166084637e-05,0.6564,0.6564,0,0.02530362643301487
438,TX,8.420014943691195e-06,0.6526,0.6526,0,0.02530362643301487
439,CA,0.9999748766784493,0.7208,0.7208,1000,0.02563405968248844
439,NY,1.693518100687263e-05,0.6796,0.6796,0,0.02563405968248844
439,TX,8.188140543739912e-06,0.6754,0.6754,0,0.02563405968248844
440,CA,0.9999754981596408,0.7178,0.7178,1000,0.024409830570220947
440,NY,1.652972320850971e-05,0.6808,0.6808,0,0.024409830570220947
440,TX,7.97211715070331e-06,0.6734,0.6734,0,0.024409830570220947
441,CA,0.9999760602382557,0.7194,0.7194,1000,0.024121204391121864
441,NY,1.6173695648832903e-05,0.677,0.677,0,0.024121204391121864
441,TX,7.766066095356483e-06,0.6716,0.6716,0,0.024121204391121864
442,CA,0.9999766749631603,0.7224,0.7224,1000,0.025228798389434814
442,NY,1.5774865811825245e-05,0.677,0.677,0,0.025228798389434814
442,TX,7.550171027915386e-06,0.6772,0.6772,0,0.025228798389434814
443,CA,0.9999772888871167,0.6914,0.6914,1000,0.024910181760787964
443,NY,1.5359072345465837e-05,0.6512,0.6512,0,0.024910181760787964
443,TX,7.352040537860101e-06,0.6316,0.6316,0,0.024910181760787964
444,CA,0.9999779138506886,0.6912,0.6912,1000,0.025174196809530258
444,NY,1.4994038138129345e-05,0.6554,0.6554,0,0.025174196809530258
444,TX,7.0921111733174705e-06,0.6494,0.6494,0,0.025174196809530258
445,CA,0.9999784065297448,0.7022,0.7022,1000,0.024331510066986084
445,NY,1.4676645555215632e-05,0.658,0.658,0,0.024331510066986084
445,TX,6.91682469998983e-06,0.6536,0.6536,0,0.024331510066986084
446,CA,0.9999789851014268,0.7152,0.7152,1000,0.02477286383509636
446,NY,1.4295554229670105e-05,0.6742,0.6742,0,0.02477286383509636
446,TX,6.719344343527807e-06,0.6732,0.6732,0,0.02477286383509636
447,CA,0.9999794913469827,0.7224,0.7224,1000,0.025085829198360443
447,NY,1.3953841539094864e-05,0.6728,0.6728,0,0.025085829198360443
447,TX,6.554811478154966e-06,0.6676,0.6676,0,0.025085829198360443
448,CA,0.9999801017123392,0.6964,0.6964,1000,0.023661421611905098
448,NY,1.3552020653756252e-05,0.6594,0.6594,0,0.023661421611905098
448,TX,6.3462670070203804e-06,0.6528,0.6528,0,0.023661421611905098
449,CA,0.9999805603935933,0.7156,0.7156,1000,0.024307209998369217
449,NY,1.3256445053038632e-05,0.6738,0.6738,0,0.024307209998369217
449,TX,6.183161353723886e-06,0.673,0.673,0,0.024307209998369217
450,CA,0.999981036907101,0.7164,0.7164,1000,0.024304190650582314
450,NY,1.2933462522247146e-05,0.6686,0.6686,0,0.024304190650582314
450,TX,6.029630376623926e-06,0.6708,0.6708,0,0.024304190650582314
451,CA,0.9999815572719236,0.7118,0.7118,1000,0.02512856014072895
451,NY,1.2573285245112439e-05,0.6698,0.6698,0,0.02512856014072895
451,TX,5.8694428313198245e-06,0.6562,0.6562,0,0.02512856014072895
452,CA,0.9999820563977971,0.7088,0.7088,1000,0.02587587758898735
452,NY,1.2264798563830876e-05,0.6694,0.6694,0,0.02587587758898735
452,TX,5.678803639040559e-06,0.662,0.662,0,0.02587587758898735
453,CA,0.999982494710041,0.7056,0.7056,1000,0.02550376206636429
453,NY,1.1982012931296706e-05,0.6652,0.6652,0,0.02550376206636429
453,TX,5.523277027753881e-06,0.6592,0.6592,0,0.02550376206636429
454,CA,0.9999829287747324,0.708,0.708,1000,0.024882052093744278
454,NY,1.1698203912992518e-05,0.6718,0.6718,0,0.024882052093744278
454,TX,5.373021354587091e-06,0.665,0.665,0,0.024882052093744278
455,CA,0.9999833119737823,0.7046,0.7046,1000,0.0240231454372406
455,NY,1.1450272128872722e-05,0.6624,0.6624,0,0.0240231454372406
455,TX,5.237754088744496e-06,0.6532,0.6532,0,0.0240231454372406
456,CA,0.9999837533734186,0.7106,0.7106,1000,0.02437587082386017
456,NY,1.116680792513813e-05,0.6712,0.6712,0,0.02437587082386017
456,TX,5.079818656388559e-06,0.6646,0.6646,0,0.02437587082386017
457,CA,0.9999841471727937,0.7078,0.7078,1000,0.02403007633984089
457,NY,1.090960876515967e-05,0.6748,0.6748,0,0.02403007633984089
457,TX,4.9432184411278484e-06,0.6646,0.6646,0,0.02403007633984089
458,CA,0.9999844830172872,0.7278,0.7278,1000,0.023538483306765556
458,NY,1.069880483448885e-05,0.6806,0.6806,0,0.023538483306765556
458,TX,4.818177878343718e-06,0.6836,0.6836,0,0.023538483306765556
459,CA,0.9999848985377225,0.7058,0.7058,1000,0.02360607124865055
459,NY,1.040653945837844e-05,0.663,0.663,0,0.02360607124865055
459,TX,4.694922819009996e-06,0.662,0.662,0,0.02360607124865055
460,CA,0.999985280193207,0.7192,0.7192,1000,0.025103548541665077
460,NY,1.0145434238680722e-05,0.675,0.675,0,0.025103548541665077
460,TX,4.574372554392499e-06,0.6644,0.6644,0,0.025103548541665077
461,CA,0.9999856868322269,0.7006,0.7006,1000,0.023894205689430237
461,NY,9.884602873518923e-06,0.659,0.659,0,0.023894205689430237
461,TX,4.42856489969606e-06,0.6574,0.6574,0,0.023894205689430237
462,CA,0.999986041121932,0.7174,0.7174,1000,0.024527989327907562
462,NY,9.642809583141643e-06,0.6656,0.6656,0,0.024527989327907562
462,TX,4.316068484796957e-06,0.661,0.661,0,0.024527989327907562
463,CA,0.9999864737024317,0.7132,0.7132,1000,0.024061765521764755
463,NY,9.351968434540958e-06,0.6792,0.6792,0,0.024061765521764755
463,TX,4.174329133839644e-06,0.6774,0.6774,0,0.024061765521764755
464,CA,0.9999867465262204,0.7128,0.7128,1000,0.023543572053313255
464,NY,9.16637268253343e-06,0.6716,0.6716,0,0.023543572053313255
464,TX,4.08710109703829e-06,0.6716,0.6716,0,0.023543572053313255
465,CA,0.9999870653235445,0.7066,0.7066,1000,0.024975640699267387
465,NY,8.945885953387643e-06,0.6708,0.6708,0,0.024975640699267387
465,TX,3.9887905020205595e-06,0.6674,0.6674,0,0.024975640699267387
466,CA,0.9999873446023873,0.7144,0.7144,1000,0.02367883175611496
466,NY,8.75822713306881e-06,0.6662,0.6662,0,0.02367883175611496
466,TX,3.89717047963867e-06,0.6626,0.6626,0,0.02367883175611496
467,CA,0.9999877085853018,0.7016,0.7016,1000,0.02358694188296795
467,NY,8.511994494151818e-06,0.6644,0.6644,0,0.02358694188296795
467,TX,3.779420204083626e-06,0.6624,0.6624,0,0.02358694188296795
468,CA,0.9999879817363837,0.704,0.704,1000,0.0245334692299366
468,NY,8.325909441669346e-06,0.6664,0.6664,0,0.0245334692299366
468,TX,3.6923541745844337e-06,0.6612,0.6612,0,0.0245334692299366
469,CA,0.9999882581926174,0.7186,0.7186,1000,0.02472112514078617
469,NY,8.14219444206536e-06,0.6724,0.6724,0,0.02472112514078617
469,TX,3.599612940463824e-06,0.6704,0.6704,0,0.02472112514078617
470,CA,0.9999885780253002,0.7264,0.7264,1000,0.024701984599232674
470,NY,7.923315687259865e-06,0.6872,0.6872,0,0.024701984599232674
470,TX,3.4986590124876145e-06,0.6856,0.6856,0,0.024701984599232674
471,CA,0.9999888406146211,0.7058,0.7058,1000,0.024348990991711617
471,NY,7.743409255060408e-06,0.6674,0.6674,0,0.024348990991711617
471,TX,3.4159761237518657e-06,0.666,0.666,0,0.024348990991711617
472,CA,0.9999890946291832,0.7192,0.7192,1000,0.025069810450077057
472,NY,7.569095950051548e-06,0.6804,0.6804,0,0.025069810450077057
472,TX,3.336274866800172e-06,0.6724,0.6724,0,0.025069810450077057
473,CA,0.9999893562705274,0.7232,0.7232,1000,0.024692315608263016
473,NY,7.398273710067269e-06,0.6794,0.6794,0,0.024692315608263016
473,TX,3.2454557626238558e-06,0.6764,0.6764,0,0.024692315608263016
474,CA,0.9999896324583082,0.7206,0.7206,1000,0.02472308650612831
474,NY,7.210227657998497e-06,0.6766,0.6766,0,0.02472308650612831
474,TX,3.1573140338489585e-06,0.6726,0.6726,0,0.02472308650612831
475,CA,0.9999899049192857,0.7272,0.7272,1000,0.025099879130721092
475,NY,7.02584620779068e-06,0.6818,0.6818,0,0.025099879130721092
475,TX,3.069234506495555e-06,0.6822,0.6822,0,0.025099879130721092
476,CA,0.9999901695582837,0.7056,0.7056,1000,0.02483353391289711
476,NY,6.841171421541437e-06,0.6642,0.6642,0,0.02483353391289711
476,TX,2.989270294806221e-06,0.6506,0.6506,0,0.02483353391289711
477,CA,0.9999904320055633,0.7048,0.7048,1000,0.023882698267698288
477,NY,6.675117535026528e-06,0.6578,0.6578,0,0.023882698267698288
477,TX,2.8928769017109853e-06,0.6548,0.6548,0,0.023882698267698288
478,CA,0.9999907008758746,0.711,0.711,1000,0.02445169910788536
478,NY,6.49109152095082e-06,0.6726,0.6726,0,0.02445169910788536
478,TX,2.8080326044588883e-06,0.6672,0.6672,0,0.02445169910788536
479,CA,0.9999909184365771,0.719,0.719,1000,0.02452380768954754
479,NY,6.345413232040202e-06,0.676,0.676,0,0.02452380768954754
479,TX,2.7361501909322403e-06,0.6662,0.6662,0,0.02452380768954754
480,CA,0.9999911612043552,0.6916,0.6916,1000,0.023664891719818115
480,NY,6.186687119684075e-06,0.655,0.655,0,0.023664891719818115
480,TX,2.6521085252549183e-06,0.6464,0.6464,0,0.023664891719818115
481,CA,0.999991365924776,0.7284,0.7284,1000,0.025372596457600594
481,NY,6.052831212592422e-06,0.6844,0.6844,0,0.025372596457600594
481,TX,2.58124401151885e-06,0.685,0.685,0,0.025372596457600594
482,CA,0.9999915848251344,0.7038,0.7038,1000,0.024400020018219948
482,NY,5.8987451552211454e-06,0.6612,0.6612,0,0.024400020018219948
482,TX,2.5164297104269035e-06,0.6584,0.6584,0,0.024400020018219948
483,CA,0.9999917993629057,0.7164,0.7164,1000,0.024182472378015518
483,NY,5.751260449657062e-06,0.6734,0.6734,0,0.024182472378015518
483,TX,2.4493766446171077e-06,0.6724,0.6724,0,0.024182472378015518
484,CA,0.9999920062342255,0.7222,0.7222,1000,0.02416936494410038
484,NY,5.607178529151116e-06,0.685,0.685,0,0.02416936494410038
484,TX,2.386587245327048e-06,0.6784,0.6784,0,0.02416936494410038
485,CA,0.99999218804651,0.7178,0.7178,1000,0.02501538023352623
485,NY,5.486062907567791e-06,0.6732,0.6732,0,0.02501538023352623
485,TX,2.325890582300986e-06,0.6698,0.6698,0,0.02501538023352623
486,CA,0.9999923954737101,0.714,0.714,1000,0.02570977993309498
486,NY,5.3436269420128915e-06,0.6792,0.6792,0,0.02570977993309498
486,TX,2.2608993479639367e-06,0.6778,0.6778,0,0.02570977993309498
487,CA,0.9999925517168718,0.7102,0.7102,1000,0.02510787919163704
487,NY,5.235134050765151e-06,0.673,0.673,0,0.02510787919163704
487,TX,2.2131490774220275e-06,0.6726,0.6726,0,0.02510787919163704
488,CA,0.9999927142471997,0.7106,0.7106,1000,0.02360842190682888
488,NY,5.121261074987109e-06,0.6696,0.6696,0,0.02360842190682888
488,TX,2.1644917252609147e-06,0.6656,0.6656,0,0.02360842190682888
489,CA,0.9999928939336534,0.6948,0.6948,999,0.03184922784566879
489,NY,4.998514572203353e-06,0.659,0.659,1,0.03184922784566879
489,TX,2.107551774465594e-06,0.6546,0.6546,0,0.03184922784566879
490,CA,0.9999930495086891,0.7034,0.7034,1000,0.025735151022672653
490,NY,4.8929295287975355e-06,0.672,0.672,0,0.025735151022672653
490,TX,2.057561782245053e-06,0.6684,0.6684,0,0.025735151022672653
491,CA,0.9999931819796947,0.7088,0.7088,1000,0.02375360019505024
491,NY,4.802735268227908e-06,0.6686,0.6686,0,0.02375360019505024
491,TX,2.015285037132825e-06,0.6652,0.6652,0,0.02375360019505024
492,CA,0.9999933463842571,0.7018,0.7018,1000,0.024567987769842148
492,NY,4.6897503429813885e-06,0.663,0.663,0,0.024567987769842148
492,TX,1.963865400020381e-06,0.6622,0.6622,0,0.024567987769842148
493,CA,0.999993499004832,0.6984,0.6984,1000,0.02361159212887287
493,NY,4.582827600588905e-06,0.6618,0.6618,0,0.02361159212887287
493,TX,1.918167567353503e-06,0.6584,0.6584,0,0.02361159212887287
494,CA,0.9999936429383217,0.7232,0.7232,1000,0.024347420781850815
494,NY,4.484069714334798e-06,0.684,0.684,0,0.024347420781850815
494,TX,1.8729919639468207e-06,0.6836,0.6836,0,0.024347420781850815
495,CA,0.9999937879850149,0.724,0.724,1000,0.024859922006726265
495,NY,4.382065050034526e-06,0.6846,0.6846,0,0.024859922006726265
495,TX,1.8299499349405527e-06,0.6738,0.6738,0,0.024859922006726265
496,CA,0.999993941416133,0.7234,0.7234,1000,0.025225447490811348
496,NY,4.281918744737715e-06,0.681,0.681,0,0.025225447490811348
496,TX,1.7766651224253822e-06,0.6774,0.6774,0,0.025225447490811348
497,CA,0.9999940941829865,0.718,0.718,1000,0.024021625518798828
497,NY,4.176573348910365e-06,0.6716,0.6716,0,0.024021625518798828
497,TX,1.7292436646347465e-06,0.6708,0.6708,0,0.024021625518798828
498,CA,0.999994254492487,0.7198,0.7198,1000,0.024147644639015198
498,NY,4.063772485014887e-06,0.6816,0.6816,0,0.024147644639015198
498,TX,1.681735027965038e-06,0.6826,0.6826,0,0.024147644639015198
499,CA,0.9999943811324615,0.7092,0.7092,1000,0.023809310048818588
499,NY,3.973508940701231e-06,0.6672,0.6672,0,0.023809310048818588
499,TX,1.6453585977483233e-06,0.6614,0.6614,0,0.023809310048818588
500,CA,0.9999945247869035,0.7088,0.7088,1000,0.024139363318681717
500,NY,3.875868861221949e-06,0.6704,0.6704,0,0.024139363318681717
500,TX,1.59934423531177e-06,0.653,0.653,0,0.024139363318681717
501,CA,0.9999946641101141,0.721,0.721,1000,0.02435223199427128
501,NY,3.7887712124318612e-06,0.6728,0.6728,0,0.02435223199427128
501,TX,1.5471186735155528e-06,0.6732,0.6732,0,0.02435223199427128
502,CA,0.9999948131918772,0.734,0.734,1000,0.023531215265393257
502,NY,3.682659749575757e-06,0.691,0.691,0,0.023531215265393257
502,TX,1.5041483732987466e-06,0.6896,0.6896,0,0.023531215265393257
503,CA,0.999994943028912,0.7214,0.7214,1000,0.024304110556840897
503,NY,3.5913370502197493e-06,0.6868,0.6868,0,0.024304110556840897
503,TX,1.4656340377717962e-06,0.6864,0.6864,0,0.024304110556840897
504,CA,0.9999950450136822,0.7022,0.7022,1000,0.02480747178196907
504,NY,3.5191518264923926e-06,0.6692,0.6692,0,0.02480747178196907
504,TX,1.4358344913267128e-06,0.6666,0.6666,0,0.02480747178196907
505,CA,0.9999951432670637,0.701,0.701,1000,0.023925187066197395
505,NY,3.450927509071116e-06,0.6678,0.6678,0,0.023925187066197395
505,TX,1.4058054273075135e-06,0.667,0.667,0,0.023925187066197395
506,CA,0.9999952387211523,0.717,0.717,1000,0.02433452196419239
506,NY,3.383572868320616e-06,0.6728,0.6728,0,0.02433452196419239
506,TX,1.377705979434e-06,0.6736,0.6736,0,0.02433452196419239
507,CA,0.9999953606462477,0.698,0.698,1000,0.025776349008083344
507,NY,3.296471394426916e-06,0.6594,0.6594,0,0.025776349008083344
507,TX,1.3428823577800093e-06,0.6532,0.6532,0,0.025776349008083344
508,CA,0.9999954710137842,0.7038,0.7038,1000,0.02443500980734825
508,NY,3.2215342966097874e-06,0.6646,0.6646,0,0.02443500980734825
508,TX,1.3074519192608016e-06,0.657,0.657,0,0.02443500980734825
509,CA,0.9999955810455166,0.7176,0.7176,1000,0.023945365101099014
509,NY,3.147415530104326e-06,0.6708,0.6708,0,0.023945365101099014
509,TX,1.2715389532775185e-06,0.6706,0.6706,0,0.023945365101099014
510,CA,0.9999957015977334,0.7288,0.7288,1000,0.02485288307070732
510,NY,3.0616572552685593e-06,0.6844,0.6844,0,0.02485288307070732
510,TX,1.236745011310869e-06,0.69,0.69,0,0.02485288307070732
511,CA,0.999995807985122,0.7202,0.7202,1000,0.02413700334727764
511,NY,2.983026393696428e-06,0.6756,0.6756,0,0.02413700334727764
511,TX,1.20898848419511e-06,0.6812,0.6812,0,0.02413700334727764
512,CA,0.9999959127361926,0.713,0.713,1000,0.024567237123847008
512,NY,2.905685123162068e-06,0.6718,0.6718,0,0.024567237123847008
512,TX,1.1815786841888447e-06,0.6668,0.6668,0,0.024567237123847008
513,CA,0.9999960144889466,0.7176,0.7176,1000,0.023587742820382118
513,NY,2.8357996983019266e-06,0.6742,0.6742,0,0.023587742820382118
513,TX,1.1497113550521255e-06,0.6764,0.6764,0,0.023587742820382118
514,CA,0.9999961137211033,0.7204,0.7204,1000,0.02486248128116131
514,NY,2.7641455088629845e-06,0.6724,0.6724,0,0.02486248128116131
514,TX,1.122133387789843e-06,0.6728,0.6728,0,0.02486248128116131
515,CA,0.9999962218888729,0.717,0.717,1000,0.024461468681693077
515,NY,2.6870247901986205e-06,0.6684,0.6684,0,0.024461468681693077
515,TX,1.0910863369785344e-06,0.6632,0.6632,0,0.024461468681693077
516,CA,0.9999963321329935,0.7206,0.7206,1000,0.024580487981438637
516,NY,2.610968348396729e-06,0.6782,0.6782,0,0.024580487981438637
516,TX,1.0568986579632417e-06,0.6772,0.6772,0,0.024580487981438637
517,CA,0.9999964231325866,0.7082,0.7082,1000,0.02480979450047016
517,NY,2.546627618863323e-06,0.6694,0.6694,0,0.02480979450047016
517,TX,1.0302397945165572e-06,0.6648,0.6648,0,0.02480979450047016
518,CA,0.9999965071514704,0.7116,0.7116,1000,0.02344830520451069
518,NY,2.488783809931251e-06,0.6704,0.6704,0,0.02344830520451069
518,TX,1.004064719597294e-06,0.668,0.668,0,0.02344830520451069
519,CA,0.9999965926355885,0.7358,0.7358,1000,0.026634296402335167
519,NY,2.428876391382619e-06,0.6892,0.6892,0,0.026634296402335167
519,TX,9.784880202476476e-07,0.6936,0.6936,0,0.026634296402335167
520,CA,0.9999966816304735,0.7036,0.7036,1000,0.02369462139904499
520,NY,2.363669988165768e-06,0.6574,0.6574,0,0.02369462139904499
520,TX,9.5469953829435e-07,0.6506,0.6506,0,0.02369462139904499
521,CA,0.999996775431902,0.7214,0.7214,1000,0.02458110824227333
521,NY,2.2995697381184754e-06,0.6764,0.6764,0,0.02458110824227333
521,TX,9.249983597816234e-07,0.6796,0.6796,0,0.02458110824227333
522,CA,0.9999968580072031,0.69,0.69,1000,0.023622840642929077
522,NY,2.2394556914781673e-06,0.6466,0.6466,0,0.023622840642929077
522,TX,9.025371054844113e-07,0.6392,0.6392,0,0.023622840642929077
523,CA,0.9999969426467443,0.7312,0.7312,1000,0.024901943281292915
523,NY,2.1819455939030777e-06,0.6868,0.6868,0,0.024901943281292915
523,TX,8.754076618517536e-07,0.691,0.691,0,0.024901943281292915
524,CA,0.9999970189345091,0.7092,0.7092,1000,0.02458386868238449
524,NY,2.1259855063390323e-06,0.6712,0.6712,0,0.02458386868238449
524,TX,8.55079984474084e-07,0.6702,0.6702,0,0.02458386868238449
525,CA,0.9999970857115019,0.7212,0.7212,1000,0.024213023483753204
525,NY,2.0787194099283952e-06,0.677,0.677,0,0.024213023483753204
525,TX,8.355690881329091e-07,0.674,0.674,0,0.024213023483753204
526,CA,0.9999971620058816,0.7284,0.7284,1000,0.025431104004383087
526,NY,2.025338552413346e-06,0.683,0.683,0,0.025431104004383087
526,TX,8.126555660300974e-07,0.6808,0.6808,0,0.025431104004383087
527,CA,0.9999972375858481,0.7228,0.7228,1000,0.02536197565495968
527,NY,1.9721389963767943e-06,0.6872,0.6872,0,0.02536197565495968
527,TX,7.902751554149643e-07,0.6872,0.6872,0,0.02536197565495968
528,CA,0.9999972946683173,0.6968,0.6968,1000,0.023613281548023224
528,NY,1.9313867568047686e-06,0.6484,0.6484,0,0.023613281548023224
528,TX,7.739449258923707e-07,0.637,0.637,0,0.023613281548023224
529,CA,0.9999973770355137,0.7016,0.7016,1000,0.023363225162029266
529,NY,1.876295492780506e-06,0.658,0.658,0,0.023363225162029266
529,TX,7.466689934235237e-07,0.6524,0.6524,0,0.023363225162029266
530,CA,0.9999974467007084,0.7154,0.7154,1000,0.024085773155093193
530,NY,1.8282194074705907e-06,0.673,0.673,0,0.024085773155093193
530,TX,7.250798840420098e-07,0.6608,0.6608,0,0.024085773155093193
531,CA,0.9999975149679194,0.71,0.71,1000,0.023777669295668602
531,NY,1.7830309417638327e-06,0.6618,0.6618,0,0.023777669295668602
531,TX,7.0200113887456e-07,0.659,0.659,0,0.023777669295668602
532,CA,0.9999975861631566,0.724,0.724,1000,0.024380171671509743
532,NY,1.7327725321509096e-06,0.6834,0.6834,0,0.024380171671509743
532,TX,6.810643112915148e-07,0.6742,0.6742,0,0.024380171671509743
533,CA,0.9999976466430418,0.7016,0.7016,1000,0.0243401899933815
533,NY,1.6919660423666036e-06,0.6656,0.6656,0,0.0243401899933815
533,TX,6.61390915850276e-07,0.6608,0.6608,0,0.0243401899933815
534,CA,0.9999976982975579,0.719,0.719,1000,0.024181561544537544
534,NY,1.6561699493040345e-06,0.6782,0.6782,0,0.024181561544537544
534,TX,6.455324928206141e-07,0.6786,0.6786,0,0.024181561544537544
535,CA,0.9999977527775092,0.704,0.704,1000,0.024641938507556915
535,NY,1.6168612916481132e-06,0.6668,0.6668,0,0.024641938507556915
535,TX,6.303611992337377e-07,0.6654,0.6654,0,0.024641938507556915
536,CA,0.9999978023543851,0.7314,0.7314,1000,0.024823805317282677
536,NY,1.5815636939719967e-06,0.685,0.685,0,0.024823805317282677
536,TX,6.160819209213402e-07,0.6846,0.6846,0,0.024823805317282677
537,CA,0.9999978613915635,0.7044,0.7044,1000,0.024922732263803482
537,NY,1.5391792663009084e-06,0.6632,0.6632,0,0.024922732263803482
537,TX,5.994291701836979e-07,0.6584,0.6584,0,0.024922732263803482
538,CA,0.9999979147755919,0.72,0.72,1000,0.024374131113290787
538,NY,1.5019731825704635e-06,0.6832,0.6832,0,0.024374131113290787
538,TX,5.832512255934433e-07,0.6872,0.6872,0,0.024374131113290787
539,CA,0.9999979580332088,0.72,0.72,1000,0.024140015244483948
539,NY,1.4698380059670543e-06,0.6756,0.6756,0,0.024140015244483948
539,TX,5.721287851101746e-07,0.6704,0.6704,0,0.024140015244483948
540,CA,0.9999980124740281,0.708,0.708,1000,0.02397613786160946
540,NY,1.4318957539993125e-06,0.6678,0.6678,0,0.02397613786160946
540,TX,5.556302178350917e-07,0.6626,0.6626,0,0.02397613786160946
541,CA,0.9999980609445556,0.7338,0.7338,1000,0.023591632023453712
541,NY,1.3981942940711434e-06,0.6896,0.6896,0,0.023591632023453712
541,TX,5.408611504387236e-07,0.694,0.694,0,0.023591632023453712
542,CA,0.9999981090044839,0.7018,0.7018,1000,0.023788878694176674
542,NY,1.3625500016144158e-06,0.6634,0.6634,0,0.023788878694176674
542,TX,5.284455144057518e-07,0.6534,0.6534,0,0.023788878694176674
543,CA,0.9999981547786873,0.7066,0.7066,1000,0.025173960253596306
543,NY,1.3318050161189777e-06,0.6696,0.6696,0,0.025173960253596306
543,TX,5.134162965759333e-07,0.6654,0.6654,0,0.025173960253596306
544,CA,0.9999981960475319,0.7286,0.7286,1000,0.02416963316500187
544,NY,1.3029308254289584e-06,0.6816,0.6816,0,0.02416963316500187
544,TX,5.010216428010559e-07,0.6806,0.6806,0,0.02416963316500187
545,CA,0.9999982453860937,0.7052,0.7052,1000,0.026654504239559174
545,NY,1.26750467669949e-06,0.6604,0.6604,0,0.026654504239559174
545,TX,4.87109229686125e-07,0.6506,0.6506,0,0.026654504239559174
546,CA,0.9999982942837192,0.7252,0.7252,1000,0.024904673919081688
546,NY,1.2342041215694543e-06,0.6848,0.6848,0,0.024904673919081688
546,TX,4.7151215918061094e-07,0.6852,0.6852,0,0.024904673919081688
547,CA,0.9999983341180679,0.7228,0.7228,1000,0.024196652695536613
547,NY,1.2053021022788019e-06,0.682,0.682,0,0.024196652695536613
547,TX,4.605798297607732e-07,0.6866,0.6866,0,0.024196652695536613
548,CA,0.9999983723402692,0.7046,0.7046,1000,0.024116504937410355
548,NY,1.176757727839352e-06,0.6568,0.6568,0,0.024116504937410355
548,TX,4.509020028825797e-07,0.6554,0.6554,0,0.024116504937410355
549,CA,0.9999984183529843,0.7124,0.7124,1000,0.02438330091536045
549,NY,1.1437594117054887e-06,0.6618,0.6618,0,0.02438330091536045
549,TX,4.378876040812127e-07,0.6584,0.6584,0,0.02438330091536045
550,CA,0.9999984659587025,0.7198,0.7198,1000,0.02391957677900791
550,NY,1.109962322387575e-06,0.6798,0.6798,0,0.02391957677900791
550,TX,4.240789752273228e-07,0.6788,0.6788,0,0.02391957677900791
551,CA,0.9999985018847626,0.7208,0.7208,1000,0.023687630891799927
551,NY,1.0841462822022438e-06,0.6842,0.6842,0,0.023687630891799927
551,TX,4.139689552209582e-07,0.678,0.678,0,0.023687630891799927
552,CA,0.9999985352399119,0.7126,0.7126,1000,0.024607205763459206
552,NY,1.0610874182873762e-06,0.6712,0.6712,0,0.024607205763459206
552,TX,4.036726697063112e-07,0.6704,0.6704,0,0.024607205763459206
553,CA,0.9999985708372019,0.7232,0.7232,1000,0.026567697525024414
553,NY,1.03543697101848e-06,0.6874,0.6874,0,0.026567697525024414
553,TX,3.937258270936155e-07,0.691,0.691,0,0.026567697525024414
554,CA,0.9999985997059028,0.7042,0.7042,1000,0.025279317051172256
554,NY,1.0139254847585562e-06,0.6654,0.6654,0,0.025279317051172256
554,TX,3.863686123699132e-07,0.659,0.659,0,0.025279317051172256
555,CA,0.9999986330377256,0.716,0.716,1000,0.02487531118094921
555,NY,9.90841191527292e-07,0.682,0.682,0,0.02487531118094921
555,TX,3.7612108278777835e-07,0.684,0.684,0,0.02487531118094921
556,CA,0.9999986596836545,0.7244,0.7244,1000,0.024569205939769745
556,NY,9.712091658257195e-07,0.6772,0.6772,0,0.024569205939769745
556,TX,3.691071796572558e-07,0.6768,0.6768,0,0.024569205939769745
557,CA,0.9999986964561504,0.7276,0.7276,1000,0.02406902424991131
557,NY,9.446254191731253e-07,0.6794,0.6794,0,0.02406902424991131
557,TX,3.5891843053149524e-07,0.6794,0.6794,0,0.02406902424991131
558,CA,0.9999987328249474,0.7214,0.7214,1000,0.02503138966858387
558,NY,9.182704252460201e-07,0.6806,0.6806,0,0.02503138966858387
558,TX,3.489046273191448e-07,0.6802,0.6802,0,0.02503138966858387
559,CA,0.9999987629401094,0.7132,0.7132,1000,0.02468084543943405
559,NY,8.965059388541895e-07,0.6704,0.6704,0,0.02468084543943405
559,TX,3.405539517114253e-07,0.6758,0.6758,0,0.02468084543943405
560,CA,0.9999987927714836,0.7094,0.7094,1000,0.023682599887251854
560,NY,8.741090152552404e-07,0.6618,0.6618,0,0.023682599887251854
560,TX,3.3311950111067136e-07,0.656,0.656,0,0.023682599887251854
561,CA,0.9999988275182374,0.6992,0.6992,1000,0.024574898183345795
561,NY,8.497685808027133e-07,0.657,0.657,0,0.024574898183345795
561,TX,3.227131818223933e-07,0.6562,0.6562,0,0.024574898183345795
562,CA,0.9999988567889789,0.7194,0.7194,1000,0.0248086117208004
562,NY,8.286644183176177e-07,0.6708,0.6708,0,0.0248086117208004
562,TX,3.145466027417732e-07,0.6626,0.6626,0,0.0248086117208004
563,CA,0.9999988906026773,0.7146,0.7146,1000,0.02353399060666561
563,NY,8.052416871823274e-07,0.6734,0.6734,0,0.02353399060666561
563,TX,3.041556353390015e-07,0.6658,0.6658,0,0.02353399060666561
564,CA,0.9999989186084518,0.7216,0.7216,1000,0.027232496067881584
564,NY,7.858926146439344e-07,0.676,0.676,0,0.027232496067881584
564,TX,2.954989335922075e-07,0.6686,0.6686,0,0.027232496067881584
565,CA,0.9999989485213773,0.7172,0.7172,1000,0.02493199147284031
565,NY,7.650767086101689e-07,0.6698,0.6698,0,0.02493199147284031
565,TX,2.864019141154305e-07,0.672,0.672,0,0.02493199147284031
566,CA,0.9999989771784656,0.7278,0.7278,1000,0.023820050060749054
566,NY,7.439582603351081e-07,0.69,0.69,0,0.023820050060749054
566,TX,2.78863274006442e-07,0.6836,0.6836,0,0.023820050060749054
567,CA,0.9999990005881998,0.7022,0.7022,1000,0.024251921102404594
567,NY,7.276823066322345e-07,0.6598,0.6598,0,0.024251921102404594
567,TX,2.717294936381477e-07,0.6522,0.6522,0,0.024251921102404594
568,CA,0.9999990266956849,0.7342,0.7342,1000,0.024205472320318222
568,NY,7.095565292451065e-07,0.6912,0.6912,0,0.024205472320318222
568,TX,2.63747785871198e-07,0.6962,0.6962,0,0.024205472320318222
569,CA,0.9999990500685993,0.7202,0.7202,1000,0.02370740845799446
569,NY,6.919628821974949e-07,0.685,0.685,0,0.02370740845799446
569,TX,2.5796851853941504e-07,0.6838,0.6838,0,0.02370740845799446
570,CA,0.9999990696867344,0.7092,0.7092,1000,0.02331492491066456
570,NY,6.778034410979604e-07,0.6672,0.6672,0,0.02331492491066456
570,TX,2.525098244611983e-07,0.6622,0.6622,0,0.02331492491066456
571,CA,0.999999093285886,0.7036,0.7036,1000,0.024673476815223694
571,NY,6.611478607924091e-07,0.6662,0.6662,0,0.024673476815223694
571,TX,2.4556625329071617e-07,0.6624,0.6624,0,0.024673476815223694
572,CA,0.9999991137391783,0.7104,0.7104,1000,0.024076545611023903
572,NY,6.466333577035528e-07,0.6664,0.6664,0,0.024076545611023903
572,TX,2.3962746408788925e-07,0.66,0.66,0,0.024076545611023903
573,CA,0.9999991374348383,0.711,0.711,1000,0.024396268650889397
573,NY,6.299987446272669e-07,0.6638,0.6638,0,0.024396268650889397
573,TX,2.3256641710219942e-07,0.6606,0.6606,0,0.024396268650889397
574,CA,0.9999991616646767,0.707,0.707,1000,0.02377132885158062
574,NY,6.126194837570948e-07,0.6626,0.6626,0,0.02377132885158062
574,TX,2.2571583962447637e-07,0.6518,0.6518,0,0.02377132885158062
575,CA,0.9999991848982954,0.7036,0.7036,1000,0.023620102554559708
575,NY,5.966849310831649e-07,0.6654,0.6654,0,0.023620102554559708
575,TX,2.184167736110603e-07,0.662,0.662,0,0.023620102554559708
576,CA,0.9999992036113012,0.723,0.723,1000,0.024488719180226326
576,NY,5.83305413724694e-07,0.678,0.678,0,0.024488719180226326
576,TX,2.1308328512242967e-07,0.6754,0.6754,0,0.024488719180226326
577,CA,0.9999992247322992,0.7008,0.7008,1000,0.023912927135825157
577,NY,5.680710997695881e-07,0.6586,0.6586,0,0.023912927135825157
577,TX,2.0719660094852897e-07,0.655,0.655,0,0.023912927135825157
578,CA,0.9999992444066758,0.7046,0.7046,1000,0.024184202775359154
578,NY,5.539762139082222e-07,0.6594,0.6594,0,0.024184202775359154
578,TX,2.0161711036945468e-07,0.6506,0.6506,0,0.024184202775359154
579,CA,0.9999992654831877,0.7182,0.7182,1000,0.02433215081691742
579,NY,5.392867234156308e-07,0.6746,0.6746,0,0.02433215081691742
579,TX,1.9523008881254416e-07,0.6678,0.6678,0,0.02433215081691742
580,CA,0.9999992848944751,0.7236,0.7236,1000,0.024489078670740128
580,NY,5.256021211511808e-07,0.687,0.687,0,0.024489078670740128
580,TX,1.8950340381909733e-07,0.687,0.687,0,0.024489078670740128
581,CA,0.9999993000794622,0.6986,0.6986,1000,0.0240266565233469
581,NY,5.144411649143883e-07,0.668,0.668,0,0.0240266565233469
581,TX,1.854793728807979e-07,0.6614,0.6614,0,0.0240266565233469
582,CA,0.9999993134090965,0.7226,0.7226,1000,0.024102533236145973
582,NY,5.051735985607001e-07,0.6794,0.6794,0,0.024102533236145973
582,TX,1.8141730496394658e-07,0.6796,0.6796,0,0.024102533236145973
583,CA,0.9999993306066025,0.7096,0.7096,1000,0.025011511519551277
583,NY,4.925046766591297e-07,0.6708,0.6708,0,0.025011511519551277
583,TX,1.7688872092051237e-07,0.6686,0.6686,0,0.025011511519551277
584,CA,0.9999993460263508,0.7122,0.7122,1000,0.0240949634462595
584,NY,4.813271095289165e-07,0.6726,0.6726,0,0.0240949634462595
584,TX,1.7264653970473167e-07,0.6678,0.6678,0,0.0240949634462595
585,CA,0.9999993616355337,0.7042,0.7042,1000,0.024226592853665352
585,NY,4.701949164609995e-07,0.6582,0.6582,0,0.024226592853665352
585,TX,1.6816954994396738e-07,0.6562,0.6562,0,0.024226592853665352
586,CA,0.9999993790637028,0.726,0.726,1000,0.024730633944272995
586,NY,4.575033587982538e-07,0.6782,0.6782,0,0.024730633944272995
586,TX,1.634329383120159e-07,0.6848,0.6848,0,0.024730633944272995
587,CA,0.9999993956350125,0.711,0.711,1000,0.0281992144882679
587,NY,4.448332268009229e-07,0.6668,0.6668,0,0.0281992144882679
587,TX,1.595317607364006e-07,0.6626,0.6626,0,0.0281992144882679
588,CA,0.9999994116390742,0.703,0.703,1000,0.023777520284056664
588,NY,4.333419253640944e-07,0.654,0.654,0,0.023777520284056664
588,TX,1.550190003771009e-07,0.6452,0.6452,0,0.023777520284056664
589,CA,0.999999429368866,0.7198,0.7198,1000,0.024185173213481903
589,NY,4.2087349222548694e-07,0.6692,0.6692,0,0.024185173213481903
589,TX,1.4975764177461336e-07,0.6666,0.6666,0,0.024185173213481903
590,CA,0.9999994463843846,0.7118,0.7118,1000,0.0239434652030468
590,NY,4.084905484222389e-07,0.666,0.666,0,0.0239434652030468
590,TX,1.451250668847597e-07,0.6658,0.6658,0,0.0239434652030468
591,CA,0.9999994612135742,0.6964,0.6964,1000,0.024776272475719452
591,NY,3.975612009366691e-07,0.6634,0.6634,0,0.024776272475719452
591,TX,1.4122522491037586e-07,0.6576,0.6576,0,0.024776272475719452
592,CA,0.9999994721774085,0.7296,0.7296,1000,0.025085218250751495
592,NY,3.8982746338627625e-07,0.6854,0.6854,0,0.025085218250751495
592,TX,1.3799512814077955e-07,0.6878,0.6878,0,0.025085218250751495
593,CA,0.9999994854744474,0.716,0.716,1000,0.024646706879138947
593,NY,3.798654113827425e-07,0.6742,0.6742,0,0.024646706879138947
593,TX,1.3466014128873638e-07,0.6652,0.6652,0,0.024646706879138947
594,CA,0.999999498714015,0.716,0.716,1000,0.023910406976938248
594,NY,3.7061228447375784e-07,0.6734,0.6734,0,0.023910406976938248
594,TX,1.3067370060768875e-07,0.6666,0.6666,0,0.023910406976938248
595,CA,0.999999511676342,0.7208,0.7208,1000,0.02476748265326023
595,NY,3.614117744040793e-07,0.6796,0.6796,0,0.02476748265326023
595,TX,1.2691188359890517e-07,0.675,0.675,0,0.02476748265326023
596,CA,0.9999995237072111,0.7138,0.7138,1000,0.023815128952264786
596,NY,3.527587305858671e-07,0.6672,0.6672,0,0.023815128952264786
596,TX,1.2353405833662153e-07,0.6678,0.6678,0,0.023815128952264786
597,CA,0.999999536614851,0.7082,0.7082,1000,0.023719940334558487
597,NY,3.431668591574245e-07,0.6692,0.6692,0,0.023719940334558487
597,TX,1.2021828985481444e-07,0.6616,0.6616,0,0.023719940334558487
598,CA,0.9999995477292822,0.7032,0.7032,1000,0.02419118396937847
598,NY,3.3533200308633594e-07,0.6602,0.6602,0,0.02419118396937847
598,TX,1.1693871481262186e-07,0.6542,0.6542,0,0.02419118396937847
599,CA,0.9999995595595218,0.7194,0.7194,1000,0.023563841357827187
599,NY,3.268660157996991e-07,0.6756,0.6756,0,0.023563841357827187
599,TX,1.1357446238344404e-07,0.6804,0.6804,0,0.023563841357827187
600,CA,0.9999995704622365,,,0,
600,NY,3.18539433549703e-07,,,0,
600,TX,1.1099833003950746e-07,,,0,
