t,state,p,acc,fitness,sample_count,step_seconds
0,CA,0.3333333333333333,0.7746,0.7746,353,0.06782398000359535
0,NY,0.3333333333333333,0.7506,0.7506,324,0.06782398000359535
0,TX,0.3333333333333333,0.759,0.759,323,0.06782398000359535
1,CA,0.33583134627758227,0.781,0.781,322,0.04068886488676071
1,NY,0.33128950456076606,0.7524,0.7524,319,0.04068886488676071
1,TX,0.33287914916165173,0.7574,0.7574,359,0.04068886488676071
2,CA,0.3391314182566052,0.7764,0.7764,333,0.038924310356378555
2,NY,0.3291726911866712,0.755,0.755,333,0.038924310356378555
2,TX,0.3316958905567236,0.7612,0.7612,334,0.038924310356378555
3,CA,0.34145456894910675,0.7772,0.7772,332,0.040389690548181534
3,NY,0.32743496734550953,0.757,0.757,325,0.040389690548181534
3,TX,0.33111046370538366,0.7602,0.7602,343,0.040389690548181534
4,CA,0.3438231537753239,0.774,0.774,335,0.03915536403656006
4,NY,0.32595879591414006,0.7476,0.7476,308,0.03915536403656006
4,TX,0.33021805031053597,0.7564,0.7564,357,0.03915536403656006
5,CA,0.3466402703128917,0.7814,0.7814,348,0.038845982402563095
5,NY,0.3237389996762017,0.7496,0.7496,324,0.038845982402563095
5,TX,0.3296207300109068,0.7562,0.7562,328,0.038845982402563095
6,CA,0.3502980756981335,0.7764,0.7764,337,0.03842858225107193
6,NY,0.3213150585583019,0.7388,0.7388,345,0.03842858225107193
6,TX,0.3283868657435646,0.7562,0.7562,318,0.03842858225107193
7,CA,0.35402785619794375,0.769,0.769,369,0.03842150792479515
7,NY,0.3178627453743015,0.7378,0.7378,321,0.03842150792479515
7,TX,0.3281093984277548,0.7522,0.7522,310,0.03842150792479515
8,CA,0.3571429249369725,0.7728,0.7728,339,0.038208648562431335
8,NY,0.3150040995840812,0.7464,0.7464,325,0.038208648562431335
8,TX,0.3278529754789462,0.7524,0.7524,336,0.038208648562431335
9,CA,0.360191449179412,0.7758,0.7758,353,0.037960924208164215
9,NY,0.3129619456390815,0.7428,0.7428,309,0.037960924208164215
9,TX,0.3268466051815067,0.7544,0.7544,338,0.037960924208164215
10,CA,0.3637395921879186,0.775,0.775,380,0.0383906215429306
10,NY,0.31017172804400717,0.745,0.745,309,0.0383906215429306
10,TX,0.32608867976807415,0.7532,0.7532,311,0.0383906215429306
11,CA,0.3671345808139061,0.7768,0.7768,361,0.038641639053821564
11,NY,0.3077754685077452,0.7544,0.7544,305,0.038641639053821564
11,TX,0.3250899506783487,0.7588,0.7588,334,0.038641639053821564
12,CA,0.36978723179076345,0.7758,0.7758,375,0.03946297615766525
12,NY,0.30609109332849144,0.7536,0.7536,305,0.03946297615766525
12,TX,0.32412167488074517,0.761,0.761,320,0.03946297615766525
13,CA,0.372217022732475,0.7758,0.7758,393,0.03825145587325096
13,NY,0.30425063775191397,0.7508,0.7508,303,0.03825145587325096
13,TX,0.32353233951561106,0.7584,0.7584,304,0.03825145587325096
14,CA,0.3750121341462211,0.777,0.777,364,0.039351969957351685
14,NY,0.302219910635354,0.752,0.752,288,0.039351969957351685
14,TX,0.3227679552184249,0.7636,0.7636,348,0.039351969957351685
15,CA,0.3775362493809239,0.7804,0.7804,354,0.038533393293619156
15,NY,0.29997363347952,0.7528,0.7528,309,0.038533393293619156
15,TX,0.3224901171395561,0.7642,0.7642,337,0.038533393293619156
16,CA,0.380421592930959,0.7718,0.7718,383,0.04154517129063606
16,NY,0.2975804288174094,0.744,0.744,298,0.04154517129063606
16,TX,0.3219979782516316,0.7552,0.7552,319,0.04154517129063606
17,CA,0.38336812737421266,0.775,0.775,397,0.03927835822105408
17,NY,0.2951800433835703,0.7536,0.7536,282,0.03927835822105408
17,TX,0.32145182924221705,0.7602,0.7602,321,0.03927835822105408
18,CA,0.3857750026096269,0.7774,0.7774,399,0.03987912833690643
18,NY,0.2934521197893221,0.7548,0.7548,290,0.03987912833690643
18,TX,0.32077287760105105,0.7582,0.7582,311,0.03987912833690643
19,CA,0.3885713119074698,0.7694,0.7694,408,0.03884885832667351
19,NY,0.29182087256824923,0.7442,0.7442,302,0.03884885832667351
19,TX,0.31960781552428097,0.752,0.752,290,0.03884885832667351
20,CA,0.39142839452050876,0.7734,0.7734,397,0.03931991755962372
20,NY,0.289779863701518,0.7506,0.7506,281,0.03931991755962372
20,TX,0.31879174177797326,0.7582,0.7582,322,0.03931991755962372
21,CA,0.39397266961375443,0.7704,0.7704,386,0.03834198787808418
21,NY,0.2879136084427757,0.7536,0.7536,316,0.03834198787808418
21,TX,0.3181137219434699,0.7576,0.7576,298,0.03834198787808418
22,CA,0.3959652003779966,0.779,0.779,393,0.03776702657341957
22,NY,0.28662380203037463,0.7532,0.7532,273,0.03776702657341957
22,TX,0.3174109975916288,0.7588,0.7588,334,0.03776702657341957
23,CA,0.39906227270817585,0.7742,0.7742,376,0.038352686911821365
23,NY,0.2846763695413391,0.7516,0.7516,295,0.038352686911821365
23,TX,0.3162613577504851,0.76,0.76,329,0.038352686911821365
24,CA,0.4015347138213766,0.7738,0.7738,415,0.03867550939321518
24,NY,0.28279140519158585,0.745,0.745,290,0.03867550939321518
24,TX,0.31567388098703747,0.7534,0.7534,295,0.03867550939321518
25,CA,0.4048634914144512,0.7744,0.7744,375,0.037968505173921585
25,NY,0.280506226199438,0.7436,0.7436,288,0.037968505173921585
25,TX,0.31463028238611085,0.7582,0.7582,337,0.037968505173921585
26,CA,0.4080222148772026,0.7754,0.7754,421,0.0386638268828392
26,NY,0.27778771152498943,0.7476,0.7476,264,0.0386638268828392
26,TX,0.31419007359780793,0.7574,0.7574,315,0.0386638268828392
27,CA,0.4111200696030829,0.7796,0.7796,395,0.03804108127951622
27,NY,0.2755140302100174,0.7598,0.7598,277,0.03804108127951622
27,TX,0.31336590018689975,0.7674,0.7674,328,0.03804108127951622
28,CA,0.413274746507921,0.7756,0.7756,420,0.03773762285709381
28,NY,0.27387653578364707,0.7528,0.7528,268,0.03773762285709381
28,TX,0.312848717708432,0.762,0.762,312,0.03773762285709381
29,CA,0.4157329767176532,0.7784,0.7784,387,0.03954807668924332
29,NY,0.27196790813576405,0.7546,0.7546,295,0.03954807668924332
29,TX,0.31229911514658265,0.761,0.761,318,0.03954807668924332
30,CA,0.41853517629057435,0.7764,0.7764,419,0.038839276880025864
30,NY,0.27013684662994253,0.7466,0.7466,264,0.038839276880025864
30,TX,0.3113279770794831,0.7584,0.7584,317,0.038839276880025864
31,CA,0.4217770906353208,0.774,0.774,438,0.03862329199910164
31,NY,0.2676625057741833,0.7546,0.7546,262,0.03862329199910164
31,TX,0.31056040359049586,0.762,0.762,300,0.03862329199910164
32,CA,0.42390843184729815,0.7612,0.7612,425,0.03860178962349892
32,NY,0.26607319044398875,0.739,0.739,266,0.03860178962349892
32,TX,0.31001837770871316,0.7506,0.7506,309,0.03860178962349892
33,CA,0.4261327372180109,0.7752,0.7752,423,0.03749765083193779
33,NY,0.26409785084577375,0.7458,0.7458,259,0.03749765083193779
33,TX,0.30976941193621527,0.7572,0.7572,318,0.03749765083193779
34,CA,0.42935929936497563,0.7704,0.7704,430,0.038460955023765564
34,NY,0.2616905505419195,0.745,0.745,261,0.038460955023765564
34,TX,0.3089501500931049,0.7534,0.7534,309,0.038460955023765564
35,CA,0.43226460695530367,0.7758,0.7758,426,0.03811896964907646
35,NY,0.2596814188478482,0.7504,0.7504,277,0.03811896964907646
35,TX,0.30805397419684816,0.7616,0.7616,297,0.03811896964907646
36,CA,0.4349515865060113,0.7758,0.7758,464,0.038723066449165344
36,NY,0.25755819327859963,0.75,0.75,264,0.038723066449165344
36,TX,0.3074902202153891,0.7598,0.7598,272,0.038723066449165344
37,CA,0.4378027640413885,0.7734,0.7734,453,0.038924794644117355
37,NY,0.2554800231347645,0.734,0.734,258,0.038924794644117355
37,TX,0.30671721282384695,0.754,0.754,289,0.038924794644117355
38,CA,0.4417927567153203,0.7778,0.7778,412,0.0379786416888237
38,NY,0.25208060235993907,0.742,0.742,253,0.0379786416888237
38,TX,0.30612664092474057,0.7502,0.7502,335,0.0379786416888237
39,CA,0.4461781373874605,0.7726,0.7726,442,0.0394999124109745
39,NY,0.24945623978310322,0.7446,0.7446,266,0.0394999124109745
39,TX,0.30436562282943624,0.7534,0.7534,292,0.0394999124109745
40,CA,0.4494307407988098,0.777,0.777,453,0.043317072093486786
40,NY,0.24730561856387703,0.7428,0.7428,246,0.043317072093486786
40,TX,0.3032636406373131,0.7522,0.7522,301,0.043317072093486786
41,CA,0.4535086926069725,0.7772,0.7772,451,0.040559396147727966
41,NY,0.2447467581276161,0.7526,0.7526,225,0.040559396147727966
41,TX,0.3017445492654114,0.7622,0.7622,324,0.040559396147727966
42,CA,0.4562161445619281,0.7758,0.7758,473,0.03867783024907112
42,NY,0.24279988959890633,0.7472,0.7472,227,0.03867783024907112
42,TX,0.3009839658391655,0.7482,0.7482,300,0.03867783024907112
43,CA,0.46016824145783397,0.7722,0.7722,461,0.03946494683623314
43,NY,0.24095894153688102,0.7354,0.7354,237,0.03946494683623314
43,TX,0.2988728170052849,0.7528,0.7528,302,0.03946494683623314
44,CA,0.4640080301007064,0.7794,0.7794,463,0.03919041529297829
44,NY,0.23792427887661144,0.7534,0.7534,227,0.03919041529297829
44,TX,0.2980676910226821,0.7626,0.7626,310,0.03919041529297829
45,CA,0.46694541657225414,0.7752,0.7752,468,0.03871824964880943
45,NY,0.23593197216170564,0.7476,0.7476,231,0.03871824964880943
45,TX,0.29712261126604017,0.759,0.759,301,0.03871824964880943
46,CA,0.4699434793270391,0.7794,0.7794,469,0.039543163031339645
46,NY,0.23375507899763986,0.743,0.743,227,0.039543163031339645
46,TX,0.2963014416753211,0.751,0.751,304,0.039543163031339645
47,CA,0.47445596936995904,0.7738,0.7738,442,0.03850097581744194
47,NY,0.23117195401026394,0.7492,0.7492,268,0.03850097581744194
47,TX,0.29437207661977705,0.7548,0.7548,290,0.03850097581744194
48,CA,0.4774924258970729,0.7796,0.7796,480,0.038149621337652206
48,NY,0.22942489101011995,0.7558,0.7558,234,0.038149621337652206
48,TX,0.2930826830928072,0.7606,0.7606,286,0.038149621337652206
49,CA,0.48047008861748686,0.7758,0.7758,446,0.03842528536915779
49,NY,0.22776817954966908,0.7482,0.7482,234,0.03842528536915779
49,TX,0.2917617318328441,0.7548,0.7548,320,0.03842528536915779
50,CA,0.4838523681983607,0.7766,0.7766,507,0.03983599692583084
50,NY,0.22580659911169335,0.751,0.751,221,0.03983599692583084
50,TX,0.2903410326899459,0.7568,0.7568,272,0.03983599692583084
51,CA,0.4870128809666236,0.7772,0.7772,505,0.03897044435143471
51,NY,0.2240065385230011,0.7446,0.7446,206,0.03897044435143471
51,TX,0.28898058051037534,0.7538,0.7538,289,0.03897044435143471
52,CA,0.49089784595040503,0.7738,0.7738,491,0.038364704698324203
52,NY,0.2216516339540129,0.741,0.741,212,0.038364704698324203
52,TX,0.2874505200955821,0.7564,0.7564,297,0.038364704698324203
53,CA,0.4943177210541749,0.7814,0.7814,462,0.03845059499144554
53,NY,0.21906858912829122,0.7514,0.7514,211,0.03845059499144554
53,TX,0.28661368981753393,0.7568,0.7568,327,0.03845059499144554
54,CA,0.49812700695139317,0.7796,0.7796,475,0.03789361193776131
54,NY,0.2170390686743321,0.7506,0.7506,243,0.03789361193776131
54,TX,0.28483392437427474,0.757,0.757,282,0.03789361193776131
55,CA,0.5017163196952138,0.7772,0.7772,486,0.03909016400575638
55,NY,0.21504065964621177,0.7536,0.7536,217,0.03909016400575638
55,TX,0.2832430206585744,0.7594,0.7594,297,0.03909016400575638
56,CA,0.5045886834891877,0.7728,0.7728,476,0.03836797922849655
56,NY,0.21339984234255846,0.7416,0.7416,225,0.03836797922849655
56,TX,0.2820114741682538,0.7502,0.7502,299,0.03836797922849655
57,CA,0.508325291408867,0.7766,0.7766,470,0.03761782869696617
57,NY,0.21119662767482855,0.7494,0.7494,206,0.03761782869696617
57,TX,0.2804780809163045,0.76,0.76,324,0.03761782869696617
58,CA,0.5113186277929453,0.779,0.779,525,0.03856566548347473
58,NY,0.20918779401441082,0.7496,0.7496,213,0.03856566548347473
58,TX,0.27949357819264387,0.7542,0.7542,262,0.03856566548347473
59,CA,0.5151063713982729,0.776,0.776,514,0.03788992390036583
59,NY,0.2072547386718016,0.7442,0.7442,197,0.03788992390036583
59,TX,0.2776388899299255,0.753,0.753,289,0.03788992390036583
60,CA,0.5188977124815054,0.776,0.776,517,0.03808432072401047
60,NY,0.2050419031251621,0.751,0.751,214,0.03808432072401047
60,TX,0.2760603843933325,0.7648,0.7648,269,0.03808432072401047
61,CA,0.5213099226526691,0.7702,0.7702,531,0.043293148279190063
61,NY,0.2030953799242303,0.747,0.747,196,0.043293148279190063
61,TX,0.2755946974231007,0.759,0.759,273,0.043293148279190063
62,CA,0.5236166737062135,0.7662,0.7662,515,0.04021396487951279
62,NY,0.2013205409650489,0.7458,0.7458,211,0.04021396487951279
62,TX,0.27506278532873774,0.7558,0.7558,274,0.04021396487951279
63,CA,0.5256905027988473,0.7756,0.7756,525,0.04204179719090462
63,NY,0.19978338212685018,0.747,0.747,186,0.04204179719090462
63,TX,0.2745261150743025,0.7566,0.7566,289,0.04204179719090462
64,CA,0.5289464610745657,0.7824,0.7824,536,0.03900466114282608
64,NY,0.19778288813208608,0.7544,0.7544,160,0.03900466114282608
64,TX,0.2732706507933482,0.7564,0.7564,304,0.03900466114282608
65,CA,0.5327251988448601,0.773,0.773,531,0.03851279243826866
65,NY,0.19606662986084025,0.7428,0.7428,201,0.03851279243826866
65,TX,0.27120817129429964,0.754,0.754,268,0.03851279243826866
66,CA,0.5360735168966199,0.7736,0.7736,550,0.038842905312776566
66,NY,0.19393831239312015,0.7432,0.7432,186,0.038842905312776566
66,TX,0.26998817071025993,0.7508,0.7508,264,0.038842905312776566
67,CA,0.5397410092731099,0.7762,0.7762,522,0.037498604506254196
67,NY,0.19191822281659873,0.7444,0.7444,196,0.037498604506254196
67,TX,0.26834076791029143,0.7538,0.7538,282,0.037498604506254196
68,CA,0.5434473658001692,0.7784,0.7784,559,0.21450100466609
68,NY,0.18977652797491093,0.7478,0.7478,192,0.21450100466609
68,TX,0.2667761062249199,0.7548,0.7548,249,0.21450100466609
69,CA,0.5471711937139557,0.7782,0.7782,522,0.038555581122636795
69,NY,0.18778916015617167,0.7426,0.7426,198,0.038555581122636795
69,TX,0.2650396461298726,0.7572,0.7572,280,0.038555581122636795
70,CA,0.5509671493646323,0.7746,0.7746,541,0.038416195660829544
70,NY,0.1853062653343571,0.7482,0.7482,185,0.038416195660829544
70,TX,0.2637265853010106,0.7568,0.7568,274,0.038416195660829544
71,CA,0.5539596485709626,0.7694,0.7694,538,0.03872650861740112
71,NY,0.18354103134142516,0.7416,0.7416,208,0.03872650861740112
71,TX,0.2624993200876123,0.7526,0.7526,254,0.03872650861740112
72,CA,0.5569538750495618,0.7718,0.7718,566,0.040472306311130524
72,NY,0.18163379609969976,0.7414,0.7414,199,0.040472306311130524
72,TX,0.26141232885073834,0.7512,0.7512,235,0.040472306311130524
73,CA,0.5604035805054215,0.7778,0.7778,553,0.03803975135087967
73,NY,0.17962309445581992,0.7512,0.7512,170,0.03803975135087967
73,TX,0.25997332503875864,0.7566,0.7566,277,0.03803975135087967
74,CA,0.5636659210896301,0.7738,0.7738,559,0.03832592815160751
74,NY,0.17796553218844857,0.7412,0.7412,170,0.03832592815160751
74,TX,0.2583685467219214,0.7552,0.7552,271,0.03832592815160751
75,CA,0.5670569238337279,0.778,0.778,579,0.03908837214112282
75,NY,0.17574573111072694,0.754,0.754,170,0.03908837214112282
75,TX,0.25719734505554515,0.757,0.757,251,0.03908837214112282
76,CA,0.5701414086693918,0.77,0.77,579,0.03807620704174042
76,NY,0.1743165186989651,0.7362,0.7362,165,0.03807620704174042
76,TX,0.25554207263164314,0.7464,0.7464,256,0.03807620704174042
77,CA,0.57400791667126,0.768,0.768,579,0.03903907537460327
77,NY,0.17214734429378506,0.7512,0.7512,167,0.03903907537460327
77,TX,0.2538447390349549,0.76,0.76,254,0.03903907537460327
78,CA,0.5756106515588535,0.77,0.77,589,0.03986229747533798
78,NY,0.17098765443767994,0.7466,0.7466,162,0.03986229747533798
78,TX,0.2534016940034666,0.764,0.764,249,0.03986229747533798
79,CA,0.5774118899976743,0.7736,0.7736,579,0.04013541340827942
79,NY,0.1692551316676509,0.7516,0.7516,148,0.04013541340827942
79,TX,0.2533329783346747,0.7588,0.7588,273,0.04013541340827942
80,CA,0.5798550692416421,0.7752,0.7752,571,0.0438942052423954
80,NY,0.16786294457936596,0.7332,0.7332,176,0.0438942052423954
80,TX,0.2522819861789919,0.7456,0.7456,253,0.0438942052423954
81,CA,0.5846362923088688,0.776,0.776,557,0.03856862708926201
81,NY,0.16524279848406193,0.7412,0.7412,170,0.03856862708926201
81,TX,0.2501209092070693,0.7536,0.7536,273,0.03856862708926201
82,CA,0.5883976500469102,0.763,0.763,610,0.0379318967461586
82,NY,0.16304721932585695,0.7358,0.7358,150,0.0379318967461586
82,TX,0.2485551306272328,0.752,0.752,240,0.0379318967461586
83,CA,0.5908000551299393,0.7706,0.7706,571,0.0386459119617939
83,NY,0.16118713123490475,0.744,0.744,180,0.0386459119617939
83,TX,0.24801281363515604,0.7558,0.7558,249,0.0386459119617939
84,CA,0.593467463568639,0.7788,0.7788,603,0.037989333271980286
84,NY,0.15948240400505997,0.7428,0.7428,161,0.037989333271980286
84,TX,0.24705013242630094,0.7558,0.7558,236,0.037989333271980286
85,CA,0.5973033679564373,0.7714,0.7714,611,0.038793135434389114
85,NY,0.15726470097391926,0.743,0.743,160,0.038793135434389114
85,TX,0.2454319310696434,0.756,0.756,229,0.038793135434389114
86,CA,0.600096853447137,0.7716,0.7716,598,0.03868125379085541
86,NY,0.15546706017530393,0.7336,0.7336,151,0.03868125379085541
86,TX,0.24443608637755898,0.7476,0.7476,251,0.03868125379085541
87,CA,0.6041118355247586,0.776,0.776,612,0.03893735259771347
87,NY,0.15315021391270747,0.7492,0.7492,150,0.03893735259771347
87,TX,0.24273795056253403,0.7594,0.7594,238,0.03893735259771347
88,CA,0.6068913279981527,0.7806,0.7806,614,0.03812352567911148
88,NY,0.15153316786588103,0.7508,0.7508,160,0.03812352567911148
88,TX,0.2415755041359662,0.761,0.761,226,0.03812352567911148
89,CA,0.6100607137612154,0.7746,0.7746,623,0.03792514279484749
89,NY,0.14977523099013307,0.7406,0.7406,164,0.03792514279484749
89,TX,0.24016405524865148,0.75,0.75,213,0.03792514279484749
90,CA,0.6138659470776456,0.7754,0.7754,626,0.038253188133239746
90,NY,0.1478219694069189,0.7508,0.7508,144,0.038253188133239746
90,TX,0.23831208351543556,0.7598,0.7598,230,0.038253188133239746
91,CA,0.6164192884530733,0.7752,0.7752,633,0.039060477167367935
91,NY,0.14638008120726417,0.7482,0.7482,120,0.039060477167367935
91,TX,0.2372006303396626,0.757,0.757,247,0.039060477167367935
92,CA,0.6193041579528554,0.779,0.779,627,0.0388728566467762
92,NY,0.14482835118863832,0.7448,0.7448,139,0.0388728566467762
92,TX,0.2358674908585063,0.7524,0.7524,234,0.0388728566467762
93,CA,0.6232373866323376,0.7756,0.7756,612,0.04015549272298813
93,NY,0.1429462586197306,0.7422,0.7422,148,0.04015549272298813
93,TX,0.23381635474793178,0.7536,0.7536,240,0.04015549272298813
94,CA,0.6267382984960229,0.7748,0.7748,635,0.03745916113257408
94,NY,0.1410452296770133,0.739,0.739,133,0.03745916113257408
94,TX,0.23221647182696392,0.7512,0.7512,232,0.03745916113257408
95,CA,0.6304788726519899,0.774,0.774,620,0.03778842091560364
95,NY,0.13902498857183312,0.7448,0.7448,159,0.03778842091560364
95,TX,0.2304961387761769,0.755,0.755,221,0.03778842091560364
96,CA,0.6334924097229949,0.7708,0.7708,664,0.03911470249295235
96,NY,0.13739020858333453,0.7386,0.7386,137,0.03911470249295235
96,TX,0.22911738169367046,0.7472,0.7472,199,0.03911470249295235
97,CA,0.6370290704085168,0.7792,0.7792,639,0.038573604077100754
97,NY,0.1356449971264679,0.7558,0.7558,147,0.038573604077100754
97,TX,0.2273259324650154,0.762,0.762,214,0.038573604077100754
98,CA,0.6395756177193661,0.7698,0.7698,636,0.03917428106069565
98,NY,0.1343961113471077,0.7398,0.7398,149,0.03917428106069565
98,TX,0.2260282709335262,0.7526,0.7526,215,0.03917428106069565
99,CA,0.6424504800152958,0.7706,0.7706,618,0.03920597955584526
99,NY,0.13271181771891044,0.7498,0.7498,140,0.03920597955584526
99,TX,0.2248377022657937,0.7564,0.7564,242,0.03920597955584526
100,CA,0.6446178103257942,0.7742,0.7742,653,0.03927183896303177
100,NY,0.13159524367165332,0.7438,0.7438,132,0.03927183896303177
100,TX,0.2237869460025524,0.7462,0.7462,215,0.03927183896303177
101,CA,0.648369645717076,0.7772,0.7772,640,0.041480038315057755
101,NY,0.1300932205232542,0.7478,0.7478,130,0.041480038315057755
101,TX,0.22153713375966974,0.7532,0.7532,230,0.041480038315057755
102,CA,0.6517219992021522,0.7714,0.7714,661,0.03910624980926514
102,NY,0.1286026156897001,0.7434,0.7434,130,0.03910624980926514
102,TX,0.2196753851081476,0.7496,0.7496,209,0.03910624980926514
103,CA,0.6548234078186248,0.7762,0.7762,641,0.0388050377368927
103,NY,0.12717215122490322,0.7442,0.7442,144,0.0388050377368927
103,TX,0.21800444095647212,0.754,0.754,215,0.0388050377368927
104,CA,0.6581244817526766,0.7742,0.7742,651,0.03897485136985779
104,NY,0.12551056515363668,0.7466,0.7466,125,0.03897485136985779
104,TX,0.21636495309368672,0.7594,0.7594,224,0.03897485136985779
105,CA,0.6606066129533779,0.7772,0.7772,621,0.038384463638067245
105,NY,0.12402408633977968,0.7474,0.7474,147,0.038384463638067245
105,TX,0.21536930070684235,0.7556,0.7556,232,0.038384463638067245
106,CA,0.6637242701082209,0.7738,0.7738,661,0.038380201905965805
106,NY,0.12251995959236969,0.751,0.751,128,0.038380201905965805
106,TX,0.21375577029940945,0.7578,0.7578,211,0.038380201905965805
107,CA,0.666057441540436,0.7758,0.7758,649,0.03876892849802971
107,NY,0.1213702724022924,0.742,0.742,129,0.03876892849802971
107,TX,0.21257228605727163,0.7516,0.7516,222,0.03876892849802971
108,CA,0.6695437459963818,0.7782,0.7782,672,0.03869252651929855
108,NY,0.11968333947878358,0.7492,0.7492,126,0.03869252651929855
108,TX,0.21077291452483468,0.758,0.758,202,0.03869252651929855
109,CA,0.6724664259597928,0.7728,0.7728,690,0.03881710022687912
109,NY,0.1182453877996905,0.7438,0.7438,119,0.03881710022687912
109,TX,0.2092881862405167,0.7558,0.7558,191,0.03881710022687912
110,CA,0.6751272588585376,0.772,0.772,690,0.04024392366409302
110,NY,0.11677131669367737,0.7426,0.7426,113,0.04024392366409302
110,TX,0.20810142444778504,0.7562,0.7562,197,0.04024392366409302
111,CA,0.6776977216533794,0.7708,0.7708,673,0.038010064512491226
111,NY,0.11527113028696498,0.746,0.746,117,0.038010064512491226
111,TX,0.20703114805965564,0.753,0.753,210,0.038010064512491226
112,CA,0.6802113994994976,0.7746,0.7746,715,0.038648586720228195
112,NY,0.11407833081860626,0.7424,0.7424,109,0.038648586720228195
112,TX,0.2057102696818962,0.7478,0.7478,176,0.038648586720228195
113,CA,0.6837508901475592,0.7766,0.7766,663,0.038830459117889404
113,NY,0.11259122441955922,0.7466,0.7466,132,0.038830459117889404
113,TX,0.2036578854328816,0.7518,0.7518,205,0.038830459117889404
114,CA,0.6870101676561391,0.7762,0.7762,679,0.03876533731818199
114,NY,0.11121762072579301,0.7422,0.7422,124,0.03876533731818199
114,TX,0.20177221161806794,0.7574,0.7574,197,0.03876533731818199
115,CA,0.6899525135716303,0.7736,0.7736,707,0.037528179585933685
115,NY,0.10955590234755111,0.7408,0.7408,104,0.037528179585933685
115,TX,0.20049158408081863,0.7552,0.7552,189,0.037528179585933685
116,CA,0.6927971688807969,0.7756,0.7756,683,0.038249775767326355
116,NY,0.10797317725241837,0.7458,0.7458,134,0.038249775767326355
116,TX,0.19922965386678473,0.7546,0.7546,183,0.038249775767326355
117,CA,0.695697117593762,0.7736,0.7736,701,0.03727157413959503
117,NY,0.10660543184643374,0.738,0.738,103,0.03727157413959503
117,TX,0.19769745055980423,0.7494,0.7494,196,0.03727157413959503
118,CA,0.6990787699073939,0.7786,0.7786,708,0.038366880267858505
118,NY,0.1049734172362488,0.747,0.747,114,0.038366880267858505
118,TX,0.19594781285635723,0.7554,0.7554,178,0.038366880267858505
119,CA,0.7021831050874053,0.7746,0.7746,707,0.03852807730436325
119,NY,0.10356624127030511,0.7468,0.7468,89,0.03852807730436325
119,TX,0.1942506536422895,0.756,0.756,204,0.03852807730436325
120,CA,0.704761407008726,0.7686,0.7686,722,0.03831702843308449
120,NY,0.10231814520922945,0.7352,0.7352,89,0.03831702843308449
120,TX,0.1929204477820445,0.7472,0.7472,189,0.03831702843308449
121,CA,0.7077812323666206,0.7754,0.7754,709,0.038254715502262115
121,NY,0.10081601010984939,0.7424,0.7424,96,0.038254715502262115
121,TX,0.19140275752353006,0.7546,0.7546,195,0.038254715502262115
122,CA,0.7107067251355548,0.7704,0.7704,736,0.04233046993613243
122,NY,0.09935106686520113,0.7408,0.7408,94,0.04233046993613243
122,TX,0.1899422079992441,0.7502,0.7502,170,0.04233046993613243
123,CA,0.7134379805061919,0.7736,0.7736,723,0.03918374329805374
123,NY,0.09806540196486589,0.744,0.744,107,0.03918374329805374
123,TX,0.18849661752894217,0.754,0.754,170,0.03918374329805374
124,CA,0.716101667788922,0.777,0.777,726,0.038046546280384064
124,NY,0.09678879273048877,0.743,0.743,92,0.038046546280384064
124,TX,0.18710953948058923,0.7528,0.7528,182,0.038046546280384064
125,CA,0.7192664685062559,0.7736,0.7736,736,0.038728900253772736
125,NY,0.09535646907502279,0.746,0.746,90,0.038728900253772736
125,TX,0.1853770624187213,0.7542,0.7542,174,0.038728900253772736
126,CA,0.7218011371576538,0.7726,0.7726,721,0.03755363076925278
126,NY,0.09420337623919285,0.7432,0.7432,97,0.03755363076925278
126,TX,0.18399548660315332,0.7512,0.7512,182,0.03755363076925278
127,CA,0.724542628362551,0.7794,0.7794,755,0.03925428166985512
127,NY,0.09299279919469437,0.7424,0.7424,82,0.03925428166985512
127,TX,0.18246457244275452,0.7574,0.7574,163,0.03925428166985512
128,CA,0.7275909351353596,0.7706,0.7706,732,0.03816092014312744
128,NY,0.09144225646139306,0.7454,0.7454,78,0.03816092014312744
128,TX,0.18096680840324736,0.7528,0.7528,190,0.03816092014312744
129,CA,0.7298686538170619,0.7752,0.7752,730,0.03888683021068573
129,NY,0.0904229930891278,0.7494,0.7494,84,0.03888683021068573
129,TX,0.17970835309381028,0.7584,0.7584,186,0.03888683021068573
130,CA,0.732075773839542,0.7732,0.7732,696,0.0386526957154274
130,NY,0.08937828859965631,0.737,0.737,110,0.0386526957154274
130,TX,0.1785459375608017,0.745,0.745,194,0.0386526957154274
131,CA,0.7355062932766134,0.7778,0.7778,745,0.03867796063423157
131,NY,0.08796390245207894,0.7502,0.7502,90,0.03867796063423157
131,TX,0.17652980427130757,0.7568,0.7568,165,0.03867796063423157
132,CA,0.738053207703646,0.7746,0.7746,725,0.03854598477482796
132,NY,0.08689815284140652,0.7434,0.7434,105,0.03854598477482796
132,TX,0.17504863945494745,0.7552,0.7552,170,0.03854598477482796
133,CA,0.7406019392282662,0.7716,0.7716,751,0.038290947675704956
133,NY,0.08566517022227725,0.7388,0.7388,96,0.038290947675704956
133,TX,0.17373289054945654,0.7514,0.7514,153,0.038290947675704956
134,CA,0.7432530914446263,0.7768,0.7768,736,0.03810383006930351
134,NY,0.08438011665709413,0.7474,0.7474,91,0.03810383006930351
134,TX,0.17236679189827958,0.7584,0.7584,173,0.03810383006930351
135,CA,0.7456250605596281,0.7732,0.7732,750,0.03859125077724457
135,NY,0.08324874197557292,0.7496,0.7496,74,0.03859125077724457
135,TX,0.17112619746479907,0.759,0.759,176,0.03859125077724457
136,CA,0.7474775936138127,0.7738,0.7738,733,0.03754414990544319
136,NY,0.08234484363952661,0.7406,0.7406,92,0.03754414990544319
136,TX,0.1701775627466607,0.7518,0.7518,175,0.03754414990544319
137,CA,0.7502173185706528,0.7728,0.7728,708,0.03859125077724457
137,NY,0.08109977411295975,0.7446,0.7446,78,0.03859125077724457
137,TX,0.16868290731638755,0.7444,0.7444,214,0.03859125077724457
138,CA,0.7532244414732545,0.7688,0.7688,740,0.03844290226697922
138,NY,0.0801296209270233,0.7392,0.7392,105,0.03844290226697922
138,TX,0.16664593759972213,0.7504,0.7504,155,0.03844290226697922
139,CA,0.75554734891548,0.7768,0.7768,763,0.03825807943940163
139,NY,0.07903167152326894,0.7424,0.7424,77,0.03825807943940163
139,TX,0.16542097956125096,0.7594,0.7594,160,0.03825807943940163
140,CA,0.7579348841307353,0.773,0.773,791,0.03782942518591881
140,NY,0.07774647264765702,0.7436,0.7436,64,0.03782942518591881
140,TX,0.16431864322160766,0.747,0.747,145,0.03782942518591881
141,CA,0.7607487668216213,0.7686,0.7686,783,0.03783223778009415
141,NY,0.07674112826174541,0.7426,0.7426,62,0.03783223778009415
141,TX,0.16251010491663326,0.7576,0.7576,155,0.03783223778009415
142,CA,0.7623794296450602,0.7704,0.7704,756,0.03783578798174858
142,NY,0.0757750412949094,0.7484,0.7484,76,0.03783578798174858
142,TX,0.16184552906003033,0.7504,0.7504,168,0.03783578798174858
143,CA,0.7644970664349251,0.7778,0.7778,757,0.04216877743601799
143,NY,0.07504127979341586,0.7446,0.7446,79,0.04216877743601799
143,TX,0.160461653771659,0.7554,0.7554,164,0.04216877743601799
144,CA,0.7671230590370699,0.7764,0.7764,767,0.03937048092484474
144,NY,0.07389284919123013,0.7382,0.7382,74,0.03937048092484474
144,TX,0.1589840917717001,0.7438,0.7438,159,0.03937048092484474
145,CA,0.770595854072034,0.774,0.774,770,0.21464130654931068
145,NY,0.0726311673512368,0.7506,0.7506,69,0.21464130654931068
145,TX,0.15677297857672917,0.7624,0.7624,161,0.21464130654931068
146,CA,0.7721271100360102,0.7736,0.7736,771,0.03949378430843353
146,NY,0.0718155458922906,0.7364,0.7364,75,0.03949378430843353
146,TX,0.15605734407169916,0.7484,0.7484,154,0.03949378430843353
147,CA,0.7750129510649927,0.7648,0.7648,772,0.038549263030290604
147,NY,0.070572048170296,0.733,0.733,74,0.038549263030290604
147,TX,0.15441500076471137,0.7414,0.7414,154,0.038549263030290604
148,CA,0.77759384272715,0.771,0.771,766,0.0385221429169178
148,NY,0.06953118685152859,0.7472,0.7472,76,0.0385221429169178
148,TX,0.15287497042132142,0.7608,0.7608,158,0.0385221429169178
149,CA,0.779007654502015,0.775,0.775,766,0.038573864847421646
149,NY,0.06872149747748096,0.7508,0.7508,64,0.038573864847421646
149,TX,0.1522708480205041,0.759,0.759,170,0.038573864847421646
150,CA,0.7808109511656021,0.7734,0.7734,771,0.038896650075912476
150,NY,0.06794147416451908,0.7474,0.7474,82,0.038896650075912476
150,TX,0.15124757466987887,0.7512,0.7512,147,0.038896650075912476
151,CA,0.7830736137528425,0.77,0.77,789,0.037781115621328354
151,NY,0.06713937398344941,0.7394,0.7394,65,0.037781115621328354
151,TX,0.14978701226370814,0.7522,0.7522,146,0.037781115621328354
152,CA,0.7851676931026902,0.78,0.78,792,0.038601189851760864
152,NY,0.0661550981560999,0.752,0.752,55,0.038601189851760864
152,TX,0.14867720874120993,0.7554,0.7554,153,0.038601189851760864
153,CA,0.7876056432228759,0.778,0.778,794,0.03834429755806923
153,NY,0.0653166369166581,0.744,0.744,75,0.03834429755806923
153,TX,0.147077719860466,0.7534,0.7534,131,0.03834429755806923
154,CA,0.7902006290066528,0.7752,0.7752,795,0.03783193603157997
154,NY,0.06427870092650023,0.7454,0.7454,67,0.03783193603157997
154,TX,0.14552067006684696,0.7546,0.7546,138,0.03783193603157997
155,CA,0.7923937416518687,0.7762,0.7762,777,0.03803286701440811
155,NY,0.06337506813444405,0.7396,0.7396,62,0.03803286701440811
155,TX,0.14423119021368727,0.7526,0.7526,161,0.03803286701440811
156,CA,0.794955296709982,0.7746,0.7746,793,0.038068078458309174
156,NY,0.06226982469261691,0.7376,0.7376,73,0.038068078458309174
156,TX,0.1427748785974011,0.7442,0.7442,134,0.038068078458309174
157,CA,0.797942901690356,0.7724,0.7724,794,0.038926541805267334
157,NY,0.06120065668109453,0.7448,0.7448,64,0.038926541805267334
157,TX,0.1408564416285495,0.7598,0.7598,142,0.038926541805267334
158,CA,0.7995054328828701,0.77,0.77,789,0.037364162504673004
158,NY,0.060365610462253076,0.7394,0.7394,75,0.037364162504673004
158,TX,0.14012895665487687,0.75,0.75,136,0.037364162504673004
159,CA,0.8016112551491492,0.7776,0.7776,815,0.03824971616268158
159,NY,0.05947825018749975,0.7456,0.7456,56,0.03824971616268158
159,TX,0.13891049466335098,0.7526,0.7526,129,0.03824971616268158
160,CA,0.8040429542312575,0.7738,0.7738,785,0.038262587040662766
160,NY,0.05858471469504896,0.7426,0.7426,51,0.038262587040662766
160,TX,0.13737233107369357,0.747,0.747,164,0.038262587040662766
161,CA,0.8065480920464451,0.7796,0.7796,786,0.037998951971530914
161,NY,0.05773356770260394,0.7434,0.7434,68,0.037998951971530914
161,TX,0.135718340250951,0.7464,0.7464,146,0.037998951971530914
162,CA,0.8095485548664977,0.7764,0.7764,803,0.04140184447169304
162,NY,0.056769579092071865,0.7462,0.7462,67,0.04140184447169304
162,TX,0.13368186604143042,0.7526,0.7526,130,0.04140184447169304
163,CA,0.8117859792846229,0.7774,0.7774,804,0.03910330310463905
163,NY,0.055958689853885225,0.7356,0.7356,64,0.03910330310463905
163,TX,0.13225533086149172,0.7522,0.7522,132,0.03910330310463905
164,CA,0.8143847838437033,0.7762,0.7762,805,0.04283006861805916
164,NY,0.05481761141880064,0.743,0.743,52,0.04283006861805916
164,TX,0.130797604737496,0.7562,0.7562,143,0.04283006861805916
165,CA,0.8164237273153985,0.7732,0.7732,825,0.0381552092730999
165,NY,0.05392766256527581,0.7488,0.7488,72,0.0381552092730999
165,TX,0.12964861011932577,0.7556,0.7556,103,0.0381552092730999
166,CA,0.8180835393265303,0.7692,0.7692,815,0.039019875228405
166,NY,0.053293722355788734,0.7306,0.7306,49,0.039019875228405
166,TX,0.12862273831768095,0.7454,0.7454,136,0.039019875228405
167,CA,0.8204571511990723,0.7746,0.7746,818,0.038104861974716187
167,NY,0.05228222648984618,0.7418,0.7418,55,0.038104861974716187
167,TX,0.12726062231108162,0.7532,0.7532,127,0.038104861974716187
168,CA,0.82251424065767,0.776,0.776,846,0.03818107768893242
168,NY,0.05144455375036643,0.7402,0.7402,40,0.03818107768893242
168,TX,0.12604120559196363,0.756,0.756,114,0.03818107768893242
169,CA,0.8245396271400267,0.7658,0.7658,833,0.03810726851224899
169,NY,0.05053167728386905,0.7362,0.7362,47,0.03810726851224899
169,TX,0.12492869557610421,0.7496,0.7496,120,0.03810726851224899
170,CA,0.8261863771274782,0.7672,0.7672,838,0.037717100232839584
170,NY,0.04978384667379235,0.7334,0.7334,46,0.037717100232839584
170,TX,0.12402977619872939,0.742,0.742,116,0.037717100232839584
171,CA,0.8284404196751415,0.7762,0.7762,837,0.039118342101573944
171,NY,0.04896489077928354,0.7456,0.7456,50,0.039118342101573944
171,TX,0.12259468954557495,0.751,0.751,113,0.039118342101573944
172,CA,0.8305857231045785,0.7722,0.7722,835,0.039167873561382294
172,NY,0.04824594744306015,0.751,0.751,53,0.039167873561382294
172,TX,0.12116832945236129,0.7558,0.7558,112,0.039167873561382294
173,CA,0.8319988228664276,0.7758,0.7758,843,0.03766641020774841
173,NY,0.047749904060158326,0.742,0.742,43,0.03766641020774841
173,TX,0.12025127307341402,0.745,0.745,114,0.03766641020774841
174,CA,0.8344977512265679,0.7806,0.7806,838,0.038913335651159286
174,NY,0.046981736114245894,0.7538,0.7538,44,0.038913335651159286
174,TX,0.11852051265918623,0.7562,0.7562,118,0.038913335651159286
175,CA,0.836447713987673,0.7616,0.7616,832,0.038782957941293716
175,NY,0.04638273843441548,0.7354,0.7354,46,0.038782957941293716
175,TX,0.11716954757791155,0.744,0.744,122,0.038782957941293716
176,CA,0.8380068042326548,0.7764,0.7764,845,0.03787011653184891
176,NY,0.04577806417238195,0.7432,0.7432,39,0.03787011653184891
176,TX,0.1162151315949632,0.7532,0.7532,116,0.03787011653184891
177,CA,0.8400004210494281,0.773,0.773,849,0.039674125611782074
177,NY,0.04502936630238393,0.7462,0.7462,34,0.039674125611782074
177,TX,0.11497021264818798,0.7572,0.7572,117,0.039674125611782074
178,CA,0.8414352348822481,0.7724,0.7724,847,0.03880370780825615
178,NY,0.044424471895449846,0.7372,0.7372,47,0.03880370780825615
178,TX,0.11414029322230196,0.7454,0.7454,106,0.03880370780825615
179,CA,0.8436464650761888,0.7656,0.7656,856,0.03816784545779228
179,NY,0.04365662418459397,0.7468,0.7468,37,0.03816784545779228
179,TX,0.1126969107392172,0.755,0.755,107,0.03816784545779228
180,CA,0.8446105398779123,0.7742,0.7742,834,0.03781823068857193
180,NY,0.04324112842452059,0.7362,0.7362,41,0.03781823068857193
180,TX,0.11214833169756694,0.7428,0.7428,125,0.03781823068857193
181,CA,0.8470763429678064,0.7702,0.7702,828,0.038386277854442596
181,NY,0.04243852216888856,0.748,0.748,52,0.038386277854442596
181,TX,0.11048513486330495,0.7618,0.7618,120,0.038386277854442596
182,CA,0.8479722227589701,0.7676,0.7676,854,0.04126987233757973
182,NY,0.04195062322896863,0.7296,0.7296,40,0.04126987233757973
182,TX,0.11007715401206122,0.7456,0.7456,106,0.04126987233757973
183,CA,0.8499031227752185,0.7686,0.7686,843,0.04055366665124893
183,NY,0.04114223681734665,0.7278,0.7278,44,0.04055366665124893
183,TX,0.10895464040743483,0.74,0.74,113,0.04055366665124893
184,CA,0.8522134886626169,0.7754,0.7754,852,0.03833753615617752
184,NY,0.040302383156423864,0.7416,0.7416,40,0.03833753615617752
184,TX,0.10748412818095923,0.749,0.749,108,0.03833753615617752
185,CA,0.854234224387832,0.7766,0.7766,856,0.0384744331240654
185,NY,0.03962885198750813,0.7552,0.7552,40,0.0384744331240654
185,TX,0.10613692362465986,0.7642,0.7642,104,0.0384744331240654
186,CA,0.8552760741212287,0.7736,0.7736,851,0.037484459578990936
186,NY,0.039199253788555426,0.7358,0.7358,33,0.037484459578990936
186,TX,0.10552467209021577,0.7392,0.7392,116,0.037484459578990936
187,CA,0.8577482328389676,0.779,0.779,864,0.037702929228544235
187,NY,0.03847470623576803,0.745,0.745,32,0.037702929228544235
187,TX,0.10377706092526438,0.7528,0.7528,104,0.037702929228544235
188,CA,0.8596943115964916,0.7718,0.7718,864,0.038877177983522415
188,NY,0.03782500698681234,0.747,0.747,40,0.038877177983522415
188,TX,0.102480681416696,0.7538,0.7538,96,0.038877177983522415
189,CA,0.861046634194605,0.7734,0.7734,862,0.038350917398929596
189,NY,0.037354234845867265,0.739,0.739,32,0.038350917398929596
189,TX,0.10159913095952766,0.7514,0.7514,106,0.038350917398929596
190,CA,0.8627591954153491,0.7742,0.7742,853,0.037912722676992416
190,NY,0.03670249989271842,0.7436,0.7436,35,0.037912722676992416
190,TX,0.10053830469193245,0.7502,0.7502,112,0.037912722676992416
191,CA,0.8644821254471713,0.7716,0.7716,874,0.037837885320186615
191,NY,0.03614151492565317,0.7338,0.7338,33,0.037837885320186615
191,TX,0.09937635962717556,0.7488,0.7488,93,0.037837885320186615
192,CA,0.8662580278786548,0.7686,0.7686,883,0.03794752433896065
192,NY,0.03544303749074123,0.7404,0.7404,32,0.03794752433896065
192,TX,0.09829893463060395,0.75,0.75,85,0.03794752433896065
193,CA,0.867645325269817,0.7692,0.7692,855,0.0383073054254055
193,NY,0.03493376117812226,0.7488,0.7488,31,0.0383073054254055
193,TX,0.0974209135520608,0.7576,0.7576,114,0.0383073054254055
194,CA,0.8685499738365833,0.7726,0.7726,859,0.038461633026599884
194,NY,0.03456695634273745,0.7392,0.7392,40,0.038461633026599884
194,TX,0.09688306982067929,0.7524,0.7524,101,0.038461633026599884
195,CA,0.870077284093629,0.7698,0.7698,846,0.038342636078596115
195,NY,0.033975271948603246,0.738,0.738,40,0.038342636078596115
195,TX,0.09594744395776764,0.7522,0.7522,114,0.038342636078596115
196,CA,0.8714407696595347,0.7738,0.7738,882,0.03864099085330963
196,NY,0.03341708527438706,0.742,0.742,37,0.03864099085330963
196,TX,0.09514214506607829,0.7544,0.7544,81,0.03864099085330963
197,CA,0.8728719790007519,0.7696,0.7696,873,0.03778452426195145
197,NY,0.032871895284759256,0.7316,0.7316,30,0.03778452426195145
197,TX,0.09425612571448874,0.749,0.749,97,0.03778452426195145
198,CA,0.8744487184619658,0.7762,0.7762,870,0.0372895784676075
198,NY,0.03222411553317685,0.7436,0.7436,33,0.0372895784676075
198,TX,0.09332716600485731,0.7536,0.7536,97,0.0372895784676075
199,CA,0.8760070562612663,0.7738,0.7738,893,0.03919235244393349
199,NY,0.03168905289258758,0.7348,0.7348,38,0.03919235244393349
199,TX,0.09230389084614607,0.7492,0.7492,69,0.03919235244393349
200,CA,0.8777422270433781,0.764,0.764,873,0.039045803248882294
200,NY,0.03105370407380861,0.7224,0.7224,36,0.039045803248882294
200,TX,0.09120406888281332,0.7412,0.7412,91,0.039045803248882294
201,CA,0.8794229453086276,0.769,0.769,898,0.03758139908313751
201,NY,0.030379431789077482,0.7352,0.7352,33,0.03758139908313751
201,TX,0.09019762290229487,0.7468,0.7468,69,0.03758139908313751
202,CA,0.880931440566466,0.7756,0.7756,870,0.03856731206178665
202,NY,0.029850091745170393,0.7358,0.7358,34,0.03856731206178665
202,TX,0.08921846768836354,0.7424,0.7424,96,0.03856731206178665
203,CA,0.8829952538852396,0.7748,0.7748,886,0.03866036236286163
203,NY,0.02924936734849372,0.742,0.742,32,0.03866036236286163
203,TX,0.08775537876626684,0.752,0.752,82,0.03866036236286163
204,CA,0.8844704686409363,0.777,0.777,874,0.04053959622979164
204,NY,0.028756774723809535,0.7484,0.7484,26,0.04053959622979164
204,TX,0.08677275663525426,0.7544,0.7544,100,0.04053959622979164
205,CA,0.8858580843501079,0.7746,0.7746,882,0.038823530077934265
205,NY,0.028338337038029012,0.7454,0.7454,42,0.038823530077934265
205,TX,0.085803578611863,0.7554,0.7554,76,0.038823530077934265
206,CA,0.8870952528793195,0.7744,0.7744,873,0.03946062549948692
206,NY,0.027910971800847593,0.7446,0.7446,40,0.03946062549948692
206,TX,0.08499377531983297,0.7476,0.7476,87,0.03946062549948692
207,CA,0.8886525885641661,0.773,0.773,899,0.03877761960029602
207,NY,0.02749039957409068,0.7446,0.7446,25,0.03877761960029602
207,TX,0.08385701186174327,0.7554,0.7554,76,0.03877761960029602
208,CA,0.8897850750681278,0.7748,0.7748,892,0.03872932493686676
208,NY,0.027084529236871907,0.7448,0.7448,27,0.03872932493686676
208,TX,0.08313039569500041,0.7512,0.7512,81,0.03872932493686676
209,CA,0.8911781878367252,0.774,0.774,902,0.03908562287688255
209,NY,0.02666839969181628,0.7374,0.7374,23,0.03908562287688255
209,TX,0.08215341247145855,0.7512,0.7512,75,0.03908562287688255
210,CA,0.8926117813449492,0.7724,0.7724,894,0.03827039152383804
210,NY,0.026160209853622052,0.7398,0.7398,24,0.03827039152383804
210,TX,0.08122800880142879,0.753,0.753,82,0.03827039152383804
211,CA,0.8938365685240687,0.7742,0.7742,906,0.038565024733543396
211,NY,0.025714276677939078,0.7474,0.7474,29,0.038565024733543396
211,TX,0.08044915479799225,0.7554,0.7554,65,0.038565024733543396
212,CA,0.8949470992722866,0.7748,0.7748,902,0.038283027708530426
212,NY,0.0253573178905899,0.7418,0.7418,25,0.038283027708530426
212,TX,0.07969558283712352,0.752,0.752,73,0.038283027708530426
213,CA,0.8962873138238231,0.7734,0.7734,876,0.03899015113711357
213,NY,0.02492310034431781,0.7442,0.7442,41,0.03899015113711357
213,TX,0.07878958583185901,0.754,0.754,83,0.03899015113711357
214,CA,0.8974291005588948,0.7762,0.7762,903,0.038358423858881
214,NY,0.02454395481602219,0.7466,0.7466,21,0.038358423858881
214,TX,0.07802694462508297,0.7556,0.7556,76,0.038358423858881
215,CA,0.8986098381289066,0.7776,0.7776,915,0.03873639181256294
215,NY,0.024166689030967047,0.745,0.745,22,0.03873639181256294
215,TX,0.07722347284012648,0.757,0.757,63,0.03873639181256294
216,CA,0.8998138948153568,0.7714,0.7714,897,0.03781082481145859
216,NY,0.02375527539962346,0.733,0.733,22,0.03781082481145859
216,TX,0.07643082978501967,0.7402,0.7402,81,0.03781082481145859
217,CA,0.9014917078145811,0.7802,0.7802,901,0.03870316222310066
217,NY,0.023283648433443514,0.7484,0.7484,26,0.03870316222310066
217,TX,0.07522464375197546,0.76,0.76,73,0.03870316222310066
218,CA,0.9026376031710011,0.771,0.771,915,0.03821343928575516
218,NY,0.022896796267217537,0.7444,0.7444,23,0.03821343928575516
218,TX,0.07446560056178142,0.7552,0.7552,62,0.03821343928575516
219,CA,0.9035486063184088,0.772,0.772,901,0.03833121806383133
219,NY,0.02257565372684764,0.7266,0.7266,20,0.03833121806383133
219,TX,0.07387573995474353,0.7472,0.7472,79,0.03833121806383133
220,CA,0.905007779692683,0.7746,0.7746,917,0.03821386769413948
220,NY,0.022032772304542217,0.7458,0.7458,15,0.03821386769413948
220,TX,0.07295944800277479,0.7554,0.7554,68,0.03821386769413948
221,CA,0.9060469640159173,0.776,0.776,901,0.038306813687086105
221,NY,0.021700091006591222,0.745,0.745,25,0.038306813687086105
221,TX,0.07225294497749152,0.7534,0.7534,74,0.038306813687086105
222,CA,0.9072247314262218,0.7744,0.7744,904,0.037530701607465744
222,NY,0.02134903240388915,0.7372,0.7372,18,0.037530701607465744
222,TX,0.07142623616988894,0.7394,0.7394,78,0.037530701607465744
223,CA,0.9089120901845364,0.7762,0.7762,901,0.03799384459853172
223,NY,0.02094032837878271,0.7496,0.7496,18,0.03799384459853172
223,TX,0.07014758143668089,0.7554,0.7554,81,0.03799384459853172
224,CA,0.9099449265642146,0.7756,0.7756,914,0.038022611290216446
224,NY,0.020650169448989546,0.752,0.752,28,0.038022611290216446
224,TX,0.06940490398679601,0.7578,0.7578,58,0.038022611290216446
225,CA,0.9108286454332467,0.7752,0.7752,900,0.04078288748860359
225,NY,0.020395490669345397,0.7354,0.7354,16,0.04078288748860359
225,TX,0.0687758638974079,0.7522,0.7522,84,0.04078288748860359
226,CA,0.9120584165622813,0.7776,0.7776,914,0.03864027187228203
226,NY,0.019965143523882005,0.746,0.746,18,0.03864027187228203
226,TX,0.06797643991383673,0.7516,0.7516,68,0.03864027187228203
227,CA,0.9132906015527635,0.7724,0.7724,901,0.038297466933727264
227,NY,0.019636720896141515,0.7404,0.7404,25,0.038297466933727264
227,TX,0.06707267755109497,0.7466,0.7466,74,0.038297466933727264
228,CA,0.9145077007553368,0.7704,0.7704,918,0.03792768344283104
228,NY,0.019307883915880217,0.7394,0.7394,14,0.03792768344283104
228,TX,0.06618441532878301,0.7488,0.7488,68,0.03792768344283104
229,CA,0.915556540366049,0.7796,0.7796,914,0.21421999484300613
229,NY,0.018991555911245208,0.7526,0.7526,23,0.21421999484300613
229,TX,0.06545190372270582,0.7626,0.7626,63,0.21421999484300613
230,CA,0.9163935576258438,0.7782,0.7782,921,0.037896253168582916
230,NY,0.018720515978089283,0.7384,0.7384,18,0.037896253168582916
230,TX,0.06488592639606695,0.7518,0.7518,61,0.037896253168582916
231,CA,0.9176620724247602,0.7716,0.7716,904,0.03736173361539841
231,NY,0.018326843746120213,0.74,0.74,20,0.03736173361539841
231,TX,0.06401108382911967,0.7494,0.7494,76,0.03736173361539841
232,CA,0.9186993036044736,0.7704,0.7704,922,0.03739023208618164
232,NY,0.018020293433322617,0.7324,0.7324,12,0.03739023208618164
232,TX,0.06328040296220386,0.742,0.742,66,0.03739023208618164
233,CA,0.9199890418724749,0.7764,0.7764,927,0.03882155939936638
233,NY,0.017658259709410977,0.7478,0.7478,21,0.03882155939936638
233,TX,0.062352698418114125,0.755,0.755,52,0.03882155939936638
234,CA,0.9209426322288803,0.7796,0.7796,929,0.0389920175075531
234,NY,0.017391970647529443,0.7514,0.7514,20,0.0389920175075531
234,TX,0.06166539712359025,0.7586,0.7586,51,0.0389920175075531
235,CA,0.9218675182010998,0.7762,0.7762,908,0.03725341707468033
235,NY,0.017133562663496537,0.7382,0.7382,23,0.03725341707468033
235,TX,0.06099891913540362,0.746,0.746,69,0.03725341707468033
236,CA,0.9231633578243972,0.7786,0.7786,931,0.03837423399090767
236,NY,0.01679057628876646,0.7378,0.7378,15,0.03837423399090767
236,TX,0.06004606588683635,0.7462,0.7462,54,0.03837423399090767
237,CA,0.9245307380828853,0.7744,0.7744,926,0.038098759949207306
237,NY,0.016429710230959384,0.7396,0.7396,15,0.038098759949207306
237,TX,0.059039551686155406,0.7546,0.7546,59,0.038098759949207306
238,CA,0.9254386197798892,0.7686,0.7686,932,0.037663284689188004
238,NY,0.016123303849180055,0.739,0.739,17,0.037663284689188004
238,TX,0.0584380763709309,0.7538,0.7538,51,0.037663284689188004
239,CA,0.9261414385561145,0.7736,0.7736,922,0.037061579525470734
239,NY,0.015865497572498916,0.7412,0.7412,11,0.037061579525470734
239,TX,0.05799306387138659,0.7476,0.7476,67,0.037061579525470734
240,CA,0.9271984226873542,0.7748,0.7748,933,0.03770320490002632
240,NY,0.015593443934131354,0.7352,0.7352,11,0.03770320490002632
240,TX,0.05720813337851436,0.744,0.744,56,0.03770320490002632
241,CA,0.9284432056017556,0.7768,0.7768,921,0.03801524266600609
241,NY,0.015265984612973318,0.7518,0.7518,12,0.03801524266600609
241,TX,0.05629080978527101,0.7544,0.7544,67,0.03801524266600609
242,CA,0.9293022996328024,0.7782,0.7782,930,0.03786547854542732
242,NY,0.015065115521003508,0.748,0.748,14,0.03786547854542732
242,TX,0.05563258484619415,0.7562,0.7562,56,0.03786547854542732
243,CA,0.9301805273939726,0.775,0.775,936,0.038326144218444824
243,NY,0.014823252976835614,0.7438,0.7438,13,0.038326144218444824
243,TX,0.05499621962919177,0.757,0.757,51,0.038326144218444824
244,CA,0.9309422833453747,0.7764,0.7764,924,0.039391882717609406
244,NY,0.014574623649953227,0.738,0.738,13,0.039391882717609406
244,TX,0.05448309300467213,0.747,0.747,63,0.039391882717609406
245,CA,0.9320764050368658,0.7734,0.7734,932,0.03755633905529976
245,NY,0.014276939348145815,0.7436,0.7436,11,0.03755633905529976
245,TX,0.053646655614988346,0.7506,0.7506,57,0.03755633905529976
246,CA,0.9329436925885591,0.7806,0.7806,944,0.037987641990184784
246,NY,0.014050092692926392,0.7476,0.7476,11,0.037987641990184784
246,TX,0.05300621471851452,0.7556,0.7556,45,0.037987641990184784
247,CA,0.9338818795906231,0.7744,0.7744,934,0.038282860070466995
247,NY,0.013803568420571267,0.7406,0.7406,15,0.038282860070466995
247,TX,0.052314551988805726,0.7466,0.7466,51,0.038282860070466995
248,CA,0.9348939640347212,0.7704,0.7704,952,0.037106629461050034
248,NY,0.013555303000618345,0.7286,0.7286,8,0.037106629461050034
248,TX,0.05155073296466053,0.7342,0.7342,40,0.037106629461050034
249,CA,0.9361803914867609,0.7744,0.7744,936,0.03948315605521202
249,NY,0.013253467643699857,0.7392,0.7392,15,0.03948315605521202
249,TX,0.0505661408695392,0.7486,0.7486,49,0.03948315605521202
250,CA,0.9371157794830515,0.7674,0.7674,939,0.03745168074965477
250,NY,0.01300352899383777,0.7362,0.7362,8,0.03745168074965477
250,TX,0.04988069152311075,0.7504,0.7504,53,0.03745168074965477
251,CA,0.9377809820440514,0.7732,0.7732,949,0.03827989473938942
251,NY,0.012783044534432457,0.7332,0.7332,14,0.03827989473938942
251,TX,0.04943597342151624,0.7398,0.7398,37,0.03827989473938942
252,CA,0.9389260372377718,0.769,0.769,952,0.03786696121096611
252,NY,0.012509939839265386,0.727,0.727,12,0.03786696121096611
252,TX,0.04856402292296276,0.7356,0.7356,36,0.03786696121096611
253,CA,0.9400672203023135,0.7768,0.7768,951,0.03772440552711487
253,NY,0.01222776975577716,0.7436,0.7436,12,0.03772440552711487
253,TX,0.047705009941909314,0.7536,0.7536,37,0.03772440552711487
254,CA,0.9408682494063313,0.7706,0.7706,938,0.037611812353134155
254,NY,0.012009515059666475,0.7514,0.7514,10,0.037611812353134155
254,TX,0.04712223553400218,0.756,0.756,52,0.037611812353134155
255,CA,0.9413566146102864,0.7736,0.7736,945,0.03772224858403206
255,NY,0.011885452538054403,0.742,0.742,11,0.03772224858403206
255,TX,0.04675793285165903,0.7512,0.7512,44,0.03772224858403206
256,CA,0.942112470763579,0.7724,0.7724,941,0.038472943007946014
256,NY,0.011683064293553223,0.7476,0.7476,13,0.038472943007946014
256,TX,0.0462044649428678,0.7546,0.7546,46,0.038472943007946014
257,CA,0.9427040167205412,0.777,0.777,951,0.038442425429821014
257,NY,0.011526824112249433,0.7436,0.7436,9,0.038442425429821014
257,TX,0.04576915916720942,0.759,0.759,40,0.038442425429821014
258,CA,0.9433457470629504,0.773,0.773,945,0.03850800544023514
258,NY,0.011317868330340874,0.7264,0.7264,6,0.03850800544023514
258,TX,0.045336384606708684,0.7436,0.7436,49,0.03850800544023514
259,CA,0.9443365826999581,0.7698,0.7698,937,0.03792146220803261
259,NY,0.011031974446546626,0.739,0.739,10,0.03792146220803261
259,TX,0.04463144285349517,0.743,0.743,53,0.03792146220803261
260,CA,0.9451568298725899,0.7684,0.7684,945,0.03744835779070854
260,NY,0.010849399500738367,0.7414,0.7414,8,0.03744835779070854
260,TX,0.04399377062667182,0.749,0.749,47,0.03744835779070854
261,CA,0.9457699507200373,0.7718,0.7718,940,0.037906281650066376
261,NY,0.01069068096898356,0.74,0.74,5,0.037906281650066376
261,TX,0.043539368310979126,0.7502,0.7502,55,0.037906281650066376
262,CA,0.9464539177910793,0.7744,0.7744,954,0.03801929950714111
262,NY,0.010506398818307077,0.739,0.739,7,0.03801929950714111
262,TX,0.04303968339061362,0.7394,0.7394,39,0.03801929950714111
263,CA,0.9474568612357359,0.7654,0.7654,940,0.03681504353880882
263,NY,0.010307703259234776,0.7242,0.7242,11,0.03681504353880882
263,TX,0.04223543550502934,0.7346,0.7346,49,0.03681504353880882
264,CA,0.9483838259993471,0.7656,0.7656,948,0.037149813026189804
264,NY,0.010076996775577083,0.7336,0.7336,7,0.037149813026189804
264,TX,0.04153917722507576,0.7404,0.7404,45,0.037149813026189804
265,CA,0.9491198837159877,0.7674,0.7674,942,0.03778834268450737
265,NY,0.009902038960411167,0.7382,0.7382,13,0.03778834268450737
265,TX,0.040978077323601154,0.7494,0.7494,45,0.03778834268450737
266,CA,0.9496715813966823,0.7712,0.7712,944,0.04042108356952667
266,NY,0.009744103672074355,0.7418,0.7418,9,0.04042108356952667
266,TX,0.04058431493124335,0.7486,0.7486,47,0.04042108356952667
267,CA,0.950317403500379,0.7708,0.7708,948,0.03798970952630043
267,NY,0.00958887857844977,0.7392,0.7392,5,0.03798970952630043
267,TX,0.04009371792117132,0.7478,0.7478,47,0.03798970952630043
268,CA,0.9509753551841574,0.778,0.778,952,0.037571609020233154
268,NY,0.009424285023201565,0.7366,0.7366,5,0.037571609020233154
268,TX,0.03960035979264106,0.7416,0.7416,43,0.037571609020233154
269,CA,0.9519560189930207,0.7724,0.7724,953,0.039014462381601334
269,NY,0.009214336625808684,0.731,0.731,15,0.039014462381601334
269,TX,0.03882964438117061,0.7454,0.7454,32,0.039014462381601334
270,CA,0.9527246243344716,0.7668,0.7668,961,0.037954963743686676
270,NY,0.009006372532500763,0.7324,0.7324,7,0.037954963743686676
270,TX,0.03826900313302766,0.742,0.742,32,0.037954963743686676
271,CA,0.9534039491971943,0.7756,0.7756,956,0.03881566599011421
271,NY,0.008837313213091651,0.744,0.744,8,0.03881566599011421
271,TX,0.03775873758971398,0.7536,0.7536,36,0.03881566599011421
272,CA,0.9540003075577227,0.7784,0.7784,939,0.03762324899435043
272,NY,0.008685466709230524,0.7416,0.7416,12,0.03762324899435043
272,TX,0.037314225733046755,0.7434,0.7434,49,0.03762324899435043
273,CA,0.9548731504657446,0.7688,0.7688,946,0.038385696709156036
273,NY,0.00851352260436111,0.7386,0.7386,18,0.038385696709156036
273,TX,0.03661332692989419,0.7476,0.7476,36,0.038385696709156036
274,CA,0.9554313015235388,0.7738,0.7738,957,0.03872548043727875
274,NY,0.00837305651889592,0.7412,0.7412,9,0.03872548043727875
274,TX,0.036195641957565215,0.747,0.747,34,0.03872548043727875
275,CA,0.9561012973216974,0.7766,0.7766,951,0.03803809732198715
275,NY,0.008224934967150654,0.7334,0.7334,12,0.03803809732198715
275,TX,0.03567376771115198,0.7388,0.7388,37,0.03803809732198715
276,CA,0.9570190927504846,0.7746,0.7746,947,0.037583619356155396
276,NY,0.008032639968731556,0.7354,0.7354,8,0.037583619356155396
276,TX,0.0349482672807839,0.7454,0.7454,45,0.037583619356155396
277,CA,0.9577397824335073,0.7666,0.7666,956,0.03723302111029625
277,NY,0.007861118502669111,0.7396,0.7396,7,0.03723302111029625
277,TX,0.034399099063823574,0.752,0.752,37,0.03723302111029625
278,CA,0.958127283821113,0.7746,0.7746,970,0.03872736915946007
278,NY,0.007744104342826458,0.7424,0.7424,9,0.03872736915946007
278,TX,0.03412861183606041,0.7524,0.7524,21,0.03872736915946007
279,CA,0.9586712918789468,0.7784,0.7784,967,0.037429410964250565
279,NY,0.007607905265563106,0.7424,0.7424,5,0.037429410964250565
279,TX,0.03372080285548998,0.7546,0.7546,28,0.037429410964250565
280,CA,0.959251913133569,0.7734,0.7734,968,0.03753674402832985
280,NY,0.007458413555526796,0.7354,0.7354,4,0.03753674402832985
280,TX,0.03328967331090423,0.7498,0.7498,28,0.03753674402832985
281,CA,0.9598305262993296,0.7738,0.7738,967,0.038230136036872864
281,NY,0.007302998871693526,0.741,0.741,8,0.038230136036872864
281,TX,0.0328664748289768,0.7532,0.7532,25,0.038230136036872864
282,CA,0.9603267624822005,0.7766,0.7766,947,0.040513936430215836
282,NY,0.007171662246781654,0.7458,0.7458,13,0.040513936430215836
282,TX,0.03250157527101785,0.752,0.752,40,0.040513936430215836
283,CA,0.9608786624714493,0.7752,0.7752,964,0.03854770213365555
283,NY,0.007051380931278307,0.7496,0.7496,4,0.03854770213365555
283,TX,0.032069956597272437,0.763,0.763,32,0.03854770213365555
284,CA,0.9611882487000399,0.7774,0.7774,961,0.03927404060959816
284,NY,0.006951932726313852,0.7476,0.7476,7,0.03927404060959816
284,TX,0.03185981857364619,0.7544,0.7544,32,0.03927404060959816
285,CA,0.9616968233616233,0.7654,0.7654,956,0.03788761422038078
285,NY,0.006838992854087649,0.7382,0.7382,8,0.03788761422038078
285,TX,0.031464183784289015,0.7506,0.7506,36,0.03788761422038078
286,CA,0.9620519610914384,0.7764,0.7764,962,0.03824126720428467
286,NY,0.006736109231642167,0.7424,0.7424,7,0.03824126720428467
286,TX,0.03121192967691951,0.7534,0.7534,31,0.03824126720428467
287,CA,0.9625650520989801,0.7698,0.7698,978,0.03805834800004959
287,NY,0.006610705030210198,0.731,0.731,5,0.03805834800004959
287,TX,0.030824242870809704,0.7432,0.7432,17,0.03805834800004959
288,CA,0.9631508556087482,0.7752,0.7752,966,0.03667529299855232
288,NY,0.006469711004072385,0.7414,0.7414,5,0.03667529299855232
288,TX,0.030379433387179314,0.7448,0.7448,29,0.03667529299855232
289,CA,0.9637709715460163,0.7694,0.7694,969,0.0373259112238884
289,NY,0.006350613160626597,0.739,0.739,4,0.0373259112238884
289,TX,0.02987841529335709,0.7512,0.7512,27,0.0373259112238884
290,CA,0.9641724898279672,0.7788,0.7788,952,0.037404317408800125
290,NY,0.006244103779792416,0.7486,0.7486,9,0.037404317408800125
290,TX,0.029583406392240344,0.7576,0.7576,39,0.037404317408800125
291,CA,0.9646148526929915,0.7706,0.7706,976,0.037217915058135986
291,NY,0.006140909183450309,0.7288,0.7288,5,0.037217915058135986
291,TX,0.029244238123558235,0.7394,0.7394,19,0.037217915058135986
292,CA,0.9652521994817364,0.7744,0.7744,964,0.03798262029886246
292,NY,0.005999897400767547,0.7534,0.7534,3,0.03798262029886246
292,TX,0.028747903117496008,0.7572,0.7572,33,0.03798262029886246
293,CA,0.9655898412709243,0.7712,0.7712,961,0.03661734610795975
293,NY,0.005930962600378862,0.7366,0.7366,6,0.03661734610795975
293,TX,0.028479196128696767,0.7428,0.7428,33,0.03661734610795975
294,CA,0.9661429627405435,0.7642,0.7642,960,0.03632865101099014
294,NY,0.00581843363971715,0.7166,0.7166,6,0.03632865101099014
294,TX,0.028038603619739373,0.7266,0.7266,34,0.03632865101099014
295,CA,0.9668725338539927,0.773,0.773,962,0.03751235827803612
295,NY,0.005665721258765832,0.7376,0.7376,5,0.03751235827803612
295,TX,0.027461744887241357,0.7476,0.7476,33,0.03751235827803612
296,CA,0.9673625413661711,0.7672,0.7672,972,0.03716428950428963
296,NY,0.005555412603889265,0.7394,0.7394,4,0.03716428950428963
296,TX,0.02708204602993963,0.7462,0.7462,24,0.03716428950428963
297,CA,0.9677585619681829,0.7698,0.7698,970,0.038074344396591187
297,NY,0.00547025836014151,0.7346,0.7346,5,0.038074344396591187
297,TX,0.026771179671675503,0.742,0.742,25,0.038074344396591187
298,CA,0.9682710879607808,0.7724,0.7724,969,0.03760717436671257
298,NY,0.005364298442068579,0.736,0.736,4,0.03760717436671257
298,TX,0.02636461359715058,0.7486,0.7486,27,0.03760717436671257
299,CA,0.9687207627754272,0.7752,0.7752,964,0.03753967955708504
299,NY,0.0052565712467549435,0.7442,0.7442,7,0.03753967955708504
299,TX,0.026022665977817824,0.7502,0.7502,29,0.03753967955708504
300,CA,0.9691649016768834,0.7738,0.7738,967,0.03785562515258789
300,NY,0.005167144629303251,0.752,0.752,6,0.03785562515258789
300,TX,0.025667953693813268,0.758,0.758,27,0.03785562515258789
301,CA,0.9694481159703561,0.7754,0.7754,971,0.03766375780105591
301,NY,0.005105131839380856,0.7414,0.7414,4,0.03766375780105591
301,TX,0.025446752190263103,0.7494,0.7494,25,0.03766375780105591
302,CA,0.9699043818704303,0.7692,0.7692,967,0.03981385752558708
302,NY,0.005009722121839909,0.739,0.739,3,0.03981385752558708
302,TX,0.02508589600772981,0.756,0.756,30,0.03981385752558708
303,CA,0.9701689286193116,0.7714,0.7714,967,0.037998542189598083
303,NY,0.004925549960612109,0.7412,0.7412,4,0.037998542189598083
303,TX,0.02490552142007635,0.7432,0.7432,29,0.037998542189598083
304,CA,0.9706352803029951,0.7666,0.7666,978,0.03796062618494034
304,NY,0.004843903226825597,0.7328,0.7328,5,0.03796062618494034
304,TX,0.024520816470179375,0.7434,0.7434,17,0.03796062618494034
305,CA,0.9710379685674262,0.7702,0.7702,974,0.030884023755788803
305,NY,0.00475319695244583,0.7278,0.7278,0,0.030884023755788803
305,TX,0.024208834480127926,0.7384,0.7384,26,0.030884023755788803
306,CA,0.9715711068166947,0.7738,0.7738,977,0.03677147254347801
306,NY,0.004641895109140896,0.7376,0.7376,5,0.03677147254347801
306,TX,0.023786998074164463,0.7446,0.7446,18,0.03677147254347801
307,CA,0.9720438215948313,0.779,0.779,972,0.03792306035757065
307,NY,0.004549374963120631,0.7546,0.7546,7,0.03792306035757065
307,TX,0.02340680344204809,0.758,0.758,21,0.03792306035757065
308,CA,0.9723731645613312,0.7738,0.7738,972,0.212596345692873
308,NY,0.004488497944941971,0.7382,0.7382,2,0.212596345692873
308,TX,0.023138337493726895,0.7482,0.7482,26,0.212596345692873
309,CA,0.9727856480333194,0.7738,0.7738,976,0.0379139669239521
309,NY,0.00440028003110377,0.7444,0.7444,4,0.0379139669239521
309,TX,0.022814071935576854,0.7534,0.7534,20,0.0379139669239521
310,CA,0.9731119435280398,0.7774,0.7774,981,0.037623848766088486
310,NY,0.004328798708315214,0.7448,0.7448,4,0.037623848766088486
310,TX,0.022559257763645073,0.7524,0.7524,15,0.037623848766088486
311,CA,0.9734981333605713,0.779,0.779,978,0.037533897906541824
311,NY,0.004251088910913807,0.746,0.746,6,0.037533897906541824
311,TX,0.022250777728514862,0.7522,0.7522,16,0.037533897906541824
312,CA,0.9739013837032048,0.7792,0.7792,982,0.03187694400548935
312,NY,0.004173960543046214,0.742,0.742,0,0.03187694400548935
312,TX,0.021924655753748953,0.7522,0.7522,18,0.03187694400548935
313,CA,0.9743105793815958,0.765,0.765,972,0.036953989416360855
313,NY,0.004088407304040403,0.7382,0.7382,3,0.036953989416360855
313,TX,0.021601013314363805,0.7484,0.7484,25,0.036953989416360855
314,CA,0.9745690727223364,0.7746,0.7746,970,0.03680027276277542
314,NY,0.004027396592656718,0.7372,0.7372,4,0.03680027276277542
314,TX,0.021403530685006812,0.7454,0.7454,26,0.03680027276277542
315,CA,0.974995204704803,0.7682,0.7682,984,0.03688710182905197
315,NY,0.003944242390197471,0.729,0.729,1,0.03688710182905197
315,TX,0.021060552904999388,0.743,0.743,15,0.03688710182905197
316,CA,0.975373251607514,0.7758,0.7758,978,0.03664369881153107
316,NY,0.003858296198549068,0.735,0.735,1,0.03664369881153107
316,TX,0.020768452193936807,0.7446,0.7446,21,0.03664369881153107
317,CA,0.9758158219401931,0.7772,0.7772,979,0.03730453550815582
317,NY,0.0037713601396779863,0.747,0.747,4,0.03730453550815582
317,TX,0.020412817920128945,0.7542,0.7542,17,0.03730453550815582
318,CA,0.9761362518406016,0.7666,0.7666,966,0.037374671548604965
318,NY,0.0037084906932191206,0.7326,0.7326,6,0.037374671548604965
318,TX,0.020155257466179206,0.7428,0.7428,28,0.037374671548604965
319,CA,0.9764710929932696,0.771,0.771,978,0.038529034703969955
319,NY,0.0036383646764926673,0.75,0.75,2,0.038529034703969955
319,TX,0.019890542330237775,0.7526,0.7526,20,0.038529034703969955
320,CA,0.9767150741229165,0.7788,0.7788,976,0.037609487771987915
320,NY,0.0035961203147461067,0.7446,0.7446,4,0.037609487771987915
320,TX,0.01968880556233747,0.7476,0.7476,20,0.037609487771987915
321,CA,0.9771200714127832,0.7764,0.7764,977,0.03754217177629471
321,NY,0.003528442176786447,0.75,0.75,4,0.03754217177629471
321,TX,0.01935148641043036,0.7546,0.7546,19,0.03754217177629471
322,CA,0.9774034398820101,0.7678,0.7678,977,0.03664116561412811
322,NY,0.0034770122251955057,0.7436,0.7436,5,0.03664116561412811
322,TX,0.019119547892794554,0.7484,0.7484,18,0.03664116561412811
323,CA,0.9776551055636196,0.7714,0.7714,969,0.03770250827074051
323,NY,0.0034302972717280638,0.7308,0.7308,4,0.03770250827074051
323,TX,0.018914597164652318,0.7404,0.7404,27,0.03770250827074051
324,CA,0.9780557487481615,0.771,0.771,973,0.03743989020586014
324,NY,0.0033530493204302655,0.7436,0.7436,3,0.03743989020586014
324,TX,0.018591201931408216,0.7524,0.7524,24,0.03743989020586014
325,CA,0.9782975168924495,0.7708,0.7708,981,0.03800520673394203
325,NY,0.0033019886934995,0.7398,0.7398,5,0.03800520673394203
325,TX,0.01840049441405099,0.7452,0.7452,14,0.03800520673394203
326,CA,0.9786144084117225,0.7674,0.7674,971,0.03748752176761627
326,NY,0.003245234240282215,0.7376,0.7376,5,0.03748752176761627
326,TX,0.018140357347995326,0.7476,0.7476,24,0.03748752176761627
327,CA,0.9788668994996951,0.776,0.776,974,0.037781212478876114
327,NY,0.00319133976825028,0.7526,0.7526,4,0.037781212478876114
327,TX,0.01794176073205474,0.7608,0.7608,22,0.037781212478876114
328,CA,0.9790584069149079,0.7728,0.7728,979,0.03681675344705582
328,NY,0.003149907844019903,0.731,0.731,2,0.03681675344705582
328,TX,0.01779168524107221,0.7422,0.7422,19,0.03681675344705582
329,CA,0.979431932307547,0.7784,0.7784,983,0.03779713436961174
329,NY,0.0030768110810485308,0.7506,0.7506,3,0.03779713436961174
329,TX,0.017491256611404497,0.7564,0.7564,14,0.03779713436961174
330,CA,0.9796910364544178,0.7724,0.7724,982,0.031230829656124115
330,NY,0.0030295155138772055,0.7396,0.7396,0,0.031230829656124115
330,TX,0.01727944803170501,0.7528,0.7528,18,0.031230829656124115
331,CA,0.979933225087929,0.7736,0.7736,982,0.03738800436258316
331,NY,0.0029741864230962696,0.7414,0.7414,3,0.03738800436258316
331,TX,0.01709258848897471,0.7504,0.7504,15,0.03738800436258316
332,CA,0.9802053110130109,0.7716,0.7716,982,0.03727634251117706
332,NY,0.002921000391806741,0.734,0.734,2,0.03727634251117706
332,TX,0.016873688595182523,0.7422,0.7422,16,0.03727634251117706
333,CA,0.9805406718958434,0.7756,0.7756,987,0.03787306323647499
333,NY,0.002859983963426305,0.748,0.748,4,0.03787306323647499
333,TX,0.01659934414073034,0.7586,0.7586,9,0.03787306323647499
334,CA,0.9807401364154152,0.7766,0.7766,978,0.03773731365799904
334,NY,0.0028161009973384217,0.743,0.743,4,0.03773731365799904
334,TX,0.016443762587246235,0.7532,0.7532,18,0.03773731365799904
335,CA,0.9810048547930701,0.77,0.77,973,0.037680286914110184
335,NY,0.0027635871417087134,0.7312,0.7312,4,0.037680286914110184
335,TX,0.016231558065221214,0.7404,0.7404,23,0.037680286914110184
336,CA,0.9813306794762772,0.7706,0.7706,985,0.043064042925834656
336,NY,0.002703904572813609,0.7412,0.7412,0,0.043064042925834656
336,TX,0.01596541595090923,0.7446,0.7446,15,0.043064042925834656
337,CA,0.9816048788793201,0.7728,0.7728,974,0.0395406037569046
337,NY,0.0026597504479137393,0.7372,0.7372,1,0.0395406037569046
337,TX,0.01573537067276605,0.7454,0.7454,25,0.0395406037569046
338,CA,0.9818961224470613,0.777,0.777,990,0.032599225640296936
338,NY,0.0026071126988599894,0.744,0.744,0,0.032599225640296936
338,TX,0.015496764854078674,0.7536,0.7536,10,0.032599225640296936
339,CA,0.9821440953249538,0.7776,0.7776,986,0.038110747933387756
339,NY,0.0025593431734402257,0.7438,0.7438,2,0.038110747933387756
339,TX,0.015296561501605946,0.7564,0.7564,12,0.038110747933387756
340,CA,0.9823711155108554,0.7732,0.7732,987,0.03733920305967331
340,NY,0.002511259132130052,0.7374,0.7374,2,0.03733920305967331
340,TX,0.015117625357014521,0.7438,0.7438,11,0.03733920305967331
341,CA,0.9826672464099852,0.7764,0.7764,983,0.03789037838578224
341,NY,0.0024612998192202577,0.7504,0.7504,3,0.03789037838578224
341,TX,0.014871453770794608,0.7528,0.7528,14,0.03789037838578224
342,CA,0.9828968472759233,0.7772,0.7772,981,0.03805694356560707
342,NY,0.0024258420576651544,0.7538,0.7538,2,0.03805694356560707
342,TX,0.014677310666411637,0.7574,0.7574,17,0.03805694356560707
343,CA,0.983089004033981,0.7686,0.7686,984,0.0324443057179451
343,NY,0.002394369539692922,0.7402,0.7402,0,0.0324443057179451
343,TX,0.014516626426326085,0.7502,0.7502,16,0.0324443057179451
344,CA,0.9832753104215145,0.7736,0.7736,990,0.037783656269311905
344,NY,0.0023563674691284746,0.7494,0.7494,1,0.037783656269311905
344,TX,0.014368322109357057,0.7556,0.7556,9,0.037783656269311905
345,CA,0.9834503385708723,0.7762,0.7762,985,0.03804713487625122
345,NY,0.0023246295832576648,0.7294,0.7294,2,0.03804713487625122
345,TX,0.01422503184587,0.743,0.743,13,0.03804713487625122
346,CA,0.9837721684985893,0.778,0.778,978,0.037150755524635315
346,NY,0.002264120031132559,0.7416,0.7416,5,0.037150755524635315
346,TX,0.013963711470278225,0.7562,0.7562,17,0.037150755524635315
347,CA,0.9839862452097539,0.775,0.775,981,0.03780360147356987
347,NY,0.002218250571593545,0.7364,0.7364,4,0.03780360147356987
347,TX,0.01379550421865258,0.742,0.742,15,0.03780360147356987
348,CA,0.98428617584591,0.7682,0.7682,990,0.0370958149433136
348,NY,0.0021706728775323326,0.728,0.728,1,0.0370958149433136
348,TX,0.01354315127655759,0.7388,0.7388,9,0.0370958149433136
349,CA,0.9845564693357831,0.7652,0.7652,986,0.031501322984695435
349,NY,0.0021219051963425146,0.7396,0.7396,0,0.031501322984695435
349,TX,0.013321625467874404,0.7504,0.7504,14,0.031501322984695435
350,CA,0.984696755058201,0.7736,0.7736,987,0.037995338439941406
350,NY,0.002091429998928933,0.7314,0.7314,3,0.037995338439941406
350,TX,0.013211814942870126,0.7388,0.7388,10,0.037995338439941406
351,CA,0.9850011132412558,0.7678,0.7678,990,0.037980303168296814
351,NY,0.0020422987934959353,0.7494,0.7494,1,0.037980303168296814
351,TX,0.012956587965248186,0.755,0.755,9,0.037980303168296814
352,CA,0.9851144714098686,0.7632,0.7632,981,0.037820927798748016
352,NY,0.0020212742856999186,0.7304,0.7304,1,0.037820927798748016
352,TX,0.012864254304431399,0.7356,0.7356,18,0.037820927798748016
353,CA,0.9853499401002209,0.7692,0.7692,988,0.03438965231180191
353,NY,0.0019841475992386334,0.7192,0.7192,0,0.03438965231180191
353,TX,0.01266591230054037,0.7324,0.7324,12,0.03438965231180191
354,CA,0.9856648898680184,0.7702,0.7702,984,0.037098608911037445
354,NY,0.0019286891620935854,0.7406,0.7406,2,0.037098608911037445
354,TX,0.012406420969888138,0.7506,0.7506,14,0.037098608911037445
355,CA,0.9858321032154634,0.7746,0.7746,987,0.03746122494339943
355,NY,0.0018967607431545944,0.7408,0.7408,2,0.03746122494339943
355,TX,0.012271136041381981,0.7516,0.7516,11,0.03746122494339943
356,CA,0.9860245444923619,0.7792,0.7792,985,0.031484223902225494
356,NY,0.0018609972116638569,0.7388,0.7388,0,0.031484223902225494
356,TX,0.012114458295974299,0.7508,0.7508,15,0.031484223902225494
357,CA,0.9862569373270128,0.771,0.771,988,0.03753190115094185
357,NY,0.0018191685086411291,0.743,0.743,2,0.03753190115094185
357,TX,0.011923894164346145,0.7518,0.7518,10,0.03753190115094185
358,CA,0.9864128225716816,0.7756,0.7756,978,0.036670077592134476
358,NY,0.0017906899383278406,0.7366,0.7366,2,0.036670077592134476
358,TX,0.011796487489990546,0.749,0.749,20,0.036670077592134476
359,CA,0.9866259859469266,0.769,0.769,989,0.039181195199489594
359,NY,0.0017517369645874458,0.7332,0.7332,1,0.039181195199489594
359,TX,0.011622277088485905,0.7396,0.7396,10,0.039181195199489594
360,CA,0.9868515878791637,0.7748,0.7748,993,0.03243473917245865
360,NY,0.001716678770015273,0.7476,0.7476,0,0.03243473917245865
360,TX,0.011431733350821009,0.753,0.753,7,0.03243473917245865
361,CA,0.9870161492141806,0.7676,0.7676,990,0.031261611729860306
361,NY,0.0016906513925169582,0.7336,0.7336,0,0.031261611729860306
361,TX,0.011293199393302367,0.7382,0.7382,10,0.031261611729860306
362,CA,0.9872336926089378,0.7758,0.7758,985,0.03833095356822014
362,NY,0.0016584969689416528,0.7368,0.7368,3,0.03833095356822014
362,TX,0.011107810422120614,0.7478,0.7478,12,0.03833095356822014
363,CA,0.9874426025416209,0.7796,0.7796,986,0.03703528642654419
363,NY,0.0016224164194312794,0.7466,0.7466,1,0.03703528642654419
363,TX,0.01093498103894788,0.751,0.751,13,0.03703528642654419
364,CA,0.9876458814416794,0.7684,0.7684,986,0.03739442676305771
364,NY,0.0015926589557309515,0.7294,0.7294,2,0.03739442676305771
364,TX,0.010761459602589615,0.7364,0.7364,12,0.03739442676305771
365,CA,0.9878729516741056,0.7718,0.7718,990,0.03779219463467598
365,NY,0.0015578928132465547,0.737,0.737,2,0.03779219463467598
365,TX,0.010569155512647787,0.7432,0.7432,8,0.03779219463467598
366,CA,0.9880717552566568,0.7784,0.7784,986,0.037694890052080154
366,NY,0.0015276015324107617,0.7464,0.7464,1,0.037694890052080154
366,TX,0.010400643210932476,0.7538,0.7538,13,0.037694890052080154
367,CA,0.9882410960543117,0.7732,0.7732,992,0.03863834962248802
367,NY,0.0015003714226254944,0.746,0.746,1,0.03863834962248802
367,TX,0.010258532523062754,0.7542,0.7542,7,0.03863834962248802
368,CA,0.9883724863979317,0.7744,0.7744,988,0.03680020570755005
368,NY,0.0014775528964324183,0.747,0.747,3,0.03680020570755005
368,TX,0.010149960705635891,0.7546,0.7546,9,0.03680020570755005
369,CA,0.9885069989871439,0.7708,0.7708,988,0.03678565099835396
369,NY,0.0014549347442123779,0.7278,0.7278,1,0.03678565099835396
369,TX,0.010038066268643725,0.7398,0.7398,11,0.03678565099835396
370,CA,0.988715675754489,0.7736,0.7736,986,0.030909355729818344
370,NY,0.0014199045230172758,0.7366,0.7366,0,0.030909355729818344
370,TX,0.009864419722493733,0.7404,0.7404,14,0.030909355729818344
371,CA,0.9889275765728601,0.7724,0.7724,989,0.040441617369651794
371,NY,0.0013905811143700329,0.744,0.744,1,0.040441617369651794
371,TX,0.009681842312769785,0.7542,0.7542,10,0.040441617369651794
372,CA,0.9890479442398876,0.7798,0.7798,985,0.03820754587650299
372,NY,0.0013684657212257448,0.743,0.743,1,0.03820754587650299
372,TX,0.00958359003888664,0.751,0.751,14,0.03820754587650299
373,CA,0.9892293420065241,0.773,0.773,995,0.034037601202726364
373,NY,0.001340416462357816,0.743,0.743,0,0.034037601202726364
373,TX,0.009430241531118011,0.753,0.753,5,0.034037601202726364
374,CA,0.989357025045125,0.7726,0.7726,993,0.03194408863782883
374,NY,0.0013179060652168354,0.7412,0.7412,0,0.03194408863782883
374,TX,0.009325068889658162,0.7502,0.7502,7,0.03194408863782883
375,CA,0.989496726728845,0.7762,0.7762,988,0.0366063266992569
375,NY,0.0012947433533447305,0.7476,0.7476,2,0.0366063266992569
375,TX,0.009208529917810111,0.7518,0.7518,10,0.0366063266992569
376,CA,0.9896425476163315,0.7704,0.7704,996,0.030572321265935898
376,NY,0.0012740833997279455,0.73,0.73,0,0.030572321265935898
376,TX,0.00908336898394048,0.7354,0.7354,4,0.030572321265935898
377,CA,0.9898490779064939,0.7782,0.7782,990,0.031854454427957535
377,NY,0.001245269019743053,0.749,0.749,0,0.031854454427957535
377,TX,0.00890565307376295,0.7594,0.7594,10,0.031854454427957535
378,CA,0.9899625311829147,0.7774,0.7774,989,0.0364873893558979
378,NY,0.0012249607175730695,0.7432,0.7432,2,0.0364873893558979
378,TX,0.008812508099512215,0.7556,0.7556,9,0.0364873893558979
379,CA,0.9900928833856152,0.7748,0.7748,992,0.036573417484760284
379,NY,0.001201548718849514,0.7366,0.7366,2,0.036573417484760284
379,TX,0.008705567895535345,0.7446,0.7446,6,0.036573417484760284
380,CA,0.9902651851263724,0.7738,0.7738,992,0.03205791488289833
380,NY,0.0011758917225126867,0.7368,0.7368,0,0.03205791488289833
380,TX,0.008558923151114851,0.7438,0.7438,8,0.03205791488289833
381,CA,0.9904328494095713,0.7754,0.7754,989,0.03779159486293793
381,NY,0.0011515585346102116,0.747,0.747,1,0.03779159486293793
381,TX,0.008415592055818473,0.7558,0.7558,10,0.03779159486293793
382,CA,0.9905431235541631,0.768,0.768,991,0.037545349448919296
382,NY,0.0011332639120339996,0.7378,0.7378,1,0.037545349448919296
382,TX,0.00832361253380289,0.747,0.747,8,0.037545349448919296
383,CA,0.9906602435956914,0.769,0.769,987,0.03151806816458702
383,NY,0.0011140378297526193,0.7424,0.7424,0,0.03151806816458702
383,TX,0.008225718574555849,0.7454,0.7454,13,0.03151806816458702
384,CA,0.9907855678127209,0.7668,0.7668,995,0.031328290700912476
384,NY,0.0010974251412157814,0.73,0.73,0,0.031328290700912476
384,TX,0.00811700704606338,0.7402,0.7402,5,0.031328290700912476
385,CA,0.9909293151738114,0.7764,0.7764,988,0.03200586140155792
385,NY,0.0010747231963517381,0.7488,0.7488,0,0.03200586140155792
385,TX,0.007995961629836857,0.7516,0.7516,12,0.03200586140155792
386,CA,0.9910564956667401,0.7732,0.7732,992,0.03148387745022774
386,NY,0.0010581609696530385,0.7388,0.7388,0,0.03148387745022774
386,TX,0.007885343363606894,0.7486,0.7486,8,0.03148387745022774
387,CA,0.9911852738338187,0.7706,0.7706,992,0.03753098100423813
387,NY,0.001037767524873752,0.737,0.737,5,0.03753098100423813
387,TX,0.0077769586413075475,0.746,0.746,3,0.03753098100423813
388,CA,0.9913119072234733,0.7718,0.7718,990,0.037719715386629105
388,NY,0.0010182042755900267,0.7356,0.7356,2,0.037719715386629105
388,TX,0.007669888500936749,0.75,0.75,8,0.037719715386629105
389,CA,0.9914260922051233,0.7718,0.7718,987,0.21352730318903923
389,NY,0.000997516026860943,0.7352,0.7352,2,0.21352730318903923
389,TX,0.007576391768015629,0.7494,0.7494,11,0.21352730318903923
390,CA,0.9915414979776045,0.7684,0.7684,996,0.03238415718078613
390,NY,0.0009770240952557822,0.7422,0.7422,0,0.03238415718078613
390,TX,0.007481477927139758,0.7548,0.7548,4,0.03238415718078613
391,CA,0.9916129060680485,0.7808,0.7808,989,0.031292401254177094
391,NY,0.0009626181658300007,0.7486,0.7486,0,0.031292401254177094
391,TX,0.007424475766121433,0.7576,0.7576,11,0.031292401254177094
392,CA,0.991726092568212,0.7714,0.7714,995,0.36423424631357193
392,NY,0.0009453202243760853,0.7358,0.7358,0,0.36423424631357193
392,TX,0.007328587207412008,0.7472,0.7472,5,0.36423424631357193
393,CA,0.9918442388380024,0.771,0.771,991,0.041331518441438675
393,NY,0.0009264323854196806,0.7366,0.7366,1,0.041331518441438675
393,TX,0.007229328776577771,0.7486,0.7486,8,0.041331518441438675
394,CA,0.9919527914294363,0.775,0.775,993,0.032609108835458755
394,NY,0.0009085367366501562,0.7354,0.7354,0,0.032609108835458755
394,TX,0.007138671833913612,0.743,0.743,7,0.032609108835458755
395,CA,0.9921005811895826,0.773,0.773,995,0.03145807981491089
395,NY,0.0008883997518280289,0.7348,0.7348,0,0.03145807981491089
395,TX,0.00701101905858935,0.746,0.746,5,0.03145807981491089
396,CA,0.9922255100399019,0.7698,0.7698,999,0.031129304319620132
396,NY,0.000869368281085685,0.7324,0.7324,0,0.031129304319620132
396,TX,0.006905121679012449,0.7474,0.7474,1,0.031129304319620132
397,CA,0.992330467349436,0.7796,0.7796,995,0.03860744461417198
397,NY,0.0008510865206645325,0.751,0.751,1,0.03860744461417198
397,TX,0.006818446129899529,0.7548,0.7548,4,0.03860744461417198
398,CA,0.9924383431769633,0.7702,0.7702,989,0.03798656910657883
398,NY,0.0008374997203897016,0.7422,0.7422,1,0.03798656910657883
398,TX,0.006724157102646863,0.7482,0.7482,10,0.03798656910657883
399,CA,0.9925344351378207,0.7738,0.7738,992,0.03153734654188156
399,NY,0.0008243324416172012,0.7394,0.7394,0,0.03153734654188156
399,TX,0.006641232420561991,0.7508,0.7508,8,0.03153734654188156
400,CA,0.9926357834760892,0.7732,0.7732,995,0.03172605112195015
400,NY,0.0008084283795688297,0.7468,0.7468,0,0.03172605112195015
400,TX,0.00655578814434205,0.7552,0.7552,5,0.03172605112195015
401,CA,0.992713795763103,0.7622,0.7622,993,0.03665085509419441
401,NY,0.0007964548143342984,0.7298,0.7298,1,0.03665085509419441
401,TX,0.0064897494225625366,0.7382,0.7382,6,0.03665085509419441
402,CA,0.9928160854106458,0.775,0.775,990,0.03750096634030342
402,NY,0.000781891668028779,0.7398,0.7398,3,0.03750096634030342
402,TX,0.006402022921325405,0.7552,0.7552,7,0.03750096634030342
403,CA,0.9929023882851696,0.7772,0.7772,988,0.038794007152318954
403,NY,0.0007664526052779008,0.744,0.744,1,0.038794007152318954
403,TX,0.006331159109552427,0.7532,0.7532,11,0.038794007152318954
404,CA,0.9930015063101635,0.7748,0.7748,993,0.03743375837802887
404,NY,0.0007522095324647783,0.7364,0.7364,1,0.03743375837802887
404,TX,0.006246284157371702,0.7432,0.7432,6,0.03743375837802887
405,CA,0.9931281191919763,0.7722,0.7722,990,0.03139958158135414
405,NY,0.000736028381461996,0.744,0.744,0,0.03139958158135414
405,TX,0.006135852426561677,0.7534,0.7534,10,0.03139958158135414
406,CA,0.9932044001290611,0.776,0.776,993,0.0314367450773716
406,NY,0.0007243720187134661,0.747,0.747,0,0.0314367450773716
406,TX,0.006071227852225438,0.7538,0.7538,7,0.0314367450773716
407,CA,0.9932915301670393,0.7702,0.7702,994,0.03341425210237503
407,NY,0.0007126063807706458,0.7298,0.7298,0,0.03341425210237503
407,TX,0.0059958634521900004,0.7404,0.7404,6,0.03341425210237503
408,CA,0.9934079567875524,0.7758,0.7758,990,0.03741235285997391
408,NY,0.000696424698860917,0.7388,0.7388,2,0.03741235285997391
408,TX,0.0058956185135865865,0.7484,0.7484,8,0.03741235285997391
409,CA,0.9935127504296214,0.7648,0.7648,995,0.03146141767501831
409,NY,0.0006819861513741973,0.7346,0.7346,0,0.03146141767501831
409,TX,0.005805263419004418,0.7462,0.7462,5,0.03146141767501831
410,CA,0.9935851377242859,0.7774,0.7774,988,0.03768663480877876
410,NY,0.0006703645566334195,0.7454,0.7454,1,0.03768663480877876
410,TX,0.0057444977190807735,0.7526,0.7526,11,0.03768663480877876
411,CA,0.9936767764869393,0.7768,0.7768,989,0.0314607135951519
411,NY,0.0006583561447806909,0.7416,0.7416,0,0.0314607135951519
411,TX,0.005664867368280062,0.7518,0.7518,11,0.0314607135951519
412,CA,0.9937689472259357,0.7718,0.7718,992,0.03720704838633537
412,NY,0.0006453733771866702,0.741,0.741,2,0.03720704838633537
412,TX,0.005585679396877695,0.7492,0.7492,6,0.03720704838633537
413,CA,0.9938509064688694,0.7774,0.7774,992,0.03761698678135872
413,NY,0.0006342068608708168,0.7456,0.7456,1,0.03761698678135872
413,TX,0.005514886670259828,0.7546,0.7546,7,0.03761698678135872
414,CA,0.9939324986271658,0.7732,0.7732,995,0.03142138570547104
414,NY,0.0006229112093861432,0.7416,0.7416,0,0.03142138570547104
414,TX,0.005444590163448027,0.7506,0.7506,5,0.03142138570547104
415,CA,0.9940125105418794,0.775,0.775,993,0.037481263279914856
415,NY,0.0006118596289484732,0.7378,0.7378,4,0.037481263279914856
415,TX,0.005375629829171972,0.7438,0.7438,3,0.037481263279914856
416,CA,0.9941191925969773,0.7724,0.7724,996,0.031587205827236176
416,NY,0.0005991007213457092,0.7504,0.7504,0,0.031587205827236176
416,TX,0.005281706681676983,0.7522,0.7522,4,0.031587205827236176
417,CA,0.9941864312645122,0.777,0.777,992,0.031739331781864166
417,NY,0.0005917043729719533,0.7478,0.7478,0,0.031739331781864166
417,TX,0.005221864362515805,0.7572,0.7572,8,0.031739331781864166
418,CA,0.9942539480355077,0.7696,0.7696,990,0.03690103068947792
418,NY,0.0005820208981086849,0.7398,0.7398,1,0.03690103068947792
418,TX,0.005164031066383668,0.7518,0.7518,9,0.03690103068947792
419,CA,0.9943153420496447,0.769,0.769,992,0.036439064890146255
419,NY,0.0005722550211280734,0.7348,0.7348,2,0.036439064890146255
419,TX,0.005112402929227266,0.7502,0.7502,6,0.036439064890146255
420,CA,0.9943803698584807,0.7766,0.7766,995,0.03791644424200058
420,NY,0.0005612283414126612,0.7414,0.7414,1,0.03791644424200058
420,TX,0.005058401800106668,0.751,0.751,4,0.03791644424200058
421,CA,0.9944639137406344,0.7774,0.7774,994,0.036045096814632416
421,NY,0.0005501548713996679,0.7438,0.7438,0,0.036045096814632416
421,TX,0.00498593138796599,0.7528,0.7528,6,0.036045096814632416
422,CA,0.9945428880310949,0.775,0.775,992,0.031171102076768875
422,NY,0.0005397975983473021,0.7456,0.7456,0,0.031171102076768875
422,TX,0.0049173143705577085,0.7552,0.7552,8,0.031171102076768875
423,CA,0.994606337120661,0.7702,0.7702,998,0.031639210879802704
423,NY,0.0005308905926437169,0.7362,0.7362,0,0.031639210879802704
423,TX,0.004862772286695309,0.7498,0.7498,2,0.031639210879802704
424,CA,0.9946722201554391,0.7724,0.7724,995,0.03753767907619476
424,NY,0.0005207283373518693,0.747,0.747,2,0.03753767907619476
424,TX,0.004807051507209124,0.76,0.76,3,0.03753767907619476
425,CA,0.9947130962965128,0.7742,0.7742,993,0.03633571416139603
425,NY,0.0005132869499344609,0.7424,0.7424,1,0.03633571416139603
425,TX,0.004773616753552758,0.7554,0.7554,6,0.03633571416139603
426,CA,0.9947725665164974,0.7788,0.7788,996,0.03975888341665268
426,NY,0.0005041171522476626,0.7354,0.7354,2,0.03975888341665268
426,TX,0.004723316331254935,0.7388,0.7388,2,0.03975888341665268
427,CA,0.9948904742024034,0.7762,0.7762,995,0.03735480457544327
427,NY,0.0004918757583748472,0.7444,0.7444,1,0.03735480457544327
427,TX,0.00461765003922177,0.7556,0.7556,4,0.03735480457544327
428,CA,0.9949525202302248,0.7726,0.7726,993,0.03062845766544342
428,NY,0.00048309964168269436,0.7334,0.7334,0,0.03062845766544342
428,TX,0.004564380128092406,0.7466,0.7466,7,0.03062845766544342
429,CA,0.9950297668897087,0.7722,0.7722,998,0.03115938976407051
429,NY,0.00047245285670019423,0.7324,0.7324,0,0.03115938976407051
429,TX,0.004497780253591103,0.747,0.747,2,0.03115938976407051
430,CA,0.9951039688346909,0.7774,0.7774,994,0.031305599957704544
430,NY,0.00046187696925863956,0.7486,0.7486,0,0.031305599957704544
430,TX,0.004434154196050343,0.7556,0.7556,6,0.031305599957704544
431,CA,0.9951655390996131,0.77,0.77,997,0.031037386506795883
431,NY,0.00045442108675357323,0.744,0.744,0,0.031037386506795883
431,TX,0.004380039813633295,0.7532,0.7532,3,0.031037386506795883
432,CA,0.9952135565327687,0.7802,0.7802,994,0.03737444058060646
432,NY,0.0004477675788011425,0.7466,0.7466,1,0.03737444058060646
432,TX,0.004338675888430279,0.754,0.754,5,0.03737444058060646
433,CA,0.9952855211767581,0.7758,0.7758,997,0.030654679983854294
433,NY,0.00043934805374013517,0.7396,0.7396,0,0.030654679983854294
433,TX,0.004275130769501763,0.7428,0.7428,3,0.030654679983854294
434,CA,0.9953735138741113,0.767,0.767,990,0.03712652623653412
434,NY,0.00043042991596664516,0.741,0.741,1,0.03712652623653412
434,TX,0.0041960562099220625,0.7508,0.7508,9,0.03712652623653412
435,CA,0.9954181118100208,0.7664,0.7664,993,0.03690304979681969
435,NY,0.0004241154837412294,0.7304,0.7304,3,0.03690304979681969
435,TX,0.004157772706238002,0.743,0.743,4,0.03690304979681969
436,CA,0.9954815467293286,0.7746,0.7746,996,0.031618934124708176
436,NY,0.0004154983025197303,0.743,0.743,0,0.031618934124708176
436,TX,0.004102954968151609,0.7524,0.7524,4,0.031618934124708176
437,CA,0.9955400109169452,0.7728,0.7728,997,0.03202642872929573
437,NY,0.0004081235625101059,0.7456,0.7456,0,0.03202642872929573
437,TX,0.004051865520544738,0.7532,0.7532,3,0.03202642872929573
438,CA,0.9955908448628455,0.7738,0.7738,997,0.037404999136924744
438,NY,0.0004018822586332779,0.7424,0.7424,1,0.037404999136924744
438,TX,0.004007272878521216,0.7558,0.7558,2,0.037404999136924744
439,CA,0.9956384152599385,0.7658,0.7658,997,0.033302295953035355
439,NY,0.00039478695774219696,0.74,0.74,0,0.033302295953035355
439,TX,0.003966797782319343,0.7484,0.7484,3,0.033302295953035355
440,CA,0.9956830782178668,0.7724,0.7724,998,0.031193871051073074
440,NY,0.0003890361995509365,0.7336,0.7336,0,0.031193871051073074
440,TX,0.003927885582582152,0.7446,0.7446,2,0.031193871051073074
441,CA,0.9957529055441573,0.7786,0.7786,991,0.0384739451110363
441,NY,0.0003805464080272408,0.7476,0.7476,1,0.0384739451110363
441,TX,0.003866548047815483,0.7542,0.7542,8,0.0384739451110363
442,CA,0.9958123321881337,0.7766,0.7766,997,0.03764104098081589
442,NY,0.0003739360128768059,0.7498,0.7498,1,0.03764104098081589
442,TX,0.0038137317989894786,0.7562,0.7562,2,0.03764104098081589
443,CA,0.9958615600218423,0.7618,0.7618,993,0.034393731504678726
443,NY,0.00036831339705547953,0.7412,0.7412,0,0.034393731504678726
443,TX,0.003770126581102146,0.7532,0.7532,7,0.034393731504678726
444,CA,0.9958841764760706,0.7736,0.7736,995,0.030627671629190445
444,NY,0.00036401512732641415,0.7424,0.7424,0,0.030627671629190445
444,TX,0.0037518083966029156,0.75,0.75,5,0.030627671629190445
445,CA,0.9959402738958367,0.776,0.776,993,0.03730155527591705
445,NY,0.0003576317575824832,0.7482,0.7482,1,0.03730155527591705
445,TX,0.003702094346580802,0.756,0.756,6,0.03730155527591705
446,CA,0.995987372461761,0.774,0.774,995,0.037521570920944214
446,NY,0.00035205034077649005,0.7346,0.7346,1,0.037521570920944214
446,TX,0.003660577197462562,0.744,0.744,4,0.037521570920944214
447,CA,0.9960568202492139,0.7786,0.7786,998,0.03171437233686447
447,NY,0.0003442554122934257,0.7562,0.7562,0,0.03171437233686447
447,TX,0.003598924338492583,0.759,0.759,2,0.03171437233686447
448,CA,0.9961006441065974,0.7772,0.7772,995,0.031017955392599106
448,NY,0.00033993475488883424,0.7402,0.7402,0,0.031017955392599106
448,TX,0.0035594211385138,0.7442,0.7442,5,0.031017955392599106
449,CA,0.9961735345498437,0.7696,0.7696,998,0.030525270849466324
449,NY,0.0003328819198275877,0.7324,0.7324,0,0.030525270849466324
449,TX,0.0034935835303286293,0.7436,0.7436,2,0.030525270849466324
450,CA,0.9962316422707783,0.7732,0.7732,999,0.03199741989374161
450,NY,0.0003259031851582599,0.7396,0.7396,0,0.03199741989374161
450,TX,0.0034424545440634147,0.752,0.752,1,0.03199741989374161
451,CA,0.9962787988585953,0.766,0.766,998,0.030627794563770294
451,NY,0.00031974284741770125,0.7348,0.7348,0,0.030627794563770294
451,TX,0.0034014582939869632,0.7412,0.7412,2,0.030627794563770294
452,CA,0.9963320186400166,0.774,0.774,995,0.03716341778635979
452,NY,0.0003141107148567114,0.743,0.743,2,0.03716341778635979
452,TX,0.0033538706451267416,0.7544,0.7544,3,0.03716341778635979
453,CA,0.9963744085281022,0.7628,0.7628,997,0.03780601918697357
453,NY,0.0003086348758099405,0.7318,0.7318,1,0.03780601918697357
453,TX,0.003316956596087949,0.7382,0.7382,2,0.03780601918697357
454,CA,0.9964259396064236,0.769,0.769,995,0.030590806156396866
454,NY,0.00030322300952844415,0.726,0.726,0,0.030590806156396866
454,TX,0.0032708373840480464,0.7352,0.7352,5,0.030590806156396866
455,CA,0.9964955607309024,0.772,0.772,996,0.037223994731903076
455,NY,0.00029587308211208074,0.7368,0.7368,1,0.037223994731903076
455,TX,0.003208566186985625,0.7504,0.7504,3,0.037223994731903076
456,CA,0.9965403936672089,0.7724,0.7724,995,0.03913378715515137
456,NY,0.00029000874065467395,0.738,0.738,1,0.03913378715515137
456,TX,0.003169597592136415,0.7516,0.7516,4,0.03913378715515137
457,CA,0.996583072843689,0.7694,0.7694,999,0.030590612441301346
457,NY,0.00028439222395929383,0.7354,0.7354,0,0.030590612441301346
457,TX,0.0031325349323517468,0.742,0.742,1,0.030590612441301346
458,CA,0.9966368648696242,0.7776,0.7776,993,0.03155103698372841
458,NY,0.00027894252554045573,0.7512,0.7512,0,0.03155103698372841
458,TX,0.003084192604835273,0.7576,0.7576,7,0.03155103698372841
459,CA,0.9966755790856304,0.775,0.775,998,0.031460847705602646
459,NY,0.0002748104893244753,0.7458,0.7458,0,0.031460847705602646
459,TX,0.0030496104250451067,0.753,0.753,2,0.031460847705602646
460,CA,0.9967177589995272,0.7682,0.7682,998,0.037771277129650116
460,NY,0.0002703011020687567,0.7362,0.7362,1,0.037771277129650116
460,TX,0.0030119398984040295,0.7488,0.7488,1,0.037771277129650116
461,CA,0.9967555735165777,0.7726,0.7726,996,0.03049081191420555
461,NY,0.0002654193971733024,0.7458,0.7458,0,0.03049081191420555
461,TX,0.00297900708624904,0.752,0.752,4,0.03049081191420555
462,CA,0.99679408262302,0.7754,0.7754,998,0.03770238906145096
462,NY,0.0002614166115311608,0.7404,0.7404,1,0.03770238906145096
462,TX,0.0029445007654488246,0.7462,0.7462,1,0.03770238906145096
463,CA,0.9968474954365473,0.7778,0.7778,997,0.03087177500128746
463,NY,0.0002562768108970026,0.752,0.752,0,0.03087177500128746
463,TX,0.0028962277525557537,0.7614,0.7614,3,0.03087177500128746
464,CA,0.9968778369464922,0.7752,0.7752,997,0.036241501569747925
464,NY,0.0002525653273826224,0.7356,0.7356,1,0.036241501569747925
464,TX,0.0028695977261251155,0.741,0.741,2,0.036241501569747925
465,CA,0.9969385685600579,0.7738,0.7738,999,0.03160058334469795
465,NY,0.0002469463088276418,0.7346,0.7346,0,0.03160058334469795
465,TX,0.0028144851311143284,0.747,0.747,1,0.03160058334469795
466,CA,0.9969864048517859,0.7748,0.7748,998,0.031358037143945694
466,NY,0.00024150051924602648,0.734,0.734,0,0.031358037143945694
466,TX,0.002772094628968117,0.7454,0.7454,2,0.031358037143945694
467,CA,0.997037724544771,0.7756,0.7756,997,0.03080778941512108
467,NY,0.00023596092859189805,0.745,0.745,0,0.03080778941512108
467,TX,0.002726314526637128,0.7512,0.7512,3,0.03080778941512108
468,CA,0.9970791342580987,0.7696,0.7696,997,0.03195078670978546
468,NY,0.0002319041009101837,0.7372,0.7372,0,0.03195078670978546
468,TX,0.0026889616409911683,0.7478,0.7478,3,0.03195078670978546
469,CA,0.9971163982472742,0.7722,0.7722,998,0.03133901208639145
469,NY,0.00022766662544699794,0.7388,0.7388,0,0.03133901208639145
469,TX,0.0026559351272788067,0.7486,0.7486,2,0.03133901208639145
470,CA,0.9971559447106135,0.772,0.772,998,0.03136805072426796
470,NY,0.0002233847357691051,0.7392,0.7392,0,0.03136805072426796
470,TX,0.0026206705536174543,0.7498,0.7498,2,0.03136805072426796
471,CA,0.9971928081519109,0.7724,0.7724,996,0.032260797917842865
471,NY,0.00021925795436822436,0.7408,0.7408,0,0.032260797917842865
471,TX,0.0025879338937207803,0.7538,0.7538,4,0.032260797917842865
472,CA,0.9972237894496911,0.7718,0.7718,1000,0.024455245584249496
472,NY,0.0002153555096627259,0.7422,0.7422,0,0.024455245584249496
472,TX,0.0025608550406462016,0.7508,0.7508,0,0.024455245584249496
473,CA,0.9972576462730147,0.776,0.776,996,0.03241453319787979
473,NY,0.00021176493234001227,0.7414,0.7414,0,0.03241453319787979
473,TX,0.0025305887946453004,0.75,0.75,4,0.03241453319787979
474,CA,0.9972987075626545,0.7644,0.7644,998,0.031037073582410812
474,NY,0.0002076478811279254,0.7384,0.7384,0,0.031037073582410812
474,TX,0.002493644556217584,0.7482,0.7482,2,0.031037073582410812
475,CA,0.9973245936225688,0.775,0.775,997,0.03193564713001251
475,NY,0.0002045933156229265,0.7466,0.7466,0,0.03193564713001251
475,TX,0.002470813061808357,0.751,0.751,3,0.03193564713001251
476,CA,0.9973611784958505,0.7766,0.7766,997,0.031644560396671295
476,NY,0.00020132720759108216,0.7388,0.7388,0,0.031644560396671295
476,TX,0.0024374942965585764,0.752,0.752,3,0.031644560396671295
477,CA,0.9973991143169252,0.7756,0.7756,998,0.031085304915905
477,NY,0.00019705114477282408,0.7476,0.7476,0,0.031085304915905
477,TX,0.002403834538302158,0.7532,0.7532,2,0.031085304915905
478,CA,0.9974324613027753,0.7742,0.7742,994,0.036695025861263275
478,NY,0.0001939502670296581,0.7338,0.7338,1,0.036695025861263275
478,TX,0.002373588430195107,0.7414,0.7414,5,0.036695025861263275
479,CA,0.9974806370489553,0.7668,0.7668,999,0.03040233626961708
479,NY,0.00018954301363010355,0.7216,0.7216,0,0.03040233626961708
479,TX,0.002329819937414637,0.7324,0.7324,1,0.03040233626961708
480,CA,0.9975307242647319,0.7744,0.7744,997,0.03127553313970566
480,NY,0.00018470321364585444,0.7322,0.7322,0,0.03127553313970566
480,TX,0.002284572521622175,0.7404,0.7404,3,0.03127553313970566
481,CA,0.9975787760002357,0.778,0.778,997,0.030769959092140198
481,NY,0.00018031916058691892,0.747,0.747,0,0.030769959092140198
481,TX,0.0022409048391774187,0.7516,0.7516,3,0.030769959092140198
482,CA,0.997615106349161,0.7762,0.7762,999,0.03042330965399742
482,NY,0.00017718169067555995,0.7318,0.7318,0,0.03042330965399742
482,TX,0.002207711960163507,0.7436,0.7436,1,0.03042330965399742
483,CA,0.997659950089401,0.7716,0.7716,998,0.036250315606594086
483,NY,0.0001727604125693066,0.7352,0.7352,1,0.036250315606594086
483,TX,0.0021672894980296715,0.746,0.746,1,0.036250315606594086
484,CA,0.9976947371133147,0.772,0.772,997,0.030721597373485565
484,NY,0.00016921670839400136,0.728,0.728,0,0.030721597373485565
484,TX,0.0021360461782913114,0.7404,0.7404,3,0.030721597373485565
485,CA,0.9977369351888954,0.7722,0.7722,999,0.030940905213356018
485,NY,0.00016502191851330982,0.7424,0.7424,0,0.030940905213356018
485,TX,0.0020980428925913234,0.751,0.751,1,0.030940905213356018
486,CA,0.997764745678405,0.7768,0.7768,999,0.030845940113067627
486,NY,0.00016225155480293257,0.7438,0.7438,0,0.030845940113067627
486,TX,0.002073002766792082,0.7478,0.7478,1,0.030845940113067627
487,CA,0.9978015125871945,0.775,0.775,997,0.031372588127851486
487,NY,0.00015924397072721754,0.741,0.741,0,0.031372588127851486
487,TX,0.002039243442078265,0.7496,0.7496,3,0.031372588127851486
488,CA,0.9978336743565507,0.774,0.774,996,0.03107709065079689
488,NY,0.00015619869821524538,0.734,0.734,0,0.03107709065079689
488,TX,0.002010126945234061,0.7398,0.7398,4,0.03107709065079689
489,CA,0.9978758586806694,0.7748,0.7748,997,0.0313439704477787
489,NY,0.00015268319789919603,0.739,0.739,0,0.0313439704477787
489,TX,0.001971458121431357,0.7462,0.7462,3,0.0313439704477787
490,CA,0.9979106347309374,0.7654,0.7654,997,0.03110145404934883
490,NY,0.00014960859499803348,0.7328,0.7328,0,0.03110145404934883
490,TX,0.0019397566740644889,0.734,0.734,3,0.03110145404934883
491,CA,0.9979478221083076,0.7716,0.7716,997,0.03064017742872238
491,NY,0.00014685138445621096,0.733,0.733,0,0.03064017742872238
491,TX,0.001905326507236233,0.7462,0.7462,3,0.03064017742872238
492,CA,0.9979782773209971,0.7778,0.7778,998,0.03175904229283333
492,NY,0.0001436561390004315,0.7458,0.7458,0,0.03175904229283333
492,TX,0.0018780665400025063,0.7538,0.7538,2,0.03175904229283333
493,CA,0.9980061609739617,0.7776,0.7776,999,0.0306771881878376
493,NY,0.0001410743023463075,0.7418,0.7418,0,0.0306771881878376
493,TX,0.0018527647236920165,0.7542,0.7542,1,0.0306771881878376
494,CA,0.9980333380430337,0.7738,0.7738,998,0.03168543428182602
494,NY,0.00013823689874282611,0.7434,0.7434,0,0.03168543428182602
494,TX,0.0018284250582234905,0.749,0.749,2,0.03168543428182602
495,CA,0.9980612167675841,0.772,0.772,999,0.031076591461896896
495,NY,0.0001358715420803726,0.7406,0.7406,0,0.031076591461896896
495,TX,0.0018029116903354964,0.753,0.753,1,0.031076591461896896
496,CA,0.9980829141937441,0.7788,0.7788,999,0.031784120947122574
496,NY,0.00013346678753448988,0.7526,0.7526,1,0.031784120947122574
496,TX,0.0017836190187214642,0.754,0.754,0,0.031784120947122574
497,CA,0.9981096964942905,0.7756,0.7756,998,0.03185800835490227
497,NY,0.00013150447977188894,0.748,0.748,0,0.03185800835490227
497,TX,0.0017587990259375387,0.7552,0.7552,2,0.03185800835490227
498,CA,0.9981319060106235,0.766,0.766,999,0.031237948685884476
498,NY,0.00012946324938491738,0.7346,0.7346,0,0.031237948685884476
498,TX,0.001738630739991441,0.7436,0.7436,1,0.031237948685884476
499,CA,0.9981562158478688,0.7654,0.7654,999,0.20677035301923752
499,NY,0.00012716445174773525,0.7246,0.7246,0,0.20677035301923752
499,TX,0.0017166197003834142,0.7294,0.7294,1,0.20677035301923752
500,CA,0.9981940914834979,0.765,0.765,999,0.031252458691596985
500,NY,0.0001242302793987308,0.7262,0.7262,0,0.031252458691596985
500,TX,0.0016816782371032995,0.7334,0.7334,1,0.031252458691596985
501,CA,0.998226872443606,0.768,0.768,1000,0.025102347135543823
501,NY,0.00012150331488500306,0.7358,0.7358,0,0.025102347135543823
501,TX,0.0016516242415091009,0.7462,0.7462,0,0.025102347135543823
502,CA,0.9982494108686686,0.7694,0.7694,997,0.03163851425051689
502,NY,0.00011929310853939485,0.738,0.738,0,0.03163851425051689
502,TX,0.001631296022792066,0.7492,0.7492,3,0.03163851425051689
503,CA,0.9982701153447567,0.769,0.769,1000,0.024786144495010376
503,NY,0.00011717854801506878,0.7328,0.7328,0,0.024786144495010376
503,TX,0.0016127061072282252,0.747,0.747,0,0.024786144495010376
504,CA,0.9982925311586335,0.7752,0.7752,999,0.03161671385169029
504,NY,0.00011478323762077623,0.7418,0.7418,0,0.03161671385169029
504,TX,0.0015926856037456986,0.7584,0.7584,1,0.03161671385169029
505,CA,0.9983097343873232,0.772,0.772,996,0.03159887716174126
505,NY,0.00011262555689644561,0.7416,0.7416,0,0.03159887716174126
505,TX,0.001577640055780392,0.756,0.756,4,0.03159887716174126
506,CA,0.9983258845383003,0.7698,0.7698,1000,0.025068659335374832
506,NY,0.00011069517104120958,0.7408,0.7408,0,0.025068659335374832
506,TX,0.0015634202906584767,0.7436,0.7436,0,0.025068659335374832
507,CA,0.998350801999922,0.7714,0.7714,1000,0.02566419169306755
507,NY,0.00010888403398644767,0.737,0.737,0,0.02566419169306755
507,TX,0.0015403139660915268,0.7528,0.7528,0,0.02566419169306755
508,CA,0.9983690602225198,0.7716,0.7716,996,0.03155951201915741
508,NY,0.00010677149483185016,0.7398,0.7398,0,0.03155951201915741
508,TX,0.0015241682826484372,0.7466,0.7466,4,0.03155951201915741
509,CA,0.9983924474588654,0.7736,0.7736,998,0.030777860432863235
509,NY,0.0001048574160324266,0.7316,0.7316,0,0.030777860432863235
509,TX,0.0015026951251022333,0.7422,0.7422,2,0.030777860432863235
510,CA,0.9984214885082242,0.774,0.774,1000,0.024296749383211136
510,NY,0.00010237730215796766,0.7354,0.7354,0,0.024296749383211136
510,TX,0.0014761341896177553,0.7402,0.7402,0,0.024296749383211136
511,CA,0.9984517938837373,0.7712,0.7712,999,0.03188184276223183
511,NY,0.00010015274120589051,0.7434,0.7434,0,0.03188184276223183
511,TX,0.001448053375056843,0.7494,0.7494,1,0.03188184276223183
512,CA,0.9984711588856132,0.776,0.776,999,0.03409343957901001
512,NY,9.858269846005803e-05,0.7372,0.7372,0,0.03409343957901001
512,TX,0.0014302584159267635,0.7498,0.7498,1,0.03409343957901001
513,CA,0.9984943771290348,0.7732,0.7732,998,0.03148600459098816
513,NY,9.643121968470219e-05,0.7352,0.7352,0,0.03148600459098816
513,TX,0.001409191651280581,0.7462,0.7462,2,0.03148600459098816
514,CA,0.998517866153022,0.7696,0.7696,1000,0.024139009416103363
514,NY,9.43669009034509e-05,0.7368,0.7368,0,0.024139009416103363
514,TX,0.001387766946074582,0.7452,0.7452,0,0.024139009416103363
515,CA,0.9985387198734518,0.7712,0.7712,992,0.031278349459171295
515,NY,9.261971994391272e-05,0.7422,0.7422,0,0.031278349459171295
515,TX,0.0013686604066042482,0.7466,0.7466,8,0.031278349459171295
516,CA,0.9985592159428684,0.7736,0.7736,998,0.03716598078608513
516,NY,9.110511981399312e-05,0.7386,0.7386,1,0.03716598078608513
516,TX,0.00134967893731757,0.7534,0.7534,1,0.03716598078608513
517,CA,0.9985763612071913,0.776,0.776,999,0.03162164241075516
517,NY,8.930879620961444e-05,0.7486,0.7486,0,0.03162164241075516
517,TX,0.0013343299965991088,0.7558,0.7558,1,0.03162164241075516
518,CA,0.9985928922641949,0.768,0.768,997,0.03801824524998665
518,NY,8.793240220219161e-05,0.7414,0.7414,1,0.03801824524998665
518,TX,0.0013191753336028484,0.7456,0.7456,2,0.03801824524998665
519,CA,0.9986109037082749,0.774,0.774,1000,0.025116879492998123
519,NY,8.661099948659359e-05,0.7412,0.7412,0,0.025116879492998123
519,TX,0.0013024852922384781,0.7506,0.7506,0,0.025116879492998123
520,CA,0.9986296598177798,0.771,0.771,999,0.03104841336607933
520,NY,8.50112202900893e-05,0.7376,0.7376,0,0.03104841336607933
520,TX,0.0012853289619301127,0.7452,0.7452,1,0.03104841336607933
521,CA,0.998649960359499,0.776,0.776,999,0.0323440246284008
521,NY,8.340965510758901e-05,0.7482,0.7482,0,0.0323440246284008
521,TX,0.0012666299853933997,0.7522,0.7522,1,0.0323440246284008
522,CA,0.9986682156220221,0.7738,0.7738,999,0.031430456787347794
522,NY,8.210553185859461e-05,0.7396,0.7396,0,0.031430456787347794
522,TX,0.001249678846119239,0.7512,0.7512,1,0.031430456787347794
523,CA,0.9986856978302995,0.7748,0.7748,997,0.030956842005252838
523,NY,8.052389420938598e-05,0.74,0.74,0,0.030956842005252838
523,TX,0.0012337782754911323,0.7538,0.7538,3,0.030956842005252838
524,CA,0.9987018541879131,0.774,0.774,999,0.03206770867109299
524,NY,7.894627146503818e-05,0.7522,0.7522,0,0.03206770867109299
524,TX,0.0012191995406219118,0.7614,0.7614,1,0.03206770867109299
525,CA,0.9987114713982114,0.771,0.771,999,0.03182338550686836
525,NY,7.797688215088359e-05,0.7408,0.7408,0,0.03182338550686836
525,TX,0.001210551719637754,0.7488,0.7488,1,0.03182338550686836
526,CA,0.9987279547235726,0.7692,0.7692,999,0.03149646148085594
526,NY,7.664844540777388e-05,0.7342,0.7342,0,0.03149646148085594
526,TX,0.0011953968310196544,0.7456,0.7456,1,0.03149646148085594
527,CA,0.9987453949795965,0.7766,0.7766,999,0.03183608874678612
527,NY,7.513342482633747e-05,0.75,0.75,0,0.03183608874678612
527,TX,0.0011794715955771513,0.7586,0.7586,1,0.03183608874678612
528,CA,0.9987584537423432,0.7722,0.7722,1000,0.024056795984506607
528,NY,7.400946336525621e-05,0.7352,0.7352,0,0.024056795984506607
528,TX,0.0011675367942915287,0.7422,0.7422,0,0.024056795984506607
529,CA,0.9987797371028054,0.7754,0.7754,998,0.03196587413549423
529,NY,7.246583763919576e-05,0.7452,0.7452,0,0.03196587413549423
529,TX,0.001147797059555314,0.752,0.752,2,0.03196587413549423
530,CA,0.9987960781804613,0.7736,0.7736,1000,0.0245552696287632
530,NY,7.123434098574519e-05,0.7474,0.7474,0,0.0245552696287632
530,TX,0.00113268747855295,0.7566,0.7566,0,0.0245552696287632
531,CA,0.9988079731110235,0.7766,0.7766,998,0.030931975692510605
531,NY,7.018288782325975e-05,0.7516,0.7516,0,0.030931975692510605
531,TX,0.0011218440011531614,0.7568,0.7568,2,0.030931975692510605
532,CA,0.9988214476336823,0.7772,0.7772,999,0.03127925097942352
532,NY,6.919622016368495e-05,0.7498,0.7498,0,0.03127925097942352
532,TX,0.0011093561461539851,0.7578,0.7578,1,0.03127925097942352
533,CA,0.9988346088958578,0.7694,0.7694,1000,0.025029238313436508
533,NY,6.813028442627448e-05,0.7354,0.7354,0,0.025029238313436508
533,TX,0.0010972608197158422,0.7408,0.7408,0,0.025029238313436508
534,CA,0.9988536319876986,0.7722,0.7722,998,0.031783170998096466
534,NY,6.682239594235902e-05,0.737,0.737,0,0.031783170998096466
534,TX,0.0010795456163590603,0.7452,0.7452,2,0.031783170998096466
535,CA,0.9988713863770369,0.7752,0.7752,997,0.030445590615272522
535,NY,6.549631242402553e-05,0.7492,0.7492,0,0.030445590615272522
535,TX,0.0010631173105391705,0.7572,0.7572,3,0.030445590615272522
536,CA,0.9988831122337689,0.7722,0.7722,999,0.031213220208883286
536,NY,6.453779551388026e-05,0.738,0.738,0,0.031213220208883286
536,TX,0.0010523499707171052,0.7514,0.7514,1,0.031213220208883286
537,CA,0.9988966939325926,0.7708,0.7708,999,0.030306067317724228
537,NY,6.329320264117576e-05,0.735,0.735,0,0.030306067317724228
537,TX,0.0010400128647662826,0.7432,0.7432,1,0.030306067317724228
538,CA,0.9989141643545029,0.7676,0.7676,999,0.03137591853737831
538,NY,6.20146979857957e-05,0.7362,0.7362,0,0.03137591853737831
538,TX,0.0010238209475113204,0.7472,0.7472,1,0.03137591853737831
539,CA,0.9989270681281895,0.7736,0.7736,998,0.0312773697078228
539,NY,6.091384334772872e-05,0.7422,0.7422,0,0.0312773697078228
539,TX,0.0010120180284627625,0.754,0.754,2,0.0312773697078228
540,CA,0.9989393173275858,0.7724,0.7724,998,0.032074037939310074
540,NY,5.9836152013920096e-05,0.7328,0.7328,0,0.032074037939310074
540,TX,0.0010008465204003497,0.7372,0.7372,2,0.032074037939310074
541,CA,0.9989605090591342,0.7728,0.7728,1000,0.02525372803211212
541,NY,5.8500498639163725e-05,0.7424,0.7424,0,0.02525372803211212
541,TX,0.0009809904422265773,0.7474,0.7474,0,0.02525372803211212
542,CA,0.9989755520556183,0.7554,0.7554,1000,0.02412005513906479
542,NY,5.749819707590324e-05,0.7206,0.7206,0,0.02412005513906479
542,TX,0.0009669497473057867,0.7306,0.7306,0,0.02412005513906479
543,CA,0.9989903378928442,0.7732,0.7732,999,0.030716679990291595
543,NY,5.6359155846204404e-05,0.7432,0.7432,0,0.030716679990291595
543,TX,0.0009533029513095452,0.7506,0.7506,1,0.030716679990291595
544,CA,0.9990034285005682,0.7738,0.7738,998,0.03114253282546997
544,NY,5.540636581398604e-05,0.746,0.746,0,0.03114253282546997
544,TX,0.0009411651336177266,0.754,0.754,2,0.03114253282546997
545,CA,0.9990147913879684,0.7798,0.7798,997,0.03145155683159828
545,NY,5.45386261404875e-05,0.7406,0.7406,0,0.03145155683159828
545,TX,0.0009306699858911127,0.7458,0.7458,3,0.03145155683159828
546,CA,0.9990337530989328,0.7674,0.7674,1000,0.02469523623585701
546,NY,5.333842817689368e-05,0.733,0.733,0,0.02469523623585701
546,TX,0.0009129084728903087,0.7418,0.7418,0,0.02469523623585701
547,CA,0.9990480007527801,0.7694,0.7694,1000,0.025433950126171112
547,NY,5.2301015216292107e-05,0.738,0.738,0,0.025433950126171112
547,TX,0.0008996982320035866,0.7476,0.7476,0,0.025433950126171112
548,CA,0.9990600023878278,0.7704,0.7704,999,0.03047938272356987
548,NY,5.137349181873849e-05,0.7394,0.7394,0,0.03047938272356987
548,TX,0.0008886241203535031,0.7422,0.7422,1,0.03047938272356987
549,CA,0.9990750425633134,0.7742,0.7742,999,0.03182453289628029
549,NY,5.047469323873405e-05,0.7392,0.7392,1,0.03182453289628029
549,TX,0.0008744827434479221,0.748,0.748,0,0.03182453289628029
550,CA,0.9990889392936307,0.772,0.772,1000,0.024712517857551575
550,NY,4.947965705267599e-05,0.7404,0.7404,0,0.024712517857551575
550,TX,0.0008615810493166742,0.7514,0.7514,0,0.024712517857551575
551,CA,0.9990998279745237,0.778,0.778,1000,0.024414408951997757
551,NY,4.8597818093510994e-05,0.744,0.744,0,0.024414408951997757
551,TX,0.000851574207382775,0.7492,0.7492,0,0.024414408951997757
552,CA,0.9991145380328268,0.7658,0.7658,1000,0.023955851793289185
552,NY,4.766920282531476e-05,0.736,0.736,0,0.023955851793289185
552,TX,0.0008377927643479128,0.7492,0.7492,0,0.023955851793289185
553,CA,0.9991232108512627,0.7722,0.7722,999,0.03165217116475105
553,NY,4.686513447102787e-05,0.7388,0.7388,0,0.03165217116475105
553,TX,0.0008299240142663027,0.747,0.747,1,0.03165217116475105
554,CA,0.9991358843395066,0.7752,0.7752,1000,0.02430291473865509
554,NY,4.598246782283078e-05,0.7406,0.7406,0,0.02430291473865509
554,TX,0.0008181331926705177,0.7468,0.7468,0,0.02430291473865509
555,CA,0.9991498573399783,0.7792,0.7792,999,0.034034330397844315
555,NY,4.5086865039348415e-05,0.7412,0.7412,0,0.034034330397844315
555,TX,0.0008050557949823978,0.7546,0.7546,1,0.034034330397844315
556,CA,0.9991619412205722,0.7648,0.7648,1000,0.02565314620733261
556,NY,4.4124437309884044e-05,0.7412,0.7412,0,0.02565314620733261
556,TX,0.0007939343421178125,0.7464,0.7464,0,0.02565314620733261
557,CA,0.9991708015740883,0.7622,0.7622,1000,0.024528980255126953
557,NY,4.353476402493904e-05,0.7278,0.7278,0,0.024528980255126953
557,TX,0.000785663661886695,0.7454,0.7454,0,0.024528980255126953
558,CA,0.9991791347265991,0.769,0.769,1000,0.02356528863310814
558,NY,4.268527557423517e-05,0.7292,0.7292,0,0.02356528863310814
558,TX,0.000778179997826775,0.7332,0.7332,0,0.02356528863310814
559,CA,0.9991958300055477,0.7706,0.7706,998,0.031180210411548615
559,NY,4.172561437925724e-05,0.7332,0.7332,0,0.031180210411548615
559,TX,0.0007624443800730691,0.7428,0.7428,2,0.031180210411548615
560,CA,0.999208672253317,0.765,0.765,998,0.03194489702582359
560,NY,4.084477822545302e-05,0.7414,0.7414,0,0.03194489702582359
560,TX,0.0007504829684574834,0.7534,0.7534,2,0.03194489702582359
561,CA,0.9992141464404889,0.772,0.772,1000,0.025095779448747635
561,NY,4.029885919161618e-05,0.7446,0.7446,0,0.025095779448747635
561,TX,0.0007455547003194063,0.752,0.752,0,0.025095779448747635
562,CA,0.9992231773895378,0.7732,0.7732,1000,0.024302955716848373
562,NY,3.9676086438733786e-05,0.7324,0.7324,0,0.024302955716848373
562,TX,0.0007371465240234813,0.7442,0.7442,0,0.024302955716848373
563,CA,0.9992361361464093,0.7694,0.7694,997,0.037250176072120667
563,NY,3.876367220683959e-05,0.7318,0.7318,1,0.037250176072120667
563,TX,0.0007251001813838455,0.7378,0.7378,2,0.037250176072120667
564,CA,0.9992498992295681,0.759,0.759,1000,0.02441411092877388
564,NY,3.794046126519612e-05,0.7278,0.7278,0,0.02441411092877388
564,TX,0.0007121603091667867,0.7356,0.7356,0,0.02441411092877388
565,CA,0.9992600385624714,0.7724,0.7724,1000,0.028170950710773468
565,NY,3.726787614667547e-05,0.7372,0.7372,0,0.028170950710773468
565,TX,0.0007026935613819713,0.7468,0.7468,0,0.028170950710773468
566,CA,0.9992709202554305,0.7728,0.7728,997,0.03170008584856987
566,NY,3.652813104467777e-05,0.74,0.74,0,0.03170008584856987
566,TX,0.0006925516135248331,0.7488,0.7488,3,0.03170008584856987
567,CA,0.9992809645631191,0.7778,0.7778,998,0.03108375146985054
567,NY,3.585265505931734e-05,0.7426,0.7426,0,0.03108375146985054
567,TX,0.0006831827818214886,0.7528,0.7528,2,0.03108375146985054
568,CA,0.9992912742626645,0.7746,0.7746,1000,0.024274252355098724
568,NY,3.514314393478337e-05,0.7368,0.7368,0,0.024274252355098724
568,TX,0.000673582593400693,0.7444,0.7444,0,0.024274252355098724
569,CA,0.9993034773005847,0.7752,0.7752,999,0.03191372752189636
569,NY,3.439499478546337e-05,0.7476,0.7476,0,0.03191372752189636
569,TX,0.0006621277046299011,0.7568,0.7568,1,0.03191372752189636
570,CA,0.9993108699333325,0.7738,0.7738,998,0.032123297452926636
570,NY,3.386048758353473e-05,0.7446,0.7446,0,0.032123297452926636
570,TX,0.0006552695790839661,0.7524,0.7524,2,0.032123297452926636
571,CA,0.999319327074674,0.7752,0.7752,1000,0.02525569498538971
571,NY,3.3303363722809984e-05,0.7446,0.7446,0,0.02525569498538971
571,TX,0.0006473695616032405,0.7546,0.7546,0,0.02525569498538971
572,CA,0.9993274079900134,0.7766,0.7766,1000,0.025213122367858887
572,NY,3.2729561841069936e-05,0.7458,0.7458,0,0.025213122367858887
572,TX,0.0006398624481454927,0.7538,0.7538,0,0.025213122367858887
573,CA,0.9993361812539925,0.7758,0.7758,999,0.032192353159189224
573,NY,3.2162428626267496e-05,0.747,0.747,0,0.032192353159189224
573,TX,0.0006316563173813249,0.7592,0.7592,1,0.032192353159189224
574,CA,0.999342603300817,0.7626,0.7626,999,0.03190307319164276
574,NY,3.1641020323361196e-05,0.7386,0.7386,0,0.03190307319164276
574,TX,0.0006257556788595957,0.7482,0.7482,1,0.03190307319164276
575,CA,0.9993481427864886,0.7696,0.7696,999,0.030807238072156906
575,NY,3.1210361322895765e-05,0.7282,0.7282,0,0.030807238072156906
575,TX,0.0006206468521884413,0.7378,0.7378,1,0.030807238072156906
576,CA,0.9993600184764143,0.7704,0.7704,998,0.03173334524035454
576,NY,3.048055346066829e-05,0.7386,0.7386,0,0.03173334524035454
576,TX,0.0006095009701250215,0.75,0.75,2,0.03173334524035454
577,CA,0.9993675843513915,0.771,0.771,999,0.03194166719913483
577,NY,2.9933287079529805e-05,0.7386,0.7386,0,0.03194166719913483
577,TX,0.0006024823615290132,0.7456,0.7456,1,0.03194166719913483
578,CA,0.9993767671569728,0.765,0.765,999,0.031838998198509216
578,NY,2.938593512737133e-05,0.7246,0.7246,0,0.031838998198509216
578,TX,0.0005938469078999109,0.7402,0.7402,1,0.031838998198509216
579,CA,0.9993857783864384,0.7796,0.7796,1000,0.025232646614313126
579,NY,2.8713564127711857e-05,0.7438,0.7438,0,0.025232646614313126
579,TX,0.0005855080494339697,0.7562,0.7562,0,0.025232646614313126
580,CA,0.9993940498570011,0.7752,0.7752,1000,0.025631580501794815
580,NY,2.8136169666708823e-05,0.7444,0.7444,0,0.025631580501794815
580,TX,0.000577813973332213,0.751,0.751,0,0.025631580501794815
581,CA,0.9994024099393308,0.7762,0.7762,1000,0.02472744509577751
581,NY,2.7648233964832456e-05,0.74,0.74,0,0.02472744509577751
581,TX,0.0005699418267042542,0.7406,0.7406,0,0.02472744509577751
582,CA,0.9994143896302383,0.7732,0.7732,999,0.032206371426582336
582,NY,2.708507136668912e-05,0.7378,0.7378,0,0.032206371426582336
582,TX,0.0005585252983949506,0.7464,0.7464,1,0.032206371426582336
583,CA,0.9994233666803836,0.7778,0.7778,1000,0.028545834124088287
583,NY,2.65445859487582e-05,0.7436,0.7436,0,0.028545834124088287
583,TX,0.000550088733667644,0.7556,0.7556,0,0.028545834124088287
584,CA,0.9994307422716663,0.7724,0.7724,1000,0.025001592934131622
584,NY,2.603413298612638e-05,0.7474,0.7474,0,0.025001592934131622
584,TX,0.0005432235953476081,0.7552,0.7552,0,0.025001592934131622
585,CA,0.9994363779442895,0.776,0.776,1000,0.02603387087583542
585,NY,2.5667061895877055e-05,0.744,0.744,0,0.02603387087583542
585,TX,0.0005379549938147524,0.753,0.753,0,0.02603387087583542
586,CA,0.9994438030412505,0.766,0.766,1000,0.024256091564893723
586,NY,2.520477956424874e-05,0.7186,0.7186,0,0.024256091564893723
586,TX,0.0005309921791853186,0.7386,0.7386,0,0.024256091564893723
587,CA,0.9994527131634678,0.7738,0.7738,1000,0.02514628693461418
587,NY,2.4528493959843775e-05,0.7502,0.7502,0,0.02514628693461418
587,TX,0.0005227583425722643,0.7582,0.7582,0,0.02514628693461418
588,CA,0.9994576343302469,0.7728,0.7728,1000,0.02395796775817871
588,NY,2.4202267171475244e-05,0.7302,0.7302,0,0.02395796775817871
588,TX,0.0005181634025816016,0.7396,0.7396,0,0.02395796775817871
589,CA,0.999467914305131,0.7772,0.7772,999,0.03159163519740105
589,NY,2.3620934885601616e-05,0.7358,0.7358,0,0.03159163519740105
589,TX,0.0005084647599833668,0.748,0.748,1,0.03159163519740105
590,CA,0.999476814146589,0.7732,0.7732,1000,0.024762924760580063
590,NY,2.3070888967498146e-05,0.7436,0.7436,0,0.024762924760580063
590,TX,0.0005001149644435597,0.753,0.753,0,0.024762924760580063
591,CA,0.9994828933499986,0.769,0.769,999,0.03191934898495674
591,NY,2.2685904960646947e-05,0.7378,0.7378,0,0.03191934898495674
591,TX,0.0004944207450408089,0.7528,0.7528,1,0.03191934898495674
592,CA,0.9994878187041008,0.7686,0.7686,1000,0.02563423290848732
592,NY,2.2285901591913033e-05,0.7442,0.7442,0,0.02563423290848732
592,TX,0.0004898953943073078,0.7562,0.7562,0,0.02563423290848732
593,CA,0.9994915590149581,0.7728,0.7728,1000,0.02420828491449356
593,NY,2.197852257209225e-05,0.7366,0.7366,0,0.02420828491449356
593,TX,0.00048646246246976805,0.7486,0.7486,0,0.02420828491449356
594,CA,0.9994986448188108,0.7778,0.7778,1000,0.024434469640254974
594,NY,2.152988091524284e-05,0.74,0.74,0,0.024434469640254974
594,TX,0.00047982530027401856,0.7506,0.7506,0,0.024434469640254974
595,CA,0.9995064399782314,0.7656,0.7656,999,0.03296175226569176
595,NY,2.107227188728139e-05,0.7448,0.7448,0,0.03296175226569176
595,TX,0.0004724877498813394,0.7534,0.7534,1,0.03296175226569176
596,CA,0.9995099513138689,0.7712,0.7712,1000,0.02451244741678238
596,NY,2.0824098976894706e-05,0.731,0.731,0,0.02451244741678238
596,TX,0.0004692245871542879,0.7366,0.7366,0,0.02451244741678238
597,CA,0.9995195855153788,0.769,0.769,1000,0.02616746351122856
597,NY,2.035166146040221e-05,0.7364,0.7364,0,0.02616746351122856
597,TX,0.0004600628231608173,0.7462,0.7462,0,0.02616746351122856
598,CA,0.9995258871596977,0.7714,0.7714,1000,0.025195099413394928
598,NY,1.9976737003009175e-05,0.7448,0.7448,0,0.025195099413394928
598,TX,0.0004541361032992597,0.75,0.75,0,0.025195099413394928
599,CA,0.9995316707735004,0.7738,0.7738,1000,0.025018390268087387
599,NY,1.967687276092741e-05,0.7426,0.7426,0,0.025018390268087387
599,TX,0.00044865235373867573,0.7508,0.7508,0,0.025018390268087387
600,CA,0.9995378314848058,,,0,
600,NY,1.9330888384427752e-05,,,0,
600,TX,0.00044283762680976253,,,0,
