t,state,p,acc,fitness,sample_count,step_seconds
0,CA,0.3333333333333333,0.4052,0.4052,336,0.06265249848365784
0,NY,0.3333333333333333,0.409,0.409,334,0.06265249848365784
0,TX,0.3333333333333333,0.3728,0.3728,330,0.06265249848365784
1,CA,0.33561022211607355,0.4052,0.4052,356,0.03920653834939003
1,NY,0.33651779316933367,0.409,0.409,327,0.03920653834939003
1,TX,0.3278719847145928,0.3728,0.3728,317,0.03920653834939003
2,CA,0.33785689949552605,0.4052,0.4052,341,0.03772437199950218
2,NY,0.3396866634389424,0.4092,0.4092,351,0.03772437199950218
2,TX,0.3224564370655317,0.3728,0.3728,308,0.03772437199950218
3,CA,0.340056386211867,0.4052,0.4052,311,0.038764361292123795
3,NY,0.34287129885278655,0.4092,0.4092,355,0.038764361292123795
3,TX,0.31707231493534643,0.3728,0.3728,334,0.038764361292123795
4,CA,0.3422243079906039,0.4054,0.4054,351,0.03791606053709984
4,NY,0.3460393955528154,0.409,0.409,340,0.03791606053709984
4,TX,0.31173629645658085,0.3728,0.3728,309,0.03791606053709984
5,CA,0.34440948778380137,0.4054,0.4054,317,0.03768981248140335
5,NY,0.34914099201860216,0.4092,0.4092,368,0.03768981248140335
5,TX,0.3064495201975965,0.3728,0.3728,315,0.03768981248140335
6,CA,0.34654575188177156,0.4052,0.4052,371,0.03846955671906471
6,NY,0.35225648681811444,0.409,0.409,327,0.03846955671906471
6,TX,0.30119776130011405,0.3728,0.3728,302,0.03846955671906471
7,CA,0.34863483992619393,0.4052,0.4052,326,0.038615524768829346
7,NY,0.35533833005573406,0.409,0.409,388,0.038615524768829346
7,TX,0.296026830018072,0.3728,0.3728,286,0.038615524768829346
8,CA,0.35069151730752596,0.4054,0.4054,350,0.03783746063709259
8,NY,0.35840114218420416,0.4092,0.4092,357,0.03783746063709259
8,TX,0.2909073405082698,0.3728,0.3728,293,0.03783746063709259
9,CA,0.3527299053718484,0.4052,0.4052,347,0.038937609642744064
9,NY,0.361459040254159,0.409,0.409,368,0.038937609642744064
9,TX,0.2858110543739926,0.3728,0.3728,285,0.038937609642744064
10,CA,0.35472078811615715,0.4054,0.4054,349,0.03840620443224907
10,NY,0.3644821816558945,0.4092,0.4092,362,0.03840620443224907
10,TX,0.28079703022794816,0.3728,0.3728,289,0.03840620443224907
11,CA,0.35669255912548353,0.4054,0.4054,360,0.03782719746232033
11,NY,0.3674991985320084,0.4092,0.4092,368,0.03782719746232033
11,TX,0.275808242342508,0.3728,0.3728,272,0.03782719746232033
12,CA,0.3586306168789718,0.4052,0.4052,360,0.039483051747083664
12,NY,0.3704950373220259,0.4092,0.4092,382,0.039483051747083664
12,TX,0.2708743457990025,0.3728,0.3728,258,0.039483051747083664
13,CA,0.36050197118332816,0.4052,0.4052,347,0.03778819367289543
13,NY,0.3734884440103002,0.4092,0.4092,378,0.03778819367289543
13,TX,0.2660095848063717,0.3728,0.3728,275,0.03778819367289543
14,CA,0.36233913186036254,0.4052,0.4052,348,0.03865872696042061
14,NY,0.3764603642390394,0.4092,0.4092,376,0.03865872696042061
14,TX,0.2612005039005981,0.3728,0.3728,276,0.03865872696042061
15,CA,0.3641419753722648,0.4052,0.4052,374,0.039831921458244324
15,NY,0.37941042158171734,0.409,0.409,377,0.039831921458244324
15,TX,0.2564476030460179,0.3728,0.3728,249,0.039831921458244324
16,CA,0.36593025840395443,0.4054,0.4054,349,0.04104676470160484
16,NY,0.38230474327470615,0.4092,0.4092,401,0.04104676470160484
16,TX,0.25176499832133936,0.3728,0.3728,250,0.04104676470160484
17,CA,0.3676975248229892,0.4052,0.4052,381,0.03905751556158066
17,NY,0.38518977999110526,0.409,0.409,381,0.03905751556158066
17,TX,0.24711269518590565,0.3728,0.3728,238,0.03905751556158066
18,CA,0.3694175642760519,0.4052,0.4052,347,0.03955674543976784
18,NY,0.3880381646817419,0.409,0.409,416,0.03955674543976784
18,TX,0.2425442710422062,0.3728,0.3728,237,0.03955674543976784
19,CA,0.37110350486434485,0.4054,0.4054,360,0.038292866200208664
19,NY,0.3908632234617669,0.4094,0.4094,393,0.038292866200208664
19,TX,0.23803327167388844,0.3728,0.3728,247,0.038292866200208664
20,CA,0.37274695232045424,0.4052,0.4052,385,0.039005979895591736
20,NY,0.39371156538788565,0.409,0.409,381,0.039005979895591736
20,TX,0.23354148229166014,0.3728,0.3728,234,0.039005979895591736
21,CA,0.37436425280205604,0.4054,0.4054,396,0.03851906582713127
21,NY,0.3964891392618394,0.4092,0.4092,385,0.03851906582713127
21,TX,0.22914660793610472,0.3728,0.3728,219,0.03851906582713127
22,CA,0.3759595584840277,0.4052,0.4052,378,0.03967037796974182
22,NY,0.39925534549669545,0.409,0.409,392,0.03967037796974182
22,TX,0.22478509601927688,0.3728,0.3728,230,0.03967037796974182
23,CA,0.3775085651034001,0.4054,0.4054,368,0.03842972218990326
23,NY,0.4019844653336736,0.4092,0.4092,409,0.03842972218990326
23,TX,0.22050696956292626,0.3728,0.3728,223,0.03842972218990326
24,CA,0.37903532885816327,0.4052,0.4052,358,0.038193970918655396
24,NY,0.4047015214831557,0.409,0.409,422,0.038193970918655396
24,TX,0.21626314965868104,0.3728,0.3728,220,0.038193970918655396
25,CA,0.3805163042357305,0.4052,0.4052,400,0.03804235905408859
25,NY,0.40738146709728484,0.4092,0.4092,378,0.03804235905408859
25,TX,0.21210222866698467,0.3728,0.3728,222,0.03804235905408859
26,CA,0.38194126870924194,0.4052,0.4052,427,0.038613442331552505
26,NY,0.41007101918393835,0.409,0.409,376,0.038613442331552505
26,TX,0.20798771210681982,0.3728,0.3728,197,0.038613442331552505
27,CA,0.38335457688791374,0.4052,0.4052,377,0.03762819617986679
27,NY,0.4127014511128968,0.409,0.409,428,0.03762819617986679
27,TX,0.20394397199918946,0.3728,0.3728,195,0.03762819617986679
28,CA,0.3847343635401381,0.4052,0.4052,409,0.03776320070028305
28,NY,0.41530692558678384,0.409,0.409,397,0.03776320070028305
28,TX,0.199958710873078,0.3728,0.3728,194,0.03776320070028305
29,CA,0.38608078205375673,0.4054,0.4054,388,0.03806329146027565
29,NY,0.417887356558174,0.4092,0.4092,427,0.03806329146027565
29,TX,0.19603186138806927,0.3728,0.3728,185,0.03806329146027565
30,CA,0.38740465814690267,0.4054,0.4054,408,0.03767216578125954
30,NY,0.4204540797499241,0.4092,0.4092,408,0.03767216578125954
30,TX,0.19214126210317306,0.3728,0.3728,184,0.03767216578125954
31,CA,0.3886951680447027,0.4052,0.4052,402,0.03860427811741829
31,NY,0.42299531736331136,0.409,0.409,420,0.03860427811741829
31,TX,0.18830951459198594,0.3728,0.3728,178,0.03860427811741829
32,CA,0.3899422077947581,0.4054,0.4054,382,0.0388718917965889
32,NY,0.42549995264269325,0.4092,0.4092,428,0.0388718917965889
32,TX,0.18455783956254876,0.3728,0.3728,190,0.0388718917965889
33,CA,0.3911667779518018,0.4052,0.4052,402,0.03962327167391777
33,NY,0.4279902917687397,0.409,0.409,433,0.03962327167391777
33,TX,0.1808429302794584,0.3728,0.3728,165,0.03962327167391777
34,CA,0.39234866767736676,0.4052,0.4052,419,0.03799999877810478
34,NY,0.4304443278441806,0.4092,0.4092,411,0.03799999877810478
34,TX,0.1772070044784528,0.3728,0.3728,170,0.03799999877810478
35,CA,0.39347424416425447,0.4052,0.4052,401,0.04032892361283302
35,NY,0.43290799879693986,0.409,0.409,429,0.04032892361283302
35,TX,0.17361775703880572,0.3728,0.3728,170,0.04032892361283302
36,CA,0.39459190775230946,0.4052,0.4052,381,0.03826640918850899
36,NY,0.4353116870312935,0.409,0.409,433,0.03826640918850899
36,TX,0.17009640521639696,0.3728,0.3728,186,0.03826640918850899
37,CA,0.39567794942708245,0.4062,0.4062,409,0.03897251933813095
37,NY,0.4376902302860641,0.4096,0.4096,421,0.03897251933813095
37,TX,0.16663182028685336,0.373,0.373,170,0.03897251933813095
38,CA,0.39681914441065735,0.4052,0.4052,402,0.03743985667824745
38,NY,0.440013922600546,0.4092,0.4092,429,0.03743985667824745
38,TX,0.16316693298879664,0.3728,0.3728,169,0.03743985667824745
39,CA,0.39781752511244084,0.4052,0.4052,401,0.03951466083526611
39,NY,0.4423766612891073,0.409,0.409,426,0.03951466083526611
39,TX,0.15980581359845192,0.3728,0.3728,173,0.03951466083526611
40,CA,0.39880991728734144,0.4054,0.4054,377,0.03888439014554024
40,NY,0.44467948784163613,0.4094,0.4094,450,0.03888439014554024
40,TX,0.15651059487102248,0.3728,0.3728,173,0.03888439014554024
41,CA,0.39975526922067756,0.4052,0.4052,397,0.03741445019841194
41,NY,0.4470022016847019,0.409,0.409,456,0.03741445019841194
41,TX,0.15324252909462044,0.3728,0.3728,147,0.03741445019841194
42,CA,0.4006866831449399,0.4054,0.4054,407,0.038843490183353424
42,NY,0.4492553174031532,0.4092,0.4092,436,0.038843490183353424
42,TX,0.15005799945190695,0.3728,0.3728,157,0.038843490183353424
43,CA,0.40159672537815894,0.4052,0.4052,411,0.03807305917143822
43,NY,0.45149314985683486,0.4092,0.4092,442,0.03807305917143822
43,TX,0.1469101247650062,0.3728,0.3728,147,0.03807305917143822
44,CA,0.4024427129562316,0.4052,0.4052,367,0.0380634069442749
44,NY,0.4537321614124787,0.4092,0.4092,473,0.0380634069442749
44,TX,0.14382512563128969,0.3728,0.3728,160,0.0380634069442749
45,CA,0.4032591622190519,0.4052,0.4052,393,0.03914130851626396
45,NY,0.4559468639081312,0.409,0.409,453,0.03914130851626396
45,TX,0.14079397387281695,0.3728,0.3728,154,0.03914130851626396
46,CA,0.4040726925573571,0.4054,0.4054,406,0.03790420666337013
46,NY,0.4581021636033872,0.4092,0.4092,435,0.03790420666337013
46,TX,0.13782514383925557,0.3728,0.3728,159,0.03790420666337013
47,CA,0.40486557441536625,0.4052,0.4052,386,0.03869924321770668
47,NY,0.4602421365163218,0.4092,0.4092,466,0.03869924321770668
47,TX,0.13489228906831197,0.3728,0.3728,148,0.03869924321770668
48,CA,0.40559569909630483,0.4052,0.4052,405,0.04049109295010567
48,NY,0.4623845999635205,0.409,0.409,465,0.04049109295010567
48,TX,0.13201970094017473,0.3728,0.3728,130,0.04049109295010567
49,CA,0.4063244856172664,0.4052,0.4052,401,0.03800439462065697
49,NY,0.4644680728137444,0.409,0.409,466,0.03800439462065697
49,TX,0.1292074415689891,0.3728,0.3728,133,0.03800439462065697
50,CA,0.40702584410466713,0.4052,0.4052,405,0.03948875144124031
50,NY,0.4665279950354361,0.4092,0.4092,478,0.03948875144124031
50,TX,0.12644616085989682,0.3728,0.3728,117,0.03948875144124031
51,CA,0.4076730217285246,0.4052,0.4052,409,0.03849758580327034
51,NY,0.46859989812304204,0.4092,0.4092,469,0.03849758580327034
51,TX,0.12372708014843342,0.3728,0.3728,122,0.03849758580327034
52,CA,0.40829317809852456,0.4052,0.4052,398,0.03828907012939453
52,NY,0.47064866858374177,0.4092,0.4092,465,0.03828907012939453
52,TX,0.12105815331773362,0.3728,0.3728,137,0.03828907012939453
53,CA,0.4088866892599081,0.4052,0.4052,364,0.037517111748456955
53,NY,0.4726745039764119,0.409,0.409,506,0.037517111748456955
53,TX,0.11843880676367986,0.3728,0.3728,130,0.037517111748456955
54,CA,0.40948151980500164,0.4054,0.4054,400,0.03845500573515892
54,NY,0.47464221572054394,0.4092,0.4092,491,0.03845500573515892
54,TX,0.11587626447445444,0.3728,0.3728,109,0.03845500573515892
55,CA,0.410057457613411,0.4054,0.4054,408,0.038843248039484024
55,NY,0.4765949718980968,0.4092,0.4092,494,0.038843248039484024
55,TX,0.11334757048849221,0.3728,0.3728,98,0.038843248039484024
56,CA,0.4106079158579709,0.4052,0.4052,433,0.038845859467983246
56,NY,0.47852512393870744,0.409,0.409,467,0.038845859467983246
56,TX,0.11086696020332155,0.3728,0.3728,100,0.038845859467983246
57,CA,0.4111268549785256,0.4052,0.4052,420,0.03873581811785698
57,NY,0.48042558185358225,0.409,0.409,463,0.03873581811785698
57,TX,0.10844756316789218,0.3728,0.3728,117,0.03873581811785698
58,CA,0.41162134069701195,0.4052,0.4052,428,0.03754960373044014
58,NY,0.4823041664524099,0.409,0.409,469,0.03754960373044014
58,TX,0.10607449285057821,0.3728,0.3728,103,0.03754960373044014
59,CA,0.41209174986242786,0.4052,0.4052,403,0.038181908428668976
59,NY,0.4841611108074501,0.409,0.409,486,0.038181908428668976
59,TX,0.10374713933012203,0.3728,0.3728,111,0.038181908428668976
60,CA,0.4125384595805216,0.4052,0.4052,424,0.03906717896461487
60,NY,0.48599665189905483,0.409,0.409,470,0.03906717896461487
60,TX,0.10146488852042349,0.3728,0.3728,106,0.03906717896461487
61,CA,0.41296184689517484,0.4052,0.4052,437,0.03756529837846756
61,NY,0.48781103027033496,0.409,0.409,481,0.03756529837846756
61,TX,0.09922712283449034,0.3728,0.3728,82,0.03756529837846756
62,CA,0.4133622884836303,0.4052,0.4052,369,0.0385584682226181
62,NY,0.48960448969230513,0.409,0.409,507,0.0385584682226181
62,TX,0.09703322182406447,0.3728,0.3728,124,0.0385584682226181
63,CA,0.4137401603653981,0.4052,0.4052,428,0.03811097890138626
63,NY,0.4913772768395617,0.4092,0.4092,476,0.03811097890138626
63,TX,0.09488256279504004,0.3728,0.3728,96,0.03811097890138626
64,CA,0.4140668541414493,0.4052,0.4052,410,0.03808445855975151
64,NY,0.49316511795358103,0.409,0.409,498,0.03808445855975151
64,TX,0.0927680279049697,0.3728,0.3728,92,0.03808445855975151
65,CA,0.4144005854115096,0.4052,0.4052,422,0.038063228130340576
65,NY,0.4948973135749278,0.409,0.409,480,0.038063228130340576
65,TX,0.09070210101356267,0.3728,0.3728,98,0.038063228130340576
66,CA,0.4147128708971523,0.4052,0.4052,442,0.03757873550057411
66,NY,0.4966095904109915,0.409,0.409,474,0.03757873550057411
66,TX,0.08867753869185604,0.3728,0.3728,84,0.03757873550057411
67,CA,0.415004081319512,0.4052,0.4052,417,0.03880211338400841
67,NY,0.49830220374765966,0.409,0.409,492,0.03880211338400841
67,TX,0.08669371493282836,0.3728,0.3728,91,0.03880211338400841
68,CA,0.41527458548365626,0.4054,0.4054,433,0.21393859758973122
68,NY,0.49997541031000015,0.4092,0.4092,473,0.21393859758973122
68,TX,0.08475000420634364,0.3728,0.3728,94,0.21393859758973122
69,CA,0.4155297290094108,0.4052,0.4052,397,0.03738342970609665
69,NY,0.501635286151636,0.409,0.409,523,0.03738342970609665
69,TX,0.0828349848389532,0.3728,0.3728,80,0.03738342970609665
70,CA,0.4157598110040543,0.4052,0.4052,418,0.03978260979056358
70,NY,0.5032703394842459,0.409,0.409,491,0.03978260979056358
70,TX,0.08096984951169979,0.3728,0.3728,91,0.03978260979056358
71,CA,0.4159702814974149,0.4054,0.4054,401,0.038202911615371704
71,NY,0.5048867639618498,0.4092,0.4092,518,0.038202911615371704
71,TX,0.0791429545407354,0.3728,0.3728,81,0.038202911615371704
72,CA,0.41616616168114995,0.4052,0.4052,383,0.03857620805501938
72,NY,0.5064902990995217,0.409,0.409,527,0.03857620805501938
72,TX,0.07734353921932825,0.3728,0.3728,90,0.03857620805501938
73,CA,0.4163383819947459,0.4052,0.4052,412,0.038422517478466034
73,NY,0.5080701367113268,0.409,0.409,503,0.038422517478466034
73,TX,0.0755914812939273,0.3728,0.3728,85,0.038422517478466034
74,CA,0.41649206124458316,0.4052,0.4052,423,0.03770657628774643
74,NY,0.5096321275243839,0.409,0.409,505,0.03770657628774643
74,TX,0.0738758112310329,0.3728,0.3728,72,0.03770657628774643
75,CA,0.41662754946036595,0.4054,0.4054,437,0.037994880229234695
75,NY,0.5111765315742032,0.4092,0.4092,486,0.037994880229234695
75,TX,0.07219591896543083,0.3728,0.3728,77,0.037994880229234695
76,CA,0.416749459541796,0.4052,0.4052,398,0.03728605806827545
76,NY,0.5127086602382472,0.4092,0.4092,535,0.03728605806827545
76,TX,0.07054188021995679,0.3728,0.3728,67,0.03728605806827545
77,CA,0.41681908431055176,0.4052,0.4052,416,0.03869883343577385
77,NY,0.5142540214084849,0.409,0.409,509,0.03869883343577385
77,TX,0.06892689428096338,0.3728,0.3728,75,0.03869883343577385
78,CA,0.41690187905770476,0.4052,0.4052,415,0.03717140853404999
78,NY,0.5157471133622533,0.4092,0.4092,519,0.03717140853404999
78,TX,0.06735100758004209,0.3728,0.3728,66,0.03717140853404999
79,CA,0.4169372422290611,0.4052,0.4052,401,0.03875112533569336
79,NY,0.5172590956856931,0.409,0.409,527,0.03875112533569336
79,TX,0.06580366208524589,0.3728,0.3728,72,0.03875112533569336
80,CA,0.41698663671404845,0.4052,0.4052,430,0.04006809741258621
80,NY,0.5187193344540729,0.4092,0.4092,489,0.04006809741258621
80,TX,0.0642940288318786,0.3728,0.3728,81,0.04006809741258621
81,CA,0.41698908463948925,0.4052,0.4052,418,0.03720388188958168
81,NY,0.5201989591061965,0.409,0.409,506,0.03720388188958168
81,TX,0.06281195625431424,0.3728,0.3728,76,0.03720388188958168
82,CA,0.4170064009513773,0.4052,0.4052,442,0.03898758813738823
82,NY,0.5216273633897246,0.4092,0.4092,497,0.03898758813738823
82,TX,0.06136623565889804,0.3728,0.3728,61,0.03898758813738823
83,CA,0.41697724832528027,0.4052,0.4052,404,0.037543393671512604
83,NY,0.5230756417234375,0.4092,0.4092,529,0.037543393671512604
83,TX,0.05994710995128221,0.3728,0.3728,67,0.037543393671512604
84,CA,0.41693273746078124,0.4052,0.4052,418,0.0390545055270195
84,NY,0.5245086176520316,0.4092,0.4092,524,0.0390545055270195
84,TX,0.058558644887187025,0.3728,0.3728,58,0.0390545055270195
85,CA,0.416873186664378,0.4052,0.4052,412,0.03862345591187477
85,NY,0.5259265388980194,0.409,0.409,526,0.03862345591187477
85,TX,0.057200274437602505,0.3728,0.3728,62,0.03862345591187477
86,CA,0.41683010592738845,0.4054,0.4054,410,0.037870679050683975
86,NY,0.5272942736468418,0.4092,0.4092,533,0.037870679050683975
86,TX,0.055875620425769754,0.3728,0.3728,57,0.037870679050683975
87,CA,0.41677608190931864,0.4052,0.4052,447,0.03822064772248268
87,NY,0.5286514760142309,0.409,0.409,510,0.03822064772248268
87,TX,0.054572442076450484,0.3728,0.3728,43,0.03822064772248268
88,CA,0.41670469513861447,0.4054,0.4054,401,0.03796076774597168
88,NY,0.5299902831951375,0.4092,0.4092,535,0.03796076774597168
88,TX,0.05330502166624812,0.3728,0.3728,64,0.03796076774597168
89,CA,0.4166228114824019,0.4054,0.4054,404,0.03738138824701309
89,NY,0.5313188747074439,0.4092,0.4092,545,0.03738138824701309
89,TX,0.05205831381015425,0.3728,0.3728,51,0.03738138824701309
90,CA,0.4165274047470968,0.4052,0.4052,414,0.037642013281583786
90,NY,0.5326334835801586,0.409,0.409,526,0.037642013281583786
90,TX,0.05083911167274459,0.3728,0.3728,60,0.037642013281583786
91,CA,0.4164157382323215,0.4052,0.4052,388,0.03895008936524391
91,NY,0.5339306736390838,0.409,0.409,550,0.03895008936524391
91,TX,0.04965358812859486,0.3728,0.3728,62,0.03895008936524391
92,CA,0.4162912655132331,0.4052,0.4052,427,0.03768404200673103
92,NY,0.5352145198276869,0.409,0.409,530,0.03768404200673103
92,TX,0.04849421465907999,0.3728,0.3728,43,0.03768404200673103
93,CA,0.41615426433676783,0.4052,0.4052,394,0.03854861110448837
93,NY,0.5364852540228429,0.409,0.409,558,0.03854861110448837
93,TX,0.047360481640389404,0.3728,0.3728,48,0.03854861110448837
94,CA,0.41600500807523166,0.4052,0.4052,421,0.037332989275455475
94,NY,0.5377431056144497,0.409,0.409,538,0.037332989275455475
94,TX,0.04625188631031863,0.3728,0.3728,41,0.037332989275455475
95,CA,0.4158437657249016,0.4056,0.4056,410,0.039025988429784775
95,NY,0.5389883014501226,0.4096,0.4096,546,0.039025988429784775
95,TX,0.04516793282497573,0.373,0.373,44,0.039025988429784775
96,CA,0.41564165831387334,0.4052,0.4052,404,0.03865029662847519
96,NY,0.5402594294023675,0.409,0.409,545,0.03865029662847519
96,TX,0.044098912283759104,0.3728,0.3728,51,0.03865029662847519
97,CA,0.41545711485526154,0.4052,0.4052,394,0.04077019914984703
97,NY,0.5414798993189388,0.4092,0.4092,559,0.04077019914984703
97,TX,0.04306298582579953,0.3728,0.3728,47,0.04077019914984703
98,CA,0.41522938321119196,0.4054,0.4054,426,0.038900017738342285
98,NY,0.5427236041229838,0.4092,0.4092,533,0.038900017738342285
98,TX,0.042047012665824245,0.3728,0.3728,41,0.038900017738342285
99,CA,0.41502514350788644,0.4052,0.4052,416,0.038492295891046524
99,NY,0.543923378561109,0.409,0.409,532,0.038492295891046524
99,TX,0.041051477931004575,0.3728,0.3728,52,0.038492295891046524
100,CA,0.41480763194293624,0.4054,0.4054,420,0.03776334598660469
100,NY,0.5451084416230282,0.4092,0.4092,546,0.03776334598660469
100,TX,0.0400839264340355,0.3728,0.3728,34,0.03776334598660469
101,CA,0.4145820584536723,0.4052,0.4052,406,0.03809105232357979
101,NY,0.5462851037323494,0.409,0.409,551,0.03809105232357979
101,TX,0.0391328378139784,0.3728,0.3728,43,0.03809105232357979
102,CA,0.41434381387180996,0.4052,0.4052,427,0.039020828902721405
102,NY,0.5474476122536077,0.4092,0.4092,533,0.039020828902721405
102,TX,0.038208573874582194,0.3728,0.3728,40,0.039020828902721405
103,CA,0.4140633420454542,0.4052,0.4052,424,0.03763003274798393
103,NY,0.548634334694069,0.409,0.409,537,0.03763003274798393
103,TX,0.03730232326047675,0.3728,0.3728,39,0.03763003274798393
104,CA,0.41380531293622436,0.4052,0.4052,415,0.03805370628833771
104,NY,0.5497751609965031,0.409,0.409,547,0.03805370628833771
104,TX,0.0364195260672724,0.3728,0.3728,38,0.03805370628833771
105,CA,0.41353775737177323,0.4054,0.4054,412,0.03794803470373154
105,NY,0.5509054543947902,0.4092,0.4092,547,0.03794803470373154
105,TX,0.03555678823343635,0.3728,0.3728,41,0.03794803470373154
106,CA,0.4132630261370717,0.4052,0.4052,394,0.038081858307123184
106,NY,0.5520280435227348,0.409,0.409,564,0.038081858307123184
106,TX,0.034708930340193477,0.3728,0.3728,42,0.038081858307123184
107,CA,0.4129770288990963,0.4052,0.4052,392,0.036858219653367996
107,NY,0.5531377984221408,0.409,0.409,576,0.036858219653367996
107,TX,0.03388517267876293,0.3728,0.3728,32,0.036858219653367996
108,CA,0.4126821590856042,0.4052,0.4052,424,0.037969328463077545
108,NY,0.5542376024876967,0.409,0.409,541,0.037969328463077545
108,TX,0.033080238426699195,0.3728,0.3728,35,0.037969328463077545
109,CA,0.41237862612378917,0.4054,0.4054,416,0.03765813633799553
109,NY,0.5553276435853329,0.4092,0.4092,544,0.03765813633799553
109,TX,0.03229373029087789,0.3728,0.3728,40,0.03765813633799553
110,CA,0.412068572102573,0.4052,0.4052,410,0.03951188921928406
110,NY,0.5564105082061778,0.409,0.409,553,0.03951188921928406
110,TX,0.03152091969124915,0.3728,0.3728,37,0.03951188921928406
111,CA,0.4117482798395051,0.4052,0.4052,390,0.037983302026987076
111,NY,0.5574815207604464,0.4092,0.4092,577,0.037983302026987076
111,TX,0.030770199400048423,0.3728,0.3728,33,0.037983302026987076
112,CA,0.4113873142230197,0.4052,0.4052,418,0.037759486585855484
112,NY,0.5585783147200672,0.409,0.409,553,0.037759486585855484
112,TX,0.03003437105691308,0.3728,0.3728,29,0.037759486585855484
113,CA,0.41105106556643156,0.4052,0.4052,399,0.038271497935056686
113,NY,0.5596310550182543,0.4092,0.4092,579,0.038271497935056686
113,TX,0.029317879415314354,0.3728,0.3728,22,0.038271497935056686
114,CA,0.4106744605658805,0.4052,0.4052,412,0.03793546184897423
114,NY,0.5607098904000352,0.409,0.409,561,0.03793546184897423
114,TX,0.02861564903408444,0.3728,0.3728,27,0.03793546184897423
115,CA,0.4103230198469859,0.4052,0.4052,409,0.03744242712855339
115,NY,0.5617450519532494,0.4092,0.4092,565,0.03744242712855339
115,TX,0.027931928199764595,0.3728,0.3728,26,0.03744242712855339
116,CA,0.40993152947939704,0.406,0.406,389,0.03694294020533562
116,NY,0.5628066102835458,0.4094,0.4094,585,0.03694294020533562
116,TX,0.027261860237057057,0.373,0.373,26,0.03694294020533562
117,CA,0.4096361308176842,0.4052,0.4052,417,0.0410647876560688
117,NY,0.5637610516290861,0.409,0.409,559,0.0410647876560688
117,TX,0.026602817553229807,0.3728,0.3728,24,0.0410647876560688
118,CA,0.4092632269216116,0.4054,0.4054,386,0.03942307457327843
118,NY,0.5647710013852066,0.409,0.409,578,0.03942307457327843
118,TX,0.025965771693181677,0.3728,0.3728,36,0.03942307457327843
119,CA,0.40891794484675953,0.4054,0.4054,413,0.03805915266275406
119,NY,0.5657399901407314,0.4092,0.4092,564,0.03805915266275406
119,TX,0.025342065012509005,0.3728,0.3728,23,0.03805915266275406
120,CA,0.4085331723395462,0.4052,0.4052,416,0.038183726370334625
120,NY,0.5667358959056931,0.409,0.409,558,0.038183726370334625
120,TX,0.02473093175476073,0.3728,0.3728,26,0.038183726370334625
121,CA,0.4081403926249844,0.4052,0.4052,414,0.0378500334918499
121,NY,0.567722131100719,0.4092,0.4092,555,0.0378500334918499
121,TX,0.024137476274296462,0.3728,0.3728,31,0.0378500334918499
122,CA,0.4077084183332065,0.4052,0.4052,430,0.03845445439219475
122,NY,0.5687356063710876,0.409,0.409,542,0.03845445439219475
122,TX,0.023555975295706064,0.3728,0.3728,28,0.03845445439219475
123,CA,0.40730320737949643,0.4052,0.4052,387,0.040334515273571014
123,NY,0.5697068244088644,0.409,0.409,585,0.040334515273571014
123,TX,0.0229899682116392,0.3728,0.3728,28,0.040334515273571014
124,CA,0.40689202666607505,0.4052,0.4052,408,0.037625543773174286
124,NY,0.57067076348694,0.4092,0.4092,569,0.037625543773174286
124,TX,0.022437209846984947,0.3728,0.3728,23,0.037625543773174286
125,CA,0.4064420487343759,0.4052,0.4052,401,0.0373484268784523
125,NY,0.5716623219848933,0.409,0.409,575,0.0373484268784523
125,TX,0.02189562928073069,0.3728,0.3728,24,0.0373484268784523
126,CA,0.4060193579549354,0.4054,0.4054,381,0.03837692365050316
126,NY,0.572612110956321,0.4092,0.4092,603,0.03837692365050316
126,TX,0.02136853108874352,0.3728,0.3728,16,0.03837692365050316
127,CA,0.40559243485920526,0.4052,0.4052,419,0.03696305677294731
127,NY,0.5735566511851118,0.409,0.409,550,0.03696305677294731
127,TX,0.020850913955682965,0.3728,0.3728,31,0.03696305677294731
128,CA,0.4051588048939485,0.4052,0.4052,396,0.03764258325099945
128,NY,0.5744928234628028,0.4092,0.4092,581,0.03764258325099945
128,TX,0.020348371643248677,0.3728,0.3728,23,0.03764258325099945
129,CA,0.4046868763922089,0.4054,0.4054,370,0.03769168257713318
129,NY,0.5754570840287663,0.4092,0.4092,609,0.03769168257713318
129,TX,0.019856039579024792,0.3728,0.3728,21,0.03769168257713318
130,CA,0.4042440804078353,0.4052,0.4052,391,0.0365150161087513
130,NY,0.576381687445211,0.409,0.409,593,0.0365150161087513
130,TX,0.01937423214695372,0.3728,0.3728,16,0.0365150161087513
131,CA,0.40379507669334214,0.4052,0.4052,411,0.03811962157487869
131,NY,0.5772984302680825,0.409,0.409,570,0.03811962157487869
131,TX,0.018906493038575486,0.3728,0.3728,19,0.03811962157487869
132,CA,0.4033412277806066,0.4052,0.4052,431,0.03762347623705864
132,NY,0.5782089704209249,0.409,0.409,546,0.03762347623705864
132,TX,0.01844980179846854,0.3728,0.3728,23,0.03762347623705864
133,CA,0.40288266046634313,0.4052,0.4052,415,0.037774622440338135
133,NY,0.5791134311301633,0.409,0.409,574,0.037774622440338135
133,TX,0.01800390840349344,0.3728,0.3728,11,0.037774622440338135
134,CA,0.40241949876095245,0.4052,0.4052,414,0.03806035965681076
134,NY,0.5800119332530637,0.409,0.409,568,0.03806035965681076
134,TX,0.017568567985983902,0.3728,0.3728,18,0.03806035965681076
135,CA,0.40195186393960386,0.4052,0.4052,425,0.040431033819913864
135,NY,0.5809045953091232,0.4092,0.4092,559,0.040431033819913864
135,TX,0.01714354075127304,0.3728,0.3728,16,0.040431033819913864
136,CA,0.4014467222431601,0.4052,0.4052,390,0.042132552713155746
136,NY,0.5818260672311929,0.4092,0.4092,594,0.042132552713155746
136,TX,0.01672721052564702,0.3728,0.3728,16,0.042132552713155746
137,CA,0.4009373210913833,0.4052,0.4052,394,0.038177020847797394
137,NY,0.582741887274503,0.4092,0.4092,587,0.038177020847797394
137,TX,0.01632079163411362,0.3728,0.3728,19,0.038177020847797394
138,CA,0.4004237762020637,0.4052,0.4052,390,0.03766497224569321
138,NY,0.5836521668412901,0.409,0.409,593,0.03766497224569321
138,TX,0.01592405695664629,0.3728,0.3728,17,0.03766497224569321
139,CA,0.39993938085238967,0.4052,0.4052,416,0.03808223828673363
139,NY,0.5845225458907729,0.409,0.409,567,0.03808223828673363
139,TX,0.01553807325683752,0.3728,0.3728,17,0.03808223828673363
140,CA,0.39945108172427685,0.4052,0.4052,390,0.03815780580043793
140,NY,0.5853876432579512,0.4092,0.4092,594,0.03815780580043793
140,TX,0.015161275017771848,0.3728,0.3728,16,0.03815780580043793
141,CA,0.39892578819755675,0.4052,0.4052,379,0.03759019449353218
141,NY,0.5862819915309224,0.4092,0.4092,608,0.03759019449353218
141,TX,0.014792220271520771,0.3728,0.3728,13,0.03759019449353218
142,CA,0.398396786887803,0.4054,0.4054,399,0.03722456097602844
142,NY,0.5871712234196034,0.4092,0.4092,590,0.03722456097602844
142,TX,0.014431989692593693,0.3728,0.3728,11,0.03722456097602844
143,CA,0.39789827652277193,0.4052,0.4052,423,0.03955848142504692
143,NY,0.5880221414539326,0.409,0.409,562,0.03955848142504692
143,TX,0.014079582023295513,0.3728,0.3728,15,0.03955848142504692
144,CA,0.3973953655949103,0.4052,0.4052,387,0.03830817714333534
144,NY,0.5888670734750093,0.409,0.409,598,0.03830817714333534
144,TX,0.013737560930080545,0.3728,0.3728,15,0.03830817714333534
145,CA,0.39688905866699115,0.4052,0.4052,378,0.21363528445363045
145,NY,0.5897072292787348,0.409,0.409,605,0.21363528445363045
145,TX,0.013403712054274059,0.3728,0.3728,17,0.21363528445363045
146,CA,0.39637945009259107,0.4052,0.4052,381,0.036600906401872635
146,NY,0.5905427037807897,0.409,0.409,602,0.036600906401872635
146,TX,0.013077846126619289,0.3728,0.3728,17,0.036600906401872635
147,CA,0.3958666320676008,0.4054,0.4054,407,0.03752151131629944
147,NY,0.5913735899452102,0.4092,0.4092,583,0.03752151131629944
147,TX,0.01275977798718894,0.3728,0.3728,10,0.03752151131629944
148,CA,0.39535148495325867,0.4052,0.4052,399,0.03782758489251137
148,NY,0.5922009352975945,0.409,0.409,585,0.03782758489251137
148,TX,0.012447579749146745,0.3728,0.3728,16,0.03782758489251137
149,CA,0.3948324982665448,0.4052,0.4052,411,0.038179270923137665
149,NY,0.5930228919748444,0.409,0.409,581,0.038179270923137665
149,TX,0.012144609758610798,0.3728,0.3728,8,0.038179270923137665
150,CA,0.394310566656796,0.4052,0.4052,387,0.037588633596897125
150,NY,0.5938405283517554,0.4092,0.4092,604,0.037588633596897125
150,TX,0.011848904991448686,0.3728,0.3728,9,0.037588633596897125
151,CA,0.39375253827536033,0.4052,0.4052,385,0.03846711665391922
151,NY,0.5946881414313662,0.4092,0.4092,603,0.03846711665391922
151,TX,0.01155932029327356,0.3728,0.3728,12,0.03846711665391922
152,CA,0.39319173063688967,0.4054,0.4054,402,0.040434204041957855
152,NY,0.5955315587381197,0.4092,0.4092,587,0.040434204041957855
152,TX,0.0112767106249906,0.3728,0.3728,11,0.040434204041957855
153,CA,0.3926621650068391,0.4052,0.4052,396,0.0401855893433094
153,NY,0.5963375372907295,0.409,0.409,595,0.0401855893433094
153,TX,0.011000297702431355,0.3728,0.3728,9,0.0401855893433094
154,CA,0.3921292596139531,0.4052,0.4052,387,0.03828619793057442
154,NY,0.5971386638637224,0.409,0.409,608,0.03828619793057442
154,TX,0.010732076522324588,0.3728,0.3728,5,0.03828619793057442
155,CA,0.3915938117467582,0.4052,0.4052,384,0.038413506001234055
155,NY,0.5979358801690787,0.409,0.409,598,0.038413506001234055
155,TX,0.01047030808416308,0.3728,0.3728,18,0.038413506001234055
156,CA,0.3910558960604904,0.4054,0.4054,405,0.038779426366090775
156,NY,0.5987292630027603,0.4092,0.4092,580,0.038779426366090775
156,TX,0.01021484093674937,0.3728,0.3728,15,0.038779426366090775
157,CA,0.3905162291446599,0.4052,0.4052,400,0.03829662874341011
157,NY,0.5995196455964295,0.409,0.409,593,0.03829662874341011
157,TX,0.009964125258910555,0.3728,0.3728,7,0.03829662874341011
158,CA,0.3899735805756843,0.4054,0.4054,382,0.03866897523403168
158,NY,0.6003055657304764,0.4092,0.4092,611,0.03866897523403168
158,TX,0.00972085369383935,0.3728,0.3728,7,0.03866897523403168
159,CA,0.3894292936124941,0.4054,0.4054,387,0.038119588047266006
159,NY,0.6010885926819948,0.4092,0.4092,598,0.038119588047266006
159,TX,0.009482113705511016,0.3728,0.3728,15,0.038119588047266006
160,CA,0.38888279354426225,0.4052,0.4052,390,0.03852229565382004
160,NY,0.6018680400911959,0.409,0.409,603,0.03852229565382004
160,TX,0.009249166364541867,0.3728,0.3728,7,0.03852229565382004
161,CA,0.3883335592414786,0.4052,0.4052,383,0.03871741145849228
161,NY,0.6026432961833267,0.409,0.409,607,0.03871741145849228
161,TX,0.009023144575194627,0.3728,0.3728,10,0.03871741145849228
162,CA,0.38778227076703575,0.4052,0.4052,399,0.03901448845863342
162,NY,0.6034151473924751,0.4092,0.4092,593,0.03901448845863342
162,TX,0.00880258184048903,0.3728,0.3728,8,0.03901448845863342
163,CA,0.38719578517402836,0.4054,0.4054,389,0.03842536732554436
163,NY,0.6042176021620622,0.4092,0.4092,603,0.03842536732554436
163,TX,0.008586612663909376,0.3728,0.3728,8,0.03842536732554436
164,CA,0.38664113278348894,0.4052,0.4052,387,0.03874191269278526
164,NY,0.6049834465877098,0.4092,0.4092,604,0.03874191269278526
164,TX,0.008375420628801358,0.3728,0.3728,9,0.03874191269278526
165,CA,0.38605085570689235,0.4052,0.4052,361,0.04078733175992966
165,NY,0.6057793293069541,0.409,0.409,631,0.04078733175992966
165,TX,0.008169814986153611,0.3728,0.3728,8,0.04078733175992966
166,CA,0.38549196931650237,0.4052,0.4052,393,0.03771784156560898
166,NY,0.6065381436316095,0.4092,0.4092,600,0.03771784156560898
166,TX,0.007969887051888086,0.3728,0.3728,7,0.03771784156560898
167,CA,0.38489815237104474,0.4052,0.4052,366,0.03660263493657112
167,NY,0.6073277178329461,0.409,0.409,627,0.03660263493657112
167,TX,0.007774129796009155,0.3728,0.3728,7,0.03660263493657112
168,CA,0.3843358264107244,0.4052,0.4052,411,0.03713543340563774
168,NY,0.6080803895012349,0.4092,0.4092,581,0.03713543340563774
168,TX,0.0075837840880407,0.3728,0.3728,8,0.03713543340563774
169,CA,0.3837386973870597,0.4054,0.4054,394,0.038292549550533295
169,NY,0.6088638904558089,0.4092,0.4092,601,0.038292549550533295
169,TX,0.007397412157131509,0.3728,0.3728,5,0.038292549550533295
170,CA,0.38317363565227885,0.4054,0.4054,407,0.03781701624393463
170,NY,0.6096111845033998,0.4092,0.4092,589,0.03781701624393463
170,TX,0.00721517984432143,0.3728,0.3728,4,0.03781701624393463
171,CA,0.38260701909381556,0.4052,0.4052,376,0.03822550177574158
171,NY,0.6103555880566088,0.4092,0.4092,614,0.03822550177574158
171,TX,0.0070373928495757136,0.3728,0.3728,10,0.03822550177574158
172,CA,0.3820053007139497,0.4052,0.4052,387,0.03742925822734833
172,NY,0.6111303815030885,0.4092,0.4092,607,0.03742925822734833
172,TX,0.0068643177829618846,0.3728,0.3728,6,0.03742925822734833
173,CA,0.38140216914256303,0.4054,0.4054,390,0.038268107920885086
173,NY,0.6119023730168857,0.4092,0.4092,607,0.038268107920885086
173,TX,0.006695457840551314,0.3728,0.3728,3,0.038268107920885086
174,CA,0.3808312319965137,0.4052,0.4052,390,0.03913713991641998
174,NY,0.6126384098569803,0.409,0.409,603,0.03913713991641998
174,TX,0.006530358146506093,0.3728,0.3728,7,0.03913713991641998
175,CA,0.3802585055473088,0.4052,0.4052,388,0.03797951340675354
175,NY,0.6133713026509587,0.4092,0.4092,606,0.03797951340675354
175,TX,0.006370191801732421,0.3728,0.3728,6,0.03797951340675354
176,CA,0.37965139536212267,0.4052,0.4052,402,0.03795589879155159
176,NY,0.6141352276936483,0.4092,0.4092,597,0.03795589879155159
176,TX,0.006213376944229093,0.3728,0.3728,1,0.03795589879155159
177,CA,0.37904306321083003,0.4052,0.4052,368,0.03726968541741371
177,NY,0.6148965494302043,0.409,0.409,622,0.03726968541741371
177,TX,0.006060387358965665,0.3728,0.3728,10,0.03726968541741371
178,CA,0.3784666233316087,0.4052,0.4052,390,0.03994501009583473
178,NY,0.6156217289596061,0.4092,0.4092,605,0.03994501009583473
178,TX,0.005911647708785028,0.3728,0.3728,5,0.03994501009583473
179,CA,0.37785596873821164,0.4054,0.4054,399,0.03846854716539383
179,NY,0.6163780081851986,0.4092,0.4092,595,0.03846854716539383
179,TX,0.005766023076589746,0.3728,0.3728,6,0.03846854716539383
180,CA,0.37727765956663006,0.4054,0.4054,380,0.036877572536468506
180,NY,0.6170986876325149,0.4092,0.4092,615,0.036877572536468506
180,TX,0.00562365280085516,0.3728,0.3728,5,0.036877572536468506
181,CA,0.3766982604569125,0.4052,0.4052,382,0.03826606646180153
181,NY,0.6178169704757452,0.4092,0.4092,613,0.03826606646180153
181,TX,0.005484769067342244,0.3728,0.3728,5,0.03826606646180153
182,CA,0.37608441709746,0.4052,0.4052,367,0.037848882377147675
182,NY,0.6185660088921624,0.409,0.409,630,0.037848882377147675
182,TX,0.005349574010377688,0.3728,0.3728,3,0.037848882377147675
183,CA,0.37550261127899703,0.4054,0.4054,381,0.038351140916347504
183,NY,0.6192792460134949,0.4092,0.4092,611,0.038351140916347504
183,TX,0.005218142707508041,0.3728,0.3728,8,0.038351140916347504
184,CA,0.37492020987215363,0.4052,0.4052,376,0.03858703374862671
184,NY,0.6199905942885224,0.409,0.409,616,0.03858703374862671
184,TX,0.005089195839323892,0.3728,0.3728,8,0.03858703374862671
185,CA,0.374336521332197,0.4052,0.4052,384,0.03794668987393379
185,NY,0.6206993658666516,0.409,0.409,614,0.03794668987393379
185,TX,0.004964112801151363,0.3728,0.3728,2,0.03794668987393379
186,CA,0.3737519499998913,0.4052,0.4052,356,0.03814341872930527
186,NY,0.6214059691364365,0.409,0.409,640,0.03814341872930527
186,TX,0.004842080863672148,0.3728,0.3728,4,0.03814341872930527
187,CA,0.3731665312578089,0.4054,0.4054,364,0.03787079453468323
187,NY,0.622110442205007,0.4092,0.4092,635,0.03787079453468323
187,TX,0.004723026537184091,0.3728,0.3728,1,0.03787079453468323
188,CA,0.37258063296480237,0.4052,0.4052,374,0.040477655827999115
188,NY,0.6228131404493742,0.409,0.409,618,0.040477655827999115
188,TX,0.004606226585823413,0.3728,0.3728,8,0.040477655827999115
189,CA,0.37199361576381135,0.4052,0.4052,375,0.037265799939632416
189,NY,0.6235134543914294,0.409,0.409,622,0.037265799939632416
189,TX,0.004492929844759371,0.3728,0.3728,3,0.037265799939632416
190,CA,0.3714058524697739,0.4052,0.4052,356,0.03905658796429634
190,NY,0.6242117474474236,0.409,0.409,641,0.03905658796429634
190,TX,0.0043824000828026535,0.3728,0.3728,3,0.03905658796429634
191,CA,0.3708173751970948,0.4054,0.4054,344,0.0376102514564991
191,NY,0.624908054294904,0.4092,0.4092,653,0.0376102514564991
191,TX,0.004274570508001149,0.3728,0.3728,3,0.0376102514564991
192,CA,0.3702285238564389,0.4054,0.4054,348,0.03804229199886322
192,NY,0.6256026900986109,0.4092,0.4092,650,0.03804229199886322
192,TX,0.0041687860449500964,0.3728,0.3728,2,0.03804229199886322
193,CA,0.36963900886861506,0.4052,0.4052,375,0.03794439882040024
193,NY,0.6262953892443427,0.409,0.409,620,0.03794439882040024
193,TX,0.004065601887042236,0.3728,0.3728,5,0.03794439882040024
194,CA,0.3690485634764014,0.4052,0.4052,357,0.03768237680196762
194,NY,0.6269859205760024,0.409,0.409,635,0.03768237680196762
194,TX,0.003965515947596094,0.3728,0.3728,8,0.03768237680196762
195,CA,0.3684575253587475,0.4052,0.4052,376,0.03763406351208687
195,NY,0.627674596866092,0.4092,0.4092,621,0.03763406351208687
195,TX,0.003867877775160626,0.3728,0.3728,3,0.03763406351208687
196,CA,0.36783311499560445,0.4052,0.4052,350,0.03775758296251297
196,NY,0.6283945933278821,0.409,0.409,640,0.03775758296251297
196,TX,0.0037722916765135766,0.3728,0.3728,10,0.03775758296251297
197,CA,0.36724099320028114,0.4052,0.4052,357,0.036976732313632965
197,NY,0.6290796261246574,0.409,0.409,638,0.036976732313632965
197,TX,0.0036793806750614216,0.3728,0.3728,5,0.036976732313632965
198,CA,0.3666483622613713,0.4052,0.4052,343,0.03811705484986305
198,NY,0.6297628939935196,0.4092,0.4092,653,0.03811705484986305
198,TX,0.0035887437451091017,0.3728,0.3728,4,0.03811705484986305
199,CA,0.366022493939507,0.4052,0.4052,389,0.03798652067780495
199,NY,0.6304774934885439,0.4092,0.4092,606,0.03798652067780495
199,TX,0.0035000125719491745,0.3728,0.3728,5,0.03798652067780495
200,CA,0.3653962056837448,0.4052,0.4052,368,0.03779270127415657
200,NY,0.6311903329552898,0.4092,0.4092,629,0.03779270127415657
200,TX,0.003413461360965446,0.3728,0.3728,3,0.03779270127415657
201,CA,0.3647695234437916,0.4052,0.4052,384,0.03755413368344307
201,NY,0.6319014394718724,0.409,0.409,615,0.03755413368344307
201,TX,0.0033290370843360576,0.3728,0.3728,1,0.03755413368344307
202,CA,0.36417516928327004,0.4052,0.4052,358,0.03758173808455467
202,NY,0.6325778512111087,0.409,0.409,639,0.03758173808455467
202,TX,0.0032469795056213582,0.3728,0.3728,3,0.03758173808455467
203,CA,0.3635804328103129,0.4052,0.4052,373,0.0378614217042923
203,NY,0.6332526343875706,0.4092,0.4092,625,0.0378614217042923
203,TX,0.0031669328021164973,0.3728,0.3728,2,0.0378614217042923
204,CA,0.3629526781249423,0.4052,0.4052,381,0.03834347799420357
204,NY,0.6339587516475097,0.4092,0.4092,615,0.03834347799420357
204,TX,0.0030885702275481202,0.3728,0.3728,4,0.03834347799420357
205,CA,0.36232462676959665,0.4054,0.4054,353,0.04283037409186363
205,NY,0.6346632380511156,0.4092,0.4092,640,0.04283037409186363
205,TX,0.003012135179287937,0.3728,0.3728,7,0.04283037409186363
206,CA,0.36172915975309955,0.4054,0.4054,373,0.03856402263045311
206,NY,0.6353334107901406,0.4092,0.4092,625,0.03856402263045311
206,TX,0.0029374294567599034,0.3728,0.3728,2,0.03856402263045311
207,CA,0.3611333932710888,0.4052,0.4052,359,0.037711143493652344
207,NY,0.6360020403124911,0.409,0.409,640,0.037711143493652344
207,TX,0.002864566416420248,0.3728,0.3728,1,0.037711143493652344
208,CA,0.3605371174760237,0.4054,0.4054,360,0.03756369650363922
208,NY,0.6366689857320265,0.4092,0.4092,638,0.03756369650363922
208,TX,0.002793896791949881,0.3728,0.3728,2,0.03756369650363922
209,CA,0.3599408201843858,0.4054,0.4054,355,0.03784506395459175
209,NY,0.6373346046103374,0.4092,0.4092,643,0.03784506395459175
209,TX,0.0027245752052768523,0.3728,0.3728,2,0.03784506395459175
210,CA,0.35934428659102996,0.4054,0.4054,367,0.037920840084552765
210,NY,0.6379987488368267,0.4092,0.4092,632,0.037920840084552765
210,TX,0.002656964572143285,0.3728,0.3728,1,0.037920840084552765
211,CA,0.3587475367895501,0.4052,0.4052,375,0.03881823271512985
211,NY,0.6386614402080688,0.409,0.409,622,0.03881823271512985
211,TX,0.002591023002381008,0.3728,0.3728,3,0.03881823271512985
212,CA,0.35815037371703046,0.4052,0.4052,345,0.038351189345121384
212,NY,0.6393225585714924,0.409,0.409,653,0.038351189345121384
212,TX,0.0025270677114769755,0.3728,0.3728,2,0.038351189345121384
213,CA,0.35755304010988564,0.4052,0.4052,330,0.03220636397600174
213,NY,0.6399822768622131,0.409,0.409,670,0.03220636397600174
213,TX,0.0024646830279011853,0.3728,0.3728,0,0.03220636397600174
214,CA,0.35695555439847765,0.4052,0.4052,373,0.03790516033768654
214,NY,0.6406406149254298,0.409,0.409,624,0.03790516033768654
214,TX,0.0024038306760924997,0.3728,0.3728,3,0.03790516033768654
215,CA,0.3563579345791402,0.4052,0.4052,345,0.03886684775352478
215,NY,0.6412975921195083,0.409,0.409,653,0.03886684775352478
215,TX,0.0023444733013514864,0.3728,0.3728,2,0.03886684775352478
216,CA,0.35576019822488775,0.4052,0.4052,352,0.037979528307914734
216,NY,0.6419532273269095,0.4092,0.4092,644,0.037979528307914734
216,TX,0.0022865744482027466,0.3728,0.3728,4,0.037979528307914734
217,CA,0.35512996942338054,0.4052,0.4052,346,0.03813325986266136
217,NY,0.6426401354365865,0.409,0.409,653,0.03813325986266136
217,TX,0.0022298951400329,0.3728,0.3728,1,0.03813325986266136
218,CA,0.35453207275220255,0.4052,0.4052,294,0.03911399841308594
218,NY,0.6432931149697668,0.409,0.409,703,0.03911399841308594
218,TX,0.0021748122780307455,0.3728,0.3728,3,0.03911399841308594
219,CA,0.3539341100100818,0.4052,0.4052,349,0.03816976770758629
219,NY,0.6439448063457203,0.4092,0.4092,649,0.03816976770758629
219,TX,0.0021210836441977964,0.3728,0.3728,2,0.03816976770758629
220,CA,0.3533037709980955,0.4052,0.4052,349,0.037917304784059525
220,NY,0.6446277420861749,0.409,0.409,648,0.037917304784059525
220,TX,0.0020684869157295864,0.3728,0.3728,3,0.037917304784059525
221,CA,0.3527057458951027,0.4054,0.4054,384,0.03746159002184868
221,NY,0.6452768812660963,0.4092,0.4092,615,0.03746159002184868
221,TX,0.0020173728388009527,0.3728,0.3728,1,0.03746159002184868
222,CA,0.3521078875983722,0.4052,0.4052,328,0.03767688199877739
222,NY,0.6459248752854179,0.409,0.409,671,0.03767688199877739
222,TX,0.001967237116210035,0.3728,0.3728,1,0.03767688199877739
223,CA,0.35150983657620605,0.4052,0.4052,352,0.03949860855937004
223,NY,0.646571549605704,0.409,0.409,646,0.03949860855937004
223,TX,0.001918613818090009,0.3728,0.3728,2,0.03949860855937004
224,CA,0.35091179597181077,0.4052,0.4052,334,0.038272686302661896
224,NY,0.6472170170694097,0.4092,0.4092,665,0.038272686302661896
224,TX,0.0018711869587796364,0.3728,0.3728,1,0.038272686302661896
225,CA,0.350281567936259,0.4052,0.4052,365,0.03803034871816635
225,NY,0.6478936725817025,0.409,0.409,632,0.03803034871816635
225,TX,0.0018247594820384777,0.3728,0.3728,3,0.03803034871816635
226,CA,0.34968361349903315,0.4054,0.4054,357,0.2057873196899891
226,NY,0.6485367440580161,0.4092,0.4092,643,0.2057873196899891
226,TX,0.0017796424429507368,0.3728,0.3728,0,0.2057873196899891
227,CA,0.3490858844536452,0.4052,0.4052,340,0.039650991559028625
227,NY,0.6491787255770549,0.409,0.409,656,0.039650991559028625
227,TX,0.0017353899692999924,0.3728,0.3728,4,0.039650991559028625
228,CA,0.3484880452952739,0.4052,0.4052,344,0.031848594546318054
228,NY,0.6498194814731642,0.409,0.409,656,0.031848594546318054
228,TX,0.0016924732315617918,0.3728,0.3728,0,0.031848594546318054
229,CA,0.34789028454763304,0.4052,0.4052,381,0.037898723036050797
229,NY,0.6504591020999385,0.409,0.409,617,0.037898723036050797
229,TX,0.0016506133524283157,0.3728,0.3728,2,0.037898723036050797
230,CA,0.3472926148377216,0.4052,0.4052,351,0.039563387632369995
230,NY,0.651097600700813,0.409,0.409,647,0.039563387632369995
230,TX,0.0016097844614653388,0.3728,0.3728,2,0.039563387632369995
231,CA,0.3466950485021221,0.4052,0.4052,342,0.038338541984558105
231,NY,0.6517349901823185,0.409,0.409,656,0.038338541984558105
231,TX,0.0015699613155594034,0.3728,0.3728,2,0.038338541984558105
232,CA,0.3460975975942068,0.4052,0.4052,341,0.03865254670381546
232,NY,0.6523712831218387,0.4092,0.4092,656,0.03865254670381546
232,TX,0.001531119283954549,0.3728,0.3728,3,0.03865254670381546
233,CA,0.34546825217202093,0.4052,0.4052,345,0.03756025433540344
233,NY,0.6530386518905599,0.409,0.409,654,0.03756025433540344
233,TX,0.0014930959374191346,0.3728,0.3728,1,0.03756025433540344
234,CA,0.34487109149037537,0.4052,0.4052,354,0.03222221881151199
234,NY,0.6536727605971251,0.409,0.409,646,0.03222221881151199
234,TX,0.001456147912499614,0.3728,0.3728,0,0.03222221881151199
235,CA,0.34427408091207806,0.4052,0.4052,335,0.038072485476732254
235,NY,0.6543058085263631,0.4092,0.4092,662,0.038072485476732254
235,TX,0.001420110561558888,0.3728,0.3728,3,0.038072485476732254
236,CA,0.343645284470607,0.4052,0.4052,319,0.03760865703225136
236,NY,0.6549698827079997,0.4092,0.4092,679,0.03760865703225136
236,TX,0.0013848328213932012,0.3728,0.3728,2,0.03760865703225136
237,CA,0.3430167107548787,0.4052,0.4052,342,0.037600547075271606
237,NY,0.6556328614548672,0.409,0.409,655,0.037600547075271606
237,TX,0.001350427790254045,0.3728,0.3728,3,0.037600547075271606
238,CA,0.34242026518911983,0.4054,0.4054,359,0.03786129131913185
238,NY,0.656262738139784,0.4092,0.4092,639,0.03786129131913185
238,TX,0.0013169966710962588,0.3728,0.3728,2,0.03786129131913185
239,CA,0.3418241611347571,0.4052,0.4052,337,0.039735112339258194
239,NY,0.6568916310873384,0.409,0.409,662,0.039735112339258194
239,TX,0.0012842077779045243,0.3728,0.3728,1,0.039735112339258194
240,CA,0.34122810957801997,0.4052,0.4052,325,0.03970632702112198
240,NY,0.657519480588827,0.409,0.409,674,0.03970632702112198
240,TX,0.0012524098331530978,0.3728,0.3728,1,0.03970632702112198
241,CA,0.3406322707357874,0.4052,0.4052,356,0.03857702761888504
241,NY,0.658146332998996,0.409,0.409,642,0.03857702761888504
241,TX,0.0012213962652164842,0.3728,0.3728,2,0.03857702761888504
242,CA,0.3400366541823061,0.4054,0.4054,363,0.038637325167655945
242,NY,0.6587721979938312,0.4092,0.4092,634,0.038637325167655945
242,TX,0.001191147823862672,0.3728,0.3728,3,0.038637325167655945
243,CA,0.3394414112949955,0.4052,0.4052,318,0.03183937445282936
243,NY,0.6593971078031197,0.409,0.409,682,0.03183937445282936
243,TX,0.0011614809018848633,0.3728,0.3728,0,0.03183937445282936
244,CA,0.3388462656328989,0.4054,0.4054,334,0.038115788251161575
244,NY,0.6600210234616485,0.4092,0.4092,665,0.038115788251161575
244,TX,0.0011327109054525618,0.3728,0.3728,1,0.038115788251161575
245,CA,0.33825150869238507,0.4052,0.4052,334,0.03274964913725853
245,NY,0.6606439971022151,0.409,0.409,666,0.03274964913725853
245,TX,0.0011044942053997525,0.3728,0.3728,0,0.03274964913725853
246,CA,0.3376568698637685,0.4052,0.4052,360,0.03726524859666824
246,NY,0.6612659993995921,0.4092,0.4092,638,0.03726524859666824
246,TX,0.0010771307366394106,0.3728,0.3728,2,0.03726524859666824
247,CA,0.33703083366035025,0.4054,0.4054,315,0.0324757918715477
247,NY,0.6619188222577125,0.4092,0.4092,685,0.0324757918715477
247,TX,0.0010503440819371965,0.3728,0.3728,0,0.0324757918715477
248,CA,0.336436898218638,0.4052,0.4052,307,0.03838913515210152
248,NY,0.6625389297780748,0.4092,0.4092,690,0.03838913515210152
248,TX,0.0010241720032870974,0.3728,0.3728,3,0.03838913515210152
249,CA,0.33581150007147936,0.4052,0.4052,338,0.032729730010032654
249,NY,0.6631898024035364,0.409,0.409,662,0.032729730010032654
249,TX,0.0009986975249841163,0.3728,0.3728,0,0.032729730010032654
250,CA,0.3352180306974945,0.4052,0.4052,304,0.03745792806148529
250,NY,0.6638080232344238,0.409,0.409,695,0.03745792806148529
250,TX,0.0009739460680817025,0.3728,0.3728,1,0.03745792806148529
251,CA,0.33462486106762157,0.4052,0.4052,348,0.03242583945393562
251,NY,0.664425333013791,0.4092,0.4092,652,0.03242583945393562
251,TX,0.0009498059185873127,0.3728,0.3728,0,0.03242583945393562
252,CA,0.33400046948032536,0.4052,0.4052,337,0.03210141509771347
252,NY,0.6650733559029974,0.4092,0.4092,663,0.03210141509771347
252,TX,0.0009261746166772696,0.3728,0.3728,0,0.03210141509771347
253,CA,0.33337644785197024,0.4052,0.4052,322,0.032336220145225525
253,NY,0.6657204230372337,0.409,0.409,678,0.032336220145225525
253,TX,0.0009031291107961794,0.3728,0.3728,0,0.032336220145225525
254,CA,0.33278427650892395,0.4052,0.4052,326,0.03835576772689819
254,NY,0.6663349852486438,0.4092,0.4092,672,0.03835576772689819
254,TX,0.000880738242432334,0.3728,0.3728,2,0.03835576772689819
255,CA,0.33216098912488184,0.4052,0.4052,312,0.037072181701660156
255,NY,0.6669801915462322,0.409,0.409,688,0.037072181701660156
255,TX,0.0008588193288859821,0.3728,0.3728,0,0.037072181701660156
256,CA,0.33156951107496163,0.4052,0.4052,333,0.03819717839360237
256,NY,0.6675929656145734,0.409,0.409,665,0.03819717839360237
256,TX,0.000837523310464881,0.3728,0.3728,2,0.03819717839360237
257,CA,0.33097837655431056,0.4052,0.4052,341,0.03829284757375717
257,NY,0.6682048698307207,0.409,0.409,658,0.03829284757375717
257,TX,0.0008167536149686996,0.3728,0.3728,1,0.03829284757375717
258,CA,0.33038759226291,0.4052,0.4052,327,0.03156973421573639
258,NY,0.668815910447456,0.4092,0.4092,673,0.03156973421573639
258,TX,0.000796497289634026,0.3728,0.3728,0,0.03156973421573639
259,CA,0.329765829930708,0.4054,0.4054,301,0.03758193552494049
259,NY,0.6694575021708372,0.4092,0.4092,696,0.03758193552494049
259,TX,0.0007766678984548065,0.3728,0.3728,3,0.03758193552494049
260,CA,0.3291759133560101,0.4054,0.4054,326,0.03783220797777176
260,NY,0.6700667916721725,0.4092,0.4092,673,0.03783220797777176
260,TX,0.0007572949718173345,0.3728,0.3728,1,0.03783220797777176
261,CA,0.328586364329528,0.4052,0.4052,329,0.0330958366394043
261,NY,0.670675231939453,0.409,0.409,671,0.0330958366394043
261,TX,0.0007384037310190207,0.3728,0.3728,0,0.0330958366394043
262,CA,0.32799707095479863,0.4052,0.4052,337,0.03238119184970856
262,NY,0.6712828445826673,0.409,0.409,663,0.03238119184970856
262,TX,0.0007200844625341127,0.3728,0.3728,0,0.03238119184970856
263,CA,0.3274081593745093,0.4052,0.4052,317,0.037830110639333725
263,NY,0.6718896223913382,0.4092,0.4092,681,0.037830110639333725
263,TX,0.0007022182341526229,0.3728,0.3728,2,0.037830110639333725
264,CA,0.3267884411842103,0.4052,0.4052,349,0.03827935829758644
264,NY,0.6725268302912093,0.409,0.409,649,0.03827935829758644
264,TX,0.0006847285245803814,0.3728,0.3728,2,0.03827935829758644
265,CA,0.3262003388481794,0.4054,0.4054,321,0.03766914829611778
265,NY,0.6731319244146239,0.4092,0.4092,677,0.03766914829611778
265,TX,0.000667736737196652,0.3728,0.3728,2,0.03766914829611778
266,CA,0.32561275006801155,0.4052,0.4052,320,0.031884122639894485
266,NY,0.6737361770805458,0.409,0.409,680,0.031884122639894485
266,TX,0.0006510728514427714,0.3728,0.3728,0,0.031884122639894485
267,CA,0.32502545074860245,0.4054,0.4054,317,0.03116508573293686
267,NY,0.6743396355740419,0.4092,0.4092,683,0.03116508573293686
267,TX,0.0006349136773557123,0.3728,0.3728,0,0.03116508573293686
268,CA,0.324438674196841,0.4052,0.4052,333,0.03244132548570633
268,NY,0.674942259375157,0.409,0.409,667,0.03244132548570633
268,TX,0.0006190664280019873,0.3728,0.3728,0,0.03244132548570633
269,CA,0.323852199611739,0.4054,0.4054,325,0.035330332815647125
269,NY,0.6755441011673889,0.4092,0.4092,675,0.035330332815647125
269,TX,0.0006036992208719717,0.3728,0.3728,0,0.035330332815647125
270,CA,0.32326625663720476,0.4054,0.4054,323,0.03122963383793831
270,NY,0.6761451146270406,0.409,0.409,677,0.03122963383793831
270,TX,0.0005886287357547587,0.3728,0.3728,0,0.03122963383793831
271,CA,0.3227117331909523,0.4054,0.4054,315,0.031981658190488815
271,NY,0.6767142783469027,0.4092,0.4092,685,0.031981658190488815
271,TX,0.0005739884621451331,0.3728,0.3728,0,0.031981658190488815
272,CA,0.3221266146897688,0.4052,0.4052,325,0.04009532183408737
272,NY,0.6773137277992817,0.409,0.409,673,0.04009532183408737
272,TX,0.0005596575109496899,0.3728,0.3728,2,0.04009532183408737
273,CA,0.3215418215397337,0.4054,0.4054,333,0.033574387431144714
273,NY,0.6779124176771526,0.4092,0.4092,667,0.033574387431144714
273,TX,0.0005457607831137056,0.3728,0.3728,0,0.033574387431144714
274,CA,0.3209575765788702,0.4052,0.4052,318,0.037612080574035645
274,NY,0.6785102908884002,0.4092,0.4092,681,0.037612080574035645
274,TX,0.0005321325327295523,0.3728,0.3728,1,0.037612080574035645
275,CA,0.3203427883253707,0.4054,0.4054,315,0.0383501760661602
275,NY,0.6791383444246327,0.4092,0.4092,683,0.0383501760661602
275,TX,0.0005188672499966416,0.3728,0.3728,2,0.0383501760661602
276,CA,0.3197594649176108,0.4052,0.4052,334,0.03744403272867203
276,NY,0.6797346265104399,0.4092,0.4092,664,0.03744403272867203
276,TX,0.0005059085719493011,0.3728,0.3728,2,0.03744403272867203
277,CA,0.31914566888018114,0.4054,0.4054,305,0.03249851241707802
277,NY,0.6803610361193814,0.4092,0.4092,695,0.03249851241707802
277,TX,0.0004932950004374864,0.3728,0.3728,0,0.03249851241707802
278,CA,0.3185632854808058,0.4054,0.4054,335,0.03221236541867256
278,NY,0.6809557414034025,0.4092,0.4092,665,0.03221236541867256
278,TX,0.0004809731157917231,0.3728,0.3728,0,0.03221236541867256
279,CA,0.317981363725995,0.4054,0.4054,343,0.031868696212768555
279,NY,0.6815496781442802,0.4092,0.4092,657,0.031868696212768555
279,TX,0.0004689581297248092,0.3728,0.3728,0,0.031868696212768555
280,CA,0.3173999078854322,0.406,0.406,283,0.032524120062589645
280,NY,0.6821428496897776,0.4096,0.4096,717,0.032524120062589645
280,TX,0.00045724242479017803,0.3732,0.3732,0,0.032524120062589645
281,CA,0.3168498788718587,0.4052,0.4052,344,0.031022097915410995
281,NY,0.6827043194055173,0.4092,0.4092,656,0.031022097915410995
281,TX,0.0004458017226239678,0.3728,0.3728,0,0.031022097915410995
282,CA,0.31623856234200654,0.4052,0.4052,313,0.03262889012694359
282,NY,0.6833267551609196,0.409,0.409,687,0.03262889012694359
282,TX,0.00043468249707398775,0.3728,0.3728,0,0.03262889012694359
283,CA,0.31565842700023966,0.4054,0.4054,321,0.03189465031027794
283,NY,0.6839176921038007,0.4092,0.4092,679,0.03189465031027794
283,TX,0.00042388089595973085,0.3728,0.3728,0,0.03189465031027794
284,CA,0.31507887630634507,0.4052,0.4052,314,0.03168300911784172
284,NY,0.6845078354373344,0.4092,0.4092,686,0.03168300911784172
284,TX,0.0004132882563204373,0.3728,0.3728,0,0.03168300911784172
285,CA,0.31446913006181565,0.4052,0.4052,305,0.0323457345366478
285,NY,0.6851278923200405,0.4092,0.4092,695,0.0323457345366478
285,TX,0.0004029776181439724,0.3728,0.3728,0,0.0323457345366478
286,CA,0.3138599364362978,0.4054,0.4054,324,0.03750986605882645
286,NY,0.6857471401412728,0.4092,0.4092,675,0.03750986605882645
286,TX,0.00039292342242941257,0.3728,0.3728,1,0.03750986605882645
287,CA,0.3132819164034888,0.4052,0.4052,314,0.037368111312389374
287,NY,0.6863349813631311,0.409,0.409,685,0.037368111312389374
287,TX,0.00038310223338010503,0.3728,0.3728,1,0.037368111312389374
288,CA,0.31270429459900567,0.4052,0.4052,313,0.03188575431704521
288,NY,0.6869221265068611,0.409,0.409,687,0.03188575431704521
288,TX,0.00037357889413332446,0.3728,0.3728,0,0.03188575431704521
289,CA,0.31212717471271484,0.4052,0.4052,316,0.03313984349370003
289,NY,0.6875085336538531,0.409,0.409,684,0.03313984349370003
289,TX,0.0003642916334321588,0.3728,0.3728,0,0.03313984349370003
290,CA,0.3115505602130152,0.4054,0.4054,308,0.037851639091968536
290,NY,0.688094205168946,0.409,0.409,691,0.037851639091968536
290,TX,0.0003552346180387916,0.3728,0.3728,1,0.037851639091968536
291,CA,0.3110049497858093,0.4054,0.4054,314,0.03181605786085129
291,NY,0.6886486633871937,0.4092,0.4092,686,0.03181605786085129
291,TX,0.0003463868269969444,0.3728,0.3728,0,0.03181605786085129
292,CA,0.310429422227084,0.4052,0.4052,309,0.03277405723929405
292,NY,0.6892328519532759,0.4092,0.4092,691,0.03277405723929405
292,TX,0.0003377258196400908,0.3728,0.3728,0,0.03277405723929405
293,CA,0.3098239758437388,0.4052,0.4052,331,0.03262315317988396
293,NY,0.6898467288503375,0.409,0.409,669,0.03262315317988396
293,TX,0.0003292953059237461,0.3728,0.3728,0,0.03262315317988396
294,CA,0.3092494153421467,0.4052,0.4052,323,0.03319508954882622
294,NY,0.6904294785741802,0.409,0.409,677,0.03319508954882622
294,TX,0.0003211060836730621,0.3728,0.3728,0,0.03319508954882622
295,CA,0.30867537663367445,0.4054,0.4054,309,0.03203800320625305
295,NY,0.6910115033992432,0.4092,0.4092,691,0.03203800320625305
295,TX,0.00031311996708242146,0.3728,0.3728,0,0.03203800320625305
296,CA,0.308101957981632,0.4054,0.4054,299,0.037410490214824677
296,NY,0.6915927534407275,0.4092,0.4092,700,0.037410490214824677
296,TX,0.00030528857764058274,0.3728,0.3728,1,0.037410490214824677
297,CA,0.3075290663737455,0.4052,0.4052,312,0.03715125098824501
297,NY,0.6921732810894239,0.4092,0.4092,687,0.03715125098824501
297,TX,0.00029765253683066226,0.3728,0.3728,1,0.03715125098824501
298,CA,0.30692642965674505,0.4052,0.4052,342,0.03136071562767029
298,NY,0.692783350678984,0.409,0.409,658,0.03136071562767029
298,TX,0.0002902196642711201,0.3728,0.3728,0,0.03136071562767029
299,CA,0.30635453872097174,0.4052,0.4052,290,0.03478770703077316
299,NY,0.6933624615653013,0.409,0.409,710,0.03478770703077316
299,TX,0.00028299971372698754,0.3728,0.3728,0,0.03478770703077316
300,CA,0.30578318458943565,0.4052,0.4052,285,0.0315999798476696
300,NY,0.6939408565100075,0.4092,0.4092,715,0.0315999798476696
300,TX,0.00027595890055678363,0.3728,0.3728,0,0.0315999798476696
301,CA,0.30518228424271987,0.4054,0.4054,319,0.03203805536031723
301,NY,0.6945486494890496,0.4092,0.4092,681,0.03203805536031723
301,TX,0.0002690662682306571,0.3728,0.3728,0,0.03203805536031723
302,CA,0.3046121360446576,0.4054,0.4054,297,0.03777466341853142
302,NY,0.6951255300289566,0.4092,0.4092,702,0.03777466341853142
302,TX,0.00026233392638581415,0.3728,0.3728,1,0.03777466341853142
303,CA,0.3040425322575603,0.4052,0.4052,308,0.03162822127342224
303,NY,0.6957016981451764,0.409,0.409,692,0.03162822127342224
303,TX,0.0002557695972633829,0.3728,0.3728,0,0.03162822127342224
304,CA,0.3034733837095341,0.4054,0.4054,280,0.032150715589523315
304,NY,0.6962772117732677,0.4092,0.4092,720,0.032150715589523315
304,TX,0.00024940451719815773,0.3728,0.3728,0,0.032150715589523315
305,CA,0.3029048771590802,0.4052,0.4052,275,0.03179022669792175
305,NY,0.6968519599514166,0.4092,0.4092,725,0.03179022669792175
305,TX,0.0002431628895030773,0.3728,0.3728,0,0.03179022669792175
306,CA,0.30230690468685667,0.4054,0.4054,301,0.03251601383090019
306,NY,0.6974560080489123,0.4092,0.4092,699,0.03251601383090019
306,TX,0.00023708726423106604,0.3728,0.3728,0,0.03251601383090019
307,CA,0.30173953735816744,0.4052,0.4052,330,0.04957510158419609
307,NY,0.698029309553523,0.409,0.409,669,0.04957510158419609
307,TX,0.00023115308830948334,0.3728,0.3728,1,0.04957510158419609
308,CA,0.30117263709073594,0.4052,0.4052,303,0.038380566984415054
308,NY,0.6986019638385789,0.409,0.409,696,0.038380566984415054
308,TX,0.00022539907068520908,0.3728,0.3728,1,0.038380566984415054
309,CA,0.3006062974506122,0.4052,0.4052,289,0.032906096428632736
309,NY,0.6991739146322911,0.409,0.409,711,0.032906096428632736
309,TX,0.00021978791709682563,0.3728,0.3728,0,0.032906096428632736
310,CA,0.30004052083959176,0.4054,0.4054,294,0.03318226709961891
310,NY,0.6997451630696551,0.4092,0.4092,706,0.03318226709961891
310,TX,0.00021431609075321146,0.3728,0.3728,0,0.03318226709961891
311,CA,0.29947539901721876,0.4052,0.4052,317,0.030987534672021866
311,NY,0.7003156505178829,0.409,0.409,683,0.030987534672021866
311,TX,0.00020895046489829665,0.3728,0.3728,0,0.030987534672021866
312,CA,0.2989107551803878,0.4052,0.4052,325,0.03670421615242958
312,NY,0.7008854970512304,0.409,0.409,674,0.03670421615242958
312,TX,0.00020374776838182128,0.3728,0.3728,1,0.03670421615242958
313,CA,0.29834668133913955,0.4052,0.4052,301,0.03122497722506523
313,NY,0.7014546443754545,0.4092,0.4092,699,0.03122497722506523
313,TX,0.00019867428540594774,0.3728,0.3728,0,0.03122497722506523
314,CA,0.29775350906901754,0.4052,0.4052,276,0.031809158623218536
314,NY,0.7020527834176249,0.409,0.409,724,0.031809158623218536
314,TX,0.00019370751335755972,0.3728,0.3728,0,0.031809158623218536
315,CA,0.2971906140457827,0.4052,0.4052,299,0.0378108024597168
315,NY,0.7026205025521793,0.409,0.409,700,0.0378108024597168
315,TX,0.0001888834020380467,0.3728,0.3728,1,0.0378108024597168
316,CA,0.2966282956911825,0.4052,0.4052,306,0.22173158824443817
316,NY,0.7031875251806213,0.409,0.409,693,0.22173158824443817
316,TX,0.00018417912819614586,0.3728,0.3728,1,0.22173158824443817
317,CA,0.29606655613444327,0.4054,0.4054,270,0.031903233379125595
317,NY,0.7037538521422589,0.4092,0.4092,730,0.031903233379125595
317,TX,0.00017959172329781357,0.3728,0.3728,0,0.031903233379125595
318,CA,0.295505484713434,0.4052,0.4052,306,0.031144965440034866
318,NY,0.7043194218635466,0.409,0.409,694,0.031144965440034866
318,TX,0.00017509342301937596,0.3728,0.3728,0,0.031144965440034866
319,CA,0.29494490871398354,0.4052,0.4052,308,0.03178591653704643
319,NY,0.7048843595248121,0.4092,0.4092,692,0.03178591653704643
319,TX,0.00017073176120449915,0.3728,0.3728,0,0.03178591653704643
320,CA,0.29435544251585327,0.4052,0.4052,311,0.033408861607313156
320,NY,0.7054780956728097,0.409,0.409,689,0.033408861607313156
320,TX,0.00016646181133701132,0.3728,0.3728,0,0.033408861607313156
321,CA,0.29379607097914595,0.4054,0.4054,278,0.03265765309333801
321,NY,0.7060416143935758,0.4092,0.4092,722,0.03265765309333801
321,TX,0.0001623146272781993,0.3728,0.3728,0,0.03265765309333801
322,CA,0.29323737456064575,0.4052,0.4052,289,0.03268935903906822
322,NY,0.7066043774068765,0.409,0.409,711,0.03268935903906822
322,TX,0.000158248032477666,0.3728,0.3728,0,0.03268935903906822
323,CA,0.29267918266416093,0.4054,0.4054,293,0.032997097820043564
323,NY,0.7071665123498266,0.4092,0.4092,707,0.032997097820043564
323,TX,0.00015430498601258453,0.3728,0.3728,0,0.032997097820043564
324,CA,0.2921216691851077,0.4052,0.4052,284,0.03802260011434555
324,NY,0.7077278922364937,0.409,0.409,714,0.03802260011434555
324,TX,0.0001504385783985933,0.3728,0.3728,2,0.03802260011434555
325,CA,0.2915646645271058,0.4054,0.4054,286,0.03427974507212639
325,NY,0.7082886458249641,0.4092,0.4092,714,0.03427974507212639
325,TX,0.00014668964793013622,0.3728,0.3728,0,0.03427974507212639
326,CA,0.291008341480487,0.4054,0.4054,293,0.0324622206389904
326,NY,0.7088486449205876,0.4092,0.4092,707,0.0324622206389904
326,TX,0.00014301359892537126,0.3728,0.3728,0,0.0324622206389904
327,CA,0.2904526162603803,0.4054,0.4054,289,0.0389803983271122
327,NY,0.7094079542903318,0.4092,0.4092,710,0.0389803983271122
327,TX,0.0001394294492879236,0.3728,0.3728,1,0.0389803983271122
328,CA,0.2898974906548801,0.4054,0.4054,284,0.03251330181956291
328,NY,0.7099665744374049,0.4092,0.4092,716,0.03251330181956291
328,TX,0.00013593490771507185,0.3728,0.3728,0,0.03251330181956291
329,CA,0.2893429664234106,0.4054,0.4054,306,0.03167867287993431
329,NY,0.7105245058367317,0.4092,0.4092,694,0.03167867287993431
329,TX,0.00013252773985781337,0.3728,0.3728,0,0.03167867287993431
330,CA,0.2887890452973078,0.4052,0.4052,277,0.03192020580172539
330,NY,0.7110817489357818,0.4092,0.4092,723,0.03192020580172539
330,TX,0.0001292057669104564,0.3728,0.3728,0,0.03192020580172539
331,CA,0.2882065324087313,0.4054,0.4054,271,0.03196773678064346
331,NY,0.7116674955598726,0.4092,0.4092,729,0.03196773678064346
331,TX,0.0001259720313959616,0.3728,0.3728,0,0.03196773678064346
332,CA,0.28765385593767545,0.4052,0.4052,322,0.032337840646505356
332,NY,0.7122233300743419,0.409,0.409,678,0.032337840646505356
332,TX,0.00012281398798263442,0.3728,0.3728,0,0.032337840646505356
333,CA,0.2871017042200421,0.4052,0.4052,287,0.03235969319939613
333,NY,0.712778543846598,0.409,0.409,713,0.03235969319939613
333,TX,0.00011975193335991743,0.3728,0.3728,0,0.03235969319939613
334,CA,0.28655016275582595,0.4056,0.4056,265,0.03184911608695984
334,NY,0.713333071204096,0.4092,0.4092,735,0.03184911608695984
334,TX,0.00011676604007821,0.3728,0.3728,0,0.03184911608695984
335,CA,0.2860283748153957,0.4052,0.4052,284,0.03183118626475334
335,NY,0.713857791568231,0.409,0.409,716,0.03183118626475334
335,TX,0.00011383361637327901,0.3728,0.3728,0,0.03183118626475334
336,CA,0.2854780248266126,0.4052,0.4052,265,0.03335542604327202
336,NY,0.7144109802214894,0.409,0.409,735,0.03335542604327202
336,TX,0.00011099495189804701,0.3728,0.3728,0,0.03335542604327202
337,CA,0.28492828973850565,0.4052,0.4052,276,0.031762391328811646
337,NY,0.7149634833550669,0.409,0.409,724,0.031762391328811646
337,TX,0.00010822690642756632,0.3728,0.3728,0,0.031762391328811646
338,CA,0.2843791710677629,0.4054,0.4054,273,0.03246663138270378
338,NY,0.7155153012045191,0.4092,0.4092,727,0.03246663138270378
338,TX,0.00010552772771802159,0.3728,0.3728,0,0.03246663138270378
339,CA,0.2838307524677661,0.4052,0.4052,299,0.03230365365743637
339,NY,0.7160663664384844,0.409,0.409,701,0.03230365365743637
339,TX,0.00010288109374944455,0.3728,0.3728,0,0.03230365365743637
340,CA,0.28328287088743265,0.4052,0.4052,298,0.0320618562400341
340,NY,0.7166168141839258,0.4092,0.4092,702,0.0320618562400341
340,TX,0.00010031492864163847,0.3728,0.3728,0,0.0320618562400341
341,CA,0.2827068311635495,0.4052,0.4052,289,0.039342623203992844
341,NY,0.7171953661722154,0.409,0.409,710,0.039342623203992844
341,TX,9.78026642351052e-05,0.3728,0.3728,1,0.039342623203992844
342,CA,0.2821602263280205,0.4052,0.4052,271,0.03222457692027092
342,NY,0.7177444108032209,0.409,0.409,729,0.03222457692027092
342,TX,9.53628687586217e-05,0.3728,0.3728,0,0.03222457692027092
343,CA,0.2816142452062394,0.4052,0.4052,317,0.03828580677509308
343,NY,0.7182927710000971,0.4092,0.4092,682,0.03828580677509308
343,TX,9.298379366354161e-05,0.3728,0.3728,1,0.03828580677509308
344,CA,0.281040213089182,0.4052,0.4052,282,0.0319267213344574
344,NY,0.7188691322291754,0.409,0.409,718,0.0319267213344574
344,TX,9.06546816428052e-05,0.3728,0.3728,0,0.0319267213344574
345,CA,0.28049551732488065,0.4054,0.4054,290,0.03177570924162865
345,NY,0.7194160898884887,0.4092,0.4092,710,0.03177570924162865
345,TX,8.839278663069367e-05,0.3728,0.3728,0,0.03177570924162865
346,CA,0.2799515302008356,0.4054,0.4054,294,0.03205360844731331
346,NY,0.719962294843749,0.4092,0.4092,706,0.03205360844731331
346,TX,8.61749554153938e-05,0.3728,0.3728,0,0.03205360844731331
347,CA,0.2794081718812046,0.4052,0.4052,285,0.03180500864982605
347,NY,0.720507815475948,0.409,0.409,715,0.03180500864982605
347,TX,8.40126428473993e-05,0.3728,0.3728,0,0.03180500864982605
348,CA,0.2788653632519612,0.4052,0.4052,265,0.03213425725698471
348,NY,0.7210527206517078,0.409,0.409,735,0.03213425725698471
348,TX,8.191609633102584e-05,0.3728,0.3728,0,0.03213425725698471
349,CA,0.2783231863856953,0.4052,0.4052,254,0.03158126026391983
349,NY,0.7215969418662171,0.409,0.409,746,0.03158126026391983
349,TX,7.987174808750956e-05,0.3728,0.3728,0,0.03158126026391983
350,CA,0.27778164254667936,0.4054,0.4054,292,0.03203071653842926
350,NY,0.7221404791515253,0.4092,0.4092,708,0.03203071653842926
350,TX,7.787830179526665e-05,0.3728,0.3728,0,0.03203071653842926
351,CA,0.2772408128732196,0.4052,0.4052,289,0.0325077623128891
351,NY,0.722683263417769,0.409,0.409,711,0.0325077623128891
351,TX,7.592370901126795e-05,0.3728,0.3728,0,0.0325077623128891
352,CA,0.27670053863474836,0.4054,0.4054,253,0.031593579798936844
352,NY,0.7232254327907919,0.4092,0.4092,747,0.031593579798936844
352,TX,7.402857445978708e-05,0.3728,0.3728,0,0.031593579798936844
353,CA,0.27616098065689887,0.4052,0.4052,291,0.0328838936984539
353,NY,0.7237668489585484,0.4092,0.4092,709,0.0328838936984539
353,TX,7.217038455284547e-05,0.3728,0.3728,0,0.0328838936984539
354,CA,0.2755936466442059,0.4052,0.4052,275,0.033986564725637436
354,NY,0.7243359918647728,0.409,0.409,725,0.033986564725637436
354,TX,7.036149102140757e-05,0.3728,0.3728,0,0.033986564725637436
355,CA,0.2750553201910033,0.4054,0.4054,255,0.032630711793899536
355,NY,0.7248760749285995,0.4092,0.4092,745,0.032630711793899536
355,TX,6.860488039712468e-05,0.3728,0.3728,0,0.032630711793899536
356,CA,0.27451771306079814,0.4052,0.4052,280,0.03262504190206528
356,NY,0.7254154044149845,0.4092,0.4092,720,0.03262504190206528
356,TX,6.6882524217304e-05,0.3728,0.3728,0,0.03262504190206528
357,CA,0.2739524386350794,0.4052,0.4052,266,0.03308676555752754
357,NY,0.7259823555115018,0.409,0.409,734,0.03308676555752754
357,TX,6.520585341878876e-05,0.3728,0.3728,0,0.03308676555752754
358,CA,0.2734160706550061,0.4052,0.4052,278,0.03216937556862831
358,NY,0.7265203516791171,0.4092,0.4092,722,0.03216937556862831
358,TX,6.357766587682883e-05,0.3728,0.3728,0,0.03216937556862831
359,CA,0.27285218749519047,0.4054,0.4054,238,0.03249219059944153
359,NY,0.727085828859863,0.4092,0.4092,762,0.03249219059944153
359,TX,6.198364494643924e-05,0.3728,0.3728,0,0.03249219059944153
360,CA,0.27231722086067606,0.4052,0.4052,270,0.0951036810874939
360,NY,0.7276223519910832,0.409,0.409,730,0.0951036810874939
360,TX,6.0427148240772254e-05,0.3728,0.3728,0,0.0951036810874939
361,CA,0.27178282158289496,0.4052,0.4052,260,0.03304729610681534
361,NY,0.7281582603995955,0.409,0.409,740,0.03304729610681534
361,TX,5.891801750950432e-05,0.3728,0.3728,0,0.03304729610681534
362,CA,0.2712490692683839,0.4052,0.4052,261,0.032954536378383636
362,NY,0.728693484240314,0.409,0.409,739,0.032954536378383636
362,TX,5.744649130224366e-05,0.3728,0.3728,0,0.032954536378383636
363,CA,0.2707159649611455,0.4054,0.4054,244,0.03201409801840782
363,NY,0.729228023403983,0.409,0.409,756,0.03201409801840782
363,TX,5.6011634871529944e-05,0.3728,0.3728,0,0.03201409801840782
364,CA,0.27021157356698294,0.4052,0.4052,260,0.03325781598687172
364,NY,0.7297338159964081,0.409,0.409,740,0.03325781598687172
364,TX,5.461043660913505e-05,0.3728,0.3728,0,0.03325781598687172
365,CA,0.26967973351964575,0.4052,0.4052,247,0.03189581260085106
365,NY,0.7302670202162553,0.409,0.409,753,0.03189581260085106
365,TX,5.324626409887605e-05,0.3728,0.3728,0,0.03189581260085106
366,CA,0.26914854448478576,0.4054,0.4054,262,0.03187553957104683
366,NY,0.7307995394228423,0.4092,0.4092,738,0.03187553957104683
366,TX,5.1916092372040615e-05,0.3728,0.3728,0,0.03187553957104683
367,CA,0.2686180847797759,0.4052,0.4052,292,0.03323589637875557
367,NY,0.7313313033331309,0.409,0.409,708,0.03323589637875557
367,TX,5.061188709322071e-05,0.3728,0.3728,0,0.03323589637875557
368,CA,0.2680882005667687,0.4052,0.4052,282,0.0375484973192215
368,NY,0.7318624520519041,0.409,0.409,717,0.0375484973192215
368,TX,4.934738132705835e-05,0.3728,0.3728,1,0.0375484973192215
369,CA,0.2675589702825479,0.4052,0.4052,275,0.03171059116721153
369,NY,0.732392915319393,0.409,0.409,725,0.03171059116721153
369,TX,4.8114398059092985e-05,0.3728,0.3728,0,0.03171059116721153
370,CA,0.26703039487106145,0.4052,0.4052,270,0.031890276819467545
370,NY,0.7329226929755812,0.409,0.409,730,0.031890276819467545
370,TX,4.6912153357451115e-05,0.3728,0.3728,0,0.031890276819467545
371,CA,0.26650247526274634,0.4052,0.4052,265,0.0317913182079792
371,NY,0.7334517848545189,0.409,0.409,735,0.0317913182079792
371,TX,4.573988273491338e-05,0.3728,0.3728,0,0.0317913182079792
372,CA,0.2659752123747206,0.4054,0.4054,284,0.03253471106290817
372,NY,0.7339801907846114,0.4092,0.4092,716,0.03253471106290817
372,TX,4.459684066801682e-05,0.3728,0.3728,0,0.03253471106290817
373,CA,0.2654486835842195,0.4052,0.4052,281,0.03134560585021973
373,NY,0.734507840291017,0.4092,0.4092,719,0.03134560585021973
373,TX,4.347612476348218e-05,0.3728,0.3728,0,0.03134560585021973
374,CA,0.2648950990622848,0.4052,0.4052,290,0.032276224344968796
374,NY,0.7350625158288332,0.409,0.409,710,0.032276224344968796
374,TX,4.2385108881975425e-05,0.3728,0.3728,0,0.032276224344968796
375,CA,0.26436984661979973,0.4052,0.4052,251,0.032249897718429565
375,NY,0.7355888276602517,0.409,0.409,749,0.032249897718429565
375,TX,4.132571994854675e-05,0.3728,0.3728,0,0.032249897718429565
376,CA,0.2638452544728312,0.4054,0.4054,266,0.03846753388643265
376,NY,0.7361144527756149,0.4092,0.4092,733,0.03846753388643265
376,TX,4.029275155389944e-05,0.3728,0.3728,1,0.03846753388643265
377,CA,0.26332139939275195,0.4052,0.4052,238,0.032399557530879974
377,NY,0.7366393206402396,0.409,0.409,762,0.032399557530879974
377,TX,3.9279967008504515e-05,0.3728,0.3728,0,0.032399557530879974
378,CA,0.26279813024831755,0.4054,0.4054,256,0.03444356843829155
378,NY,0.7371635717282721,0.4092,0.4092,744,0.03444356843829155
378,TX,3.829802341037429e-05,0.3728,0.3728,0,0.03444356843829155
379,CA,0.2622755995721317,0.4052,0.4052,261,0.031499139964580536
379,NY,0.7376870651576343,0.409,0.409,739,0.031499139964580536
379,TX,3.733527023411863e-05,0.3728,0.3728,0,0.031499139964580536
380,CA,0.26175365674808865,0.4052,0.4052,265,0.03200448676943779
380,NY,0.7382099414151709,0.4092,0.4092,735,0.03200448676943779
380,TX,3.6401836740478763e-05,0.3728,0.3728,0,0.03200448676943779
381,CA,0.26120498865299635,0.4054,0.4054,244,0.03226242586970329
381,NY,0.7387595233787083,0.4092,0.4092,756,0.03226242586970329
381,TX,3.548796829529361e-05,0.3728,0.3728,0,0.03226242586970329
382,CA,0.26068448604206423,0.4052,0.4052,274,0.031740497797727585
382,NY,0.7392809182536119,0.409,0.409,726,0.031740497797727585
382,TX,3.4595704323947855e-05,0.3728,0.3728,0,0.031740497797727585
383,CA,0.2601645740998365,0.4054,0.4054,246,0.03178202733397484
383,NY,0.7398016952836106,0.4092,0.4092,754,0.03178202733397484
383,TX,3.37306165528844e-05,0.3728,0.3728,0,0.03178202733397484
384,CA,0.2596454039651324,0.4052,0.4052,247,0.03182680904865265
384,NY,0.7403217135914991,0.409,0.409,753,0.03182680904865265
384,TX,3.2882443368438346e-05,0.3728,0.3728,0,0.03182680904865265
385,CA,0.2591268262895998,0.4052,0.4052,260,0.03170303255319595
385,NY,0.740841113604933,0.409,0.409,740,0.03170303255319595
385,TX,3.206010546706485e-05,0.3728,0.3728,0,0.03170303255319595
386,CA,0.2586089169392536,0.4054,0.4054,271,0.03217502310872078
386,NY,0.7413598247722192,0.4092,0.4092,729,0.03217502310872078
386,TX,3.125828852731402e-05,0.3728,0.3728,0,0.03217502310872078
387,CA,0.2580917512567855,0.4052,0.4052,252,0.03207067400217056
387,NY,0.7418777765898156,0.409,0.409,748,0.03207067400217056
387,TX,3.0472153398947254e-05,0.3728,0.3728,0,0.03207067400217056
388,CA,0.2575751806295601,0.4054,0.4054,251,0.03679465875029564
388,NY,0.7423951094038191,0.4092,0.4092,749,0.03679465875029564
388,TX,2.9709966620792523e-05,0.3728,0.3728,0,0.03679465875029564
389,CA,0.25705935486010406,0.4052,0.4052,249,0.03350497782230377
389,NY,0.742911682450594,0.409,0.409,751,0.03350497782230377
389,TX,2.8962689301904267e-05,0.3728,0.3728,0,0.03350497782230377
390,CA,0.25654412581926944,0.4054,0.4054,253,0.03206705302000046
390,NY,0.7434276360024098,0.4092,0.4092,747,0.03206705302000046
390,TX,2.823817832078063e-05,0.3728,0.3728,0,0.03206705302000046
391,CA,0.2560296427866183,0.4052,0.4052,257,0.032140254974365234
391,NY,0.7439428293709905,0.4092,0.4092,743,0.032140254974365234
391,TX,2.7527842391142365e-05,0.3728,0.3728,0,0.032140254974365234
392,CA,0.2554887601695588,0.4052,0.4052,259,0.2813766784965992
392,NY,0.7444844035172907,0.409,0.409,741,0.2813766784965992
392,TX,2.683631315042987e-05,0.3728,0.3728,0,0.2813766784965992
393,CA,0.25497558438401496,0.4052,0.4052,248,0.03557796776294708
393,NY,0.7449982507341698,0.409,0.409,752,0.03557796776294708
393,TX,2.6164881815218856e-05,0.3728,0.3728,0,0.03557796776294708
394,CA,0.2544630825507204,0.4052,0.4052,271,0.031993567943573
394,NY,0.7455114072356894,0.409,0.409,729,0.031993567943573
394,TX,2.5510213590175248e-05,0.3728,0.3728,0,0.031993567943573
395,CA,0.2539512553227174,0.4054,0.4054,219,0.041142117232084274
395,NY,0.7460238727863661,0.4092,0.4092,779,0.041142117232084274
395,TX,2.4871890916643562e-05,0.3728,0.3728,2,0.041142117232084274
396,CA,0.2534401768331577,0.4052,0.4052,266,0.03271389752626419
396,NY,0.7465355771041046,0.409,0.409,734,0.03271389752626419
396,TX,2.424606273764086e-05,0.3728,0.3728,0,0.03271389752626419
397,CA,0.2529297006152109,0.4054,0.4054,256,0.031211603432893753
397,NY,0.7470466600788671,0.4092,0.4092,744,0.031211603432893753
397,TX,2.3639305922034458e-05,0.3728,0.3728,0,0.031211603432893753
398,CA,0.25241997415334055,0.4052,0.4052,266,0.03235083818435669
398,NY,0.7475569814187887,0.4092,0.4092,734,0.03235083818435669
398,TX,2.3044427870951782e-05,0.3728,0.3728,0,0.03235083818435669
399,CA,0.2518841053664864,0.4052,0.4052,256,0.03223341330885887
399,NY,0.7480934293396014,0.409,0.409,744,0.03223341330885887
399,TX,2.2465293912256376e-05,0.3728,0.3728,0,0.03223341330885887
400,CA,0.2513756962041163,0.4052,0.4052,259,0.032227013260126114
400,NY,0.7486024007880984,0.4092,0.4092,741,0.032227013260126114
400,TX,2.1903007785242327e-05,0.3728,0.3728,0,0.032227013260126114
401,CA,0.25084129287018186,0.4052,0.4052,262,0.03218337148427963
401,NY,0.7491373546347114,0.409,0.409,738,0.03218337148427963
401,TX,2.135249510684511e-05,0.3728,0.3728,0,0.03218337148427963
402,CA,0.25033427686269927,0.4052,0.4052,245,0.03211092948913574
402,NY,0.7496449051351507,0.4092,0.4092,755,0.03211092948913574
402,TX,2.0818002150141257e-05,0.3728,0.3728,0,0.03211092948913574
403,CA,0.24980134153670008,0.4052,0.4052,254,0.03797290101647377
403,NY,0.7501783637637781,0.409,0.409,745,0.03797290101647377
403,TX,2.0294699521892796e-05,0.3728,0.3728,1,0.03797290101647377
404,CA,0.24929572109166,0.4052,0.4052,244,0.031388964504003525
404,NY,0.7506844922792406,0.409,0.409,756,0.031388964504003525
404,TX,1.9786629099315383e-05,0.3728,0.3728,0,0.031388964504003525
405,CA,0.2487907813302654,0.4052,0.4052,253,0.03232564404606819
405,NY,0.7511899274182755,0.409,0.409,747,0.03232564404606819
405,TX,1.9291251459108912e-05,0.3728,0.3728,0,0.03232564404606819
406,CA,0.24828652280122426,0.4052,0.4052,241,0.032214246690273285
406,NY,0.7516946689485623,0.409,0.409,759,0.032214246690273285
406,TX,1.8808250213549614e-05,0.3728,0.3728,0,0.032214246690273285
407,CA,0.2477829460443996,0.4052,0.4052,232,0.03185335174202919
407,NY,0.7521987166387579,0.409,0.409,768,0.03185335174202919
407,TX,1.8337316842512348e-05,0.3728,0.3728,0,0.03185335174202919
408,CA,0.24728005159089067,0.4054,0.4054,259,0.03167909383773804
408,NY,0.7527020702586109,0.4092,0.4092,741,0.03167909383773804
408,TX,1.7878150498334085e-05,0.3728,0.3728,0,0.03167909383773804
409,CA,0.2467779119134162,0.4052,0.4052,257,0.035283319652080536
409,NY,0.7532046601041849,0.409,0.409,743,0.035283319652080536
409,TX,1.7427982399019343e-05,0.3728,0.3728,0,0.035283319652080536
410,CA,0.24627638351110023,0.4052,0.4052,248,0.03337150067090988
410,NY,0.7537066249495981,0.409,0.409,752,0.03337150067090988
410,TX,1.6991539301813267e-05,0.3728,0.3728,0,0.03337150067090988
411,CA,0.24577553895398704,0.4054,0.4054,245,0.03240162506699562
411,NY,0.7542078950427188,0.4092,0.4092,755,0.03240162506699562
411,TX,1.6566003294265407e-05,0.3728,0.3728,0,0.03240162506699562
412,CA,0.24527545034803688,0.4054,0.4054,228,0.03205722197890282
412,NY,0.7547084008432828,0.409,0.409,772,0.03205722197890282
412,TX,1.614880868034062e-05,0.3728,0.3728,0,0.03205722197890282
413,CA,0.2448022848784562,0.4052,0.4052,262,0.03734185919165611
413,NY,0.7551819713348925,0.409,0.409,738,0.03734185919165611
413,TX,1.5743786651300582e-05,0.3728,0.3728,0,0.03734185919165611
414,CA,0.24430345842172477,0.4052,0.4052,227,0.0319598987698555
414,NY,0.7556811921404772,0.409,0.409,773,0.0319598987698555
414,TX,1.534943779788796e-05,0.3728,0.3728,0,0.0319598987698555
415,CA,0.24380531772696623,0.4052,0.4052,227,0.032337624579668045
415,NY,0.7561797173267746,0.4092,0.4092,773,0.032337624579668045
415,TX,1.4964946259110904e-05,0.3728,0.3728,0,0.032337624579668045
416,CA,0.24328173326173907,0.4054,0.4054,256,0.03193254768848419
416,NY,0.7567036782389804,0.4092,0.4092,744,0.03193254768848419
416,TX,1.4588499280458914e-05,0.3728,0.3728,0,0.03193254768848419
417,CA,0.24278507274246172,0.4052,0.4052,228,0.0319630391895771
417,NY,0.7572007062482645,0.409,0.409,772,0.0319630391895771
417,TX,1.4221009273812351e-05,0.3728,0.3728,0,0.0319630391895771
418,CA,0.24228902821413728,0.4054,0.4054,235,0.032222773879766464
418,NY,0.7576971070590822,0.4092,0.4092,765,0.032222773879766464
418,TX,1.3864726780495532e-05,0.3728,0.3728,0,0.032222773879766464
419,CA,0.24179374210098467,0.4052,0.4052,241,0.031922079622745514
419,NY,0.7581927424665849,0.409,0.409,759,0.031922079622745514
419,TX,1.351543243041394e-05,0.3728,0.3728,0,0.031922079622745514
420,CA,0.2412990730732222,0.4052,0.4052,248,0.03141498565673828
420,NY,0.7586877501353392,0.4092,0.4092,752,0.03141498565673828
420,TX,1.317679143863212e-05,0.3728,0.3728,0,0.03141498565673828
421,CA,0.2407791456906966,0.4052,0.4052,232,0.03493216261267662
421,NY,0.7592080090753975,0.4092,0.4092,768,0.03493216261267662
421,TX,1.284523390584741e-05,0.3728,0.3728,0,0.03493216261267662
422,CA,0.24025998171633148,0.4054,0.4054,244,0.24451906234025955
422,NY,0.7597274962831668,0.4092,0.4092,756,0.24451906234025955
422,TX,1.2522000501808195e-05,0.3728,0.3728,0,0.24451906234025955
423,CA,0.23976752231363083,0.4052,0.4052,221,0.031836267560720444
423,NY,0.7602202712201408,0.409,0.409,779,0.031836267560720444
423,TX,1.2206466228314191e-05,0.3728,0.3728,0,0.031836267560720444
424,CA,0.23927568213425496,0.4052,0.4052,251,0.0319698266685009
424,NY,0.7607124173086893,0.409,0.409,749,0.0319698266685009
424,TX,1.1900557055840476e-05,0.3728,0.3728,0,0.0319698266685009
425,CA,0.2387845320541337,0.4052,0.4052,246,0.033121027052402496
425,NY,0.7612038656470114,0.409,0.409,754,0.033121027052402496
425,TX,1.1602298855093689e-05,0.3728,0.3728,0,0.033121027052402496
426,CA,0.23829407245802842,0.4052,0.4052,250,0.03211009502410889
426,NY,0.7616946160412885,0.409,0.409,750,0.03211009502410889
426,TX,1.1311500683072797e-05,0.3728,0.3728,0,0.03211009502410889
427,CA,0.23780430372319825,0.4052,0.4052,252,0.03314199298620224
427,NY,0.7621846683004506,0.409,0.409,748,0.03314199298620224
427,TX,1.1027976351115072e-05,0.3728,0.3728,0,0.03314199298620224
428,CA,0.23731522621945358,0.4052,0.4052,256,0.03197827562689781
428,NY,0.7626740222362395,0.409,0.409,744,0.03197827562689781
428,TX,1.0751544306809104e-05,0.3728,0.3728,0,0.03197827562689781
429,CA,0.23682684030920895,0.4052,0.4052,237,0.03173505887389183
429,NY,0.7631626776632723,0.409,0.409,763,0.03173505887389183
429,TX,1.0482027518832962e-05,0.3728,0.3728,0,0.03173505887389183
430,CA,0.23633914634753442,0.4054,0.4054,241,0.032837457954883575
430,NY,0.7636506343991009,0.4092,0.4092,759,0.032837457954883575
430,TX,1.0219253364645241e-05,0.3728,0.3728,0,0.032837457954883575
431,CA,0.2358522141860575,0.4054,0.4054,193,0.033480312675237656
431,NY,0.7641378241753107,0.4092,0.4092,807,0.033480312675237656
431,TX,9.961638631969509e-06,0.3728,0.3728,0,0.033480312675237656
432,CA,0.23536597444597704,0.4054,0.4054,242,0.032449424266815186
432,NY,0.7646243150487981,0.4092,0.4092,758,0.032449424266815186
432,TX,9.710505224832018e-06,0.3728,0.3728,0,0.032449424266815186
433,CA,0.2348804274612452,0.4052,0.4052,227,0.03214360401034355
433,NY,0.765110106848332,0.409,0.409,773,0.03214360401034355
433,TX,9.465690422882248e-06,0.3728,0.3728,0,0.03214360401034355
434,CA,0.23439550437745557,0.4054,0.4054,236,0.03261799365282059
434,NY,0.7655952672764161,0.4092,0.4092,764,0.03261799365282059
434,TX,9.228346128215803e-06,0.3728,0.3728,0,0.03261799365282059
435,CA,0.23391134398380403,0.4052,0.4052,211,0.03233075141906738
435,NY,0.7660796603526632,0.409,0.409,789,0.03233075141906738
435,TX,8.995663532720572e-06,0.3728,0.3728,0,0.03233075141906738
436,CA,0.2334278083372527,0.4052,0.4052,242,0.031712260097265244
436,NY,0.7665634215810185,0.409,0.409,758,0.031712260097265244
436,TX,8.770081728694058e-06,0.3728,0.3728,0,0.031712260097265244
437,CA,0.23294496692400124,0.4052,0.4052,234,0.032190509140491486
437,NY,0.7670464829304273,0.409,0.409,766,0.032190509140491486
437,TX,8.550145571500319e-06,0.3728,0.3728,0,0.032190509140491486
438,CA,0.2324628200420986,0.4052,0.4052,255,0.031215094029903412
438,NY,0.7675288442438358,0.4092,0.4092,745,0.031215094029903412
438,TX,8.33571406572624e-06,0.3728,0.3728,0,0.031215094029903412
439,CA,0.23195608129605821,0.4052,0.4052,210,0.03265246003866196
439,NY,0.7680357929400425,0.409,0.409,790,0.03265246003866196
439,TX,8.125763899313315e-06,0.3728,0.3728,0,0.03265246003866196
440,CA,0.2314753609463101,0.4052,0.4052,228,0.03235366567969322
440,NY,0.7685167170993363,0.4092,0.4092,772,0.03235366567969322
440,TX,7.921954353510138e-06,0.3728,0.3728,0,0.03235366567969322
441,CA,0.23097012445061108,0.4052,0.4052,221,0.03266723081469536
441,NY,0.7690221531456505,0.409,0.409,779,0.03266723081469536
441,TX,7.722403738358817e-06,0.3728,0.3728,0,0.03266723081469536
442,CA,0.23049083179357008,0.4054,0.4054,204,0.03319385275244713
442,NY,0.7695016395153106,0.4092,0.4092,796,0.03319385275244713
442,TX,7.52869111925219e-06,0.3728,0.3728,0,0.03319385275244713
443,CA,0.23001230329213,0.4052,0.4052,222,0.03276832774281502
443,NY,0.7699803579220579,0.409,0.409,778,0.03276832774281502
443,TX,7.338785812147169e-06,0.3728,0.3728,0,0.03276832774281502
444,CA,0.2295344026716705,0.4052,0.4052,237,0.03173726052045822
444,NY,0.7704584426508374,0.409,0.409,763,0.03173726052045822
444,TX,7.154677492039305e-06,0.3728,0.3728,0,0.03173726052045822
445,CA,0.22905719850062886,0.4052,0.4052,195,0.03181847557425499
445,NY,0.7709358263204975,0.4092,0.4092,805,0.03181847557425499
445,TX,6.975178873669343e-06,0.3728,0.3728,0,0.03181847557425499
446,CA,0.22855566466333127,0.4052,0.4052,220,0.03256279230117798
446,NY,0.771437535906412,0.409,0.409,780,0.03256279230117798
446,TX,6.799430256818764e-06,0.3728,0.3728,0,0.03256279230117798
447,CA,0.22807989080078103,0.4052,0.4052,234,0.03216215595602989
447,NY,0.7719134803726039,0.409,0.409,766,0.03216215595602989
447,TX,6.628826614970295e-06,0.3728,0.3728,0,0.03216215595602989
448,CA,0.22760481410821246,0.4052,0.4052,230,0.03425905853509903
448,NY,0.7723887233965459,0.4092,0.4092,770,0.03425905853509903
448,TX,6.462495241723688e-06,0.3728,0.3728,0,0.03425905853509903
449,CA,0.22710552047052687,0.4052,0.4052,267,0.03283093869686127
449,NY,0.7728881798911948,0.409,0.409,733,0.03283093869686127
449,TX,6.299638278264045e-06,0.3728,0.3728,0,0.03283093869686127
450,CA,0.2266318754989608,0.4052,0.4052,212,0.03110344707965851
450,NY,0.7733619829502987,0.409,0.409,788,0.03110344707965851
450,TX,6.141550740423451e-06,0.3728,0.3728,0,0.03110344707965851
451,CA,0.22615892835747856,0.4052,0.4052,218,0.032381653785705566
451,NY,0.7738350842198367,0.4092,0.4092,782,0.032381653785705566
451,TX,5.987422684716234e-06,0.3728,0.3728,0,0.032381653785705566
452,CA,0.2256618770240471,0.4052,0.4052,220,0.03239339590072632
452,NY,0.7743322864622911,0.4092,0.4092,780,0.03239339590072632
452,TX,5.836513661865908e-06,0.3728,0.3728,0,0.03239339590072632
453,CA,0.22516559934542824,0.4052,0.4052,229,0.0311533622443676
453,NY,0.7748287112544252,0.4092,0.4092,771,0.0311533622443676
453,TX,5.6894001465954654e-06,0.3728,0.3728,0,0.0311533622443676
454,CA,0.2246700955399735,0.4052,0.4052,226,0.03260427340865135
454,NY,0.7753243584731321,0.409,0.409,774,0.03260427340865135
454,TX,5.5459868944365405e-06,0.3728,0.3728,0,0.03260427340865135
455,CA,0.22420005198240503,0.4052,0.4052,241,0.032378360629081726
455,NY,0.7757945412412218,0.4092,0.4092,759,0.032378360629081726
455,TX,5.40677637319866e-06,0.3728,0.3728,0,0.032378360629081726
456,CA,0.22370605784253894,0.4052,0.4052,252,0.03128940612077713
456,NY,0.776288671684708,0.409,0.409,748,0.03128940612077713
456,TX,5.270472752946344e-06,0.3728,0.3728,0,0.03128940612077713
457,CA,0.22323744885501257,0.4052,0.4052,217,0.03250139206647873
457,NY,0.7767574129804439,0.409,0.409,783,0.03250139206647873
457,TX,5.138164543642566e-06,0.3728,0.3728,0,0.03250139206647873
458,CA,0.22276953902067012,0.4052,0.4052,203,0.03212057054042816
458,NY,0.7772254518079253,0.409,0.409,797,0.03212057054042816
458,TX,5.0091714044556295e-06,0.3728,0.3728,0,0.03212057054042816
459,CA,0.22230232849815118,0.4052,0.4052,225,0.03085716813802719
459,NY,0.7776927880914053,0.4092,0.4092,775,0.03085716813802719
459,TX,4.883410443513147e-06,0.3728,0.3728,0,0.03085716813802719
460,CA,0.22181131714666574,0.4052,0.4052,229,0.03109290823340416
460,NY,0.7781839225782959,0.409,0.409,771,0.03109290823340416
460,TX,4.760275038265795e-06,0.3728,0.3728,0,0.03109290823340416
461,CA,0.2213455425076215,0.4052,0.4052,221,0.03218996152281761
461,NY,0.778649816741504,0.409,0.409,779,0.03218996152281761
461,TX,4.640750874576227e-06,0.3728,0.3728,0,0.03218996152281761
462,CA,0.22088046762591962,0.4054,0.4054,219,0.032683730125427246
462,NY,0.7791150081519774,0.4092,0.4092,781,0.032683730125427246
462,TX,4.5242221028884e-06,0.3728,0.3728,0,0.032683730125427246
463,CA,0.2204161587226607,0.4052,0.4052,216,0.03228147700428963
463,NY,0.779579431289876,0.409,0.409,784,0.03228147700428963
463,TX,4.40998746341421e-06,0.3728,0.3728,0,0.03228147700428963
464,CA,0.21995248364834424,0.4052,0.4052,209,0.032729119062423706
464,NY,0.7800432171093268,0.409,0.409,791,0.032729119062423706
464,TX,4.299242328981614e-06,0.3728,0.3728,0,0.032729119062423706
465,CA,0.21948950871551579,0.4054,0.4054,234,0.031893979758024216
465,NY,0.7805063000114757,0.4092,0.4092,766,0.031893979758024216
465,TX,4.191273008498549e-06,0.3728,0.3728,0,0.031893979758024216
466,CA,0.21902729981758817,0.4052,0.4052,220,0.0318378210067749
466,NY,0.7809686147525909,0.409,0.409,780,0.0318378210067749
466,TX,4.085429820813032e-06,0.3728,0.3728,0,0.0318378210067749
467,CA,0.2185657254069979,0.4062,0.4062,198,0.03166486695408821
467,NY,0.7814302917728722,0.4096,0.4096,802,0.03166486695408821
467,TX,3.9828201299707276e-06,0.373,0.373,0,0.03166486695408821
468,CA,0.21815356831989605,0.4062,0.4062,221,0.03207758441567421
468,NY,0.7818425502264976,0.4098,0.4098,779,0.03207758441567421
468,TX,3.881453606351152e-06,0.3734,0.3734,0,0.03207758441567421
469,CA,0.21771780666105436,0.4052,0.4052,226,0.032921966165304184
469,NY,0.7822784099936637,0.409,0.409,774,0.032921966165304184
469,TX,3.7833452819383343e-06,0.3728,0.3728,0,0.032921966165304184
470,CA,0.2172582224365563,0.4052,0.4052,238,0.03239639475941658
470,NY,0.7827380892537569,0.4092,0.4092,762,0.03239639475941658
470,TX,3.688309686889527e-06,0.3728,0.3728,0,0.03239639475941658
471,CA,0.21677523991204978,0.4052,0.4052,201,0.03212958201766014
471,NY,0.7832211648307704,0.4092,0.4092,799,0.03212958201766014
471,TX,3.5952571796604594e-06,0.3728,0.3728,0,0.03212958201766014
472,CA,0.2162930338683959,0.4054,0.4054,230,0.03169874846935272
472,NY,0.7837034615841222,0.4092,0.4092,770,0.03169874846935272
472,TX,3.5045474818005692e-06,0.3728,0.3728,0,0.03169874846935272
473,CA,0.21583569089281765,0.4052,0.4052,204,0.032199691981077194
473,NY,0.784160893090372,0.4092,0.4092,796,0.032199691981077194
473,TX,3.4160168103977745e-06,0.3728,0.3728,0,0.032199691981077194
474,CA,0.21535499914887216,0.4052,0.4052,221,0.03155665099620819
474,NY,0.7846416710306142,0.4092,0.4092,779,0.03155665099620819
474,TX,3.3298205136236196e-06,0.3728,0.3728,0,0.03155665099620819
475,CA,0.21487508412025355,0.4054,0.4054,226,0.03372148051857948
475,NY,0.7851216700849785,0.4092,0.4092,774,0.03372148051857948
475,TX,3.2457947679737098e-06,0.3728,0.3728,0,0.03372148051857948
476,CA,0.21441991757550266,0.4052,0.4052,214,0.03252265974879265
476,NY,0.785576918636004,0.4092,0.4092,786,0.03252265974879265
476,TX,3.1637884932422482e-06,0.3728,0.3728,0,0.03252265974879265
477,CA,0.21394151724736366,0.4052,0.4052,215,0.032540880143642426
477,NY,0.7860553988083878,0.409,0.409,785,0.032540880143642426
477,TX,3.083944248482905e-06,0.3728,0.3728,0,0.032540880143642426
478,CA,0.21348772508389913,0.4054,0.4054,226,0.03240102156996727
478,NY,0.7865092684695614,0.4092,0.4092,774,0.03240102156996727
478,TX,3.006446539491308e-06,0.3728,0.3728,0,0.03240102156996727
479,CA,0.21303469859517815,0.4052,0.4052,216,0.0320042185485363
479,NY,0.7869623709283181,0.409,0.409,784,0.0320042185485363
479,TX,2.9304765036940496e-06,0.3728,0.3728,0,0.0320042185485363
480,CA,0.2125823088489121,0.4052,0.4052,225,0.03141504526138306
480,NY,0.787414834322741,0.4092,0.4092,775,0.03141504526138306
480,TX,2.8568283469716108e-06,0.3728,0.3728,0,0.03141504526138306
481,CA,0.21210689976517183,0.4054,0.4054,204,0.03270284831523895
481,NY,0.7878903155185567,0.4092,0.4092,796,0.03270284831523895
481,TX,2.7847162716145872e-06,0.3728,0.3728,0,0.03270284831523895
482,CA,0.21165601365847536,0.4052,0.4052,200,0.03217469900846481
482,NY,0.7883412720025047,0.409,0.409,800,0.03217469900846481
482,TX,2.7143390199678798e-06,0.3728,0.3728,0,0.03217469900846481
483,CA,0.21120576467890978,0.4052,0.4052,194,0.03193856030702591
483,NY,0.7887915892081616,0.4092,0.4092,806,0.03193856030702591
483,TX,2.6461129285523547e-06,0.3728,0.3728,0,0.03193856030702591
484,CA,0.21073260899202018,0.4052,0.4052,220,0.03238306939601898
484,NY,0.7892648116983452,0.409,0.409,780,0.03238306939601898
484,TX,2.579309634549226e-06,0.3728,0.3728,0,0.03238306939601898
485,CA,0.21028379962679125,0.4054,0.4054,206,0.03223693370819092
485,NY,0.7897136859019175,0.4092,0.4092,794,0.03223693370819092
485,TX,2.514471291164304e-06,0.3728,0.3728,0,0.03223693370819092
486,CA,0.2098357553426171,0.4052,0.4052,184,0.032240502536296844
486,NY,0.7901617937456006,0.409,0.409,816,0.032240502536296844
486,TX,2.450911782283883e-06,0.3728,0.3728,0,0.032240502536296844
487,CA,0.20938834861725986,0.4054,0.4054,223,0.03244706243276596
487,NY,0.7906092620874433,0.4092,0.4092,777,0.03244706243276596
487,TX,2.3892952967504835e-06,0.3728,0.3728,0,0.03244706243276596
488,CA,0.20894170675729767,0.4054,0.4054,177,0.033413127064704895
488,NY,0.7910559643484145,0.4092,0.4092,823,0.033413127064704895
488,TX,2.328894287946516e-06,0.3728,0.3728,0,0.033413127064704895
489,CA,0.20849576604019887,0.4052,0.4052,194,0.0314812995493412
489,NY,0.7915019639423331,0.4092,0.4092,806,0.0314812995493412
489,TX,2.270017468037233e-06,0.3728,0.3728,0,0.0314812995493412
490,CA,0.20802707826344005,0.4052,0.4052,233,0.032016683369874954
490,NY,0.7919707090445997,0.409,0.409,767,0.032016683369874954
490,TX,2.2126919603848978e-06,0.3728,0.3728,0,0.032016683369874954
491,CA,0.207582513542538,0.4058,0.4058,210,0.03226408362388611
491,NY,0.7924153294036272,0.4092,0.4092,790,0.03226408362388611
491,TX,2.15705383484848e-06,0.3728,0.3728,0,0.03226408362388611
492,CA,0.20718545363910892,0.4052,0.4052,174,0.03312786668539047
492,NY,0.7928124439712408,0.409,0.409,826,0.03312786668539047
492,TX,2.1023896503464635e-06,0.3728,0.3728,0,0.03312786668539047
493,CA,0.2067422173970724,0.4052,0.4052,194,0.03201793506741524
493,NY,0.7932557330825124,0.409,0.409,806,0.03201793506741524
493,TX,2.0495204152462508e-06,0.3728,0.3728,0,0.03201793506741524
494,CA,0.20629968235389706,0.4052,0.4052,206,0.03455127030611038
494,NY,0.7936983196678014,0.409,0.409,794,0.03455127030611038
494,TX,1.99797830152586e-06,0.3728,0.3728,0,0.03455127030611038
495,CA,0.20585784846414606,0.4052,0.4052,217,0.03246930241584778
495,NY,0.7941402038057941,0.409,0.409,783,0.03246930241584778
495,TX,1.9477300598722003e-06,0.3728,0.3728,0,0.03246930241584778
496,CA,0.20541671567721115,0.4054,0.4054,185,0.032734908163547516
496,NY,0.7945813855795166,0.4094,0.4094,815,0.032734908163547516
496,TX,1.8987432722832715e-06,0.3728,0.3728,0,0.032734908163547516
497,CA,0.20495322103441313,0.4052,0.4052,184,0.031298816204071045
497,NY,0.7950449284509002,0.4092,0.4092,816,0.031298816204071045
497,TX,1.8505146866660561e-06,0.3728,0.3728,0,0.031298816204071045
498,CA,0.2044904370328817,0.4052,0.4052,196,0.03194272890686989
498,NY,0.7955077592022638,0.409,0.409,804,0.03194272890686989
498,TX,1.8037648545431374e-06,0.3728,0.3728,0,0.03194272890686989
499,CA,0.20405148078995639,0.4052,0.4052,182,0.03157803416252136
499,NY,0.7959467608176448,0.4092,0.4092,818,0.03157803416252136
499,TX,1.7583923988415543e-06,0.3728,0.3728,0,0.03157803416252136
500,CA,0.2035902110226161,0.4052,0.4052,204,0.03213610127568245
500,NY,0.7964080750119117,0.4092,0.4092,796,0.03213610127568245
500,TX,1.7139654723271922e-06,0.3728,0.3728,0,0.03213610127568245
501,CA,0.20312971763427415,0.4052,0.4052,203,0.03451969847083092
501,NY,0.7968686117068955,0.409,0.409,797,0.03451969847083092
501,TX,1.6706588303829858e-06,0.3728,0.3728,0,0.03451969847083092
502,CA,0.20269293734762853,0.4052,0.4052,221,0.03262210637331009
502,NY,0.7973054340237924,0.409,0.409,779,0.03262210637331009
502,TX,1.628628578940048e-06,0.3728,0.3728,0,0.03262210637331009
503,CA,0.2022568576466998,0.4052,0.4052,200,0.03256203979253769
503,NY,0.7977415546994531,0.409,0.409,800,0.03256203979253769
503,TX,1.5876538469934612e-06,0.3728,0.3728,0,0.03256203979253769
504,CA,0.2018214784393005,0.4052,0.4052,186,0.03227120637893677
504,NY,0.7981769738525224,0.409,0.409,814,0.03227120637893677
504,TX,1.5477081771153309e-06,0.3728,0.3728,0,0.03227120637893677
505,CA,0.20138679962827485,0.4054,0.4054,190,0.033100616186857224
505,NY,0.7986116916059514,0.4092,0.4092,810,0.033100616186857224
505,TX,1.508765773714738e-06,0.3728,0.3728,0,0.033100616186857224
506,CA,0.20095288278022472,0.4052,0.4052,204,0.03295588865876198
506,NY,0.7990456466271446,0.409,0.409,796,0.03295588865876198
506,TX,1.4705926306445215e-06,0.3728,0.3728,0,0.03295588865876198
507,CA,0.20051960435004015,0.4052,0.4052,203,0.03264136239886284
507,NY,0.7994789620627655,0.4092,0.4092,797,0.03264136239886284
507,TX,1.4335871943848768e-06,0.3728,0.3728,0,0.03264136239886284
508,CA,0.20006431006084227,0.4052,0.4052,180,0.033078067004680634
508,NY,0.799934292586504,0.409,0.409,820,0.033078067004680634
508,TX,1.3973526538278096e-06,0.3728,0.3728,0,0.033078067004680634
509,CA,0.19963246845819393,0.4052,0.4052,197,0.032734937965869904
509,NY,0.8003661693548743,0.409,0.409,803,0.032734937965869904
509,TX,1.3621869318928165e-06,0.3728,0.3728,0,0.032734937965869904
510,CA,0.1992013266856326,0.4052,0.4052,205,0.03188345953822136
510,NY,0.8007973454097269,0.409,0.409,795,0.03188345953822136
510,TX,1.3279046405477719e-06,0.3728,0.3728,0,0.03188345953822136
511,CA,0.19877088461639503,0.4054,0.4054,222,0.03465260565280914
511,NY,0.8012278208999771,0.4092,0.4092,778,0.03465260565280914
511,TX,1.2944836278374346e-06,0.3728,0.3728,0,0.03465260565280914
512,CA,0.1983412031790562,0.4054,0.4054,185,0.0320272371172905
512,NY,0.8016575350978383,0.4092,0.4092,815,0.0320272371172905
512,TX,1.2617231054884549e-06,0.3728,0.3728,0,0.0320272371172905
513,CA,0.1979122209763182,0.4054,0.4054,198,0.03258425369858742
513,NY,0.8020865492334287,0.4092,0.4092,802,0.03258425369858742
513,TX,1.2297902529043263e-06,0.3728,0.3728,0,0.03258425369858742
514,CA,0.19748393786716753,0.4054,0.4054,190,0.032927267253398895
514,NY,0.8025148634686344,0.4092,0.4092,810,0.032927267253398895
514,TX,1.1986641980984767e-06,0.3728,0.3728,0,0.032927267253398895
515,CA,0.197056353705834,0.4054,0.4054,177,0.032993923872709274
515,NY,0.8029424779695716,0.4092,0.4092,823,0.032993923872709274
515,TX,1.1683245943963324e-06,0.3728,0.3728,0,0.032993923872709274
516,CA,0.19662946834181178,0.4052,0.4052,174,0.03154665231704712
516,NY,0.8033693929065809,0.409,0.409,826,0.03154665231704712
516,TX,1.138751607241762e-06,0.3728,0.3728,0,0.03154665231704712
517,CA,0.1962032210611282,0.4052,0.4052,189,0.0314234159886837
517,NY,0.803795668855339,0.409,0.409,811,0.0314234159886837
517,TX,1.1100835327854824e-06,0.3728,0.3728,0,0.0314234159886837
518,CA,0.19577767246290578,0.4052,0.4052,195,0.032264649868011475
518,NY,0.8042212454011625,0.409,0.409,805,0.032264649868011475
518,TX,1.0821359317276125e-06,0.3728,0.3728,0,0.032264649868011475
519,CA,0.19535282238241256,0.4054,0.4054,198,0.032711565494537354
519,NY,0.8046461227268565,0.4092,0.4092,802,0.032711565494537354
519,TX,1.0548907308706962e-06,0.3728,0.3728,0,0.032711565494537354
520,CA,0.19492873090871196,0.4054,0.4054,185,0.03169284760951996
520,NY,0.8050702409070005,0.4092,0.4092,815,0.03169284760951996
520,TX,1.0281842874602447e-06,0.3728,0.3728,0,0.03169284760951996
521,CA,0.19450533740933304,0.4052,0.4052,213,0.032578710466623306
521,NY,0.8054936604378489,0.409,0.409,787,0.032578710466623306
521,TX,1.0021528180275924e-06,0.3728,0.3728,0,0.032578710466623306
522,CA,0.19408258164728043,0.4056,0.4056,176,0.03319169208407402
522,NY,0.805916441434704,0.4094,0.4094,824,0.03319169208407402
522,TX,9.769180155771188e-07,0.373,0.373,0,0.03319169208407402
523,CA,0.19366064357108811,0.4054,0.4054,186,0.03144469112157822
523,NY,0.8063384042430742,0.4092,0.4092,814,0.03144469112157822
523,TX,9.521858375564557e-07,0.3728,0.3728,0,0.03144469112157822
524,CA,0.19323934290614422,0.4052,0.4052,180,0.0322113037109375
524,NY,0.8067597290185432,0.409,0.409,820,0.0322113037109375
524,TX,9.28075312433213e-07,0.3728,0.3728,0,0.0322113037109375
525,CA,0.19281867971511157,0.4052,0.4052,203,0.03217633441090584
525,NY,0.8071804155821551,0.409,0.409,797,0.03217633441090584
525,TX,9.047027332274247e-07,0.3728,0.3728,0,0.03217633441090584
526,CA,0.1923987137597229,0.4052,0.4052,188,0.03218507766723633
526,NY,0.8076004043225113,0.409,0.409,812,0.03218507766723633
526,TX,8.819177657136938e-07,0.3728,0.3728,0,0.03218507766723633
527,CA,0.19197944483857884,0.4054,0.4054,190,0.036537740379571915
527,NY,0.8080196954557577,0.4092,0.4092,810,0.036537740379571915
527,TX,8.597056636061087e-07,0.3728,0.3728,0,0.036537740379571915
528,CA,0.1915609322055752,0.4054,0.4054,185,0.032953809946775436
528,NY,0.8084382298613765,0.4092,0.4092,815,0.032953809946775436
528,TX,8.379330483406099e-07,0.3728,0.3728,0,0.032953809946775436
529,CA,0.19114311599131803,0.4054,0.4054,193,0.032724715769290924
529,NY,0.8088560672977657,0.409,0.409,807,0.032724715769290924
529,TX,8.167109163421146e-07,0.3728,0.3728,0,0.032724715769290924
530,CA,0.19074790446375342,0.4054,0.4054,195,0.03307127580046654
530,NY,0.8092512994194335,0.409,0.409,805,0.03307127580046654
530,TX,7.961168130486998e-07,0.3728,0.3728,0,0.03307127580046654
531,CA,0.1903533176766993,0.4052,0.4052,182,0.20887736231088638
531,NY,0.8096459062820764,0.4092,0.4092,818,0.20887736231088638
531,TX,7.760412242530967e-07,0.3728,0.3728,0,0.20887736231088638
532,CA,0.1899156199527121,0.4052,0.4052,193,0.03194006532430649
532,NY,0.8100836236426963,0.409,0.409,807,0.03194006532430649
532,TX,7.56404591623317e-07,0.3728,0.3728,0,0.03194006532430649
533,CA,0.18950049179508213,0.4052,0.4052,190,0.031901177018880844
533,NY,0.8104987708561792,0.4092,0.4092,810,0.031901177018880844
533,TX,7.373487387745019e-07,0.3728,0.3728,0,0.031901177018880844
534,CA,0.18906429694425686,0.4054,0.4054,180,0.03221755102276802
534,NY,0.8109349843663194,0.4092,0.4092,820,0.03221755102276802
534,TX,7.186894236984471e-07,0.3728,0.3728,0,0.03221755102276802
535,CA,0.18865065487770297,0.4056,0.4056,186,0.03317268565297127
535,NY,0.8113486446396707,0.4092,0.4092,814,0.03317268565297127
535,TX,7.004826262759317e-07,0.373,0.373,0,0.03317268565297127
536,CA,0.18825945234046146,0.4052,0.4052,186,0.03330730274319649
536,NY,0.811739864842058,0.409,0.409,814,0.03330730274319649
536,TX,6.828174804604325e-07,0.3728,0.3728,0,0.03330730274319649
537,CA,0.18784710450353914,0.4052,0.4052,199,0.03232891485095024
537,NY,0.8121522298839531,0.409,0.409,801,0.03232891485095024
537,TX,6.656125077673409e-07,0.3728,0.3728,0,0.03232891485095024
538,CA,0.18743545120686073,0.4052,0.4052,196,0.0321018286049366
538,NY,0.8125638999528121,0.4092,0.4092,804,0.0321018286049366
538,TX,6.488403270748649e-07,0.3728,0.3728,0,0.0321018286049366
539,CA,0.18700291254160717,0.4054,0.4054,176,0.03173225000500679
539,NY,0.8129964550413012,0.409,0.409,824,0.03173225000500679
539,TX,6.324170915954612e-07,0.3728,0.3728,0,0.03173225000500679
540,CA,0.18661428548750714,0.4052,0.4052,180,0.031915027648210526
540,NY,0.8133850980488966,0.409,0.409,820,0.031915027648210526
540,TX,6.164635963179647e-07,0.3728,0.3728,0,0.031915027648210526
541,CA,0.18620471417260967,0.4054,0.4054,182,0.032618019729852676
541,NY,0.8137946848995146,0.4092,0.4092,818,0.032618019729852676
541,TX,6.009278757949235e-07,0.3728,0.3728,0,0.032618019729852676
542,CA,0.18579589443203834,0.4058,0.4058,202,0.03133351355791092
542,NY,0.8142035198681115,0.4096,0.4096,798,0.03133351355791092
542,TX,5.856998502561224e-07,0.373,0.373,0,0.03133351355791092
543,CA,0.18538788360934016,0.4052,0.4052,192,0.033076900988817215
543,NY,0.8146115456125029,0.409,0.409,808,0.033076900988817215
543,TX,5.707781568830113e-07,0.3728,0.3728,0,0.033076900988817215
544,CA,0.18498039158161692,0.4052,0.4052,206,0.03228896111249924
544,NY,0.8150190520264534,0.409,0.409,794,0.03228896111249924
544,TX,5.563919296593259e-07,0.3728,0.3728,0,0.03228896111249924
545,CA,0.1845735922288486,0.4054,0.4054,184,0.03223281353712082
545,NY,0.8154258654034466,0.4092,0.4092,816,0.03223281353712082
545,TX,5.423677047863227e-07,0.3728,0.3728,0,0.03223281353712082
546,CA,0.18416754294719953,0.4052,0.4052,187,0.033529531210660934
546,NY,0.8158319284314836,0.4092,0.4092,813,0.033529531210660934
546,TX,5.286213169183185e-07,0.3728,0.3728,0,0.033529531210660934
547,CA,0.18374083968268934,0.4054,0.4054,189,0.0315716527402401
547,NY,0.816258645081068,0.4092,0.4092,811,0.0315716527402401
547,TX,5.152362425140741e-07,0.3728,0.3728,0,0.0315716527402401
548,CA,0.18333621037152484,0.4052,0.4052,184,0.03220880404114723
548,NY,0.8166632874520983,0.409,0.409,816,0.03220880404114723
548,TX,5.02176376892025e-07,0.3728,0.3728,0,0.03220880404114723
549,CA,0.18293221498647544,0.4052,0.4052,165,0.03201771527528763
549,NY,0.8170672954970062,0.409,0.409,835,0.03201771527528763
549,TX,4.895165183030738e-07,0.3728,0.3728,0,0.03201771527528763
550,CA,0.182528910803206,0.4054,0.4054,197,0.031961847096681595
550,NY,0.8174706120214998,0.4092,0.4092,803,0.031961847096681595
550,TX,4.771752942296542e-07,0.3728,0.3728,0,0.031961847096681595
551,CA,0.18212635469896957,0.4052,0.4052,185,0.03124421462416649
551,NY,0.8178731802223793,0.409,0.409,815,0.03124421462416649
551,TX,4.650786511035158e-07,0.3728,0.3728,0,0.03124421462416649
552,CA,0.1817244319050239,0.4052,0.4052,155,0.03251902014017105
552,NY,0.818275114742431,0.409,0.409,845,0.03251902014017105
552,TX,4.5335254518380577e-07,0.3728,0.3728,0,0.03251902014017105
553,CA,0.18132319938908514,0.4052,0.4052,179,0.033051151782274246
553,NY,0.8186763586893028,0.4092,0.4092,821,0.033051151782274246
553,TX,4.419216121403354e-07,0.3728,0.3728,0,0.033051151782274246
554,CA,0.1809016245649159,0.4052,0.4052,181,0.030810367316007614
554,NY,0.8190979447067275,0.409,0.409,819,0.030810367316007614
554,TX,4.3072835669155366e-07,0.3728,0.3728,0,0.030810367316007614
555,CA,0.18050180789222972,0.4052,0.4052,183,0.03117433562874794
555,NY,0.8194977722408276,0.409,0.409,817,0.03117433562874794
555,TX,4.1986694261075786e-07,0.3728,0.3728,0,0.03117433562874794
556,CA,0.1801026805205448,0.4052,0.4052,167,0.03206515684723854
556,NY,0.8198969102004826,0.409,0.409,833,0.03206515684723854
556,TX,4.092789725306997e-07,0.3728,0.3728,0,0.03206515684723854
557,CA,0.17970424212181418,0.4052,0.4052,169,0.032622791826725006
557,NY,0.8202953589206116,0.409,0.409,831,0.032622791826725006
557,TX,3.989575742011814e-07,0.3728,0.3728,0,0.032622791826725006
558,CA,0.1793064923640686,0.4052,0.4052,182,0.03271788731217384
558,NY,0.8206931187398835,0.409,0.409,818,0.03271788731217384
558,TX,3.888960477673019e-07,0.3728,0.3728,0,0.03271788731217384
559,CA,0.17890943091143474,0.4052,0.4052,181,0.036925606429576874
559,NY,0.8210901900007038,0.409,0.409,819,0.036925606429576874
559,TX,3.790878614533413e-07,0.3728,0.3728,0,0.036925606429576874
560,CA,0.17851305742415371,0.4052,0.4052,176,0.03278240188956261
560,NY,0.8214865730491989,0.409,0.409,824,0.03278240188956261
560,TX,3.695266473544757e-07,0.3728,0.3728,0,0.03278240188956261
561,CA,0.17811737155859933,0.4054,0.4054,177,0.03298160433769226
561,NY,0.8218822682352034,0.4092,0.4092,823,0.03298160433769226
561,TX,3.6020619733363563e-07,0.3728,0.3728,0,0.03298160433769226
562,CA,0.1777224290633017,0.4052,0.4052,171,0.032139457762241364
562,NY,0.8222772198660957,0.409,0.409,829,0.032139457762241364
562,TX,3.5107060249778813e-07,0.3728,0.3728,0,0.032139457762241364
563,CA,0.1773281172970979,0.4052,0.4052,191,0.0318773053586483
563,NY,0.8226715404879691,0.409,0.409,809,0.0318773053586483
563,TX,3.4221493305955784e-07,0.3728,0.3728,0,0.0318773053586483
564,CA,0.17693449209877915,0.4054,0.4054,155,0.031310029327869415
564,NY,0.8230651743189302,0.4092,0.4092,845,0.031310029327869415
564,TX,3.3358229071045063e-07,0.3728,0.3728,0,0.031310029327869415
565,CA,0.17654160891208445,0.4054,0.4054,178,0.03209296613931656
565,NY,0.8234580659670185,0.4092,0.4092,822,0.03209296613931656
565,TX,3.251208969755932e-07,0.3728,0.3728,0,0.03209296613931656
566,CA,0.1761494113763417,0.4054,0.4054,191,0.03225481137633324
566,NY,0.8238502717498658,0.4092,0.4092,809,0.03225481137633324
566,TX,3.1687379255812864e-07,0.3728,0.3728,0,0.03225481137633324
567,CA,0.17575789912528098,0.4052,0.4052,180,0.030902966856956482
567,NY,0.8242417920391595,0.409,0.409,820,0.030902966856956482
567,TX,3.088355595754264e-07,0.3728,0.3728,0,0.030902966856956482
568,CA,0.17536701627904766,0.4052,0.4052,161,0.031321026384830475
568,NY,0.8246326826772897,0.409,0.409,839,0.031321026384830475
568,TX,3.010436625955728e-07,0.3728,0.3728,0,0.031321026384830475
569,CA,0.17497681816873933,0.4052,0.4052,159,0.03240582346916199
569,NY,0.8250228883832157,0.409,0.409,841,0.03240582346916199
569,TX,2.934480450105487e-07,0.3728,0.3728,0,0.03240582346916199
570,CA,0.1745873044167466,0.4052,0.4052,175,0.031834788620471954
570,NY,0.8254124095394826,0.409,0.409,825,0.031834788620471954
570,TX,2.8604377085792976e-07,0.3728,0.3728,0,0.031834788620471954
571,CA,0.1741984746417747,0.4054,0.4054,159,0.031240835785865784
571,NY,0.8258012465321971,0.4092,0.4092,841,0.031240835785865784
571,TX,2.7882602807849143e-07,0.3728,0.3728,0,0.031240835785865784
572,CA,0.17381038357908352,0.4052,0.4052,182,0.031145960092544556
572,NY,0.8261893446693828,0.4092,0.4092,818,0.031145960092544556
572,TX,2.7175153361783683e-07,0.3728,0.3728,0,0.031145960092544556
573,CA,0.1734025754990267,0.4054,0.4054,169,0.032412804663181305
573,NY,0.8265971596381777,0.4092,0.4092,831,0.032412804663181305
573,TX,2.648627956194538e-07,0.3728,0.3728,0,0.032412804663181305
574,CA,0.17301588603128834,0.4052,0.4052,172,0.0324854739010334
574,NY,0.8269838558266837,0.409,0.409,828,0.0324854739010334
574,TX,2.581420279496173e-07,0.3728,0.3728,0,0.0324854739010334
575,CA,0.17262982394019613,0.4052,0.4052,170,0.031705088913440704
575,NY,0.8273699244325412,0.4092,0.4092,830,0.031705088913440704
575,TX,2.516272627914465e-07,0.3728,0.3728,0,0.031705088913440704
576,CA,0.17222420828642065,0.4054,0.4054,168,0.0357104167342186
576,NY,0.8277755464657387,0.4092,0.4092,832,0.0357104167342186
576,TX,2.4524784059931673e-07,0.3728,0.3728,0,0.0357104167342186
577,CA,0.1718396002187987,0.4054,0.4054,158,0.03250780701637268
577,NY,0.8281601607571683,0.4092,0.4092,842,0.03250780701637268
577,TX,2.3902403311311325e-07,0.3728,0.3728,0,0.03250780701637268
578,CA,0.17145567312069102,0.4052,0.4052,174,0.03279914706945419
578,NY,0.8285440939213796,0.409,0.409,826,0.03279914706945419
578,TX,2.3295792931791457e-07,0.3728,0.3728,0,0.03279914706945419
579,CA,0.171072372151168,0.4052,0.4052,176,0.03196326643228531
579,NY,0.8289274007710494,0.4092,0.4092,824,0.03196326643228531
579,TX,2.2707778255785843e-07,0.3728,0.3728,0,0.03196326643228531
580,CA,0.1706696609512677,0.4052,0.4052,196,0.03151130676269531
580,NY,0.8293301177289563,0.409,0.409,804,0.03151130676269531
580,TX,2.213197761291522e-07,0.3728,0.3728,0,0.03151130676269531
581,CA,0.17028775596636866,0.4052,0.4052,186,0.03269432857632637
581,NY,0.8297120283006981,0.409,0.409,814,0.03269432857632637
581,TX,2.1573293318058159e-07,0.3728,0.3728,0,0.03269432857632637
582,CA,0.16990653045965692,0.4054,0.4054,172,0.0324535146355629
582,NY,0.8300932592534391,0.4092,0.4092,828,0.0324535146355629
582,TX,2.102869039002463e-07,0.3728,0.3728,0,0.0324535146355629
583,CA,0.1695260380451513,0.4052,0.4052,167,0.0318121612071991
583,NY,0.8304737570058084,0.409,0.409,833,0.0318121612071991
583,TX,2.0494904025572116e-07,0.3728,0.3728,0,0.0318121612071991
584,CA,0.16914617012082217,0.4054,0.4054,161,0.03258434310555458
584,NY,0.8308536301043454,0.4092,0.4092,839,0.03258434310555458
584,TX,1.9977483227914884e-07,0.3728,0.3728,0,0.03258434310555458
585,CA,0.1687670342360788,0.4052,0.4052,154,0.03234059363603592
585,NY,0.8312327710605165,0.409,0.409,846,0.03234059363603592
585,TX,1.9470340465686053e-07,0.3728,0.3728,0,0.03234059363603592
586,CA,0.16838852216822595,0.4052,0.4052,152,0.03214298188686371
586,NY,0.8316112880443016,0.4092,0.4092,848,0.03214298188686371
586,TX,1.897874724998668e-07,0.3728,0.3728,0,0.03214298188686371
587,CA,0.16799084830687833,0.4054,0.4054,168,0.0317164808511734
587,NY,0.832008966719496,0.4092,0.4092,832,0.0317164808511734
587,TX,1.8497362565109119e-07,0.3728,0.3728,0,0.0317164808511734
588,CA,0.16761377955357265,0.4052,0.4052,152,0.030840422958135605
588,NY,0.832386040169052,0.409,0.409,848,0.030840422958135605
588,TX,1.802773753297183e-07,0.3728,0.3728,0,0.030840422958135605
589,CA,0.16723733356281723,0.4054,0.4054,168,0.032196905463933945
589,NY,0.8327624907120537,0.4092,0.4092,832,0.032196905463933945
589,TX,1.7572512918458077e-07,0.3728,0.3728,0,0.032196905463933945
590,CA,0.1668616168930259,0.4052,0.4052,155,0.0323418490588665
590,NY,0.8331382118436356,0.409,0.409,845,0.0323418490588665
590,TX,1.7126333849809592e-07,0.3728,0.3728,0,0.0323418490588665
591,CA,0.166486522277775,0.4052,0.4052,174,0.03229667991399765
591,NY,0.8335133107838549,0.4092,0.4092,826,0.03229667991399765
591,TX,1.669383700704719e-07,0.3728,0.3728,0,0.03229667991399765
592,CA,0.16609244303638274,0.4052,0.4052,163,0.03251994401216507
592,NY,0.833907394260419,0.409,0.409,837,0.03251994401216507
592,TX,1.627031982543162e-07,0.3728,0.3728,0,0.03251994401216507
593,CA,0.16571873351465474,0.4054,0.4054,180,0.03325449675321579
593,NY,0.8342811078912725,0.4092,0.4092,820,0.03325449675321579
593,TX,1.5859407264026254e-07,0.3728,0.3728,0,0.03325449675321579
594,CA,0.16534575107305932,0.4052,0.4052,172,0.0358758270740509
594,NY,0.8346540943603218,0.4092,0.4092,828,0.0358758270740509
594,TX,1.5456661881438396e-07,0.3728,0.3728,0,0.0358758270740509
595,CA,0.16495383763882876,0.4052,0.4052,161,0.033684100955724716
595,NY,0.8350460117163451,0.409,0.409,839,0.033684100955724716
595,TX,1.5064482620187518e-07,0.3728,0.3728,0,0.033684100955724716
596,CA,0.1645821843198476,0.4052,0.4052,182,0.033456865698099136
596,NY,0.8354176688403646,0.4092,0.4092,818,0.033456865698099136
596,TX,1.4683978779237527e-07,0.3728,0.3728,0,0.033456865698099136
597,CA,0.16419172467685753,0.4052,0.4052,181,0.033044785261154175
597,NY,0.835808132209406,0.409,0.409,819,0.033044785261154175
597,TX,1.4311373639773005e-07,0.3728,0.3728,0,0.033044785261154175
598,CA,0.16382145155853842,0.4052,0.4052,172,0.031968697905540466
598,NY,0.8361784089428277,0.409,0.409,828,0.031968697905540466
598,TX,1.39498633946372e-07,0.3728,0.3728,0,0.031968697905540466
599,CA,0.16345185014123195,0.4052,0.4052,159,0.03264622762799263
599,NY,0.8365480138840536,0.4092,0.4092,841,0.03264622762799263
599,TX,1.3597471437441513e-07,0.3728,0.3728,0,0.03264622762799263
600,CA,0.16306354866620723,,,0,
600,NY,0.8369363188098545,,,0,
600,TX,1.3252393817815394e-07,,,0,
