t,state,p,acc,fitness,sample_count,step_seconds
0,CA,0.3333333333333333,0.4976,0.4976,353,0.06779642403125763
0,NY,0.3333333333333333,0.494,0.494,324,0.06779642403125763
0,TX,0.3333333333333333,0.4614,0.4614,323,0.06779642403125763
1,CA,0.3363125982483719,0.4962,0.4962,322,0.03947047144174576
1,NY,0.33550415450258253,0.4924,0.4924,362,0.03947047144174576
1,TX,0.3281832472490456,0.4572,0.4572,316,0.03947047144174576
2,CA,0.3395061760569104,0.4944,0.4944,333,0.03857899457216263
2,NY,0.3378298614762257,0.4884,0.4884,340,0.03857899457216263
2,TX,0.3226639624668639,0.4572,0.4572,327,0.03857899457216263
3,CA,0.3427238166324343,0.4842,0.4842,333,0.03842025250196457
3,NY,0.3396623766419063,0.4786,0.4786,352,0.03842025250196457
3,TX,0.31761380672565953,0.449,0.449,315,0.03842025250196457
4,CA,0.34577153465280824,0.463,0.463,336,0.038185134530067444
4,NY,0.34138990173936107,0.466,0.466,369,0.038185134530067444
4,TX,0.31283856360783063,0.429,0.429,295,0.038185134530067444
5,CA,0.3480583808619482,0.48,0.48,350,0.03878088295459747
5,NY,0.34435244651229474,0.478,0.478,342,0.03878088295459747
5,TX,0.3075891726257572,0.4422,0.4422,308,0.03878088295459747
6,CA,0.3509789946109743,0.442,0.442,338,0.03853900730609894
6,NY,0.346772717275087,0.4442,0.4442,337,0.03853900730609894
6,TX,0.3022482881139387,0.4106,0.4106,325,0.03853900730609894
7,CA,0.35311622844554236,0.5088,0.5088,368,0.03829653561115265
7,NY,0.3494166160784156,0.5036,0.5036,330,0.03829653561115265
7,TX,0.297467155476042,0.4642,0.4642,302,0.03829653561115265
8,CA,0.3566821042468274,0.4666,0.4666,339,0.03866516798734665
8,NY,0.351728725190336,0.4676,0.4676,360,0.03866516798734665
8,TX,0.29158917056283656,0.4296,0.4296,301,0.03866516798734665
9,CA,0.3592386288111178,0.5074,0.5074,352,0.03848312050104141
9,NY,0.35449129122998585,0.5012,0.5012,366,0.03848312050104141
9,TX,0.28627007995889636,0.4688,0.4688,282,0.03848312050104141
10,CA,0.3624238111989708,0.4588,0.4588,378,0.03828151524066925
10,NY,0.35616341609297786,0.4596,0.4596,341,0.03828151524066925
10,TX,0.2814127727080513,0.4278,0.4278,281,0.03828151524066925
11,CA,0.3645325588910294,0.477,0.477,358,0.03865307569503784
11,NY,0.3584321929645136,0.4748,0.4748,368,0.03865307569503784
11,TX,0.27703524814445696,0.4392,0.4392,274,0.03865307569503784
12,CA,0.36733306519505327,0.4912,0.4912,372,0.03868863731622696
12,NY,0.3606478450821319,0.4828,0.4828,357,0.03868863731622696
12,TX,0.2720190897228149,0.4558,0.4558,271,0.03868863731622696
13,CA,0.3704780836779026,0.4802,0.4802,391,0.03844548761844635
13,NY,0.3616866863427422,0.4734,0.4734,340,0.03844548761844635
13,TX,0.2678352299793552,0.4444,0.4444,269,0.03844548761844635
14,CA,0.37351830635798694,0.524,0.524,362,0.03966596722602844
14,NY,0.36297955049765807,0.504,0.504,389,0.03966596722602844
14,TX,0.263502143144355,0.4734,0.4734,249,0.03966596722602844
15,CA,0.3786345433775233,0.4984,0.4984,356,0.03882770240306854
15,NY,0.3631226747815699,0.4882,0.4882,378,0.03882770240306854
15,TX,0.25824278184090693,0.4582,0.4582,266,0.03882770240306854
16,CA,0.38222754636987394,0.475,0.475,385,0.03807934373617172
16,NY,0.36407315257908623,0.4724,0.4724,361,0.03807934373617172
16,TX,0.25369930105103994,0.4386,0.4386,254,0.03807934373617172
17,CA,0.3848842246706851,0.4776,0.4776,376,0.03935692459344864
17,NY,0.365957431892503,0.4752,0.4752,363,0.03935692459344864
17,TX,0.2491583434368118,0.4364,0.4364,261,0.03935692459344864
18,CA,0.3878089650293745,0.479,0.479,391,0.03935374319553375
18,NY,0.3681394219934047,0.475,0.475,350,0.03935374319553375
18,TX,0.24405161297722075,0.446,0.446,259,0.03935374319553375
19,CA,0.3903230415237413,0.4662,0.4662,376,0.039128489792346954
19,NY,0.36952388667989255,0.4636,0.4636,393,0.039128489792346954
19,TX,0.24015307179636614,0.4308,0.4308,231,0.039128489792346954
20,CA,0.3928583688551756,0.5082,0.5082,382,0.039024971425533295
20,NY,0.3712645840822178,0.502,0.502,385,0.039024971425533295
20,TX,0.2358770470626066,0.4628,0.4628,233,0.039024971425533295
21,CA,0.39627689644755637,0.4758,0.4758,424,0.03827966749668121
21,NY,0.3729557118692941,0.4686,0.4686,364,0.03827966749668121
21,TX,0.23076739168314955,0.4286,0.4286,212,0.03827966749668121
22,CA,0.3999565350569956,0.4876,0.4876,397,0.03878521919250488
22,NY,0.37458236294766595,0.484,0.484,391,0.03878521919250488
22,TX,0.2254611019953385,0.4498,0.4498,212,0.03878521919250488
23,CA,0.40262816241783345,0.465,0.465,380,0.03810443729162216
23,NY,0.3761719495513488,0.466,0.466,392,0.03810443729162216
23,TX,0.2211998880308177,0.4322,0.4322,228,0.03810443729162216
24,CA,0.4045276986807522,0.4736,0.4736,418,0.038752466440200806
24,NY,0.3782046536431763,0.4742,0.4742,355,0.038752466440200806
24,TX,0.21726764767607137,0.4338,0.4338,227,0.038752466440200806
25,CA,0.4068525033569731,0.4762,0.4762,376,0.038226060569286346
25,NY,0.38053305793068487,0.4696,0.4696,410,0.038226060569286346
25,TX,0.2126144387123421,0.4402,0.4402,214,0.038226060569286346
26,CA,0.40967366182766596,0.4706,0.4706,399,0.03833910822868347
26,NY,0.3814585772483922,0.4674,0.4674,398,0.03833910822868347
26,TX,0.20886776092394177,0.435,0.435,203,0.03833910822868347
27,CA,0.41209939322627187,0.5384,0.5384,405,0.04063517600297928
27,NY,0.38288228139440666,0.5166,0.5166,384,0.04063517600297928
27,TX,0.20501832537932135,0.4894,0.4894,211,0.04063517600297928
28,CA,0.4170859704106288,0.4804,0.4804,413,0.0380588173866272
28,NY,0.3820240074271406,0.477,0.477,407,0.0380588173866272
28,TX,0.20089002216223062,0.4432,0.4432,180,0.0380588173866272
29,CA,0.4195721110150459,0.4812,0.4812,390,0.03872852772474289
29,NY,0.3834185373668615,0.4772,0.4772,406,0.03872852772474289
29,TX,0.19700935161809255,0.4408,0.4408,204,0.03872852772474289
30,CA,0.42227844830472705,0.4988,0.4988,412,0.03854967653751373
30,NY,0.3848495702087515,0.4944,0.4944,393,0.03854967653751373
30,TX,0.19287198148652152,0.4612,0.4612,195,0.03854967653751373
31,CA,0.424813875322868,0.4958,0.4958,422,0.03763602674007416
31,NY,0.38602368890139865,0.486,0.486,395,0.03763602674007416
31,TX,0.1891624357757335,0.453,0.453,183,0.03763602674007416
32,CA,0.42821462441178837,0.4598,0.4598,427,0.038676999509334564
32,NY,0.38656456306698606,0.462,0.462,396,0.038676999509334564
32,TX,0.18522081252122558,0.4262,0.4262,177,0.038676999509334564
33,CA,0.42979654457982425,0.4642,0.4642,422,0.03703746944665909
33,NY,0.3885773451458537,0.4662,0.4662,397,0.03703746944665909
33,TX,0.1816261102743219,0.4284,0.4284,181,0.03703746944665909
34,CA,0.43148365689341334,0.4794,0.4794,430,0.03771603852510452
34,NY,0.3906355110052996,0.4752,0.4752,400,0.03771603852510452
34,TX,0.17788083210128708,0.4364,0.4364,170,0.03771603852510452
35,CA,0.43421017774901477,0.4898,0.4898,451,0.038909681141376495
35,NY,0.3919878971313331,0.4868,0.4868,390,0.038909681141376495
35,TX,0.17380192511965217,0.449,0.449,159,0.038909681141376495
36,CA,0.43663310821801665,0.4786,0.4786,464,0.03855442255735397
36,NY,0.3933814756776215,0.4734,0.4734,337,0.03855442255735397
36,TX,0.16998541610436188,0.4388,0.4388,199,0.03855442255735397
37,CA,0.4392506102793704,0.457,0.457,454,0.03854907304048538
37,NY,0.39434794214606106,0.4604,0.4604,376,0.03854907304048538
37,TX,0.16640144757456857,0.4258,0.4258,170,0.03854907304048538
38,CA,0.4404146537649703,0.4884,0.4884,424,0.03763764351606369
38,NY,0.3963156646617916,0.4816,0.4816,415,0.03763764351606369
38,TX,0.1632696815732383,0.4452,0.4452,161,0.03763764351606369
39,CA,0.4433181423977269,0.4744,0.4744,441,0.03936013579368591
39,NY,0.3971058551294783,0.4718,0.4718,414,0.03936013579368591
39,TX,0.15957600247279471,0.4336,0.4336,145,0.03936013579368591
40,CA,0.445597865116905,0.4694,0.4694,443,0.04117869585752487
40,NY,0.3984440662963188,0.4686,0.4686,393,0.04117869585752487
40,TX,0.15595806858677616,0.435,0.435,164,0.04117869585752487
41,CA,0.44732815282178484,0.4662,0.4662,433,0.04193992167711258
41,NY,0.3997734812988285,0.46,0.46,389,0.04193992167711258
41,TX,0.15289836587938677,0.4288,0.4288,178,0.04193992167711258
42,CA,0.4498430628597766,0.479,0.479,437,0.03925676643848419
42,NY,0.4003210421938022,0.4776,0.4776,413,0.03925676643848419
42,TX,0.1498358949464212,0.44,0.44,150,0.03925676643848419
43,CA,0.4517993477310279,0.4772,0.4772,447,0.03927113860845566
43,NY,0.40168137885295835,0.4778,0.4778,410,0.03927113860845566
43,TX,0.14651927341601378,0.441,0.441,143,0.03927113860845566
44,CA,0.45335318073155645,0.4992,0.4992,436,0.038727276027202606
44,NY,0.4032265592000816,0.4922,0.4922,411,0.038727276027202606
44,TX,0.14342026006836203,0.463,0.463,153,0.038727276027202606
45,CA,0.4557897341865812,0.4662,0.4662,449,0.03945913910865784
45,NY,0.40350085956272796,0.4664,0.4664,416,0.03945913910865784
45,TX,0.14070940625069076,0.4286,0.4286,135,0.03945913910865784
46,CA,0.4574151062938755,0.467,0.467,445,0.03803989291191101
46,NY,0.40499500320445564,0.4668,0.4668,411,0.03803989291191101
46,TX,0.13758989050166878,0.431,0.431,144,0.03803989291191101
47,CA,0.45899020142927804,0.4804,0.4804,487,0.03851599991321564
47,NY,0.4063341871238331,0.4768,0.4768,384,0.03851599991321564
47,TX,0.13467561144688886,0.4404,0.4404,129,0.03851599991321564
48,CA,0.461123826586528,0.4792,0.4792,469,0.03875373303890228
48,NY,0.4072303330800317,0.479,0.479,380,0.03875373303890228
48,TX,0.13164584033344026,0.442,0.442,151,0.03875373303890228
49,CA,0.46268111240852783,0.4832,0.4832,473,0.037909604609012604
49,NY,0.4085503654783786,0.4786,0.4786,407,0.037909604609012604
49,TX,0.12876852211309361,0.444,0.444,120,0.037909604609012604
50,CA,0.4648521328837046,0.4766,0.4766,488,0.03885519504547119
50,NY,0.40919436582969454,0.475,0.475,386,0.03885519504547119
50,TX,0.12595350128660093,0.44,0.44,126,0.03885519504547119
51,CA,0.4665154278735437,0.4756,0.4756,484,0.039414986968040466
51,NY,0.4102135334642533,0.4726,0.4726,404,0.039414986968040466
51,TX,0.12327103866220296,0.4428,0.4428,112,0.039414986968040466
52,CA,0.4681887778016419,0.4724,0.4724,453,0.03838673233985901
52,NY,0.41084794861463386,0.4716,0.4716,440,0.03838673233985901
52,TX,0.12096327358372416,0.4354,0.4354,107,0.03838673233985901
53,CA,0.46972144003011923,0.5022,0.5022,493,0.03858070820569992
53,NY,0.41196894295006714,0.4936,0.4936,380,0.03858070820569992
53,TX,0.11830961701981359,0.456,0.456,127,0.03858070820569992
54,CA,0.4725554000048477,0.467,0.467,492,0.038207367062568665
54,NY,0.41208174045368395,0.4648,0.4648,385,0.038207367062568665
54,TX,0.11536285954146834,0.4288,0.4288,123,0.038207367062568665
55,CA,0.4742732069120843,0.4766,0.4766,475,0.04067101329565048
55,NY,0.4129594882884681,0.4732,0.4732,416,0.04067101329565048
55,TX,0.11276730479944755,0.442,0.442,109,0.04067101329565048
56,CA,0.47598354058975667,0.4614,0.4614,505,0.03863495588302612
56,NY,0.41349440696333256,0.4618,0.4618,390,0.03863495588302612
56,TX,0.11052205244691089,0.4278,0.4278,105,0.03863495588302612
57,CA,0.4771419969546516,0.4722,0.4722,515,0.03895600885152817
57,NY,0.414614229339824,0.4742,0.4742,391,0.03895600885152817
57,TX,0.10824377370552439,0.439,0.439,94,0.03895600885152817
58,CA,0.4780396493096784,0.4888,0.4888,464,0.03819180279970169
58,NY,0.4159585652196486,0.4834,0.4834,417,0.03819180279970169
58,TX,0.1060017854706731,0.4436,0.4436,119,0.03819180279970169
59,CA,0.4803100424106593,0.4666,0.4666,481,0.038304515182971954
59,NY,0.4164182301295219,0.4682,0.4682,424,0.038304515182971954
59,TX,0.10327172745981877,0.4342,0.4342,95,0.038304515182971954
60,CA,0.4811892593781072,0.4992,0.4992,483,0.04172288626432419
60,NY,0.4176356185582686,0.4934,0.4934,405,0.04172288626432419
60,TX,0.10117512206362406,0.4568,0.4568,112,0.04172288626432419
61,CA,0.4833532944189422,0.4756,0.4756,473,0.04280659556388855
61,NY,0.4178908503517014,0.4726,0.4726,429,0.04280659556388855
61,TX,0.09875585522935633,0.4418,0.4418,98,0.04280659556388855
62,CA,0.48486203828870406,0.5016,0.5016,494,0.03995679318904877
62,NY,0.4183430052379688,0.4964,0.4964,406,0.03995679318904877
62,TX,0.09679495647332709,0.464,0.464,100,0.03995679318904877
63,CA,0.4867469424814693,0.4914,0.4914,488,0.039566315710544586
63,NY,0.41851497394431025,0.491,0.491,428,0.039566315710544586
63,TX,0.09473808357422027,0.4518,0.4518,84,0.039566315710544586
64,CA,0.48802936417892645,0.4622,0.4622,481,0.03796479105949402
64,NY,0.4195050830603682,0.4622,0.4622,409,0.03796479105949402
64,TX,0.09246555276070531,0.428,0.428,110,0.03796479105949402
65,CA,0.48908712024068607,0.4878,0.4878,485,0.038947321474552155
65,NY,0.4204143194242346,0.4812,0.4812,407,0.038947321474552155
65,TX,0.09049856033507929,0.4456,0.4456,108,0.038947321474552155
66,CA,0.4912643523910012,0.4642,0.4642,487,0.038883306086063385
66,NY,0.42041255221398044,0.465,0.465,426,0.038883306086063385
66,TX,0.08832309539501841,0.4268,0.4268,87,0.038883306086063385
67,CA,0.492261837771239,0.472,0.472,487,0.03782442957162857
67,NY,0.42149634554459176,0.4716,0.4716,435,0.03782442957162857
67,TX,0.08624181668416923,0.4386,0.4386,78,0.03782442957162857
68,CA,0.4932836168815859,0.4804,0.4804,480,0.21470385044813156
68,NY,0.4222564631928766,0.4742,0.4742,439,0.21470385044813156
68,TX,0.0844599199255376,0.4402,0.4402,81,0.21470385044813156
69,CA,0.49529547164077675,0.488,0.488,472,0.03956131637096405
69,NY,0.42220298725600863,0.4776,0.4776,437,0.03956131637096405
69,TX,0.08250154110321455,0.4486,0.4486,91,0.03956131637096405
70,CA,0.4978521403805485,0.495,0.495,473,0.038584932684898376
70,NY,0.4214162461863339,0.4898,0.4898,445,0.038584932684898376
70,TX,0.08073161343311763,0.458,0.458,82,0.038584932684898376
71,CA,0.4995826124035603,0.487,0.487,517,0.03826706111431122
71,NY,0.4214101460007136,0.4774,0.4774,408,0.03826706111431122
71,TX,0.0790072415957262,0.4464,0.4464,75,0.03826706111431122
72,CA,0.502031401867602,0.4854,0.4854,507,0.03848014771938324
72,NY,0.4207418207744192,0.4798,0.4798,421,0.03848014771938324
72,TX,0.07722677735797896,0.4422,0.4422,72,0.03848014771938324
73,CA,0.5039626880533549,0.4934,0.4934,518,0.03852733224630356
73,NY,0.4207680799606472,0.4948,0.4948,411,0.03852733224630356
73,TX,0.07526923198599784,0.462,0.462,71,0.03852733224630356
74,CA,0.5045621820430887,0.47,0.47,502,0.037183985114097595
74,NY,0.4216635306406276,0.4654,0.4654,430,0.037183985114097595
74,TX,0.07377428731628372,0.4386,0.4386,68,0.037183985114097595
75,CA,0.5060273083351237,0.4776,0.4776,463,0.03794541954994202
75,NY,0.4215646165367536,0.4752,0.4752,457,0.03794541954994202
75,TX,0.0724080751281226,0.4398,0.4398,80,0.03794541954994202
76,CA,0.5073144024388578,0.4698,0.4698,518,0.03775505721569061
76,NY,0.4219504072126394,0.4702,0.4702,407,0.03775505721569061
76,TX,0.07073519034850277,0.4294,0.4294,75,0.03775505721569061
77,CA,0.5082442083941054,0.4648,0.4648,502,0.03849942982196808
77,NY,0.42283880054247797,0.4648,0.4648,426,0.03849942982196808
77,TX,0.06891699106341663,0.4294,0.4294,72,0.03849942982196808
78,CA,0.5090921141987463,0.4662,0.4662,514,0.03978540748357773
78,NY,0.42354422417050164,0.4652,0.4652,421,0.03978540748357773
78,TX,0.06736366163075203,0.4292,0.4292,65,0.03978540748357773
79,CA,0.5101066216041927,0.4568,0.4568,490,0.0417981892824173
79,NY,0.4240988059250982,0.4576,0.4576,430,0.0417981892824173
79,TX,0.06579457247070906,0.4268,0.4268,80,0.0417981892824173
80,CA,0.5106796141321918,0.4876,0.4876,506,0.03935510665178299
80,NY,0.4248083425632818,0.4836,0.4836,414,0.03935510665178299
80,TX,0.06451204330452642,0.4466,0.4466,80,0.03935510665178299
81,CA,0.5121753158736515,0.4762,0.4762,546,0.03783886879682541
81,NY,0.4249069301204131,0.4754,0.4754,406,0.03783886879682541
81,TX,0.06291775400593534,0.4392,0.4392,48,0.03783886879682541
82,CA,0.5131026275462819,0.465,0.465,508,0.037456214427948
82,NY,0.4254455516984116,0.468,0.468,435,0.037456214427948
82,TX,0.061451820755306585,0.433,0.433,57,0.037456214427948
83,CA,0.5133444501387319,0.4774,0.4774,549,0.038358137011528015
83,NY,0.4265176921291871,0.4748,0.4748,393,0.038358137011528015
83,TX,0.06013785773208102,0.4426,0.4426,58,0.038358137011528015
84,CA,0.5144593593599367,0.4748,0.4748,500,0.04041031748056412
84,NY,0.42669178962646437,0.4776,0.4776,440,0.04041031748056412
84,TX,0.058848851013599046,0.442,0.442,60,0.04041031748056412
85,CA,0.5147160561245518,0.4774,0.4774,505,0.03841798007488251
85,NY,0.4277151987717868,0.478,0.478,441,0.03841798007488251
85,TX,0.05756874510366141,0.4438,0.4438,54,0.03841798007488251
86,CA,0.5153012130950774,0.463,0.463,519,0.03788154572248459
86,NY,0.4283753491588525,0.4642,0.4642,414,0.03788154572248459
86,TX,0.056323437746070217,0.4268,0.4268,67,0.03788154572248459
87,CA,0.5158388624664277,0.4552,0.4552,531,0.038766101002693176
87,NY,0.429174036714583,0.4574,0.4574,411,0.038766101002693176
87,TX,0.05498710081898921,0.4262,0.4262,58,0.038766101002693176
88,CA,0.5160695344279189,0.4738,0.4738,515,0.03828275203704834
88,NY,0.43001507794369,0.4728,0.4728,426,0.03828275203704834
88,TX,0.05391538762839115,0.4392,0.4392,59,0.03828275203704834
89,CA,0.5168745820170492,0.4916,0.4916,518,0.03867747634649277
89,NY,0.43039365588837325,0.4882,0.4882,443,0.03867747634649277
89,TX,0.052731762094577465,0.4484,0.4484,39,0.03867747634649277
90,CA,0.5181743083073955,0.4588,0.4588,543,0.03821001946926117
90,NY,0.4304923985426485,0.4576,0.4576,414,0.03821001946926117
90,TX,0.05133329314995613,0.425,0.425,43,0.03821001946926117
91,CA,0.5189753461802923,0.4754,0.4754,541,0.038672737777233124
91,NY,0.4308032224134702,0.472,0.472,413,0.038672737777233124
91,TX,0.05022143140623749,0.4424,0.4424,46,0.038672737777233124
92,CA,0.5200758590547835,0.4872,0.4872,531,0.03885548561811447
92,NY,0.4307218880150501,0.4836,0.4836,408,0.03885548561811447
92,TX,0.04920225293016639,0.4472,0.4472,61,0.03885548561811447
93,CA,0.5213092675678201,0.467,0.467,532,0.037755146622657776
93,NY,0.43069828290242207,0.4674,0.4674,418,0.037755146622657776
93,TX,0.04799244952975779,0.4302,0.4302,50,0.037755146622657776
94,CA,0.5218762673951493,0.4872,0.4872,499,0.03778671473264694
94,NY,0.4312842942814897,0.4828,0.4828,450,0.03778671473264694
94,TX,0.04683943832336107,0.447,0.447,51,0.03778671473264694
95,CA,0.5232063049345854,0.4818,0.4818,491,0.03814177215099335
95,NY,0.43110421096836304,0.48,0.48,452,0.03814177215099335
95,TX,0.04568948409705152,0.4432,0.4432,57,0.03814177215099335
96,CA,0.5241045481411987,0.4644,0.4644,512,0.038510143756866455
96,NY,0.4313197547583294,0.4616,0.4616,441,0.038510143756866455
96,TX,0.04457569710047192,0.431,0.431,47,0.038510143756866455
97,CA,0.5250714065388827,0.497,0.497,545,0.037953175604343414
97,NY,0.43128922092044064,0.4894,0.4894,407,0.037953175604343414
97,TX,0.04363937254067659,0.4522,0.4522,48,0.037953175604343414
98,CA,0.5269132594567261,0.484,0.484,507,0.03800065815448761
98,NY,0.4306048448517172,0.4792,0.4792,447,0.03800065815448761
98,TX,0.042481895691556616,0.4428,0.4428,46,0.03800065815448761
99,CA,0.5282720853850533,0.5128,0.5128,533,0.038193196058273315
99,NY,0.43031892287554363,0.4986,0.4986,430,0.038193196058273315
99,TX,0.04140899173940312,0.4654,0.4654,37,0.038193196058273315
100,CA,0.5311064253003869,0.4932,0.4932,533,0.040538184344768524
100,NY,0.42856682493414044,0.486,0.486,434,0.040538184344768524
100,TX,0.040326749765472666,0.4502,0.4502,33,0.040538184344768524
101,CA,0.5328262749636826,0.4824,0.4824,547,0.04071421176195145
101,NY,0.4278814462129157,0.479,0.479,420,0.04071421176195145
101,TX,0.03929227882340166,0.4414,0.4414,33,0.04071421176195145
102,CA,0.533930507057724,0.4644,0.4644,531,0.03942052274942398
102,NY,0.42778477678840504,0.4664,0.4664,421,0.03942052274942398
102,TX,0.03828471615387093,0.4298,0.4298,48,0.03942052274942398
103,CA,0.5341015923097189,0.4858,0.4858,565,0.03854835778474808
103,NY,0.42850628319196143,0.4836,0.4836,400,0.03854835778474808
103,TX,0.0373921244983198,0.4494,0.4494,35,0.03854835778474808
104,CA,0.5349310223932244,0.4654,0.4654,546,0.03894435614347458
104,NY,0.4285362619998239,0.4626,0.4626,417,0.03894435614347458
104,TX,0.03653271560695151,0.4288,0.4288,37,0.03894435614347458
105,CA,0.5358587370374965,0.498,0.498,513,0.03860354423522949
105,NY,0.4284592175345669,0.4922,0.4922,452,0.03860354423522949
105,TX,0.03568204542793651,0.4558,0.4558,35,0.03860354423522949
106,CA,0.5372901403007733,0.4888,0.4888,554,0.03874765336513519
106,NY,0.4279403794807023,0.4772,0.4772,407,0.03874765336513519
106,TX,0.034769480218524516,0.4556,0.4556,39,0.03874765336513519
107,CA,0.5395073295784123,0.4758,0.4758,516,0.0378132164478302
107,NY,0.42635826335237353,0.4698,0.4698,450,0.0378132164478302
107,TX,0.034134407069214355,0.438,0.438,34,0.0378132164478302
108,CA,0.5409178761787202,0.4804,0.4804,538,0.03843721002340317
108,NY,0.4257350502004336,0.474,0.474,435,0.03843721002340317
108,TX,0.033347073620846254,0.4392,0.4392,27,0.03843721002340317
109,CA,0.5424196074944255,0.4902,0.4902,557,0.03837208449840546
109,NY,0.42507137471477935,0.4876,0.4876,407,0.03837208449840546
109,TX,0.03250901779079515,0.4544,0.4544,36,0.03837208449840546
110,CA,0.543246765916923,0.4696,0.4696,542,0.03801598399877548
110,NY,0.4249768172047343,0.4658,0.4658,428,0.03801598399877548
110,TX,0.031776416878342664,0.4314,0.4314,30,0.03801598399877548
111,CA,0.5442944553474808,0.4702,0.4702,527,0.03821161389350891
111,NY,0.4246954169507342,0.4714,0.4714,437,0.03821161389350891
111,TX,0.03101012770178494,0.4308,0.4308,36,0.03821161389350891
112,CA,0.5445582392293353,0.4934,0.4934,550,0.0385487899184227
112,NY,0.42524804997920623,0.4902,0.4902,425,0.0385487899184227
112,TX,0.030193710791458408,0.4556,0.4556,25,0.0385487899184227
113,CA,0.5454721501773095,0.4762,0.4762,567,0.03855431079864502
113,NY,0.4250489928865249,0.475,0.475,405,0.03855431079864502
113,TX,0.029478856936165494,0.439,0.439,28,0.03855431079864502
114,CA,0.546066480126447,0.481,0.481,552,0.038437217473983765
114,NY,0.42516621546940975,0.477,0.477,422,0.038437217473983765
114,TX,0.028767304404143233,0.4442,0.4442,26,0.038437217473983765
115,CA,0.5470857743110384,0.486,0.486,562,0.03755690157413483
115,NY,0.4248093703245891,0.4822,0.4822,406,0.03755690157413483
115,TX,0.028104855364372485,0.4504,0.4504,32,0.03755690157413483
116,CA,0.5480501391423641,0.491,0.491,562,0.038094326853752136
116,NY,0.4244699571529768,0.4816,0.4816,412,0.038094326853752136
116,TX,0.027479903704659126,0.4502,0.4502,26,0.038094326853752136
117,CA,0.5499353357929806,0.4654,0.4654,561,0.05264778435230255
117,NY,0.42324478623905626,0.467,0.467,398,0.05264778435230255
117,TX,0.026819877967963087,0.4314,0.4314,41,0.05264778435230255
118,CA,0.5500234221877723,0.4818,0.4818,535,0.039440616965293884
118,NY,0.4237747745691611,0.4768,0.4768,435,0.039440616965293884
118,TX,0.02620180324306655,0.447,0.447,30,0.039440616965293884
119,CA,0.5511506799188324,0.4692,0.4692,559,0.038930393755435944
119,NY,0.4232104261670161,0.4714,0.4714,413,0.038930393755435944
119,TX,0.025638893914151514,0.4336,0.4336,28,0.038930393755435944
120,CA,0.5511438081345553,0.4534,0.4534,537,0.037675514817237854
120,NY,0.42383886267947235,0.4554,0.4554,435,0.037675514817237854
120,TX,0.02501732918597233,0.419,0.419,28,0.037675514817237854
121,CA,0.5511487069639937,0.487,0.487,557,0.04279792308807373
121,NY,0.42442587288174105,0.4826,0.4826,416,0.04279792308807373
121,TX,0.02442542015426531,0.4436,0.4436,27,0.04279792308807373
122,CA,0.5522359236019887,0.4652,0.4652,535,0.04207802563905716
122,NY,0.42400476718934205,0.4656,0.4656,438,0.04207802563905716
122,TX,0.02375930920866918,0.4294,0.4294,27,0.04207802563905716
123,CA,0.5524927057721435,0.4868,0.4868,563,0.03943244367837906
123,NY,0.4243177308622169,0.4808,0.4808,412,0.03943244367837906
123,TX,0.02318956336563955,0.4494,0.4494,25,0.03943244367837906
124,CA,0.5537639628163409,0.4882,0.4882,573,0.03801292926073074
124,NY,0.4235777844253278,0.4882,0.4882,411,0.03801292926073074
124,TX,0.022658252758331308,0.4448,0.4448,16,0.03801292926073074
125,CA,0.554130119193907,0.5116,0.5116,554,0.03937641531229019
125,NY,0.423857859904371,0.5068,0.5068,430,0.03937641531229019
125,TX,0.022012020901722117,0.4696,0.4696,16,0.03937641531229019
126,CA,0.555216980530437,0.4524,0.4524,561,0.039091795682907104
126,NY,0.4233406309875551,0.4548,0.4548,419,0.039091795682907104
126,TX,0.02144238848200789,0.4208,0.4208,20,0.039091795682907104
127,CA,0.5550876340900711,0.5126,0.5126,562,0.03844979405403137
127,NY,0.4239413880948346,0.5034,0.5034,412,0.03844979405403137
127,TX,0.020970977815094348,0.467,0.467,26,0.03844979405403137
128,CA,0.5568756065795466,0.518,0.518,563,0.039088018238544464
128,NY,0.42272011031989704,0.5066,0.5066,407,0.039088018238544464
128,TX,0.020404283100556413,0.4716,0.4716,30,0.039088018238544464
129,CA,0.5589988329163318,0.48,0.48,575,0.038253940641880035
129,NY,0.4211451537920382,0.4778,0.4778,396,0.038253940641880035
129,TX,0.019856013291630076,0.4422,0.4422,29,0.038253940641880035
130,CA,0.5596329865711835,0.4746,0.4746,562,0.03749871999025345
130,NY,0.4209961832017387,0.4688,0.4688,419,0.03749871999025345
130,TX,0.01937083022707768,0.4382,0.4382,19,0.03749871999025345
131,CA,0.5608298277290715,0.4756,0.4756,550,0.03866196423768997
131,NY,0.4202371002078381,0.4726,0.4726,428,0.03866196423768997
131,TX,0.018933072063090375,0.4414,0.4414,22,0.03866196423768997
132,CA,0.5615560230139844,0.475,0.475,563,0.038042038679122925
132,NY,0.4199257695250651,0.4766,0.4766,422,0.038042038679122925
132,TX,0.018518207460950474,0.4416,0.4416,15,0.038042038679122925
133,CA,0.5615357037581078,0.4648,0.4648,574,0.037408262491226196
133,NY,0.4203660712132178,0.4618,0.4618,411,0.037408262491226196
133,TX,0.018098225028674527,0.4322,0.4322,15,0.037408262491226196
134,CA,0.5622462268240697,0.4976,0.4976,576,0.04314350336790085
134,NY,0.42003594455439663,0.488,0.488,402,0.04314350336790085
134,TX,0.017717828621533777,0.4524,0.4524,22,0.04314350336790085
135,CA,0.5640666339650641,0.5102,0.5102,535,0.038350217044353485
135,NY,0.41869465592066174,0.499,0.499,445,0.038350217044353485
135,TX,0.01723871011427409,0.4742,0.4742,20,0.038350217044353485
136,CA,0.566056931558216,0.4798,0.4798,550,0.038343869149684906
136,NY,0.4170559165526047,0.474,0.474,434,0.038343869149684906
136,TX,0.016887151889179157,0.4426,0.4426,16,0.038343869149684906
137,CA,0.5672249313175285,0.4604,0.4604,587,0.038842104375362396
137,NY,0.4162784660685312,0.4628,0.4628,402,0.038842104375362396
137,TX,0.016496602613940318,0.4256,0.4256,11,0.038842104375362396
138,CA,0.5670599129426425,0.5092,0.5092,559,0.03910524398088455
138,NY,0.41684126830562407,0.493,0.493,426,0.03910524398088455
138,TX,0.016098818751733492,0.459,0.459,15,0.03910524398088455
139,CA,0.569915149037315,0.491,0.491,538,0.0386291965842247
139,NY,0.4144431578589512,0.4892,0.4892,449,0.0386291965842247
139,TX,0.015641693103733943,0.451,0.451,13,0.0386291965842247
140,CA,0.5704399328893973,0.5138,0.5138,593,0.03847157955169678
140,NY,0.4143239869646523,0.503,0.503,389,0.03847157955169678
140,TX,0.015236080145950482,0.4714,0.4714,18,0.03847157955169678
141,CA,0.5723761010558953,0.4752,0.4752,554,0.038614265620708466
141,NY,0.41276430057991353,0.4718,0.4718,431,0.038614265620708466
141,TX,0.014859598364191144,0.4392,0.4392,15,0.038614265620708466
142,CA,0.573129166114077,0.5088,0.5088,555,0.04414345324039459
142,NY,0.4123547878862087,0.4966,0.4966,428,0.04414345324039459
142,TX,0.014516045999714261,0.4694,0.4694,17,0.04414345324039459
143,CA,0.5752653116005584,0.4686,0.4686,588,0.03906796872615814
143,NY,0.4105450158705886,0.4644,0.4644,402,0.03906796872615814
143,TX,0.014189672528853073,0.427,0.427,10,0.03906796872615814
144,CA,0.5761733866903928,0.4592,0.4592,566,0.03873655945062637
144,NY,0.41001711727643153,0.4596,0.4596,421,0.03873655945062637
144,TX,0.013809496033175639,0.4282,0.4282,13,0.03873655945062637
145,CA,0.5762776820232516,0.4894,0.4894,576,0.21401043981313705
145,NY,0.41020375142011867,0.4876,0.4876,409,0.21401043981313705
145,TX,0.013518566556629745,0.4492,0.4492,15,0.21401043981313705
146,CA,0.5767740675286395,0.4772,0.4772,584,0.037187643349170685
146,NY,0.4100609118253527,0.476,0.476,405,0.037187643349170685
146,TX,0.0131650206460078,0.4374,0.4374,11,0.037187643349170685
147,CA,0.5771710546712201,0.458,0.458,573,0.038256146013736725
147,NY,0.41000981085700816,0.4636,0.4636,410,0.038256146013736725
147,TX,0.012819134471771852,0.4266,0.4266,17,0.038256146013736725
148,CA,0.5764224431741326,0.4856,0.4856,561,0.038374163210392
148,NY,0.41105076852929917,0.4836,0.4836,423,0.038374163210392
148,TX,0.012526788296568161,0.4476,0.4476,16,0.038374163210392
149,CA,0.5769265624635618,0.4922,0.4922,568,0.03810792416334152
149,NY,0.41085639531864504,0.4834,0.4834,416,0.03810792416334152
149,TX,0.012217042217793204,0.4504,0.4504,16,0.03810792416334152
150,CA,0.5785262945350046,0.4726,0.4726,583,0.038419097661972046
150,NY,0.40956596397017725,0.4704,0.4704,401,0.038419097661972046
150,TX,0.011907741494818283,0.4326,0.4326,16,0.038419097661972046
151,CA,0.5790679093341157,0.4614,0.4614,580,0.039094723761081696
151,NY,0.4093369520776443,0.464,0.464,406,0.039094723761081696
151,TX,0.011595138588239884,0.4254,0.4254,14,0.039094723761081696
152,CA,0.5788117132307743,0.4774,0.4774,575,0.03815910220146179
152,NY,0.4098837854590263,0.4754,0.4754,413,0.03815910220146179
152,TX,0.011304501310199394,0.4382,0.4382,12,0.03815910220146179
153,CA,0.5793069136039459,0.4586,0.4586,560,0.03729233145713806
153,NY,0.409679113623044,0.4608,0.4608,426,0.03729233145713806
153,TX,0.011013972773010057,0.4246,0.4246,14,0.03729233145713806
154,CA,0.579097754351395,0.4758,0.4758,556,0.03769904375076294
154,NY,0.4101488927471451,0.4686,0.4686,430,0.03769904375076294
154,TX,0.01075335290145987,0.4308,0.4308,14,0.03769904375076294
155,CA,0.5804495563569919,0.4814,0.4814,608,0.037536054849624634
155,NY,0.40910064488529246,0.478,0.478,382,0.037536054849624634
155,TX,0.01044979875771562,0.4492,0.4492,10,0.037536054849624634
156,CA,0.581127195117044,0.462,0.462,559,0.03713949769735336
156,NY,0.4086382106741833,0.4636,0.4636,434,0.03713949769735336
156,TX,0.010234594208772664,0.4242,0.4242,7,0.03713949769735336
157,CA,0.5810211037331429,0.4806,0.4806,575,0.03783843666315079
157,NY,0.40901073755446543,0.4794,0.4794,408,0.03783843666315079
157,TX,0.00996815871239163,0.4448,0.4448,17,0.03783843666315079
158,CA,0.5813539404341742,0.4714,0.4714,608,0.03707168996334076
158,NY,0.4089133526495677,0.474,0.474,384,0.03707168996334076
158,TX,0.009732706916258119,0.4402,0.4402,8,0.03707168996334076
159,CA,0.5810540092078159,0.4736,0.4736,556,0.037695758044719696
159,NY,0.409424573877095,0.4706,0.4706,434,0.037695758044719696
159,TX,0.009521416915089056,0.439,0.439,10,0.037695758044719696
160,CA,0.5816688804027211,0.4872,0.4872,581,0.03789474815130234
160,NY,0.4090234257368018,0.488,0.488,416,0.03789474815130234
160,TX,0.00930769386047719,0.4528,0.4528,3,0.03789474815130234
161,CA,0.5816661292722003,0.4838,0.4838,580,0.0426655113697052
161,NY,0.40924151348989785,0.481,0.481,418,0.0426655113697052
161,TX,0.009092357237901907,0.4404,0.4404,2,0.0426655113697052
162,CA,0.5822706439819013,0.4722,0.4722,560,0.03916729986667633
162,NY,0.40889377005700855,0.4744,0.4744,430,0.03916729986667633
162,TX,0.00883558596109015,0.4394,0.4394,10,0.03916729986667633
163,CA,0.5820295776752351,0.4694,0.4694,572,0.03836134076118469
163,NY,0.409335266050146,0.4668,0.4668,419,0.03836134076118469
163,TX,0.008635156274619013,0.4324,0.4324,9,0.03836134076118469
164,CA,0.58257820683442,0.4862,0.4862,591,0.038246460258960724
164,NY,0.40899613845152516,0.4802,0.4802,399,0.038246460258960724
164,TX,0.008425654714054778,0.448,0.448,10,0.038246460258960724
165,CA,0.5836683482041858,0.4664,0.4664,587,0.037450581789016724
165,NY,0.40810720168306386,0.4686,0.4686,405,0.037450581789016724
165,TX,0.008224450112750303,0.434,0.434,8,0.037450581789016724
166,CA,0.5834171559027085,0.4498,0.4498,575,0.03775152564048767
166,NY,0.4085435739399994,0.4534,0.4534,418,0.03775152564048767
166,TX,0.008039270157292213,0.4164,0.4164,7,0.03775152564048767
167,CA,0.5829337586491015,0.4536,0.4536,575,0.03824353963136673
167,NY,0.40921868474778506,0.454,0.454,420,0.03824353963136673
167,TX,0.00784755660311351,0.4212,0.4212,5,0.03824353963136673
168,CA,0.5829700833321306,0.476,0.476,590,0.03793797641992569
168,NY,0.40935679997530894,0.4766,0.4766,404,0.03793797641992569
168,TX,0.007673116692560373,0.4398,0.4398,6,0.03793797641992569
169,CA,0.5829827828553963,0.47,0.47,596,0.038353122770786285
169,NY,0.40953212630438685,0.4716,0.4716,403,0.038353122770786285
169,TX,0.007485090840216914,0.4368,0.4368,1,0.038353122770786285
170,CA,0.5828215171779085,0.484,0.484,605,0.036668889224529266
170,NY,0.4098644667883273,0.4822,0.4822,390,0.036668889224529266
170,TX,0.0073140160337642045,0.4462,0.4462,5,0.036668889224529266
171,CA,0.5832201134805846,0.448,0.448,589,0.03737786412239075
171,NY,0.4096472961922654,0.4538,0.4538,404,0.03737786412239075
171,TX,0.007132590327150016,0.4176,0.4176,7,0.03737786412239075
172,CA,0.5823517644324049,0.4578,0.4578,588,0.03767332434654236
172,NY,0.4106757869008154,0.4606,0.4606,405,0.03767332434654236
172,TX,0.006972448666779743,0.4268,0.4268,7,0.03767332434654236
173,CA,0.5819789967470037,0.4624,0.4624,586,0.03774570673704147
173,NY,0.4112011913558416,0.4614,0.4614,413,0.03774570673704147
173,TX,0.006819811897154717,0.4214,0.4214,1,0.03774570673704147
174,CA,0.5822540438899211,0.469,0.469,593,0.0370226725935936
174,NY,0.4111142124499816,0.4718,0.4718,402,0.0370226725935936
174,TX,0.00663174366009731,0.436,0.436,5,0.0370226725935936
175,CA,0.5818847620527993,0.4794,0.4794,616,0.037181831896305084
175,NY,0.41163658306244444,0.4752,0.4752,376,0.037181831896305084
175,TX,0.0064786548847562565,0.442,0.442,8,0.037181831896305084
176,CA,0.5826611086865185,0.488,0.488,561,0.037818752229213715
176,NY,0.41101559492999695,0.4828,0.4828,429,0.037818752229213715
176,TX,0.006323296383484502,0.4516,0.4516,10,0.037818752229213715
177,CA,0.5835896158776281,0.4466,0.4466,594,0.03736405074596405
177,NY,0.4102319404523039,0.4494,0.4494,399,0.03736405074596405
177,TX,0.006178443670067849,0.4184,0.4184,7,0.03736405074596405
178,CA,0.5831967795414011,0.456,0.456,594,0.03827119618654251
178,NY,0.410749297152992,0.4564,0.4564,401,0.03827119618654251
178,TX,0.006053923305606652,0.4246,0.4246,5,0.03827119618654251
179,CA,0.5832071112287905,0.475,0.475,579,0.037491150200366974
179,NY,0.4108694190404241,0.4764,0.4764,413,0.037491150200366974
179,TX,0.005923469730785315,0.4424,0.4424,8,0.037491150200366974
180,CA,0.5830560652884278,0.4802,0.4802,603,0.03734374791383743
180,NY,0.4111528839256321,0.4778,0.4778,391,0.03734374791383743
180,TX,0.0057910507859400455,0.4402,0.4402,6,0.03734374791383743
181,CA,0.5835363963042204,0.4738,0.4738,600,0.03800508379936218
181,NY,0.41082440480892535,0.473,0.473,398,0.03800508379936218
181,TX,0.005639198886854175,0.4368,0.4368,2,0.03800508379936218
182,CA,0.5837492163767911,0.4702,0.4702,585,0.038766004145145416
182,NY,0.4107511527596954,0.465,0.465,409,0.038766004145145416
182,TX,0.005499630863513388,0.4368,0.4368,6,0.038766004145145416
183,CA,0.5846716763936458,0.4692,0.4692,562,0.043222375214099884
183,NY,0.40994514007819033,0.4712,0.4712,435,0.043222375214099884
183,TX,0.005383183528163875,0.4328,0.4328,3,0.043222375214099884
184,CA,0.5844234824172786,0.5,0.5,598,0.03854920715093613
184,NY,0.41032893306823837,0.4952,0.4952,395,0.03854920715093613
184,TX,0.005247584514483012,0.4616,0.4616,7,0.03854920715093613
185,CA,0.5852705976662301,0.4818,0.4818,574,0.038963526487350464
185,NY,0.4096087443899189,0.4792,0.4792,416,0.038963526487350464
185,TX,0.005120657943850963,0.4442,0.4442,10,0.038963526487350464
186,CA,0.5857677054384594,0.484,0.484,599,0.0369919091463089
186,NY,0.4092373320395043,0.4836,0.4836,396,0.0369919091463089
186,TX,0.0049949625220363295,0.4466,0.4466,5,0.0369919091463089
187,CA,0.5859060908235457,0.4524,0.4524,567,0.04639442265033722
187,NY,0.40922368017952065,0.4564,0.4564,429,0.04639442265033722
187,TX,0.004870228996933509,0.4192,0.4192,4,0.04639442265033722
188,CA,0.5853115896654022,0.4792,0.4792,562,0.037796132266521454
188,NY,0.4099343372355966,0.4764,0.4764,433,0.037796132266521454
188,TX,0.00475407309900103,0.4416,0.4416,5,0.037796132266521454
189,CA,0.5858369772699336,0.4784,0.4784,597,0.037135086953639984
189,NY,0.40952563522642865,0.4764,0.4764,396,0.037135086953639984
189,TX,0.004637387503637738,0.441,0.441,7,0.037135086953639984
190,CA,0.586230529544106,0.4868,0.4868,592,0.038098640739917755
190,NY,0.4092463613302569,0.4814,0.4814,400,0.038098640739917755
190,TX,0.0045231091256371,0.4492,0.4492,8,0.038098640739917755
191,CA,0.5871704442734051,0.483,0.483,624,0.03813575953245163
191,NY,0.4084137638741672,0.483,0.483,371,0.03813575953245163
191,TX,0.004415791852427521,0.4488,0.4488,5,0.03813575953245163
192,CA,0.5872302443808086,0.4728,0.4728,603,0.038161784410476685
192,NY,0.40845535858858606,0.4738,0.4738,395,0.038161784410476685
192,TX,0.00431439703060522,0.435,0.435,2,0.038161784410476685
193,CA,0.5871324270537331,0.4718,0.4718,606,0.03725093603134155
193,NY,0.40866460685970185,0.47,0.47,390,0.03725093603134155
193,TX,0.004202966086564995,0.4356,0.4356,4,0.03725093603134155
194,CA,0.5874867806803352,0.4706,0.4706,599,0.03789174556732178
194,NY,0.4084111540279489,0.4704,0.4704,396,0.03789174556732178
194,TX,0.00410206529171595,0.4346,0.4346,5,0.03789174556732178
195,CA,0.5875784201320499,0.4752,0.4752,569,0.03738972544670105
195,NY,0.4084193081320204,0.4736,0.4736,428,0.03738972544670105
195,TX,0.004002271735929905,0.438,0.438,3,0.03738972544670105
196,CA,0.5878981756070918,0.4748,0.4748,581,0.03698504716157913
196,NY,0.4081983545404216,0.4724,0.4724,417,0.03698504716157913
196,TX,0.003903469852486632,0.4404,0.4404,2,0.03698504716157913
197,CA,0.5883425662952576,0.4724,0.4724,619,0.037921614944934845
197,NY,0.40784213125536584,0.4726,0.4726,376,0.037921614944934845
197,TX,0.003815302449376592,0.437,0.437,5,0.037921614944934845
198,CA,0.5883639419522513,0.4788,0.4788,594,0.03842519223690033
198,NY,0.4079123492640266,0.477,0.477,401,0.03842519223690033
198,TX,0.0037237087837221337,0.4416,0.4416,5,0.03842519223690033
199,CA,0.588711390033576,0.4688,0.4688,571,0.03835119307041168
199,NY,0.4076564294012614,0.4672,0.4672,427,0.03835119307041168
199,TX,0.0036321805651625895,0.4358,0.4358,2,0.03835119307041168
200,CA,0.5890210239834589,0.4762,0.4762,571,0.03676875680685043
200,NY,0.40742653338315354,0.4716,0.4716,427,0.03676875680685043
200,TX,0.003552442633387667,0.4392,0.4392,2,0.03676875680685043
201,CA,0.5898223714852253,0.484,0.484,594,0.03778970241546631
201,NY,0.40670951369463804,0.4756,0.4756,402,0.03778970241546631
201,TX,0.003468114820136686,0.4418,0.4418,4,0.03778970241546631
202,CA,0.5912417957684324,0.4606,0.4606,606,0.03769432753324509
202,NY,0.40538060222425737,0.463,0.463,392,0.03769432753324509
202,TX,0.003377602007310232,0.422,0.422,2,0.03769432753324509
203,CA,0.5909009382445731,0.4638,0.4638,577,0.04051937907934189
203,NY,0.4058126170752671,0.4656,0.4656,419,0.04051937907934189
203,TX,0.0032864446801597965,0.433,0.433,4,0.04051937907934189
204,CA,0.5906470382110516,0.4676,0.4676,575,0.042343489825725555
204,NY,0.4061370500211809,0.4628,0.4628,422,0.042343489825725555
204,TX,0.003215911767767555,0.4292,0.4292,3,0.042343489825725555
205,CA,0.5914824926633103,0.4656,0.4656,573,0.039194703102111816
205,NY,0.4053813106387898,0.4626,0.4626,421,0.039194703102111816
205,TX,0.0031361966978999023,0.4282,0.4282,6,0.039194703102111816
206,CA,0.5920211275458221,0.464,0.464,599,0.0389576256275177
206,NY,0.4049199238725279,0.4672,0.4672,396,0.0389576256275177
206,TX,0.0030589485816500716,0.4282,0.4282,5,0.0389576256275177
207,CA,0.5915418197163346,0.4922,0.4922,589,0.03779070824384689
207,NY,0.4054764498628279,0.4864,0.4864,409,0.03779070824384689
207,TX,0.0029817304208374857,0.4488,0.4488,2,0.03779070824384689
208,CA,0.5925270500088855,0.4672,0.4672,590,0.03751135617494583
208,NY,0.4045731202056597,0.4684,0.4684,405,0.03751135617494583
208,TX,0.0028998297854546965,0.4328,0.4328,5,0.03751135617494583
209,CA,0.5923713128777295,0.499,0.499,598,0.03812488168478012
209,NY,0.40479759111099456,0.4932,0.4932,400,0.03812488168478012
209,TX,0.002831096011276016,0.4578,0.4578,2,0.03812488168478012
210,CA,0.5933468190580922,0.4762,0.4762,598,0.03718893975019455
210,NY,0.40389536351977656,0.4762,0.4762,401,0.03718893975019455
210,TX,0.002757817422131275,0.4384,0.4384,1,0.03718893975019455
211,CA,0.5933887226641292,0.4916,0.4916,595,0.03195009380578995
211,NY,0.4039238875998753,0.486,0.486,405,0.03195009380578995
211,TX,0.0026873897359954413,0.4524,0.4524,0,0.03195009380578995
212,CA,0.594331987394924,0.493,0.493,598,0.03824719786643982
212,NY,0.40304708915669074,0.4906,0.4906,400,0.03824719786643982
212,TX,0.0026209234483852316,0.4568,0.4568,2,0.03824719786643982
213,CA,0.5947551241723564,0.4892,0.4892,607,0.037689194083213806
213,NY,0.40268567982419823,0.4814,0.4814,392,0.037689194083213806
213,TX,0.002559196003445235,0.4428,0.4428,1,0.037689194083213806
214,CA,0.5960598335851706,0.4626,0.4626,583,0.03760204464197159
214,NY,0.4014552698268984,0.4644,0.4644,414,0.03760204464197159
214,TX,0.002484896587931101,0.4296,0.4296,3,0.03760204464197159
215,CA,0.5957988740456569,0.4698,0.4698,581,0.03909887373447418
215,NY,0.4017733583550478,0.4676,0.4676,414,0.03909887373447418
215,TX,0.0024277675992953043,0.4314,0.4314,5,0.03909887373447418
216,CA,0.5961952265079521,0.4622,0.4622,615,0.038180381059646606
216,NY,0.40143886089150077,0.4602,0.4602,384,0.038180381059646606
216,TX,0.0023659126005472573,0.428,0.428,1,0.038180381059646606
217,CA,0.5965558004402782,0.4698,0.4698,602,0.03701040893793106
217,NY,0.4011322268498249,0.4676,0.4676,393,0.03701040893793106
217,TX,0.002311972709896842,0.4362,0.4362,5,0.03701040893793106
218,CA,0.5969457659564388,0.4576,0.4576,584,0.03807567059993744
218,NY,0.40079363683933966,0.4608,0.4608,415,0.03807567059993744
218,TX,0.0022605972042216075,0.4214,0.4214,1,0.03807567059993744
219,CA,0.5964544333355408,0.486,0.486,573,0.037716738879680634
219,NY,0.40134292661032234,0.4836,0.4836,425,0.037716738879680634
219,TX,0.002202640054136728,0.4468,0.4468,2,0.037716738879680634
220,CA,0.5968760087539732,0.4732,0.4732,602,0.03857491910457611
220,NY,0.40097794006582427,0.4738,0.4738,396,0.03857491910457611
220,TX,0.002146051180202599,0.4384,0.4384,2,0.03857491910457611
221,CA,0.5968087992262621,0.4688,0.4688,602,0.03689611703157425
221,NY,0.4010960796576326,0.4686,0.4686,397,0.03689611703157425
221,TX,0.00209512111610537,0.434,0.434,1,0.03689611703157425
222,CA,0.5968710258877806,0.4806,0.4806,638,0.03928067535161972
222,NY,0.4010832790300989,0.4816,0.4816,360,0.03928067535161972
222,TX,0.002045695082120478,0.4428,0.4428,2,0.03928067535161972
223,CA,0.5967405393735263,0.4754,0.4754,608,0.03835257142782211
223,NY,0.40126642833665094,0.4752,0.4752,391,0.03835257142782211
223,TX,0.001993032289822764,0.4404,0.4404,1,0.03835257142782211
224,CA,0.5968012183772705,0.4774,0.4774,627,0.0385286882519722
224,NY,0.40125283095092246,0.475,0.475,370,0.0385286882519722
224,TX,0.0019459506718070923,0.4402,0.4402,3,0.0385286882519722
225,CA,0.5972197638285431,0.475,0.475,607,0.0385134220123291
225,NY,0.4008819529491107,0.4782,0.4782,389,0.0385134220123291
225,TX,0.0018982832223461514,0.4414,0.4414,4,0.0385134220123291
226,CA,0.5967265885467664,0.4662,0.4662,585,0.216885045170784
226,NY,0.4014199023447115,0.465,0.465,412,0.216885045170784
226,TX,0.0018535091085220114,0.4316,0.4316,3,0.216885045170784
227,CA,0.5969488199865628,0.4948,0.4948,599,0.03886331617832184
227,NY,0.401240736797251,0.4888,0.4888,400,0.03886331617832184
227,TX,0.0018104432161863827,0.4572,0.4572,1,0.03886331617832184
228,CA,0.5979390583831657,0.4832,0.4832,609,0.037169478833675385
228,NY,0.40029311036777854,0.485,0.485,387,0.037169478833675385
228,TX,0.0017678312490557197,0.4472,0.4472,4,0.037169478833675385
229,CA,0.5976743579225031,0.4774,0.4774,630,0.03748615086078644
229,NY,0.4006014829565369,0.4778,0.4778,369,0.03748615086078644
229,TX,0.0017241591209598887,0.44,0.44,1,0.03748615086078644
230,CA,0.597635622428099,0.5048,0.5048,624,0.037845008075237274
230,NY,0.40068397400908273,0.497,0.497,374,0.037845008075237274
230,TX,0.0016804035628181933,0.4604,0.4604,2,0.037845008075237274
231,CA,0.598909197948299,0.4788,0.4788,607,0.03829311579465866
231,NY,0.3994565044537287,0.476,0.476,392,0.03829311579465866
231,TX,0.0016342975979722683,0.4406,0.4406,1,0.03829311579465866
232,CA,0.5993878442348519,0.4596,0.4596,570,0.037532731890678406
232,NY,0.3990188025572799,0.4594,0.4594,429,0.037532731890678406
232,TX,0.0015933532078681748,0.4186,0.4186,1,0.037532731890678406
233,CA,0.5994474486146488,0.4672,0.4672,598,0.037862829864025116
233,NY,0.39900380129443164,0.464,0.464,401,0.037862829864025116
233,TX,0.0015487500909194905,0.4336,0.4336,1,0.037862829864025116
234,CA,0.5999908632540654,0.4786,0.4786,601,0.037049390375614166
234,NY,0.39849448238453633,0.4782,0.4782,398,0.037049390375614166
234,TX,0.00151465436139829,0.4432,0.4432,1,0.037049390375614166
235,CA,0.6000773142236435,0.4812,0.4812,592,0.032446861267089844
235,NY,0.39844408159568406,0.4788,0.4788,408,0.032446861267089844
235,TX,0.0014786041806724322,0.4416,0.4416,0,0.032446861267089844
236,CA,0.6004887286739141,0.4684,0.4684,612,0.03704316169023514
236,NY,0.39807121111366844,0.4678,0.4678,386,0.03704316169023514
236,TX,0.0014400602124175316,0.4292,0.4292,2,0.03704316169023514
237,CA,0.6006095103658198,0.4616,0.4616,618,0.03884926438331604
237,NY,0.397988590950867,0.462,0.462,380,0.03884926438331604
237,TX,0.0014018986833131202,0.4236,0.4236,2,0.03884926438331604
238,CA,0.6005659868826237,0.4578,0.4578,591,0.03204412758350372
238,NY,0.398068661213296,0.4602,0.4602,409,0.03204412758350372
238,TX,0.0013653519040802997,0.425,0.425,0,0.03204412758350372
239,CA,0.6001910913202373,0.462,0.462,610,0.037388354539871216
239,NY,0.39847510985199625,0.4604,0.4604,387,0.037388354539871216
239,TX,0.0013337988277664858,0.4282,0.4282,3,0.037388354539871216
240,CA,0.600471465730816,0.456,0.456,611,0.040263257920742035
240,NY,0.398224962888102,0.4588,0.4588,387,0.040263257920742035
240,TX,0.0013035713810819844,0.4186,0.4186,2,0.040263257920742035
241,CA,0.6000320426798464,0.4772,0.4772,610,0.03703000396490097
241,NY,0.39869879997896146,0.475,0.475,387,0.03703000396490097
241,TX,0.0012691573411919435,0.442,0.442,3,0.03703000396490097
242,CA,0.6004067122785158,0.472,0.472,611,0.03778834640979767
242,NY,0.39835359936159287,0.4676,0.4676,387,0.03778834640979767
242,TX,0.0012396883598911831,0.429,0.429,2,0.03778834640979767
243,CA,0.6011442830044338,0.5282,0.5282,635,0.03825737535953522
243,NY,0.39765076394752114,0.5136,0.5136,364,0.03825737535953522
243,TX,0.0012049530480451917,0.485,0.485,1,0.03825737535953522
244,CA,0.6034574001872979,0.4894,0.4894,587,0.03236996382474899
244,NY,0.39536720362148986,0.4828,0.4828,413,0.03236996382474899
244,TX,0.0011753961912121787,0.4544,0.4544,0,0.03236996382474899
245,CA,0.6045332381603222,0.5034,0.5034,565,0.04165063798427582
245,NY,0.39431694050645366,0.501,0.501,433,0.04165063798427582
245,TX,0.0011498213332239394,0.4596,0.4596,2,0.04165063798427582
246,CA,0.604934296977285,0.4834,0.4834,625,0.03894239664077759
246,NY,0.39394863995218127,0.4798,0.4798,374,0.03894239664077759
246,TX,0.0011170630705337318,0.4462,0.4462,1,0.03894239664077759
247,CA,0.6055301812309302,0.4802,0.4802,626,0.031337983906269073
247,NY,0.3933796961178733,0.4818,0.4818,374,0.031337983906269073
247,TX,0.0010901226511965472,0.443,0.443,0,0.031337983906269073
248,CA,0.6052893842772626,0.4744,0.4744,607,0.037568651139736176
248,NY,0.3936483123562467,0.47,0.47,392,0.037568651139736176
248,TX,0.0010623033664907589,0.4346,0.4346,1,0.037568651139736176
249,CA,0.6060186833093438,0.4622,0.4622,577,0.03866185247898102
249,NY,0.3929464437810358,0.4624,0.4624,420,0.03866185247898102
249,TX,0.0010348729096202722,0.4264,0.4264,3,0.03866185247898102
250,CA,0.606001466916837,0.4644,0.4644,612,0.03246619552373886
250,NY,0.39298902632449456,0.465,0.465,388,0.03246619552373886
250,TX,0.0010095067586684704,0.43,0.43,0,0.03246619552373886
251,CA,0.6059182725740073,0.4734,0.4734,617,0.03210173547267914
251,NY,0.3930960701722664,0.4734,0.4734,383,0.03210173547267914
251,TX,0.0009856572537262605,0.4386,0.4386,0,0.03210173547267914
252,CA,0.6059323787293106,0.4422,0.4422,615,0.032212480902671814
252,NY,0.39310522169395823,0.4422,0.4422,385,0.032212480902671814
252,TX,0.0009623995767311703,0.4076,0.4076,0,0.032212480902671814
253,CA,0.6059463694542588,0.4604,0.4604,580,0.03132063150405884
253,NY,0.3931142983289517,0.464,0.464,420,0.03132063150405884
253,TX,0.0009393322167896955,0.4254,0.4254,0,0.03132063150405884
254,CA,0.6053733561118639,0.4806,0.4806,602,0.03690563142299652
254,NY,0.3937106907329404,0.4782,0.4782,397,0.03690563142299652
254,TX,0.0009159531551957941,0.4468,0.4468,1,0.03690563142299652
255,CA,0.6057726214253346,0.4574,0.4574,555,0.03731437772512436
255,NY,0.3933317450191712,0.4584,0.4584,444,0.03731437772512436
255,TX,0.000895633555494002,0.423,0.423,1,0.03731437772512436
256,CA,0.6056219755765774,0.4928,0.4928,592,0.03260350972414017
256,NY,0.3935037485861192,0.4858,0.4858,408,0.03260350972414017
256,TX,0.0008742758373033946,0.4512,0.4512,0,0.03260350972414017
257,CA,0.6067563498662033,0.4822,0.4822,624,0.03703407198190689
257,NY,0.3923921458766841,0.4804,0.4804,375,0.03703407198190689
257,TX,0.0008515042571126154,0.4448,0.4448,1,0.03703407198190689
258,CA,0.6070586718515498,0.47,0.47,622,0.03212632238864899
258,NY,0.39211089613129196,0.4736,0.4736,378,0.03212632238864899
258,TX,0.0008304320171581281,0.43,0.43,0,0.03212632238864899
259,CA,0.6064899814838389,0.468,0.468,626,0.03378606587648392
259,NY,0.3927029400657042,0.4648,0.4648,374,0.03378606587648392
259,TX,0.0008070784504568048,0.427,0.427,0,0.03378606587648392
260,CA,0.6070232934693229,0.479,0.479,606,0.03755094110965729
260,NY,0.39219147922306474,0.4762,0.4762,393,0.03755094110965729
260,TX,0.000785227307612308,0.443,0.443,1,0.03755094110965729
261,CA,0.6074859539194988,0.499,0.499,608,0.032089799642562866
261,NY,0.3917473478945396,0.4928,0.4928,392,0.032089799642562866
261,TX,0.0007666981859615412,0.461,0.461,0,0.032089799642562866
262,CA,0.6084837081133737,0.4702,0.4702,596,0.03181115537881851
262,NY,0.3907678023515488,0.4714,0.4714,404,0.03181115537881851
262,TX,0.0007484895350775477,0.4366,0.4366,0,0.03181115537881851
263,CA,0.6083000959383018,0.459,0.459,577,0.038460880517959595
263,NY,0.3909687412291473,0.4618,0.4618,422,0.038460880517959595
263,TX,0.0007311628325508103,0.4246,0.4246,1,0.038460880517959595
264,CA,0.6078544913201658,0.4536,0.4536,602,0.03218906372785568
264,NY,0.3914321080313653,0.4546,0.4546,398,0.03218906372785568
264,TX,0.0007134006484689203,0.4188,0.4188,0,0.03218906372785568
265,CA,0.6077012257910966,0.4946,0.4946,603,0.03246445208787918
265,NY,0.39160262834418136,0.4898,0.4898,397,0.03246445208787918
265,TX,0.0006961458647221331,0.4582,0.4582,0,0.03246445208787918
266,CA,0.6084767964900442,0.481,0.481,618,0.03197246044874191
266,NY,0.39084314501044914,0.4824,0.4824,382,0.03197246044874191
266,TX,0.0006800584995066402,0.447,0.447,0,0.03197246044874191
267,CA,0.6082615604409687,0.465,0.465,630,0.038832150399684906
267,NY,0.3910742285101474,0.4644,0.4644,369,0.038832150399684906
267,TX,0.00066421104888403,0.4316,0.4316,1,0.038832150399684906
268,CA,0.6083682134874825,0.4836,0.4836,635,0.03826674818992615
268,NY,0.3909826047607064,0.4834,0.4834,364,0.03826674818992615
268,TX,0.0006491817518111612,0.4436,0.4436,1,0.03826674818992615
269,CA,0.6084109301152673,0.478,0.478,632,0.033860184252262115
269,NY,0.39095734665771675,0.47,0.47,368,0.033860184252262115
269,TX,0.0006317232270159048,0.44,0.44,0,0.033860184252262115
270,CA,0.6097110685328007,0.474,0.474,627,0.0383678674697876
270,NY,0.38967213486184266,0.4712,0.4712,372,0.0383678674697876
270,TX,0.0006167966053566704,0.4386,0.4386,1,0.0383678674697876
271,CA,0.6101717674982935,0.4744,0.4744,619,0.03265192359685898
271,NY,0.3892257941977435,0.4746,0.4746,381,0.03265192359685898
271,TX,0.0006024383039630075,0.4314,0.4314,0,0.03265192359685898
272,CA,0.6101502730629916,0.5018,0.5018,606,0.037324413657188416
272,NY,0.38926487899133005,0.4916,0.4916,393,0.037324413657188416
272,TX,0.0005848479456782507,0.4598,0.4598,1,0.037324413657188416
273,CA,0.6117777147784119,0.4838,0.4838,586,0.03865164518356323
273,NY,0.38765227706407235,0.4826,0.4826,411,0.03865164518356323
273,TX,0.0005700081575157773,0.4438,0.4438,3,0.03865164518356323
274,CA,0.6119789786778073,0.461,0.461,623,0.03190210461616516
274,NY,0.38746619686960165,0.462,0.462,377,0.03190210461616516
274,TX,0.0005548244525911439,0.4252,0.4252,0,0.03190210461616516
275,CA,0.611825036847832,0.4666,0.4666,600,0.03792028874158859
275,NY,0.3876338701322125,0.4672,0.4672,399,0.03792028874158859
275,TX,0.000541093019955486,0.434,0.434,1,0.03792028874158859
276,CA,0.6117353826646734,0.5112,0.5112,652,0.03270097076892853
276,NY,0.3877356294111571,0.4988,0.4988,348,0.03270097076892853
276,TX,0.0005289879241694672,0.4586,0.4586,0,0.03270097076892853
277,CA,0.6136991821052349,0.463,0.463,604,0.0404626727104187
277,NY,0.38578860327971687,0.4624,0.4624,395,0.0404626727104187
277,TX,0.0005122146150484105,0.4222,0.4222,1,0.0404626727104187
278,CA,0.6138050651648469,0.4854,0.4854,598,0.03235022723674774
278,NY,0.3856969189017566,0.4862,0.4862,402,0.03235022723674774
278,TX,0.0004980159333964998,0.4474,0.4474,0,0.03235022723674774
279,CA,0.6136854048028717,0.4746,0.4746,633,0.03693413734436035
279,NY,0.38582941427776174,0.4746,0.4746,366,0.03693413734436035
279,TX,0.0004851809193665048,0.4358,0.4358,1,0.03693413734436035
280,CA,0.6136932393256593,0.4956,0.4956,619,0.03149690479040146
280,NY,0.38583433991118016,0.4856,0.4856,381,0.03149690479040146
280,TX,0.00047242076316057725,0.4494,0.4494,0,0.03149690479040146
281,CA,0.6152895401724551,0.4722,0.4722,631,0.03243493288755417
281,NY,0.38425144155882923,0.4708,0.4708,369,0.03243493288755417
281,TX,0.00045901826871560625,0.4362,0.4362,0,0.03243493288755417
282,CA,0.6155213648160373,0.4924,0.4924,612,0.03826647996902466
282,NY,0.384030672663722,0.4872,0.4872,387,0.03826647996902466
282,TX,0.0004479625202407859,0.455,0.455,1,0.03826647996902466
283,CA,0.6163530173664039,0.475,0.475,626,0.03229706734418869
283,NY,0.38320965610102864,0.4746,0.4746,374,0.03229706734418869
283,TX,0.0004373265325674857,0.4402,0.4402,0,0.03229706734418869
284,CA,0.6164234370891312,0.499,0.499,619,0.03241109848022461
284,NY,0.38314950553284943,0.4898,0.4898,381,0.03241109848022461
284,TX,0.0004270573780194282,0.4592,0.4592,0,0.03241109848022461
285,CA,0.6178834277542953,0.515,0.515,601,0.03204768896102905
285,NY,0.381699869058803,0.5044,0.5044,399,0.03204768896102905
285,TX,0.0004167031869017166,0.4648,0.4648,0,0.03204768896102905
286,CA,0.6195465676411306,0.465,0.465,617,0.03168279677629471
286,NY,0.380049452299682,0.4656,0.4656,383,0.03168279677629471
286,TX,0.0004039800591873622,0.4304,0.4304,0,0.03168279677629471
287,CA,0.6194560585733515,0.4656,0.4656,619,0.031864188611507416
287,NY,0.3801495600897456,0.4658,0.4658,381,0.031864188611507416
287,TX,0.00039438133690302134,0.4276,0.4276,0,0.031864188611507416
288,CA,0.6194302588038358,0.4898,0.4898,651,0.031100541353225708
288,NY,0.3801856013576318,0.4816,0.4816,349,0.031100541353225708
288,TX,0.00038413983853219423,0.4432,0.4432,0,0.031100541353225708
289,CA,0.6207366569085607,0.5308,0.5308,626,0.0378212109208107
289,NY,0.3788904340819089,0.521,0.521,373,0.0378212109208107
289,TX,0.00037290900953028795,0.4852,0.4852,1,0.0378212109208107
290,CA,0.622252912997794,0.502,0.502,618,0.030903562903404236
290,NY,0.3773844025748834,0.4916,0.4916,382,0.030903562903404236
290,TX,0.0003626844273226045,0.4546,0.4546,0,0.030903562903404236
291,CA,0.6238903089718538,0.4746,0.4746,631,0.037817247211933136
291,NY,0.3757575279182266,0.4726,0.4726,368,0.037817247211933136
291,TX,0.00035216310991947577,0.4332,0.4332,1,0.037817247211933136
292,CA,0.6242146053530844,0.464,0.464,635,0.03252404183149338
292,NY,0.37544294074672363,0.4662,0.4662,365,0.03252404183149338
292,TX,0.00034245390019206536,0.433,0.433,0,0.03252404183149338
293,CA,0.6238671495333658,0.486,0.486,618,0.03724505752325058
293,NY,0.375797834564349,0.4836,0.4836,381,0.03724505752325058
293,TX,0.00033501590228523977,0.4524,0.4524,1,0.03724505752325058
294,CA,0.6242507618503182,0.4654,0.4654,634,0.03157387673854828
294,NY,0.37542159596264735,0.464,0.464,366,0.03157387673854828
294,TX,0.00032764218703443,0.431,0.431,0,0.03157387673854828
295,CA,0.6244795449753479,0.4516,0.4516,620,0.032824814319610596
295,NY,0.37520038691917285,0.4518,0.4518,380,0.032824814319610596
295,TX,0.00032006810547948676,0.4168,0.4168,0,0.032824814319610596
296,CA,0.6244520556170611,0.5134,0.5134,633,0.0370914563536644
296,NY,0.37523556319655704,0.503,0.503,366,0.0370914563536644
296,TX,0.0003123811863820574,0.4694,0.4694,1,0.0370914563536644
297,CA,0.626072129829088,0.4746,0.4746,615,0.03320695459842682
297,NY,0.3736237841557876,0.4706,0.4706,385,0.03320695459842682
297,TX,0.000304086015124299,0.4356,0.4356,0,0.03320695459842682
298,CA,0.6267123379838558,0.494,0.494,629,0.03282476216554642
298,NY,0.3729913156944807,0.4876,0.4876,371,0.03282476216554642
298,TX,0.0002963463216635264,0.4518,0.4518,0,0.03282476216554642
299,CA,0.6277205774961988,0.5008,0.5008,608,0.031387075781822205
299,NY,0.3719909835865946,0.4956,0.4956,392,0.031387075781822205
299,TX,0.0002884389172065787,0.4526,0.4526,0,0.031387075781822205
300,CA,0.6285365089616723,0.4906,0.4906,657,0.032080285251140594
300,NY,0.3711839528032918,0.4866,0.4866,343,0.032080285251140594
300,TX,0.0002795382350357827,0.4588,0.4588,0,0.032080285251140594
301,CA,0.6291669527895399,0.4864,0.4864,647,0.03198682516813278
301,NY,0.37055919815296406,0.4824,0.4824,353,0.03198682516813278
301,TX,0.00027384905749597814,0.4502,0.4502,0,0.03198682516813278
302,CA,0.6297991883518543,0.495,0.495,629,0.03242107480764389
302,NY,0.36993336346729383,0.4934,0.4934,371,0.03242107480764389
302,TX,0.00026744818085178336,0.4578,0.4578,0,0.03242107480764389
303,CA,0.6300528288472286,0.4828,0.4828,630,0.032058291137218475
303,NY,0.3696862728399108,0.4766,0.4766,370,0.032058291137218475
303,TX,0.0002608983128605711,0.4458,0.4458,0,0.032058291137218475
304,CA,0.6310323623772134,0.4594,0.4594,619,0.03259348124265671
304,NY,0.368712853957851,0.4622,0.4622,381,0.03259348124265671
304,TX,0.00025478366493564817,0.4298,0.4298,0,0.03259348124265671
305,CA,0.6305895348754964,0.4738,0.4738,636,0.03092055767774582
305,NY,0.36916102422856933,0.473,0.473,364,0.03092055767774582
305,TX,0.00024944089593435554,0.4364,0.4364,0,0.03092055767774582
306,CA,0.6307199147169358,0.472,0.472,665,0.03087746351957321
306,NY,0.3690369240780809,0.4708,0.4708,335,0.03087746351957321
306,TX,0.000243161204983269,0.4344,0.4344,0,0.03087746351957321
307,CA,0.6309136408522414,0.4968,0.4968,633,0.03192592412233353
307,NY,0.3688493363463364,0.494,0.494,367,0.03192592412233353
307,TX,0.0002370228014220713,0.4594,0.4594,0,0.03192592412233353
308,CA,0.6313530077090648,0.4856,0.4856,629,0.032103367149829865
308,NY,0.36841573095468455,0.483,0.483,371,0.032103367149829865
308,TX,0.00023126133625062312,0.4484,0.4484,0,0.032103367149829865
309,CA,0.6317640131601698,0.4654,0.4654,639,0.032686419785022736
309,NY,0.3680103695977463,0.4662,0.4662,361,0.032686419785022736
309,TX,0.00022561724208392832,0.4316,0.4316,0,0.032686419785022736
310,CA,0.6316403995594458,0.4704,0.4704,661,0.032760269939899445
310,NY,0.3681392302716759,0.4668,0.4668,339,0.032760269939899445
310,TX,0.00022037016887824706,0.4288,0.4288,0,0.032760269939899445
311,CA,0.6322141685843063,0.4758,0.4758,615,0.03311173617839813
311,NY,0.3675715013599069,0.476,0.476,385,0.03311173617839813
311,TX,0.00021433005578667366,0.4396,0.4396,0,0.03311173617839813
312,CA,0.6321860009873277,0.4822,0.4822,669,0.032241106033325195
312,NY,0.3676049355886111,0.481,0.481,331,0.032241106033325195
312,TX,0.00020906342406124846,0.443,0.443,0,0.032241106033325195
313,CA,0.6323777029938108,0.485,0.485,633,0.0326891764998436
313,NY,0.36741870099962853,0.485,0.485,367,0.0326891764998436
313,TX,0.0002035960065606413,0.4498,0.4498,0,0.0326891764998436
314,CA,0.6323807548503161,0.4454,0.4454,624,0.03835354000329971
314,NY,0.3674204741632734,0.4482,0.4482,374,0.03835354000329971
314,TX,0.00019877098641055927,0.4136,0.4136,2,0.03835354000329971
315,CA,0.6319337334744554,0.4576,0.4576,644,0.031817905604839325
315,NY,0.36787200608306825,0.4588,0.4588,356,0.031817905604839325
315,TX,0.00019426044247633248,0.4248,0.4248,0,0.031817905604839325
316,CA,0.6317451657492779,0.497,0.497,618,0.03140581399202347
316,NY,0.36806500186379976,0.4868,0.4868,382,0.03140581399202347
316,TX,0.00018983238692245655,0.4506,0.4506,0,0.03140581399202347
317,CA,0.6333372118737541,0.4718,0.4718,623,0.038244180381298065
317,NY,0.3664783760914466,0.4696,0.4696,376,0.038244180381298065
317,TX,0.00018441203479926772,0.4354,0.4354,1,0.038244180381298065
318,CA,0.6336872360346331,0.4842,0.4842,658,0.032016947865486145
318,NY,0.3661328133414273,0.479,0.479,342,0.032016947865486145
318,TX,0.00017995062393969492,0.4482,0.4482,0,0.032016947865486145
319,CA,0.634503929568804,0.4654,0.4654,638,0.03186067193746567
319,NY,0.36532025830371884,0.4668,0.4668,362,0.03186067193746567
319,TX,0.0001758121274771417,0.4296,0.4296,0,0.03186067193746567
320,CA,0.6342852780554401,0.4672,0.4672,650,0.03217596560716629
320,NY,0.3655432640458642,0.4648,0.4648,350,0.03217596560716629
320,TX,0.00017145789869569847,0.4312,0.4312,0,0.03217596560716629
321,CA,0.6346674438518474,0.4668,0.4668,635,0.03229326009750366
321,NY,0.36516520446067574,0.4666,0.4666,365,0.03229326009750366
321,TX,0.0001673516874767975,0.428,0.428,0,0.03229326009750366
322,CA,0.6347018558245385,0.4644,0.4644,617,0.03088134527206421
322,NY,0.3651352104645056,0.465,0.465,383,0.03088134527206421
322,TX,0.00016293371095570152,0.4304,0.4304,0,0.03088134527206421
323,CA,0.6346093159794399,0.4866,0.4866,651,0.03205359727144241
323,NY,0.365231556459899,0.4784,0.4784,349,0.03205359727144241
323,TX,0.00015912756066110284,0.4498,0.4498,0,0.03205359727144241
324,CA,0.6358928882557187,0.4852,0.4852,653,0.03217922896146774
324,NY,0.36395160941562316,0.481,0.481,347,0.03217922896146774
324,TX,0.00015550232865827677,0.4466,0.4466,0,0.03217922896146774
325,CA,0.6365506111391178,0.461,0.461,641,0.030942276120185852
325,NY,0.3632977713408483,0.4616,0.4616,359,0.030942276120185852
325,TX,0.0001516175200338986,0.4288,0.4288,0,0.030942276120185852
326,CA,0.6364577795338612,0.4756,0.4756,628,0.032328762114048004
326,NY,0.36339396617446035,0.4704,0.4704,372,0.032328762114048004
326,TX,0.00014825429167837512,0.4366,0.4366,0,0.032328762114048004
327,CA,0.637276370680753,0.4584,0.4584,635,0.2070452943444252
327,NY,0.3625791077374869,0.4564,0.4564,365,0.2070452943444252
327,TX,0.00014452158176004681,0.4254,0.4254,0,0.2070452943444252
328,CA,0.637595486446879,0.4874,0.4874,623,0.03256950527429581
328,NY,0.3622631914072411,0.4806,0.4806,377,0.03256950527429581
328,TX,0.0001413221458798588,0.4428,0.4428,0,0.03256950527429581
329,CA,0.6386559166172832,0.4826,0.4826,632,0.03805841505527496
329,NY,0.3612067708158786,0.4784,0.4784,367,0.03805841505527496
329,TX,0.0001373125668382278,0.4472,0.4472,1,0.03805841505527496
330,CA,0.6393121880001446,0.4524,0.4524,614,0.033752501010894775
330,NY,0.3605536403105571,0.4554,0.4554,386,0.033752501010894775
330,TX,0.00013417168929837084,0.4158,0.4158,0,0.033752501010894775
331,CA,0.6388385790828365,0.4788,0.4788,639,0.032307855784893036
331,NY,0.36103072720109436,0.4752,0.4752,361,0.032307855784893036
331,TX,0.0001306937160691738,0.4432,0.4432,0,0.032307855784893036
332,CA,0.6394025588236706,0.4844,0.4844,632,0.03704410046339035
332,NY,0.3604697811235024,0.4804,0.4804,367,0.03704410046339035
332,TX,0.00012766005282704225,0.4448,0.4448,1,0.03704410046339035
333,CA,0.6400264312976739,0.4556,0.4556,622,0.0325440838932991
333,NY,0.35984919305712815,0.4586,0.4586,378,0.0325440838932991
333,TX,0.0001243756451979614,0.4194,0.4194,0,0.0325440838932991
334,CA,0.6395540834443642,0.46,0.46,656,0.038571618497371674
334,NY,0.36032472357482787,0.4634,0.4634,342,0.038571618497371674
334,TX,0.00012119298080792816,0.4302,0.4302,2,0.038571618497371674
335,CA,0.6390194550350223,0.462,0.462,654,0.038802146911621094
335,NY,0.36086192489126534,0.4628,0.4628,345,0.038802146911621094
335,TX,0.00011862007371233119,0.4276,0.4276,1,0.038802146911621094
336,CA,0.638895080687546,0.4812,0.4812,633,0.03120548278093338
336,NY,0.36098911284346147,0.4774,0.4774,367,0.03120548278093338
336,TX,0.00011580646899268435,0.4452,0.4452,0,0.03120548278093338
337,CA,0.6394891198242697,0.4618,0.4618,635,0.032206788659095764
337,NY,0.3603977832798785,0.463,0.463,365,0.032206788659095764
337,TX,0.00011309689585179653,0.4292,0.4292,0,0.032206788659095764
338,CA,0.6393015932311521,0.4758,0.4758,648,0.03245125710964203
338,NY,0.3605878645030857,0.4682,0.4682,352,0.03245125710964203
338,TX,0.00011054226576215649,0.4366,0.4366,0,0.03245125710964203
339,CA,0.6404928287469112,0.473,0.473,664,0.031108230352401733
339,NY,0.3593993646894892,0.4692,0.4692,336,0.031108230352401733
339,TX,0.0001078065635996776,0.4348,0.4348,0,0.031108230352401733
340,CA,0.6410890179428057,0.5278,0.5278,647,0.032040536403656006
340,NY,0.35880587354473276,0.513,0.513,353,0.032040536403656006
340,TX,0.00010510851246144547,0.4744,0.4744,0,0.032040536403656006
341,CA,0.6433274588338446,0.5102,0.5102,677,0.031786173582077026
341,NY,0.35657075225761004,0.504,0.504,323,0.031786173582077026
341,TX,0.00010178890854526416,0.464,0.464,0,0.031786173582077026
342,CA,0.6442725973108651,0.5054,0.5054,637,0.032741695642471313
342,NY,0.3556285827368671,0.497,0.497,363,0.032741695642471313
342,TX,9.881995226786423e-05,0.4676,0.4676,0,0.032741695642471313
343,CA,0.6455552236381044,0.5162,0.5162,639,0.031192585825920105
343,NY,0.3543482459474456,0.5068,0.5068,361,0.031192585825920105
343,TX,9.653041445005659e-05,0.4676,0.4676,0,0.031192585825920105
344,CA,0.6469785443855433,0.4578,0.4578,655,0.03229907155036926
344,NY,0.3529278133600953,0.461,0.461,345,0.03229907155036926
344,TX,9.364225436141403e-05,0.4236,0.4236,0,0.03229907155036926
345,CA,0.6464791321881819,0.4518,0.4518,669,0.030886724591255188
345,NY,0.35342949299356097,0.4546,0.4546,331,0.030886724591255188
345,TX,9.137481825719653e-05,0.4182,0.4182,0,0.030886724591255188
346,CA,0.6460401326608081,0.4662,0.4662,660,0.03190392255783081
346,NY,0.3538706678839633,0.4668,0.4668,340,0.03190392255783081
346,TX,8.919945522862376e-05,0.43,0.43,0,0.03190392255783081
347,CA,0.6459480146319068,0.4814,0.4814,653,0.03275588899850845
347,NY,0.35396500062314534,0.4766,0.4766,347,0.03275588899850845
347,TX,8.698474494786737e-05,0.4442,0.4442,0,0.03275588899850845
348,CA,0.6466911235147639,0.4704,0.4704,649,0.03374934941530228
348,NY,0.35322397849159654,0.4694,0.4694,351,0.03374934941530228
348,TX,8.489799363951759e-05,0.4334,0.4334,0,0.03374934941530228
349,CA,0.6468478931567441,0.4714,0.4714,633,0.031907737255096436
349,NY,0.3530693250936518,0.4718,0.4718,367,0.031907737255096436
349,TX,8.278174960418316e-05,0.436,0.436,0,0.031907737255096436
350,CA,0.64678710147439,0.4772,0.4772,664,0.03121369332075119
350,NY,0.35313211599167715,0.4764,0.4764,336,0.03121369332075119
350,TX,8.078253393286881e-05,0.44,0.44,0,0.03121369332075119
351,CA,0.646912135595254,0.4666,0.4666,661,0.03216371685266495
351,NY,0.35300910097618315,0.4664,0.4664,339,0.03216371685266495
351,TX,7.876342856286993e-05,0.4352,0.4352,0,0.03216371685266495
352,CA,0.6469443703249623,0.4582,0.4582,655,0.031300731003284454
352,NY,0.3529785487358842,0.4608,0.4608,345,0.031300731003284454
352,TX,7.708093915343754e-05,0.4226,0.4226,0,0.031300731003284454
353,CA,0.6465386763304685,0.4724,0.4724,635,0.03172276169061661
353,NY,0.3533861717150738,0.4722,0.4722,365,0.03172276169061661
353,TX,7.515195445784757e-05,0.4346,0.4346,0,0.03172276169061661
354,CA,0.6465709600779295,0.4628,0.4628,658,0.03174310177564621
354,NY,0.35335581364027663,0.462,0.462,342,0.03174310177564621
354,TX,7.32262817939543e-05,0.4276,0.4276,0,0.03174310177564621
355,CA,0.6466970731762309,0.4938,0.4938,651,0.032731376588344574
355,NY,0.35323144867918144,0.4868,0.4868,349,0.032731376588344574
355,TX,7.147814458775776e-05,0.4484,0.4484,0,0.032731376588344574
356,CA,0.6477707061796036,0.4946,0.4946,664,0.03190109133720398
356,NY,0.35215987300019463,0.4902,0.4902,336,0.03190109133720398
356,TX,6.942082020161276e-05,0.4532,0.4532,0,0.03190109133720398
357,CA,0.6484442176137923,0.4836,0.4836,651,0.031988732516765594
357,NY,0.3514882143231438,0.48,0.48,349,0.031988732516765594
357,TX,6.756806306390558e-05,0.4456,0.4456,0,0.031988732516765594
358,CA,0.6489988698074539,0.4716,0.4716,683,0.031165719032287598
358,NY,0.3509352364608898,0.4732,0.4732,317,0.031165719032287598
358,TX,6.58937316563095e-05,0.437,0.437,0,0.031165719032287598
359,CA,0.6487523401907113,0.4636,0.4636,660,0.03184204548597336
359,NY,0.3511833398014176,0.4662,0.4662,340,0.03184204548597336
359,TX,6.432000787123888e-05,0.428,0.428,0,0.03184204548597336
360,CA,0.6483488777291356,0.4736,0.4736,636,0.03274171054363251
360,NY,0.3515884057841972,0.4688,0.4688,364,0.03274171054363251
360,TX,6.27164866672658e-05,0.438,0.438,0,0.03274171054363251
361,CA,0.649093228143583,0.4654,0.4654,634,0.03159601241350174
361,NY,0.35084550024397543,0.4666,0.4666,366,0.03159601241350174
361,TX,6.127161244168363e-05,0.4312,0.4312,0,0.03159601241350174
362,CA,0.6489077225844443,0.4822,0.4822,653,0.03285452723503113
362,NY,0.35103245288294577,0.4802,0.4802,347,0.03285452723503113
362,TX,5.982453260987572e-05,0.444,0.444,0,0.03285452723503113
363,CA,0.6492162339770603,0.4772,0.4772,633,0.032192446291446686
363,NY,0.3507254556086632,0.4714,0.4714,367,0.032192446291446686
363,TX,5.831041427660783e-05,0.436,0.436,0,0.032192446291446686
364,CA,0.6501125416700153,0.468,0.468,643,0.032161884009838104
364,NY,0.3498306959703231,0.4688,0.4688,357,0.032161884009838104
364,TX,5.6762359661733775e-05,0.4306,0.4306,0,0.032161884009838104
365,CA,0.6499895653956168,0.473,0.473,620,0.03267303854227066
365,NY,0.34995512883393615,0.4726,0.4726,380,0.03267303854227066
365,TX,5.530577044716664e-05,0.437,0.437,0,0.03267303854227066
366,CA,0.6500522197760149,0.4726,0.4726,653,0.03350238502025604
366,NY,0.3498938209212696,0.4694,0.4694,347,0.03350238502025604
366,TX,5.395930271545216e-05,0.4304,0.4304,0,0.03350238502025604
367,CA,0.6505478560053252,0.4818,0.4818,649,0.03236173838376999
367,NY,0.3493996910301616,0.4782,0.4782,351,0.03236173838376999
367,TX,5.245296451315031e-05,0.4452,0.4452,0,0.03236173838376999
368,CA,0.6511013926647872,0.5002,0.5002,663,0.03244490921497345
368,NY,0.3488474064139558,0.485,0.485,337,0.03244490921497345
368,TX,5.120092125703625e-05,0.4582,0.4582,0,0.03244490921497345
369,CA,0.6534118236915143,0.4804,0.4804,659,0.03233819454908371
369,NY,0.34653823222214625,0.4766,0.4766,341,0.03233819454908371
369,TX,4.994408633947584e-05,0.4416,0.4416,0,0.03233819454908371
370,CA,0.6539944208261926,0.4968,0.4968,629,0.03205239772796631
370,NY,0.3459569007144739,0.4878,0.4878,371,0.03205239772796631
370,TX,4.867845933337192e-05,0.45,0.45,0,0.03205239772796631
371,CA,0.6553586817375611,0.4872,0.4872,656,0.03261725604534149
371,NY,0.34459406344760024,0.48,0.48,344,0.03261725604534149
371,TX,4.72548148387255e-05,0.4486,0.4486,0,0.03261725604534149
372,CA,0.6564546419844451,0.504,0.504,633,0.032212890684604645
372,NY,0.3434992527172223,0.492,0.492,367,0.032212890684604645
372,TX,4.610529833257591e-05,0.4612,0.4612,0,0.032212890684604645
373,CA,0.6582595881730605,0.4866,0.4866,672,0.03135767579078674
373,NY,0.34169549540696753,0.4848,0.4848,328,0.03135767579078674
373,TX,4.491641997192589e-05,0.4492,0.4492,0,0.03135767579078674
374,CA,0.6585327874794547,0.49,0.49,659,0.03248728811740875
374,NY,0.34142340793861314,0.4852,0.4852,341,0.03248728811740875
374,TX,4.3804581932249394e-05,0.4494,0.4494,0,0.03248728811740875
375,CA,0.659258684750666,0.4534,0.4534,626,0.031684160232543945
375,NY,0.3406986572988993,0.4566,0.4566,374,0.031684160232543945
375,TX,4.26579504347791e-05,0.4166,0.4166,0,0.031684160232543945
376,CA,0.6587652381806651,0.4904,0.4904,662,0.031968533992767334
376,NY,0.34119321508610617,0.4822,0.4822,338,0.031968533992767334
376,TX,4.154673322868354e-05,0.4468,0.4468,0,0.031968533992767334
377,CA,0.6600050041753711,0.509,0.509,663,0.03200678527355194
377,NY,0.3399545885933149,0.4952,0.4952,337,0.03200678527355194
377,TX,4.040723131400105e-05,0.464,0.464,0,0.03200678527355194
378,CA,0.6620641120355725,0.48,0.48,652,0.03221898525953293
378,NY,0.33789656341552887,0.4796,0.4796,348,0.03221898525953293
378,TX,3.9324548898707884e-05,0.4446,0.4446,0,0.03221898525953293
379,CA,0.6621252023527358,0.5066,0.5066,677,0.031178228557109833
379,NY,0.337836410157279,0.491,0.491,323,0.031178228557109833
379,TX,3.838748998530731e-05,0.4612,0.4612,0,0.031178228557109833
380,CA,0.6644502891742351,0.4738,0.4738,682,0.032854922115802765
380,NY,0.335512349369759,0.4712,0.4712,318,0.032854922115802765
380,TX,3.7361456005916536e-05,0.4336,0.4336,0,0.032854922115802765
381,CA,0.664844483597045,0.5022,0.5022,655,0.032099753618240356
381,NY,0.3351191524734059,0.4958,0.4958,345,0.032099753618240356
381,TX,3.636392954913141e-05,0.4676,0.4676,0,0.032099753618240356
382,CA,0.6657956294150652,0.467,0.467,690,0.031134694814682007
382,NY,0.33416879339655015,0.4646,0.4646,310,0.031134694814682007
382,TX,3.557718838466143e-05,0.428,0.428,0,0.031134694814682007
383,CA,0.6661604476725508,0.4834,0.4834,661,0.033054523169994354
383,NY,0.33380490197785945,0.4812,0.4812,339,0.033054523169994354
383,TX,3.4650349589806934e-05,0.4444,0.4444,0,0.033054523169994354
384,CA,0.6664910073297743,0.4576,0.4576,666,0.03286292403936386
384,NY,0.3334752365693367,0.46,0.46,334,0.03286292403936386
384,TX,3.375610088888412e-05,0.4242,0.4242,0,0.03286292403936386
385,CA,0.6661257655299784,0.488,0.488,660,0.031669773161411285
385,NY,0.33384126994394836,0.483,0.483,340,0.031669773161411285
385,TX,3.296452607328095e-05,0.4496,0.4496,0,0.031669773161411285
386,CA,0.6668744181967572,0.4538,0.4538,658,0.03213861584663391
386,NY,0.33309343188217777,0.4562,0.4562,342,0.03213861584663391
386,TX,3.214992106505258e-05,0.4184,0.4184,0,0.03213861584663391
387,CA,0.6665084363286939,0.4862,0.4862,639,0.032083794474601746
387,NY,0.33346021381445995,0.4842,0.4842,361,0.032083794474601746
387,TX,3.1349856846054796e-05,0.442,0.442,0,0.032083794474601746
388,CA,0.6668082829423534,0.4526,0.4526,676,0.031047619879245758
388,NY,0.33316128587010785,0.453,0.453,324,0.031047619879245758
388,TX,3.0431187538695104e-05,0.4184,0.4184,0,0.031047619879245758
389,CA,0.6667475918513976,0.4798,0.4798,662,0.03148667514324188
389,NY,0.3332226961371947,0.4804,0.4804,338,0.03148667514324188
389,TX,2.9712011407675795e-05,0.4404,0.4404,0,0.03148667514324188
390,CA,0.6666580480414964,0.467,0.467,668,0.03186658024787903
390,NY,0.3333130349199879,0.4668,0.4668,332,0.03186658024787903
390,TX,2.8917038515554967e-05,0.4308,0.4308,0,0.03186658024787903
391,CA,0.6666888190724747,0.4618,0.4618,664,0.03213932365179062
391,NY,0.33328297615013147,0.4602,0.4602,336,0.03213932365179062
391,TX,2.820477739380851e-05,0.4286,0.4286,0,0.03213932365179062
392,CA,0.6669325378660712,0.4604,0.4604,666,0.31106849759817123
392,NY,0.33303988785915567,0.4626,0.4626,334,0.31106849759817123
392,TX,2.7574274773215178e-05,0.4274,0.4274,0,0.31106849759817123
393,CA,0.6665985184201834,0.4714,0.4714,668,0.03525736182928085
393,NY,0.3333745438864413,0.4696,0.4696,332,0.03525736182928085
393,TX,2.6937693375261737e-05,0.4376,0.4376,0,0.03525736182928085
394,CA,0.666870897914908,0.472,0.472,655,0.03313946723937988
394,NY,0.33310277243189484,0.4724,0.4724,345,0.03313946723937988
394,TX,2.6329653197155092e-05,0.4368,0.4368,0,0.03313946723937988
395,CA,0.6668109599876951,0.4558,0.4558,663,0.032505422830581665
395,NY,0.33316334229115163,0.4588,0.4588,337,0.032505422830581665
395,TX,2.5697721153229172e-05,0.4194,0.4194,0,0.032505422830581665
396,CA,0.6663538980492434,0.4924,0.4924,676,0.03261091560125351
396,NY,0.3336210639348353,0.4858,0.4858,324,0.03261091560125351
396,TX,2.5038015921262338e-05,0.453,0.453,0,0.03261091560125351
397,CA,0.6673389364302801,0.47,0.47,690,0.03465750813484192
397,NY,0.3326366505328269,0.4656,0.4656,310,0.03465750813484192
397,TX,2.441303689296433e-05,0.4266,0.4266,0,0.03465750813484192
398,CA,0.6680045146744623,0.4768,0.4768,671,0.033092059195041656
398,NY,0.33197176942473394,0.4768,0.4768,329,0.033092059195041656
398,TX,2.3715900803718143e-05,0.4416,0.4416,0,0.033092059195041656
399,CA,0.6680048922816463,0.4676,0.4676,671,0.0327577218413353
399,NY,0.33197195708053906,0.4666,0.4666,329,0.0327577218413353
399,TX,2.315063781472493e-05,0.4294,0.4294,0,0.0327577218413353
400,CA,0.6681564322690496,0.464,0.464,655,0.032006166875362396
400,NY,0.33182101456342744,0.466,0.466,345,0.032006166875362396
400,TX,2.2553167522840603e-05,0.431,0.431,0,0.032006166875362396
401,CA,0.6678540286151388,0.4624,0.4624,674,0.03266634792089462
401,NY,0.33212393656526273,0.462,0.462,326,0.03266634792089462
401,TX,2.2034819598571953e-05,0.4294,0.4294,0,0.03266634792089462
402,CA,0.667915036480473,0.511,0.511,673,0.035185620188713074
402,NY,0.332063423962417,0.5016,0.5016,327,0.035185620188713074
402,TX,2.1539557110001962e-05,0.4662,0.4662,0,0.035185620188713074
403,CA,0.6692980876728458,0.4856,0.4856,697,0.031934186816215515
403,NY,0.3306809681219872,0.481,0.481,303,0.031934186816215515
403,TX,2.0944205167022577e-05,0.4486,0.4486,0,0.031934186816215515
404,CA,0.6699844462345095,0.4918,0.4918,672,0.03123036026954651
404,NY,0.32999511024856515,0.483,0.483,328,0.03123036026954651
404,TX,2.0443516925426682e-05,0.4514,0.4514,0,0.03123036026954651
405,CA,0.6712915626336106,0.466,0.466,656,0.03148377686738968
405,NY,0.32868850868361554,0.4666,0.4666,344,0.03148377686738968
405,TX,1.9928682774012617e-05,0.4296,0.4296,0,0.03148377686738968
406,CA,0.6712016016106135,0.4752,0.4752,669,0.032333582639694214
406,NY,0.3287789671295705,0.475,0.475,331,0.032333582639694214
406,TX,1.9431259815932204e-05,0.439,0.439,0,0.032333582639694214
407,CA,0.6712318412625672,0.4908,0.4908,704,0.03181491047143936
407,NY,0.3287492034482324,0.4842,0.4842,296,0.03181491047143936
407,TX,1.8955289200500167e-05,0.445,0.445,0,0.03181491047143936
408,CA,0.6722105835222608,0.4686,0.4686,689,0.03139469772577286
408,NY,0.32777101673826603,0.468,0.468,311,0.03139469772577286
408,TX,1.8399739473093467e-05,0.4378,0.4378,0,0.03139469772577286
409,CA,0.6723008718547875,0.4464,0.4464,656,0.030863188207149506
409,NY,0.3276811118720601,0.4474,0.4474,344,0.030863188207149506
409,TX,1.8016273152494186e-05,0.4112,0.4112,0,0.030863188207149506
410,CA,0.6721488916020295,0.495,0.495,662,0.0314478799700737
410,NY,0.3278335345475842,0.4892,0.4892,338,0.0314478799700737
410,TX,1.7573850386354737e-05,0.4584,0.4584,0,0.0314478799700737
411,CA,0.673005151195538,0.4684,0.4684,655,0.0322200208902359
411,NY,0.3269776833506625,0.4648,0.4648,345,0.0322200208902359
411,TX,1.716545379959799e-05,0.4312,0.4312,0,0.0322200208902359
412,CA,0.6735453811095526,0.466,0.466,678,0.03149785101413727
412,NY,0.3264378748711854,0.468,0.468,322,0.03149785101413727
412,TX,1.6744019261932413e-05,0.4314,0.4314,0,0.03149785101413727
413,CA,0.67324582051642,0.4878,0.4878,664,0.031056538224220276
413,NY,0.32673783792175903,0.4856,0.4856,336,0.031056538224220276
413,TX,1.6341561820924142e-05,0.4508,0.4508,0,0.031056538224220276
414,CA,0.6735715270203394,0.484,0.484,647,0.03309112787246704
414,NY,0.32641253010586196,0.4772,0.4772,353,0.03309112787246704
414,TX,1.594287379870563e-05,0.4472,0.4472,0,0.03309112787246704
415,CA,0.6745807579748013,0.4638,0.4638,685,0.033437080681324005
415,NY,0.325403671205003,0.4656,0.4656,315,0.033437080681324005
415,TX,1.5570820195687438e-05,0.4292,0.4292,0,0.033437080681324005
416,CA,0.674311186504167,0.4716,0.4716,674,0.03165329992771149
416,NY,0.32567361680003987,0.4696,0.4696,326,0.03165329992771149
416,TX,1.5196695793018088e-05,0.442,0.442,0,0.03165329992771149
417,CA,0.6746099829166946,0.4758,0.4758,692,0.03242745250463486
417,NY,0.3253751194578897,0.4744,0.4744,308,0.03242745250463486
417,TX,1.4897625415817113e-05,0.442,0.442,0,0.03242745250463486
418,CA,0.674818504810037,0.463,0.463,712,0.0328013077378273
418,NY,0.32516693426297405,0.463,0.463,288,0.0328013077378273
418,TX,1.4560926988965636e-05,0.4292,0.4292,0,0.0328013077378273
419,CA,0.6748187318218869,0.4652,0.4652,652,0.03246649354696274
419,NY,0.3251670436505305,0.466,0.466,348,0.03246649354696274
419,TX,1.4224527582613591e-05,0.4308,0.4308,0,0.03246649354696274
420,CA,0.6746991701229552,0.4652,0.4652,646,0.03184715658426285
420,NY,0.3252869417743295,0.465,0.465,354,0.03184715658426285
420,TX,1.3888102715220144e-05,0.4296,0.4296,0,0.03184715658426285
421,CA,0.6747293569418925,0.4842,0.4842,659,0.03169211745262146
421,NY,0.32525709178868906,0.4816,0.4816,341,0.03169211745262146
421,TX,1.3551269418404708e-05,0.4446,0.4446,0,0.03169211745262146
422,CA,0.675114268083081,0.4834,0.4834,674,0.03397475183010101
422,NY,0.32487253468516714,0.4792,0.4792,326,0.03397475183010101
422,TX,1.3197231751941543e-05,0.4472,0.4472,0,0.03397475183010101
423,CA,0.6757360429019733,0.4844,0.4844,673,0.03191926330327988
423,NY,0.3242510700656363,0.4852,0.4852,327,0.03191926330327988
423,TX,1.2887032390550461e-05,0.4422,0.4422,0,0.03191926330327988
424,CA,0.6756182252499483,0.5148,0.5148,685,0.03163687139749527
424,NY,0.3243692562660742,0.5052,0.5052,315,0.03163687139749527
424,TX,1.2518483977467941e-05,0.4776,0.4776,0,0.03163687139749527
425,CA,0.6770101499607862,0.467,0.467,666,0.03133759647607803
425,NY,0.3229776138228641,0.467,0.467,334,0.03133759647607803
425,TX,1.2236216349597616e-05,0.433,0.433,0,0.03133759647607803
426,CA,0.6770103419563763,0.4626,0.4626,683,0.03199070692062378
426,NY,0.3229777054171741,0.4642,0.4642,317,0.03199070692062378
426,TX,1.195262644965288e-05,0.431,0.431,0,0.03199070692062378
427,CA,0.6767714005507416,0.4722,0.4722,649,0.03276899456977844
427,NY,0.3232169091909812,0.4736,0.4736,351,0.03276899456977844
427,TX,1.169025827733366e-05,0.4392,0.4392,0,0.03276899456977844
428,CA,0.6765636254374942,0.4648,0.4648,677,0.03231533616781235
428,NY,0.3234249498549946,0.4664,0.4664,323,0.03231533616781235
428,TX,1.1424707511231575e-05,0.4248,0.4248,0,0.03231533616781235
429,CA,0.6763249065094576,0.4486,0.4486,672,0.03129646182060242
429,NY,0.32366398468404717,0.4538,0.4538,328,0.03129646182060242
429,TX,1.1108806495291814e-05,0.4168,0.4168,0,0.03129646182060242
430,CA,0.6755401963590838,0.502,0.502,651,0.03200451284646988
430,NY,0.32444895130361096,0.4928,0.4928,349,0.03200451284646988
430,TX,1.0852337305262162e-05,0.464,0.464,0,0.03200451284646988
431,CA,0.6768855594691511,0.4824,0.4824,683,0.03219450265169144
431,NY,0.3231038416873101,0.4756,0.4756,317,0.03219450265169144
431,TX,1.0598843538963944e-05,0.4422,0.4422,0,0.03219450265169144
432,CA,0.6778904745689176,0.5144,0.5144,689,0.03269042819738388
432,NY,0.32209919870045994,0.5042,0.5042,311,0.03269042819738388
432,TX,1.0326730622589397e-05,0.4644,0.4644,0,0.03269042819738388
433,CA,0.679364552167371,0.4516,0.4516,690,0.20619992911815643
433,NY,0.32062544033908125,0.4542,0.4542,310,0.20619992911815643
433,TX,1.00074935476836e-05,0.4144,0.4144,0,0.20619992911815643
434,CA,0.6789748040408443,0.4512,0.4512,695,0.03207138180732727
434,NY,0.32101545052070873,0.45,0.45,305,0.03207138180732727
434,TX,9.745438446941804e-06,0.4154,0.4154,0,0.03207138180732727
435,CA,0.6791552479091519,0.456,0.456,680,0.03192920982837677
435,NY,0.32083524453890466,0.4592,0.4592,320,0.03192920982837677
435,TX,9.507551943318865e-06,0.4248,0.4248,0,0.03192920982837677
436,CA,0.67867682915304,0.4828,0.4828,688,0.03245795518159866
436,NY,0.3213138735821811,0.4778,0.4778,312,0.03245795518159866
436,TX,9.297264778873786e-06,0.4394,0.4394,0,0.03245795518159866
437,CA,0.6794131378119579,0.4998,0.4998,669,0.032143838703632355
437,NY,0.32057782725290696,0.489,0.489,331,0.032143838703632355
437,TX,9.034935135114687e-06,0.456,0.456,0,0.032143838703632355
438,CA,0.6809853504871034,0.4848,0.4848,705,0.03196491301059723
438,NY,0.3190058581361151,0.4806,0.4806,295,0.03196491301059723
438,TX,8.791376781427628e-06,0.4498,0.4498,0,0.03196491301059723
439,CA,0.6816005410193808,0.4722,0.4722,692,0.03218982368707657
439,NY,0.31839086708114467,0.4698,0.4698,308,0.03218982368707657
439,TX,8.591899474500388e-06,0.433,0.433,0,0.03218982368707657
440,CA,0.6819546622059798,0.482,0.482,688,0.03101082146167755
440,NY,0.3180369703244732,0.4796,0.4796,312,0.03101082146167755
440,TX,8.367469547117169e-06,0.4462,0.4462,0,0.03101082146167755
441,CA,0.6823062148590804,0.491,0.491,676,0.03499101102352142
441,NY,0.3176856155912356,0.486,0.486,324,0.03499101102352142
441,TX,8.16954968385056e-06,0.455,0.455,0,0.03499101102352142
442,CA,0.6830340158596724,0.4894,0.4894,705,0.03217899054288864
442,NY,0.31695800333947893,0.485,0.485,295,0.03217899054288864
442,TX,7.980800848651178e-06,0.45,0.45,0,0.03217899054288864
443,CA,0.6836743257788419,0.4652,0.4652,683,0.0334295853972435
443,NY,0.3163178972575837,0.465,0.465,317,0.0334295853972435
443,TX,7.776963574382451e-06,0.4314,0.4314,0,0.0334295853972435
444,CA,0.6837039690218986,0.4948,0.4948,682,0.03233762085437775
444,NY,0.31628843308817006,0.4878,0.4878,318,0.03233762085437775
444,TX,7.597889931255881e-06,0.4502,0.4502,0,0.03233762085437775
445,CA,0.6847182929177312,0.4836,0.4836,673,0.032976239919662476
445,NY,0.3152743249531181,0.4804,0.4804,327,0.032976239919662476
445,TX,7.382129150583555e-06,0.4492,0.4492,0,0.032976239919662476
446,CA,0.6851843493383065,0.4668,0.4668,686,0.032845817506313324
446,NY,0.3148084347926399,0.4656,0.4656,314,0.032845817506313324
446,TX,7.215869053548592e-06,0.4338,0.4338,0,0.032845817506313324
447,CA,0.6853609733490932,0.5,0.5,695,0.032725416123867035
447,NY,0.31463197130591936,0.4926,0.4926,305,0.032725416123867035
447,TX,7.055344987426759e-06,0.4544,0.4544,0,0.032725416123867035
448,CA,0.6864265812010142,0.4774,0.4774,676,0.031558744609355927
448,NY,0.31356656730022703,0.4784,0.4784,324,0.031558744609355927
448,TX,6.851498758769116e-06,0.4366,0.4366,0,0.031558744609355927
449,CA,0.6862810532801493,0.445,0.445,677,0.03238537907600403
449,NY,0.31371228584510374,0.4492,0.4492,323,0.03238537907600403
449,TX,6.660874746992462e-06,0.4122,0.4122,0,0.03238537907600403
450,CA,0.6856559565815932,0.4852,0.4852,706,0.032368145883083344
450,NY,0.3143375396679213,0.482,0.482,294,0.032368145883083344
450,TX,6.503750485542438e-06,0.4488,0.4488,0,0.032368145883083344
451,CA,0.6861207543605647,0.4688,0.4688,716,0.032317742705345154
451,NY,0.31387289698525295,0.4672,0.4672,284,0.032317742705345154
451,TX,6.348654182256191e-06,0.4386,0.4386,0,0.032317742705345154
452,CA,0.686355515406911,0.49,0.49,689,0.03240908682346344
452,NY,0.31363826434602593,0.482,0.482,311,0.03240908682346344
452,TX,6.2202470631418834e-06,0.4456,0.4456,0,0.03240908682346344
453,CA,0.6875133905269755,0.4648,0.4648,677,0.03307498246431351
453,NY,0.3124805644001701,0.4652,0.4652,323,0.03307498246431351
453,TX,6.045072854539223e-06,0.431,0.431,0,0.03307498246431351
454,CA,0.6874548255040377,0.4632,0.4632,676,0.03174883872270584
454,NY,0.31253926941515103,0.463,0.463,324,0.03174883872270584
454,TX,5.905080811167602e-06,0.4232,0.4232,0,0.03174883872270584
455,CA,0.6874843057900879,0.5008,0.5008,667,0.03213479369878769
455,NY,0.3125099503120131,0.4958,0.4958,333,0.03213479369878769
455,TX,5.743897899064774e-06,0.4622,0.4622,0,0.03213479369878769
456,CA,0.6882009241050394,0.4724,0.4724,683,0.03190042823553085
456,NY,0.3117934738945913,0.4696,0.4696,317,0.03190042823553085
456,TX,5.602000369364594e-06,0.4402,0.4402,0,0.03190042823553085
457,CA,0.6886093016492342,0.5064,0.5064,670,0.031087324023246765
457,NY,0.31138521560934135,0.495,0.495,330,0.031087324023246765
457,TX,5.482741424440718e-06,0.4602,0.4602,0,0.031087324023246765
458,CA,0.6902359403132591,0.4906,0.4906,685,0.0312788262963295
458,NY,0.30975873254213804,0.491,0.491,315,0.0312788262963295
458,TX,5.327144602864242e-06,0.4494,0.4494,0,0.0312788262963295
459,CA,0.6901786720528327,0.4732,0.4732,713,0.0353192463517189
459,NY,0.3098161484739557,0.4716,0.4716,287,0.0353192463517189
459,TX,5.1794732116938085e-06,0.4376,0.4376,0,0.0353192463517189
460,CA,0.6904110696240411,0.4534,0.4534,705,0.03257253021001816
460,NY,0.3095838743632543,0.454,0.454,295,0.03257253021001816
460,TX,5.056012704600753e-06,0.4172,0.4172,0,0.03257253021001816
461,CA,0.6903229305293346,0.461,0.461,675,0.032214052975177765
461,NY,0.3096721400180304,0.4602,0.4602,325,0.032214052975177765
461,TX,4.929452635034554e-06,0.4276,0.4276,0,0.032214052975177765
462,CA,0.6904400843441197,0.484,0.484,658,0.03232211619615555
462,NY,0.30955509807828235,0.4812,0.4812,342,0.03232211619615555
462,TX,4.817577597953994e-06,0.4478,0.4478,0,0.03232211619615555
463,CA,0.6908436639798564,0.4838,0.4838,666,0.032823048532009125
463,NY,0.3091516332129706,0.4818,0.4818,334,0.032823048532009125
463,TX,4.702807172971623e-06,0.4432,0.4432,0,0.032823048532009125
464,CA,0.6911317492869358,0.4926,0.4926,674,0.032170869410037994
464,NY,0.30886367467750453,0.4854,0.4854,326,0.032170869410037994
464,TX,4.5760355597028805e-06,0.45,0.45,0,0.032170869410037994
465,CA,0.6921630905613388,0.4714,0.4714,690,0.03273764252662659
465,NY,0.307832457373128,0.4694,0.4694,310,0.03273764252662659
465,TX,4.452065533269844e-06,0.4266,0.4266,0,0.03273764252662659
466,CA,0.6924529213893286,0.4868,0.4868,714,0.03103546053171158
466,NY,0.3075427602905755,0.4766,0.4766,286,0.03103546053171158
466,TX,4.318320095987764e-06,0.4492,0.4492,0,0.03103546053171158
467,CA,0.6939170633014367,0.5022,0.5022,688,0.03226324915885925
467,NY,0.30607871868551145,0.4918,0.4918,312,0.03226324915885925
467,TX,4.2180130519397866e-06,0.4572,0.4572,0,0.03226324915885925
468,CA,0.6953907104109123,0.452,0.452,683,0.031505659222602844
468,NY,0.30460518924179736,0.456,0.456,317,0.031505659222602844
468,TX,4.100347290402096e-06,0.42,0.42,0,0.031505659222602844
469,CA,0.6948077372685619,0.4854,0.4854,683,0.032292142510414124
469,NY,0.30518825611165207,0.4814,0.4814,317,0.032292142510414124
469,TX,4.006619786068455e-06,0.447,0.447,0,0.032292142510414124
470,CA,0.6953792960175698,0.4744,0.4744,651,0.03286264091730118
470,NY,0.30461679772956823,0.4742,0.4742,349,0.03286264091730118
470,TX,3.906252862144998e-06,0.4428,0.4428,0,0.03286264091730118
471,CA,0.6954080890428944,0.4632,0.4632,718,0.03181447088718414
471,NY,0.30458808826652467,0.4634,0.4634,282,0.03181447088718414
471,TX,3.8226905809273e-06,0.4242,0.4242,0,0.03181447088718414
472,CA,0.6953792090714485,0.4778,0.4778,691,0.031545624136924744
472,NY,0.3046170702821415,0.4788,0.4788,309,0.031545624136924744
472,TX,3.7206464100147286e-06,0.4446,0.4446,0,0.031545624136924744
473,CA,0.6952359590635566,0.487,0.487,710,0.033392034471035004
473,NY,0.30476040462667814,0.4806,0.4806,290,0.033392034471035004
473,TX,3.6363097652299317e-06,0.4428,0.4428,0,0.033392034471035004
474,CA,0.6961491585010415,0.4794,0.4794,685,0.034046292304992676
474,NY,0.30384730864151566,0.4728,0.4728,315,0.034046292304992676
474,TX,3.5328574428379206e-06,0.441,0.441,0,0.034046292304992676
475,CA,0.6970941644459239,0.4824,0.4824,678,0.032471053302288055
475,NY,0.3029023897258486,0.4816,0.4816,322,0.032471053302288055
475,TX,3.445828227507127e-06,0.443,0.443,0,0.032471053302288055
476,CA,0.6972081980943204,0.4708,0.4708,704,0.032121770083904266
476,NY,0.3027884471137695,0.4692,0.4692,296,0.032121770083904266
476,TX,3.354791909975364e-06,0.4302,0.4302,0,0.032121770083904266
477,CA,0.6974379892687799,0.4928,0.4928,709,0.03247948735952377
477,NY,0.302558747469894,0.492,0.492,291,0.03247948735952377
477,TX,3.263261326247629e-06,0.4522,0.4522,0,0.03247948735952377
478,CA,0.6975511541805209,0.4626,0.4626,687,0.032082267105579376
478,NY,0.30244567079467743,0.4652,0.4652,313,0.032082267105579376
478,TX,3.1750248016161065e-06,0.4274,0.4274,0,0.032082267105579376
479,CA,0.6971763744586752,0.4762,0.4762,678,0.03215896338224411
479,NY,0.3028205285938093,0.4766,0.4766,322,0.03215896338224411
479,TX,3.096947515510497e-06,0.4468,0.4468,0,0.03215896338224411
480,CA,0.6971192159903729,0.4548,0.4548,694,0.031503938138484955
480,NY,0.30287774898976855,0.4558,0.4558,306,0.031503938138484955
480,TX,3.035019858591503e-06,0.4204,0.4204,0,0.031503938138484955
481,CA,0.6969741615514202,0.4918,0.4918,702,0.03206027299165726
481,NY,0.30302287581096665,0.4826,0.4826,298,0.03206027299165726
481,TX,2.9626376130363637e-06,0.4482,0.4482,0,0.03206027299165726
482,CA,0.698279135457755,0.4626,0.4626,709,0.03242462873458862
482,NY,0.3017179831070268,0.4646,0.4646,291,0.03242462873458862
482,TX,2.8814352182807013e-06,0.4238,0.4238,0,0.03242462873458862
483,CA,0.6979912132869632,0.4714,0.4714,682,0.032921478152275085
483,NY,0.30200598287340896,0.4674,0.4674,318,0.032921478152275085
483,TX,2.803839627773526e-06,0.4382,0.4382,0,0.032921478152275085
484,CA,0.698564781318201,0.4668,0.4668,675,0.035080596804618835
484,NY,0.3014324758546897,0.4664,0.4664,325,0.035080596804618835
484,TX,2.7428271094025043e-06,0.4294,0.4294,0,0.035080596804618835
485,CA,0.6986222578934915,0.492,0.492,689,0.032880015671253204
485,NY,0.3013750689952122,0.4886,0.4886,311,0.032880015671253204
485,TX,2.673111296301365e-06,0.4518,0.4518,0,0.032880015671253204
486,CA,0.699102437571184,0.4724,0.4724,682,0.03320470452308655
486,NY,0.30089495955323853,0.4732,0.4732,318,0.03320470452308655
486,TX,2.6028755776246757e-06,0.4358,0.4358,0,0.03320470452308655
487,CA,0.6989882083986276,0.4952,0.4952,699,0.033494673669338226
487,NY,0.3010092538411735,0.4892,0.4892,301,0.033494673669338226
487,TX,2.537760198799212e-06,0.456,0.456,0,0.033494673669338226
488,CA,0.6998335855602111,0.4746,0.4746,711,0.03261779993772507
488,NY,0.3001639402238531,0.4724,0.4724,289,0.03261779993772507
488,TX,2.4742159356225856e-06,0.4358,0.4358,0,0.03261779993772507
489,CA,0.7001471735633381,0.4574,0.4574,674,0.03255049139261246
489,NY,0.29985041624334263,0.4582,0.4582,326,0.03255049139261246
489,TX,2.410193319283853e-06,0.4222,0.4222,0,0.03255049139261246
490,CA,0.7000319927498002,0.482,0.482,694,0.0320628359913826
490,NY,0.29996565565623995,0.479,0.479,306,0.0320628359913826
490,TX,2.351593959825556e-06,0.4436,0.4436,0,0.0320628359913826
491,CA,0.700457365699213,0.4852,0.4852,697,0.031799837946891785
491,NY,0.2995403422469004,0.4816,0.4816,303,0.031799837946891785
491,TX,2.2920538864507107e-06,0.4434,0.4434,0,0.031799837946891785
492,CA,0.7009663549833716,0.4704,0.4704,699,0.03282281011343002
492,NY,0.2990314158524742,0.4694,0.4694,301,0.03282281011343002
492,TX,2.229164154195803e-06,0.4356,0.4356,0,0.03282281011343002
493,CA,0.7011089746772181,0.478,0.478,695,0.03250161558389664
493,NY,0.2988888484735062,0.4736,0.4736,305,0.03250161558389664
493,TX,2.176849275675592e-06,0.4396,0.4396,0,0.03250161558389664
494,CA,0.7017334103597759,0.4776,0.4776,689,0.033947139978408813
494,NY,0.298264467459373,0.4748,0.4748,311,0.033947139978408813
494,TX,2.1221808510808454e-06,0.4386,0.4386,0,0.033947139978408813
495,CA,0.7021302942005001,0.4512,0.4512,711,0.03287942707538605
495,NY,0.29786763846323855,0.458,0.458,289,0.03287942707538605
495,TX,2.0673362613193134e-06,0.4206,0.4206,0,0.03287942707538605
496,CA,0.701151698301432,0.4632,0.4632,703,0.03306575119495392
496,NY,0.2988462807747534,0.4616,0.4616,297,0.03306575119495392
496,TX,2.0209238145029586e-06,0.4258,0.4258,0,0.03306575119495392
497,CA,0.7013809363734294,0.4708,0.4708,697,0.03754020482301712
497,NY,0.298617093714566,0.4704,0.4704,302,0.03754020482301712
497,TX,1.96991200451811e-06,0.4362,0.4362,1,0.03754020482301712
498,CA,0.7014379341652472,0.4722,0.4722,706,0.03228090703487396
498,NY,0.29856014210784565,0.469,0.469,294,0.03228090703487396
498,TX,1.92372690719566e-06,0.4332,0.4332,0,0.03228090703487396
499,CA,0.7018934676408767,0.4538,0.4538,711,0.03244366496801376
499,NY,0.29810465837737365,0.46,0.46,289,0.03244366496801376
499,TX,1.8739817497711025e-06,0.4216,0.4216,0,0.03244366496801376
500,CA,0.7010022966332001,0.4764,0.4764,707,0.0321483388543129
500,NY,0.29899587321822657,0.4768,0.4768,293,0.0321483388543129
500,TX,1.8301485732944271e-06,0.4406,0.4406,0,0.0321483388543129
501,CA,0.7009455464267398,0.483,0.483,715,0.03241581469774246
501,NY,0.2990526679470114,0.478,0.478,285,0.03241581469774246
501,TX,1.7856262488005736e-06,0.4458,0.4458,0,0.03241581469774246
502,CA,0.7016530330518558,0.4688,0.4688,697,0.032879605889320374
502,NY,0.2983452243559793,0.4668,0.4668,303,0.032879605889320374
502,TX,1.742592164833618e-06,0.4344,0.4344,0,0.032879605889320374
503,CA,0.7019382195367344,0.4748,0.4748,697,0.0319666713476181
503,NY,0.2980600779917571,0.4714,0.4714,303,0.0319666713476181
503,TX,1.7024715085652592e-06,0.4394,0.4394,0,0.0319666713476181
504,CA,0.702420914603151,0.4996,0.4996,699,0.033639758825302124
504,NY,0.2975774226475767,0.4928,0.4928,301,0.033639758825302124
504,TX,1.6627492723373065e-06,0.4656,0.4656,0,0.033639758825302124
505,CA,0.7033700528312644,0.504,0.504,680,0.03260909020900726
505,NY,0.2966283199226693,0.4932,0.4932,320,0.03260909020900726
505,TX,1.6272460663018881e-06,0.4638,0.4638,0,0.03260909020900726
506,CA,0.7048714906281125,0.4438,0.4438,730,0.032125867903232574
506,NY,0.2951269222393003,0.446,0.446,270,0.032125867903232574
506,TX,1.5871325872221682e-06,0.4074,0.4074,0,0.032125867903232574
507,CA,0.704554679424536,0.481,0.481,712,0.03162829577922821
507,NY,0.2954437741518376,0.4792,0.4792,288,0.03162829577922821
507,TX,1.546423626441417e-06,0.4446,0.4446,0,0.03162829577922821
508,CA,0.7048077892188916,0.4582,0.4582,722,0.03154809772968292
508,NY,0.2951907018235678,0.4616,0.4616,278,0.03154809772968292
508,TX,1.5089575405102395e-06,0.424,0.424,0,0.03154809772968292
509,CA,0.704323043410126,0.4624,0.4624,681,0.03171103447675705
509,NY,0.29567548403625477,0.465,0.465,319,0.03171103447675705
509,TX,1.4725536192676752e-06,0.4294,0.4294,0,0.03171103447675705
510,CA,0.7039530119033534,0.466,0.466,699,0.03232935816049576
510,NY,0.29604554952833095,0.4672,0.4672,301,0.03232935816049576
510,TX,1.4385683157080275e-06,0.4276,0.4276,0,0.03232935816049576
511,CA,0.7037824913497277,0.4806,0.4806,676,0.032016560435295105
511,NY,0.29621610810275933,0.4788,0.4788,324,0.032016560435295105
511,TX,1.4005475128531773e-06,0.4434,0.4434,0,0.032016560435295105
512,CA,0.7040360513625027,0.5008,0.5008,719,0.03238838165998459
512,NY,0.2959625827867559,0.495,0.495,281,0.03238838165998459
512,TX,1.3658507414542695e-06,0.4504,0.4504,0,0.03238838165998459
513,CA,0.7048422672208191,0.4628,0.4628,683,0.031163915991783142
513,NY,0.295156411285004,0.4664,0.4664,317,0.031163915991783142
513,TX,1.3214941769642922e-06,0.4302,0.4302,0,0.031163915991783142
514,CA,0.7043306693108541,0.4684,0.4684,709,0.03142961114645004
514,NY,0.2956680395836315,0.4686,0.4686,291,0.03142961114645004
514,TX,1.291105514399289e-06,0.4328,0.4328,0,0.03142961114645004
515,CA,0.7043023285551657,0.4678,0.4678,703,0.0318259671330452
515,NY,0.29569641169167077,0.4642,0.4642,297,0.0318259671330452
515,TX,1.259753163432407e-06,0.432,0.432,0,0.0318259671330452
516,CA,0.7048135090691707,0.4758,0.4758,722,0.03201282024383545
516,NY,0.2951852610113284,0.4742,0.4742,278,0.03201282024383545
516,TX,1.229919500969294e-06,0.445,0.445,0,0.03201282024383545
517,CA,0.7050391590061774,0.5176,0.5176,717,0.032141007483005524
517,NY,0.294959636357239,0.503,0.503,283,0.032141007483005524
517,TX,1.204636583600123e-06,0.4736,0.4736,0,0.032141007483005524
518,CA,0.7070455282061037,0.4914,0.4914,717,0.03211621940135956
518,NY,0.29295329875480836,0.4868,0.4868,283,0.03211621940135956
518,TX,1.1730390879269304e-06,0.4514,0.4514,0,0.03211621940135956
519,CA,0.7076849938165425,0.4872,0.4872,729,0.03237856179475784
519,NY,0.29231386357332584,0.4834,0.4834,271,0.03237856179475784
519,TX,1.1426101316236755e-06,0.4426,0.4426,0,0.03237856179475784
520,CA,0.7082139845386334,0.4742,0.4742,740,0.03326347470283508
520,NY,0.29178490628876497,0.4728,0.4728,260,0.03326347470283508
520,TX,1.1091726016761408e-06,0.434,0.434,0,0.03326347470283508
521,CA,0.7084103055232878,0.4732,0.4732,694,0.032652996480464935
521,NY,0.2915886152510838,0.4734,0.4734,306,0.032652996480464935
521,TX,1.0792256283905014e-06,0.4384,0.4384,0,0.032652996480464935
522,CA,0.7083822817403866,0.4688,0.4688,704,0.031631991267204285
522,NY,0.2916166645691881,0.4676,0.4676,296,0.031631991267204285
522,TX,1.0536904253488984e-06,0.4308,0.4308,0,0.031631991267204285
523,CA,0.7085511125853678,0.4682,0.4682,727,0.03432875871658325
523,NY,0.29144786074008405,0.4676,0.4676,273,0.03432875871658325
523,TX,1.026674548057093e-06,0.4344,0.4344,0,0.03432875871658325
524,CA,0.7086355307685028,0.474,0.474,707,0.033153414726257324
524,NY,0.2913634660729169,0.4718,0.4718,293,0.033153414726257324
524,TX,1.0031585803007963e-06,0.4364,0.4364,0,0.033153414726257324
525,CA,0.7089438479200652,0.4634,0.4634,715,0.03222183883190155
525,NY,0.29105517408541925,0.4648,0.4648,285,0.03222183883190155
525,TX,9.779945154347387e-07,0.4282,0.4282,0,0.03222183883190155
526,CA,0.7087465172664749,0.4698,0.4698,715,0.031728923320770264
526,NY,0.2912525285289447,0.4704,0.4704,285,0.031728923320770264
526,TX,9.542045805250499e-07,0.435,0.435,0,0.031728923320770264
527,CA,0.708662277046056,0.519,0.519,699,0.03187248110771179
527,NY,0.2913367914524999,0.5028,0.5028,301,0.03187248110771179
527,TX,9.315014442064289e-07,0.4634,0.4634,0,0.03187248110771179
528,CA,0.7108710351623818,0.4732,0.4732,731,0.03086673468351364
528,NY,0.28912806463491436,0.4698,0.4698,269,0.03086673468351364
528,TX,9.002027038752212e-07,0.4348,0.4348,0,0.03086673468351364
529,CA,0.7113457179115305,0.451,0.451,721,0.03216640651226044
529,NY,0.2886534047647456,0.4508,0.4508,279,0.03216640651226044
529,TX,8.773237239631785e-07,0.4174,0.4174,0,0.03216640651226044
530,CA,0.7113740356768168,0.4716,0.4716,692,0.031354449689388275
530,NY,0.2886251072810403,0.4702,0.4702,308,0.031354449689388275
530,TX,8.570421428227938e-07,0.4396,0.4396,0,0.031354449689388275
531,CA,0.7115694332309387,0.4704,0.4704,730,0.03224992752075195
531,NY,0.2884297281330436,0.4696,0.4696,270,0.03224992752075195
531,TX,8.386360177918089e-07,0.436,0.436,0,0.03224992752075195
532,CA,0.711681128366169,0.4712,0.4712,713,0.03231748193502426
532,NY,0.28831805248913717,0.4712,0.4712,287,0.03231748193502426
532,TX,8.191446937742581e-07,0.4342,0.4342,0,0.03231748193502426
533,CA,0.7116811430275909,0.4786,0.4786,699,0.032360829412937164
533,NY,0.2883180584288093,0.4666,0.4666,301,0.032360829412937164
533,TX,7.985435997917229e-07,0.4312,0.4312,0,0.032360829412937164
534,CA,0.7133503493399234,0.4578,0.4578,718,0.032779768109321594
534,NY,0.28664887590277416,0.46,0.46,282,0.032779768109321594
534,TX,7.747573025849078e-07,0.4238,0.4238,0,0.032779768109321594
535,CA,0.713041908488903,0.4718,0.4718,729,0.03194112330675125
535,NY,0.286957335150495,0.4738,0.4738,271,0.03194112330675125
535,TX,7.563606019538567e-07,0.4414,0.4414,0,0.03194112330675125
536,CA,0.7127639839624608,0.4664,0.4664,694,0.03262220323085785
536,NY,0.2872352755882703,0.4668,0.4668,306,0.03262220323085785
536,TX,7.404492689113095e-07,0.4302,0.4302,0,0.03262220323085785
537,CA,0.7127081554942626,0.4762,0.4762,716,0.03184932470321655
537,NY,0.28729112239199134,0.4686,0.4686,284,0.03184932470321655
537,TX,7.221137460013274e-07,0.4372,0.4372,0,0.03184932470321655
538,CA,0.7137638803969707,0.4928,0.4928,715,0.031078949570655823
538,NY,0.28623541552554166,0.4836,0.4836,285,0.031078949570655823
538,TX,7.040774875967219e-07,0.4518,0.4518,0,0.031078949570655823
539,CA,0.7150252306418776,0.4654,0.4654,719,0.20639778673648834
539,NY,0.2849740834081805,0.4684,0.4684,281,0.20639778673648834
539,TX,6.859499420068434e-07,0.4322,0.4322,0,0.20639778673648834
540,CA,0.714608335396916,0.4662,0.4662,722,0.03133518993854523
540,NY,0.2853909945848577,0.466,0.466,278,0.03133518993854523
540,TX,6.700182262257609e-07,0.4324,0.4324,0,0.03133518993854523
541,CA,0.714636166749644,0.4988,0.4988,708,0.034747570753097534
541,NY,0.2853631786524256,0.4932,0.4932,292,0.034747570753097534
541,TX,6.545979302558189e-07,0.4586,0.4586,0,0.034747570753097534
542,CA,0.7153989439840327,0.4772,0.4772,722,0.031137332320213318
542,NY,0.28460041829535276,0.4712,0.4712,278,0.031137332320213318
542,TX,6.377206144581009e-07,0.436,0.436,0,0.031137332320213318
543,CA,0.7162268952852545,0.5314,0.5314,728,0.03247697651386261
543,NY,0.28377248406307676,0.5162,0.5162,272,0.03247697651386261
543,TX,6.206516687084152e-07,0.4854,0.4854,0,0.03247697651386261
544,CA,0.7182499316760241,0.4722,0.4722,700,0.03169924020767212
544,NY,0.28174946461494543,0.4734,0.4734,300,0.03169924020767212
544,TX,6.037090304989853e-07,0.4366,0.4366,0,0.03169924020767212
545,CA,0.7180850297237799,0.5014,0.5014,724,0.03222521394491196
545,NY,0.2819143813010308,0.488,0.488,276,0.03222521394491196
545,TX,5.889751893356888e-07,0.4518,0.4518,0,0.03222521394491196
546,CA,0.7198963654677356,0.4536,0.4536,741,0.03184393793344498
546,NY,0.28010306357777903,0.457,0.457,259,0.03184393793344498
546,TX,5.709544853573442e-07,0.419,0.419,0,0.03184393793344498
547,CA,0.7194250318709814,0.4898,0.4898,716,0.03263106197118759
547,NY,0.2805744111298666,0.482,0.482,284,0.03263106197118759
547,TX,5.569991520028829e-07,0.4528,0.4528,0,0.03263106197118759
548,CA,0.7204834146638701,0.5098,0.5098,722,0.0307837575674057
548,NY,0.2795160413712784,0.5,0.5,278,0.0307837575674057
548,TX,5.439648514295148e-07,0.4672,0.4672,0,0.0307837575674057
549,CA,0.7217929876989928,0.4612,0.4612,735,0.031896255910396576
549,NY,0.278206482723652,0.4622,0.4622,265,0.031896255910396576
549,TX,5.295773551962426e-07,0.426,0.426,0,0.031896255910396576
550,CA,0.7216555966417736,0.4614,0.4614,726,0.03299955278635025
550,NY,0.27834388663665327,0.4616,0.4616,274,0.03299955278635025
550,TX,5.167215732621595e-07,0.4274,0.4274,0,0.03299955278635025
551,CA,0.7216281165015087,0.4708,0.4708,724,0.03133045881986618
551,NY,0.27837137881785107,0.4708,0.4708,276,0.03133045881986618
551,TX,5.046806401989356e-07,0.4336,0.4336,0,0.03133045881986618
552,CA,0.7216281257127767,0.4738,0.4738,712,0.032019831240177155
552,NY,0.27837138237114023,0.472,0.472,288,0.032019831240177155
552,TX,4.919160831006836e-07,0.438,0.438,0,0.032019831240177155
553,CA,0.721873559832718,0.4946,0.4946,713,0.03223042190074921
553,NY,0.27812596003706486,0.4916,0.4916,287,0.03223042190074921
553,TX,4.801302171775378e-07,0.4528,0.4528,0,0.03223042190074921
554,CA,0.7222767889721058,0.4972,0.4972,705,0.03242970257997513
554,NY,0.27772274406495273,0.489,0.489,295,0.03242970257997513
554,TX,4.669629415472179e-07,0.4554,0.4554,0,0.03242970257997513
555,CA,0.7233770961797076,0.474,0.474,707,0.032295919954776764
555,NY,0.27662244920288237,0.471,0.471,293,0.032295919954776764
555,TX,4.5461741001691155e-07,0.431,0.431,0,0.032295919954776764
556,CA,0.7237845991338879,0.4828,0.4828,717,0.03210955858230591
556,NY,0.2762149592623165,0.4798,0.4798,283,0.03210955858230591
556,TX,4.4160379575141657e-07,0.4464,0.4464,0,0.03210955858230591
557,CA,0.7241893114378829,0.458,0.458,726,0.030914723873138428
557,NY,0.2758102575580124,0.4584,0.4584,274,0.030914723873138428
557,TX,4.3100410469829734e-07,0.428,0.428,0,0.030914723873138428
558,CA,0.7241345239696548,0.4802,0.4802,703,0.03236591815948486
558,NY,0.27586505392657373,0.4774,0.4774,297,0.03236591815948486
558,TX,4.2210377143145155e-07,0.4446,0.4446,0,0.03236591815948486
559,CA,0.7245126083329337,0.4644,0.4644,723,0.031757280230522156
559,NY,0.275486979500142,0.4646,0.4646,277,0.031757280230522156
559,TX,4.121669242437892e-07,0.4284,0.4284,0,0.031757280230522156
560,CA,0.724485357235808,0.4634,0.4634,718,0.03393508493900299
560,NY,0.27551424074487324,0.4586,0.4586,282,0.03393508493900299
560,TX,4.020193187226384e-07,0.4274,0.4274,0,0.03393508493900299
561,CA,0.7251406709473076,0.4628,0.4628,717,0.0324040949344635
561,NY,0.2748589365684575,0.4618,0.4618,283,0.0324040949344635
561,TX,3.924842347994967e-07,0.429,0.429,0,0.0324040949344635
562,CA,0.7252769564781222,0.5108,0.5108,698,0.03111005574464798
562,NY,0.27472266003446905,0.5,0.5,302,0.03111005574464798
562,TX,3.8348740877575594e-07,0.4684,0.4684,0,0.03111005574464798
563,CA,0.7267041118607871,0.501,0.501,737,0.03153986483812332
563,NY,0.2732955146808002,0.4932,0.4932,263,0.03153986483812332
563,TX,3.734584127582791e-07,0.465,0.465,0,0.03153986483812332
564,CA,0.7277376440187306,0.4646,0.4646,735,0.03253842145204544
564,NY,0.27226199096148646,0.465,0.465,265,0.03253842145204544
564,TX,3.6501978287804465e-07,0.4292,0.4292,0,0.03253842145204544
565,CA,0.7276835413115135,0.5008,0.5008,711,0.031062334775924683
565,NY,0.27231610251786686,0.4958,0.4958,289,0.031062334775924683
565,TX,3.5617061969330575e-07,0.4588,0.4588,0,0.031062334775924683
566,CA,0.7283443291182872,0.5046,0.5046,735,0.03136996924877167
566,NY,0.27165532436417755,0.4972,0.4972,265,0.03136996924877167
566,TX,3.4651753512480285e-07,0.4664,0.4664,0,0.03136996924877167
567,CA,0.7293187557069182,0.4776,0.4776,748,0.031999148428440094
567,NY,0.27068090612139006,0.4714,0.4714,252,0.031999148428440094
567,TX,3.38171691761225e-07,0.4354,0.4354,0,0.031999148428440094
568,CA,0.7301480468929167,0.499,0.499,721,0.03188897669315338
568,NY,0.2698516242199714,0.4904,0.4904,279,0.03188897669315338
568,TX,3.288871118764053e-07,0.4534,0.4534,0,0.03188897669315338
569,CA,0.7312802086507199,0.475,0.475,722,0.0329117476940155
569,NY,0.26871947197255,0.471,0.471,278,0.0329117476940155
569,TX,3.193767301023375e-07,0.4458,0.4458,0,0.0329117476940155
570,CA,0.7318135083001287,0.4674,0.4674,710,0.032267555594444275
570,NY,0.26818617841741726,0.467,0.467,290,0.032267555594444275
570,TX,3.132824540244502e-07,0.4354,0.4354,0,0.032267555594444275
571,CA,0.7318670165353098,0.4706,0.4706,722,0.03222167491912842
571,NY,0.26813267699166693,0.4708,0.4708,278,0.03222167491912842
571,TX,3.06473023245643e-07,0.4302,0.4302,0,0.03222167491912842
572,CA,0.7318403355885031,0.4884,0.4884,728,0.03183834254741669
572,NY,0.2681593663686989,0.4732,0.4732,272,0.03183834254741669
572,TX,2.9804279786038957e-07,0.4424,0.4424,0,0.03183834254741669
573,CA,0.7338500098134478,0.4784,0.4784,729,0.03243608772754669
573,NY,0.2661497005618193,0.475,0.475,271,0.03243608772754669
573,TX,2.8962473293103864e-07,0.444,0.444,0,0.03243608772754669
574,CA,0.7342994697034904,0.4706,0.4706,727,0.031801626086235046
574,NY,0.265700247237622,0.4718,0.4718,273,0.031801626086235046
574,TX,2.830588877858009e-07,0.4376,0.4376,0,0.031801626086235046
575,CA,0.7341403056511991,0.4704,0.4704,742,0.03228981792926788
575,NY,0.2658594177016817,0.4708,0.4708,258,0.03228981792926788
575,TX,2.766471191455643e-07,0.4368,0.4368,0,0.03228981792926788
576,CA,0.7340872188879852,0.468,0.468,723,0.03168926388025284
576,NY,0.2659125108060858,0.4676,0.4676,277,0.03168926388025284
576,TX,2.703059289650318e-07,0.4374,0.4374,0,0.03168926388025284
577,CA,0.7341404157005397,0.4866,0.4866,731,0.03277505189180374
577,NY,0.2658593196087939,0.4804,0.4804,269,0.03277505189180374
577,TX,2.646906664220484e-07,0.4488,0.4488,0,0.03277505189180374
578,CA,0.7349553320502562,0.4814,0.4814,756,0.034423671662807465
578,NY,0.2650444097030632,0.4768,0.4768,244,0.034423671662807465
578,TX,2.5824668052880135e-07,0.434,0.434,0,0.034423671662807465
579,CA,0.7355607105934476,0.4752,0.4752,746,0.03207617998123169
579,NY,0.2644390392170187,0.4724,0.4724,254,0.03207617998123169
579,TX,2.5018953361157975e-07,0.44,0.44,0,0.03207617998123169
580,CA,0.7359300914847162,0.4912,0.4912,730,0.03212954103946686
580,NY,0.26406966417292427,0.4846,0.4846,270,0.03212954103946686
580,TX,2.44342359542537e-07,0.4544,0.4544,0,0.03212954103946686
581,CA,0.7367912304529974,0.4804,0.4804,733,0.032031118869781494
581,NY,0.26320853095569285,0.48,0.48,267,0.032031118869781494
581,TX,2.385913097253579e-07,0.4464,0.4464,0,0.032031118869781494
582,CA,0.7368436374983234,0.4824,0.4824,748,0.031713590025901794
582,NY,0.2631561293734566,0.4734,0.4734,252,0.031713590025901794
582,TX,2.3312821994895771e-07,0.4448,0.4448,0,0.031713590025901794
583,CA,0.7380227682355962,0.4586,0.4586,741,0.03241457790136337
583,NY,0.261977004185712,0.4598,0.4598,259,0.03241457790136337
583,TX,2.2757869180118937e-07,0.4236,0.4236,0,0.03241457790136337
584,CA,0.7378637403174895,0.5028,0.5028,740,0.031731054186820984
584,NY,0.26213603761257037,0.492,0.492,260,0.031731054186820984
584,TX,2.2206994018636847e-07,0.462,0.462,0,0.031731054186820984
585,CA,0.7392564025044914,0.4708,0.4708,747,0.03197725862264633
585,NY,0.26074338104685557,0.4712,0.4712,253,0.03197725862264633
585,TX,2.164486529342845e-07,0.4324,0.4324,0,0.03197725862264633
586,CA,0.7392039882572221,0.4698,0.4698,744,0.03134045749902725
586,NY,0.2607958009601643,0.4692,0.4692,256,0.03134045749902725
586,TX,2.107826136432397e-07,0.433,0.433,0,0.03134045749902725
587,CA,0.7392826974886854,0.4982,0.4982,749,0.03211129456758499
587,NY,0.26071709698427203,0.4928,0.4928,251,0.03211129456758499
587,TX,2.055270426580624e-07,0.4572,0.4572,0,0.03211129456758499
588,CA,0.7399780658470941,0.4814,0.4814,747,0.03171292692422867
588,NY,0.26002173406232376,0.478,0.478,253,0.03171292692422867
588,TX,2.0009058219217595e-07,0.4392,0.4392,0,0.03171292692422867
589,CA,0.7404199398802798,0.4876,0.4876,755,0.03191736340522766
589,NY,0.2595798656129523,0.483,0.483,245,0.03191736340522766
589,TX,1.9450676784755838e-07,0.4456,0.4456,0,0.03191736340522766
590,CA,0.7410147419684702,0.472,0.472,753,0.03331051021814346
590,NY,0.25898506886450684,0.4716,0.4716,247,0.03331051021814346
590,TX,1.8916702293465434e-07,0.4388,0.4388,0,0.03331051021814346
591,CA,0.7410668987340113,0.5142,0.5142,753,0.03228943049907684
591,NY,0.25893291635249016,0.5068,0.5068,247,0.03228943049907684
591,TX,1.8491349843325512e-07,0.4664,0.4664,0,0.03228943049907684
592,CA,0.7420058543760593,0.4478,0.4478,721,0.03230215609073639
592,NY,0.2579939663208639,0.4498,0.4498,279,0.03230215609073639
592,TX,1.7930307684254715e-07,0.417,0.417,0,0.03230215609073639
593,CA,0.7417415046252422,0.4946,0.4946,749,0.030910439789295197
593,NY,0.25825831994863324,0.487,0.487,251,0.030910439789295197
593,TX,1.7542612452780754e-07,0.4522,0.4522,0,0.030910439789295197
594,CA,0.7427168712053817,0.5224,0.5224,748,0.0319356694817543
594,NY,0.2572829581209858,0.5086,0.5086,252,0.0319356694817543
594,TX,1.7067363257017136e-07,0.4792,0.4792,0,0.0319356694817543
595,CA,0.7444530704337758,0.4742,0.4742,732,0.032139308750629425
595,NY,0.255546763348018,0.4716,0.4716,268,0.032139308750629425
595,TX,1.6621820616516438e-07,0.4374,0.4374,0,0.032139308750629425
596,CA,0.7447887496340528,0.4552,0.4552,769,0.0360141396522522
596,NY,0.2552110882239168,0.4554,0.4554,231,0.0360141396522522
596,TX,1.6214203038826505e-07,0.4182,0.4182,0,0.0360141396522522
597,CA,0.7447626296036701,0.474,0.474,738,0.031530387699604034
597,NY,0.25523721238247404,0.473,0.473,262,0.031530387699604034
597,TX,1.5801385587340612e-07,0.4348,0.4348,0,0.031530387699604034
598,CA,0.7448916178492823,0.5066,0.5066,734,0.03197653591632843
598,NY,0.25510822831249075,0.4932,0.4932,266,0.03197653591632843
598,TX,1.5383822700154468e-07,0.4566,0.4566,0,0.03197653591632843
599,CA,0.746585611956223,0.4698,0.4698,760,0.032881274819374084
599,NY,0.25341423897278637,0.4718,0.4718,240,0.032881274819374084
599,TX,1.490709905505146e-07,0.4334,0.4334,0,0.032881274819374084
600,CA,0.7463282596863972,,,0,
600,NY,0.2536715949845093,,,0,
600,TX,1.4532909356402083e-07,,,0,
