t,state,p,acc,fitness,sample_count,step_seconds
0,CA,0.3333333333333333,0.5924,0.5924,327,0.038304418325424194
0,NY,0.3333333333333333,0.5932,0.5932,317,0.038304418325424194
0,TX,0.3333333333333333,0.627,0.627,356,0.038304418325424194
1,CA,0.3308814362298965,0.5814,0.5814,325,0.03213788568973541
1,NY,0.3310476665419939,0.5964,0.5964,324,0.03213788568973541
1,TX,0.33807089722810957,0.6242,0.6242,351,0.03213788568973541
2,CA,0.3268643266923784,0.582,0.582,325,0.03205231577157974
2,NY,0.33013049161613217,0.5962,0.5962,340,0.03205231577157974
2,TX,0.34300518169148936,0.6248,0.6248,335,0.03205231577157974
3,CA,0.32291091836667923,0.594,0.594,328,0.031889658421278
3,NY,0.3290649834963933,0.5916,0.5916,312,0.031889658421278
3,TX,0.3480240981369274,0.6274,0.6274,360,0.031889658421278
4,CA,0.3207309441605672,0.585,0.585,311,0.0360717736184597
4,NY,0.3263513525376054,0.5948,0.5948,343,0.0360717736184597
4,TX,0.3529177033018274,0.6238,0.6238,346,0.0360717736184597
5,CA,0.317348935503167,0.5818,0.5818,304,0.03225706145167351
5,NY,0.32490662022106315,0.5946,0.5946,358,0.03225706145167351
5,TX,0.35774444427576996,0.6244,0.6244,338,0.03225706145167351
6,CA,0.31350421438355086,0.5922,0.5922,319,0.03228973224759102
6,NY,0.32356764389033355,0.5928,0.5928,312,0.03228973224759102
6,TX,0.3629281417261155,0.627,0.627,369,0.03228973224759102
7,CA,0.31099933566531895,0.5948,0.5948,329,0.03938336297869682
7,NY,0.32110331706603246,0.591,0.591,330,0.03938336297869682
7,TX,0.36789734726864853,0.6272,0.6272,341,0.03938336297869682
8,CA,0.3089267137519086,0.5948,0.5948,302,0.037351906299591064
8,NY,0.31820335024403607,0.591,0.591,331,0.037351906299591064
8,TX,0.3728699360040555,0.6272,0.6272,367,0.037351906299591064
9,CA,0.3068350076539119,0.5758,0.5758,310,0.03197343647480011
9,NY,0.31529576970694956,0.6018,0.6018,305,0.03197343647480011
9,TX,0.3778692226391385,0.61,0.61,385,0.03197343647480011
10,CA,0.3027768188532907,0.581,0.581,268,0.03224501758813858
10,NY,0.3162591146694678,0.5908,0.5908,318,0.03224501758813858
10,TX,0.38096406647724146,0.6236,0.6236,414,0.03224501758813858
11,CA,0.2991199481605617,0.5878,0.5878,301,0.031948886811733246
11,NY,0.31437609738506456,0.5936,0.5936,332,0.031948886811733246
11,TX,0.38650395445437374,0.6264,0.6264,367,0.031948886811733246
12,CA,0.2959988116383685,0.591,0.591,316,0.0319373793900013
12,NY,0.31223215925913267,0.5934,0.5934,320,0.0319373793900013
12,TX,0.3917690291024988,0.625,0.625,364,0.0319373793900013
13,CA,0.2934041847363295,0.5898,0.5898,290,0.032160185277462006
13,NY,0.30996210523621004,0.5918,0.5918,335,0.032160185277462006
13,TX,0.3966337100274605,0.6254,0.6254,375,0.032160185277462006
14,CA,0.29070883143499726,0.5832,0.5832,306,0.03203781694173813
14,NY,0.30750099916270335,0.5954,0.5954,320,0.03203781694173813
14,TX,0.4017901694022994,0.619,0.619,374,0.03203781694173813
15,CA,0.2874164677627679,0.5922,0.5922,297,0.031920425593853
15,NY,0.3063611987307611,0.5926,0.5926,291,0.031920425593853
15,TX,0.406222333506471,0.6266,0.6266,412,0.031920425593853
16,CA,0.284894148463465,0.5708,0.5708,260,0.032173193991184235
16,NY,0.3037489136814131,0.602,0.602,325,0.032173193991184235
16,TX,0.41135693785512184,0.6038,0.6038,415,0.032173193991184235
17,CA,0.28077374811963157,0.5832,0.5832,258,0.03204166889190674
17,NY,0.30530177052352053,0.5954,0.5954,317,0.03204166889190674
17,TX,0.4139244813568479,0.619,0.619,425,0.03204166889190674
18,CA,0.2775232659763218,0.5948,0.5948,282,0.032607659697532654
18,NY,0.30409272308647295,0.591,0.591,295,0.032607659697532654
18,TX,0.41838401093720523,0.6272,0.6272,423,0.032607659697532654
19,CA,0.2753820805767645,0.5926,0.5926,269,0.03206628933548927
19,NY,0.3010275606374509,0.593,0.593,315,0.03206628933548927
19,TX,0.4235903587857845,0.6272,0.6272,416,0.03206628933548927
20,CA,0.27285048899648795,0.5924,0.5924,275,0.032055776566267014
20,NY,0.2983351212941115,0.5934,0.5934,285,0.032055776566267014
20,TX,0.4288143897094005,0.627,0.627,440,0.032055776566267014
21,CA,0.2702815391754889,0.5936,0.5936,297,0.031901322305202484
21,NY,0.2957118132486636,0.592,0.592,269,0.031901322305202484
21,TX,0.4340066475758475,0.6264,0.6264,434,0.031901322305202484
22,CA,0.26796738135518605,0.5924,0.5924,259,0.032240983098745346
22,NY,0.29288556338647065,0.5926,0.5926,310,0.032240983098745346
22,TX,0.4391470552583433,0.6272,0.6272,431,0.032240983098745346
23,CA,0.26541046476689634,0.5874,0.5874,259,0.03205636888742447
23,NY,0.290127314547781,0.5946,0.5946,302,0.03205636888742447
23,TX,0.4444622206853227,0.6258,0.6258,439,0.03205636888742447
24,CA,0.26224576175967707,0.5884,0.5884,244,0.032105907797813416
24,NY,0.2879681375538205,0.594,0.594,301,0.032105907797813416
24,TX,0.44978610068650243,0.6254,0.6254,455,0.032105907797813416
25,CA,0.2592661423064599,0.591,0.591,263,0.031905680894851685
25,NY,0.28569997596646496,0.5934,0.5934,281,0.031905680894851685
25,TX,0.4550338817270752,0.625,0.625,456,0.031905680894851685
26,CA,0.2566597261802534,0.5796,0.5796,269,0.03187622129917145
26,NY,0.2832544607117291,0.5958,0.5958,288,0.03187622129917145
26,TX,0.4600858131080175,0.617,0.617,443,0.03187622129917145
27,CA,0.2531664377656973,0.5764,0.5764,249,0.03203417360782623
27,NY,0.2822646538956367,0.6022,0.6022,298,0.03203417360782623
27,TX,0.46456890833866604,0.6114,0.6114,453,0.03203417360782623
28,CA,0.2494412220681516,0.571,0.571,253,0.03203251585364342
28,NY,0.28266295428527416,0.603,0.603,263,0.03203251585364342
28,TX,0.4678958236465742,0.6068,0.6068,484,0.03203251585364342
29,CA,0.24541155419075733,0.5818,0.5818,232,0.03200393542647362
29,NY,0.28376119951773054,0.5938,0.5938,287,0.03200393542647362
29,TX,0.4708272462915122,0.624,0.624,481,0.03200393542647362
30,CA,0.2418530147096071,0.5792,0.5792,263,0.032112546265125275
30,NY,0.28176806012724165,0.5964,0.5964,280,0.032112546265125275
30,TX,0.4763789251631513,0.616,0.616,457,0.032112546265125275
31,CA,0.23847385660935436,0.5916,0.5916,236,0.031893350183963776
31,NY,0.2808572348577274,0.5934,0.5934,279,0.031893350183963776
31,TX,0.4806689085329182,0.6252,0.6252,485,0.031893350183963776
32,CA,0.23600408507656948,0.5816,0.5816,226,0.03925156965851784
32,NY,0.278262859219137,0.59,0.59,293,0.03925156965851784
32,TX,0.48573305570429354,0.6216,0.6216,481,0.03925156965851784
33,CA,0.23280017847191053,0.578,0.578,235,0.03203917667269707
33,NY,0.2759430751632552,0.5976,0.5976,286,0.03203917667269707
33,TX,0.4912567463648342,0.617,0.617,479,0.03203917667269707
34,CA,0.22923133174043123,0.5874,0.5874,226,0.03194247931241989
34,NY,0.27508773115712976,0.5944,0.5944,278,0.03194247931241989
34,TX,0.49568093710243905,0.6246,0.6246,496,0.03194247931241989
35,CA,0.22632774594402508,0.5772,0.5772,253,0.03190296143293381
35,NY,0.2728009961448964,0.5978,0.5978,257,0.03190296143293381
35,TX,0.5008712579110786,0.6154,0.6154,490,0.03190296143293381
36,CA,0.22283058540808137,0.5922,0.5922,227,0.03205060213804245
36,NY,0.2720937732768385,0.5926,0.5926,270,0.03205060213804245
36,TX,0.5050756413150801,0.6266,0.6266,503,0.03205060213804245
37,CA,0.2204103299847593,0.5832,0.5832,213,0.03193812072277069
37,NY,0.2692060641664448,0.592,0.592,293,0.03193812072277069
37,TX,0.5103836058487958,0.6236,0.6236,494,0.03193812072277069
38,CA,0.2172557156480451,0.5818,0.5818,213,0.032341260462999344
38,NY,0.2668279913639925,0.5946,0.5946,259,0.032341260462999344
38,TX,0.5159162929879624,0.6244,0.6244,528,0.032341260462999344
39,CA,0.21382310560164336,0.5828,0.5828,217,0.03184366226196289
39,NY,0.26473721610559203,0.595,0.595,282,0.03184366226196289
39,TX,0.5214396782927646,0.6206,0.6206,501,0.03184366226196289
40,CA,0.21076834759550084,0.5834,0.5834,193,0.032072823494672775
40,NY,0.26296648488934155,0.596,0.596,279,0.032072823494672775
40,TX,0.5262651675151576,0.6248,0.6248,528,0.032072823494672775
41,CA,0.20747929425059378,0.5948,0.5948,213,0.03215131163597107
41,NY,0.260922793110634,0.591,0.591,253,0.03215131163597107
41,TX,0.5315979126387723,0.6272,0.6272,534,0.03215131163597107
42,CA,0.20538879667666965,0.5762,0.5762,207,0.03725744038820267
42,NY,0.257678367257466,0.602,0.602,262,0.03725744038820267
42,TX,0.5369328360658644,0.6112,0.6112,531,0.03725744038820267
43,CA,0.20212636391265537,0.5874,0.5874,205,0.03209102526307106
43,NY,0.25773616465070165,0.593,0.593,250,0.03209102526307106
43,TX,0.540137471436643,0.626,0.626,545,0.03209102526307106
44,CA,0.19932711643857276,0.5932,0.5932,206,0.03214733675122261
44,NY,0.25506342199265963,0.592,0.592,261,0.03214733675122261
44,TX,0.5456094615687676,0.6266,0.6266,533,0.03214733675122261
45,CA,0.19711039405379166,0.5908,0.5908,195,0.03803089261054993
45,NY,0.252036877063969,0.5926,0.5926,266,0.03803089261054993
45,TX,0.5508527288822394,0.625,0.625,539,0.03803089261054993
46,CA,0.19474853193274133,0.5888,0.5888,193,0.03820260241627693
46,NY,0.24929862614520756,0.5928,0.5928,272,0.03820260241627693
46,TX,0.5559528419220511,0.6258,0.6258,535,0.03820260241627693
47,CA,0.19214028922460769,0.582,0.582,211,0.03308091312646866
47,NY,0.2465790349953885,0.5928,0.5928,249,0.03308091312646866
47,TX,0.5612806757800037,0.6208,0.6208,540,0.03308091312646866
48,CA,0.18921702448522473,0.594,0.594,204,0.032543979585170746
48,NY,0.24448526250152708,0.5914,0.5914,239,0.032543979585170746
48,TX,0.5662977130132482,0.6272,0.6272,557,0.032543979585170746
49,CA,0.187084980759854,0.5918,0.5918,173,0.032319001853466034
49,NY,0.24133618135057677,0.593,0.593,246,0.032319001853466034
49,TX,0.5715788378895692,0.626,0.626,581,0.032319001853466034
50,CA,0.1847821572504125,0.5874,0.5874,191,0.03250475972890854
50,NY,0.23854527653696292,0.5946,0.5946,264,0.03250475972890854
50,TX,0.5766725662126246,0.6258,0.6258,545,0.03250475972890854
51,CA,0.18204565208481388,0.5948,0.5948,197,0.03236210346221924
51,NY,0.23607852502407212,0.591,0.591,242,0.03236210346221924
51,TX,0.5818758228911141,0.6272,0.6272,561,0.03236210346221924
52,CA,0.18001883971471075,0.5878,0.5878,183,0.03216761350631714
52,NY,0.23289388366438835,0.5936,0.5936,238,0.03216761350631714
52,TX,0.587087276620901,0.6264,0.6264,579,0.03216761350631714
53,CA,0.17733696673534727,0.5926,0.5926,179,0.03239620104432106
53,NY,0.2302623455044428,0.5924,0.5924,205,0.03239620104432106
53,TX,0.5924006877602099,0.6272,0.6272,616,0.03239620104432106
54,CA,0.17508860615034177,0.5902,0.5902,169,0.04057524725794792
54,NY,0.227314422424581,0.5922,0.5922,233,0.04057524725794792
54,TX,0.5975969714250773,0.6252,0.6252,598,0.04057524725794792
55,CA,0.17276681197221147,0.576,0.576,172,0.032107286155223846
55,NY,0.22458218132802707,0.6018,0.6018,247,0.032107286155223846
55,TX,0.6026510066997615,0.611,0.611,581,0.032107286155223846
56,CA,0.16986880218740327,0.5914,0.5914,170,0.03202686831355095
56,NY,0.2244298798443102,0.5938,0.5938,242,0.03202686831355095
56,TX,0.6057013179682865,0.625,0.625,588,0.03202686831355095
57,CA,0.16766783825423165,0.5942,0.5942,178,0.037497859448194504
57,NY,0.22185605506025843,0.5914,0.5914,207,0.037497859448194504
57,TX,0.61047610668551,0.6274,0.6274,615,0.037497859448194504
58,CA,0.1656266872723695,0.5784,0.5784,170,0.032286323606967926
58,NY,0.21877031180139267,0.5926,0.5926,200,0.032286323606967926
58,TX,0.615603000926238,0.6188,0.6188,630,0.032286323606967926
59,CA,0.16274210818471468,0.5802,0.5802,158,0.0324622318148613
59,NY,0.216894054345252,0.5918,0.5918,226,0.0324622318148613
59,TX,0.6203638374700333,0.6232,0.6232,616,0.0324622318148613
60,CA,0.15979024420793073,0.581,0.581,166,0.0320044681429863
60,NY,0.21452327218898876,0.5966,0.5966,193,0.0320044681429863
60,TX,0.6256864836030805,0.6244,0.6244,641,0.0320044681429863
61,CA,0.1567658476265162,0.5948,0.5948,131,0.03215651214122772
61,NY,0.21253960166359695,0.591,0.591,231,0.03215651214122772
61,TX,0.6306945507098869,0.6272,0.6272,638,0.03215651214122772
62,CA,0.1548600194161146,0.5896,0.5896,156,0.03896825760602951
62,NY,0.20945545202465524,0.5922,0.5922,231,0.03896825760602951
62,TX,0.6356845285592302,0.6258,0.6258,613,0.03896825760602951
63,CA,0.15259865214603957,0.592,0.592,152,0.03240043297410011
63,NY,0.2067344357518833,0.593,0.593,209,0.03240043297410011
63,TX,0.640666912102077,0.6256,0.6256,639,0.03240043297410011
64,CA,0.15054351168166497,0.582,0.582,160,0.03637112304568291
64,NY,0.20407832462642128,0.5926,0.5926,198,0.03637112304568291
64,TX,0.6453781636919138,0.6182,0.6182,642,0.03637112304568291
65,CA,0.1481530297906238,0.5948,0.5948,160,0.032360728830099106
65,NY,0.20218345210085975,0.591,0.591,189,0.032360728830099106
65,TX,0.6496635181085164,0.6272,0.6272,651,0.032360728830099106
66,CA,0.14629265098253763,0.5872,0.5872,165,0.03175989165902138
66,NY,0.1991689035740152,0.5944,0.5944,185,0.03175989165902138
66,TX,0.6545384454434472,0.6244,0.6244,650,0.03175989165902138
67,CA,0.14395422504060493,0.582,0.582,184,0.03198089450597763
67,NY,0.1968743192722258,0.5956,0.5956,192,0.03198089450597763
67,TX,0.6591714556871693,0.624,0.624,624,0.03198089450597763
68,CA,0.14124339713452644,0.5948,0.5948,132,0.031973447650671005
68,NY,0.1948275443314184,0.591,0.591,203,0.031973447650671005
68,TX,0.6639290585340553,0.6272,0.6272,665,0.031973447650671005
69,CA,0.13942746915455853,0.581,0.581,159,0.03184278681874275
69,NY,0.19186444378764533,0.5908,0.5908,173,0.03184278681874275
69,TX,0.668708087057796,0.6212,0.6212,668,0.03184278681874275
70,CA,0.13693625680934496,0.585,0.585,140,0.031851526349782944
70,NY,0.1896043597421843,0.5956,0.5956,187,0.031851526349782944
70,TX,0.6734593834484708,0.6248,0.6248,673,0.031851526349782944
71,CA,0.13449135754007516,0.5948,0.5948,150,0.032087866216897964
71,NY,0.18746448603899443,0.591,0.591,194,0.032087866216897964
71,TX,0.6780441564209304,0.6272,0.6272,656,0.032087866216897964
72,CA,0.13272236961531741,0.589,0.589,133,0.03189759701490402
72,NY,0.18455792884996677,0.5926,0.5926,169,0.03189759701490402
72,TX,0.6827197015347158,0.6262,0.6262,698,0.03189759701490402
73,CA,0.13058068357404612,0.5756,0.5756,121,0.03202376887202263
73,NY,0.1819911765991094,0.6006,0.6006,166,0.03202376887202263
73,TX,0.6874281398268445,0.612,0.612,713,0.03202376887202263
74,CA,0.12817498938208624,0.5792,0.5792,119,0.0319676510989666
74,NY,0.18147279391653345,0.5964,0.5964,191,0.0319676510989666
74,TX,0.6903522167013804,0.616,0.616,690,0.0319676510989666
75,CA,0.12590074817721242,0.5912,0.5912,139,0.031872909516096115
75,NY,0.18019433367246424,0.593,0.593,182,0.031872909516096115
75,TX,0.6939049181503233,0.626,0.626,679,0.031872909516096115
76,CA,0.12399375654403047,0.5888,0.5888,126,0.03200918063521385
76,NY,0.17766572097014852,0.5928,0.5928,162,0.03200918063521385
76,TX,0.698340522485821,0.6258,0.6258,712,0.03200918063521385
77,CA,0.12195584261877772,0.5586,0.5586,114,0.031817927956581116
77,NY,0.17518561897447893,0.5812,0.5812,174,0.031817927956581116
77,TX,0.7028585384067434,0.5872,0.5872,712,0.031817927956581116
78,CA,0.12010176683972579,0.5888,0.5888,114,0.0319373682141304
78,NY,0.17502390569799275,0.5928,0.5928,172,0.0319373682141304
78,TX,0.7048743274622815,0.6258,0.6258,714,0.0319373682141304
79,CA,0.11811091651810915,0.5802,0.5802,134,0.03209829330444336
79,NY,0.17255598613553524,0.5898,0.5898,167,0.03209829330444336
79,TX,0.7093330973463556,0.6224,0.6224,699,0.03209829330444336
80,CA,0.11579599367041604,0.5828,0.5828,119,0.0319826602935791
80,NY,0.17020172582595916,0.595,0.595,177,0.0319826602935791
80,TX,0.7140022805036248,0.6206,0.6206,704,0.0319826602935791
81,CA,0.1137079183507117,0.5866,0.5866,114,0.03194605931639671
81,NY,0.168420821122476,0.5942,0.5942,165,0.03194605931639671
81,TX,0.7178712605268123,0.6246,0.6246,721,0.03194605931639671
82,CA,0.11169734459556097,0.5936,0.5936,110,0.03192323446273804
82,NY,0.1662353089628601,0.592,0.592,169,0.03192323446273804
82,TX,0.722067346441579,0.6264,0.6264,721,0.03192323446273804
83,CA,0.11007973120228695,0.5938,0.5938,127,0.032017648220062256
83,NY,0.16366338487733167,0.592,0.592,168,0.032017648220062256
83,TX,0.7262568839203813,0.6268,0.6268,705,0.032017648220062256
84,CA,0.10846870194521764,0.5804,0.5804,109,0.03190197795629501
84,NY,0.16108602038207664,0.591,0.591,162,0.03190197795629501
84,TX,0.7304452776727057,0.6234,0.6234,729,0.03190197795629501
85,CA,0.1062424336457673,0.5948,0.5948,100,0.03195684775710106
85,NY,0.15883806159490305,0.591,0.591,165,0.03195684775710106
85,TX,0.7349195047593297,0.6272,0.6272,735,0.03195684775710106
86,CA,0.10471855105501658,0.5874,0.5874,99,0.03194790333509445
86,NY,0.1561867346091791,0.594,0.594,155,0.03194790333509445
86,TX,0.7390947143358043,0.6246,0.6246,746,0.03194790333509445
87,CA,0.10287000443421139,0.591,0.591,87,0.03189034014940262
87,NY,0.15406756561100268,0.5934,0.5934,155,0.03189034014940262
87,TX,0.7430624299547859,0.625,0.625,758,0.03189034014940262
88,CA,0.10123886341619952,0.591,0.591,94,0.03180959075689316
88,NY,0.15185334252634297,0.5934,0.5934,147,0.03180959075689316
88,TX,0.7469077940574574,0.625,0.625,759,0.03180959075689316
89,CA,0.09962585673578195,0.5948,0.5948,98,0.0320504754781723
89,NY,0.14965933026202968,0.591,0.591,133,0.0320504754781723
89,TX,0.7507148130021883,0.6272,0.6272,769,0.0320504754781723
90,CA,0.09816371385085972,0.5948,0.5948,96,0.03173134848475456
90,NY,0.14711151286069277,0.591,0.591,153,0.03173134848475456
90,TX,0.7547247732884474,0.6272,0.6272,751,0.03173134848475456
91,CA,0.09671468798445357,0.5948,0.5948,98,0.03185954689979553
91,NY,0.1445945981414151,0.591,0.591,161,0.03185954689979553
91,TX,0.7586907138741312,0.6272,0.6272,741,0.03185954689979553
92,CA,0.09527892517373997,0.5932,0.5932,102,0.0372522808611393
92,NY,0.14210862439015218,0.592,0.592,135,0.0372522808611393
92,TX,0.7626124504361078,0.6266,0.6266,763,0.0372522808611393
93,CA,0.09378950605063756,0.5948,0.5948,89,0.03496989980340004
93,NY,0.13978179092869342,0.591,0.591,136,0.03496989980340004
93,TX,0.7664287030206691,0.6272,0.6272,775,0.03496989980340004
94,CA,0.09238181758901967,0.5948,0.5948,81,0.03761160001158714
94,NY,0.13735573815255897,0.591,0.591,127,0.03761160001158714
94,TX,0.7702624442584214,0.6272,0.6272,792,0.03761160001158714
95,CA,0.09098775873117777,0.5816,0.5816,80,0.03189023584127426
95,NY,0.13496066966534395,0.59,0.59,141,0.03189023584127426
95,TX,0.7740515716034784,0.6216,0.6216,779,0.03189023584127426
96,CA,0.08917805030520674,0.5918,0.5918,95,0.0374220535159111
96,NY,0.1329788884282843,0.593,0.593,136,0.0374220535159111
96,TX,0.7778430612665089,0.626,0.626,769,0.0374220535159111
97,CA,0.08770355251817057,0.5912,0.5912,75,0.03178367763757706
97,NY,0.1308787642849363,0.593,0.593,143,0.03178367763757706
97,TX,0.7814176831968931,0.626,0.626,782,0.03178367763757706
98,CA,0.08621734808281399,0.576,0.576,90,0.03180752694606781
98,NY,0.1288064665697915,0.598,0.598,139,0.03180752694606781
98,TX,0.7849761853473946,0.6142,0.6142,771,0.03180752694606781
99,CA,0.08445851911434007,0.5948,0.5948,85,0.031746260821819305
99,NY,0.12794020151588,0.591,0.591,134,0.031746260821819305
99,TX,0.78760127936978,0.6272,0.6272,781,0.031746260821819305
100,CA,0.08315333765844903,0.5926,0.5926,84,0.03173064813017845
100,NY,0.1256629372391616,0.5924,0.5924,145,0.03173064813017845
100,TX,0.7911837251023893,0.6272,0.6272,771,0.03173064813017845
101,CA,0.08174944900653391,0.5948,0.5948,71,0.03156270086765289
101,NY,0.12352583904626417,0.591,0.591,111,0.03156270086765289
101,TX,0.794724711947202,0.6272,0.6272,818,0.03156270086765289
102,CA,0.08047383266738381,0.592,0.592,82,0.03192249685525894
102,NY,0.12130860725437714,0.5928,0.5928,125,0.03192249685525894
102,TX,0.7982175600782391,0.627,0.627,793,0.03192249685525894
103,CA,0.07908123489701097,0.5918,0.5918,86,0.031793732196092606
103,NY,0.11926926887924398,0.5926,0.5926,118,0.031793732196092606
103,TX,0.801649496223745,0.6256,0.6256,796,0.031793732196092606
104,CA,0.07775305521551518,0.5854,0.5854,91,0.031680021435022354
104,NY,0.11732506101702496,0.5944,0.5944,112,0.031680021435022354
104,TX,0.8049218837674599,0.6234,0.6234,797,0.031680021435022354
105,CA,0.07623155166965119,0.5828,0.5828,74,0.03178302198648453
105,NY,0.1156821941312459,0.595,0.595,115,0.03178302198648453
105,TX,0.808086254199103,0.6206,0.6206,811,0.03178302198648453
106,CA,0.07472288476828244,0.594,0.594,75,0.03173736855387688
106,NY,0.11426679157398473,0.5918,0.5918,120,0.03173736855387688
106,TX,0.8110103236577327,0.627,0.627,805,0.03173736855387688
107,CA,0.07350040093552312,0.585,0.585,71,0.031772904098033905
107,NY,0.11224223209694197,0.5948,0.5948,127,0.031772904098033905
107,TX,0.8142573669675349,0.6238,0.6238,802,0.031772904098033905
108,CA,0.07201497687205423,0.5942,0.5942,69,0.03164580836892128
108,NY,0.11065381013292583,0.5914,0.5914,108,0.03164580836892128
108,TX,0.8173312129950199,0.6274,0.6274,823,0.03164580836892128
109,CA,0.07082323595971048,0.5946,0.5946,77,0.03162951394915581
109,NY,0.10863152141590475,0.591,0.591,96,0.03162951394915581
109,TX,0.8205452426243847,0.6272,0.6272,827,0.03162951394915581
110,CA,0.06967156656215409,0.5944,0.5944,80,0.03178659826517105
110,NY,0.10662378407295041,0.5912,0.5912,111,0.03178659826517105
110,TX,0.8237046493648955,0.6274,0.6274,809,0.03178659826517105
111,CA,0.06851809311462073,0.5948,0.5948,69,0.03159184381365776
111,NY,0.10464808083341702,0.591,0.591,105,0.03159184381365776
111,TX,0.8268338260519623,0.6272,0.6272,826,0.03159184381365776
112,CA,0.06740267132476602,0.589,0.589,75,0.03179275989532471
112,NY,0.10269920030834337,0.5926,0.5926,112,0.03179275989532471
112,TX,0.8298981283668906,0.6262,0.6262,813,0.03179275989532471
113,CA,0.06610299543386795,0.5948,0.5948,73,0.03181847929954529
113,NY,0.10094711390650349,0.591,0.591,91,0.03181847929954529
113,TX,0.8329498906596284,0.6272,0.6272,836,0.03181847929954529
114,CA,0.06501837826091045,0.5948,0.5948,53,0.03174428269267082
114,NY,0.09905419035690194,0.591,0.591,100,0.03174428269267082
114,TX,0.8359274313821876,0.6272,0.6272,847,0.03174428269267082
115,CA,0.06394746895428169,0.5948,0.5948,58,0.0316181518137455
115,NY,0.09719054828536292,0.591,0.591,80,0.0316181518137455
115,TX,0.8388619827603553,0.6272,0.6272,862,0.0316181518137455
116,CA,0.06289023612634428,0.594,0.594,55,0.03175155818462372
116,NY,0.09535596166570219,0.5914,0.5914,110,0.03175155818462372
116,TX,0.8417538022079535,0.6272,0.6272,835,0.03175155818462372
117,CA,0.061816082769577584,0.5922,0.5922,64,0.21388039737939835
117,NY,0.09357441968472864,0.5926,0.5926,93,0.21388039737939835
117,TX,0.8446094975456938,0.6266,0.6266,843,0.21388039737939835
118,CA,0.060706872789849355,0.5838,0.5838,66,0.0315215066075325
118,NY,0.09191843364004447,0.5946,0.5946,109,0.0315215066075325
118,TX,0.8473746935701062,0.6182,0.6182,825,0.0315215066075325
119,CA,0.05957309543121405,0.5938,0.5938,71,0.03157768398523331
119,NY,0.09081683057997998,0.592,0.592,97,0.03157768398523331
119,TX,0.8496100739888061,0.6268,0.6268,832,0.03157768398523331
120,CA,0.05854914075165291,0.5932,0.5932,62,0.03162438049912453
120,NY,0.08915504867480495,0.5924,0.5924,82,0.03162438049912453
120,TX,0.8522958105735422,0.6268,0.6268,856,0.03162438049912453
121,CA,0.05751785502658463,0.5926,0.5926,57,0.03157521039247513
121,NY,0.08754069063453063,0.5924,0.5924,94,0.03157521039247513
121,TX,0.8549414543388847,0.6272,0.6272,849,0.03157521039247513
122,CA,0.05646960853516182,0.576,0.576,51,0.031720709055662155
122,NY,0.0859344934543031,0.6018,0.6018,79,0.031720709055662155
122,TX,0.857595898010535,0.611,0.611,870,0.031720709055662155
123,CA,0.05533781791127081,0.5932,0.5932,45,0.031677696853876114
123,NY,0.08559075363722057,0.592,0.592,86,0.031677696853876114
123,TX,0.8590714284515086,0.6266,0.6266,869,0.031677696853876114
124,CA,0.0543622765268234,0.5586,0.5586,58,0.031400326639413834
124,NY,0.08401855760216882,0.5812,0.5812,104,0.031400326639413834
124,TX,0.8616191658710077,0.5872,0.5872,838,0.031400326639413834
125,CA,0.05345205087568023,0.5832,0.5832,57,0.031567372381687164
125,NY,0.08380966273094038,0.5956,0.5956,107,0.031567372381687164
125,TX,0.8627382863933795,0.625,0.625,836,0.031567372381687164
126,CA,0.052228104763761114,0.5888,0.5888,60,0.03151536360383034
126,NY,0.08253197403784807,0.5928,0.5928,94,0.03151536360383034
126,TX,0.8652399211983909,0.6258,0.6258,846,0.03151536360383034
127,CA,0.05118608377400884,0.5932,0.5932,48,0.03155747056007385
127,NY,0.08108898891376791,0.592,0.592,81,0.03155747056007385
127,TX,0.8677249273122233,0.6266,0.6266,871,0.03155747056007385
128,CA,0.050274605498643536,0.5942,0.5942,48,0.03147757798433304
128,NY,0.079585036398085,0.5914,0.5914,65,0.03147757798433304
128,TX,0.8701403581032714,0.6274,0.6274,887,0.03147757798433304
129,CA,0.04938656973974478,0.587,0.587,52,0.031529657542705536
129,NY,0.07804195838226638,0.5942,0.5942,75,0.031529657542705536
129,TX,0.8725714718779889,0.625,0.625,873,0.031529657542705536
130,CA,0.0483590655070612,0.5948,0.5948,48,0.03150153532624245
130,NY,0.07676496827014676,0.591,0.591,88,0.03150153532624245
130,TX,0.8748759662227921,0.6272,0.6272,864,0.03150153532624245
131,CA,0.047523082562622776,0.5948,0.5948,35,0.031506653875112534
131,NY,0.0752581833393434,0.591,0.591,77,0.031506653875112534
131,TX,0.8772187340980339,0.6272,0.6272,888,0.031506653875112534
132,CA,0.04669920222721171,0.5884,0.5884,45,0.031468164175748825
132,NY,0.07377726332782977,0.594,0.594,62,0.031468164175748825
132,TX,0.8795235344449585,0.6254,0.6254,893,0.031468164175748825
133,CA,0.04574999853203497,0.585,0.585,50,0.03158578276634216
133,NY,0.07253249274680292,0.5954,0.5954,70,0.03158578276634216
133,TX,0.8817175087211621,0.6246,0.6246,880,0.03158578276634216
134,CA,0.04474305809102703,0.5942,0.5942,30,0.03574587032198906
134,NY,0.0714015276688284,0.5914,0.5914,58,0.03574587032198906
134,TX,0.8838554142401446,0.6274,0.6274,912,0.03574587032198906
135,CA,0.043939781027525354,0.5896,0.5896,56,0.031615693122148514
135,NY,0.06999649233259696,0.5922,0.5922,75,0.031615693122148514
135,TX,0.8860637266398778,0.6258,0.6258,869,0.031615693122148514
136,CA,0.043065852589866734,0.5912,0.5912,40,0.03686971589922905
136,NY,0.06871652734238815,0.593,0.593,69,0.03686971589922905
136,TX,0.8882176200677452,0.626,0.626,891,0.03686971589922905
137,CA,0.042241993990760486,0.5584,0.5584,45,0.031488820910453796
137,NY,0.06747821263853993,0.5822,0.5822,63,0.031488820910453796
137,TX,0.8902797933706996,0.5866,0.5866,892,0.031488820910453796
138,CA,0.041530143463847174,0.5912,0.5912,37,0.03159168362617493
138,NY,0.0673542542626036,0.593,0.593,49,0.03159168362617493
138,TX,0.8911156022735492,0.626,0.626,914,0.03159168362617493
139,CA,0.040733192595941,0.5896,0.5896,33,0.03141716122627258
139,NY,0.06613647701663189,0.5922,0.5922,62,0.03141716122627258
139,TX,0.8931303303874271,0.6258,0.6258,905,0.03141716122627258
140,CA,0.039916991745371146,0.5942,0.5942,42,0.03140547499060631
140,NY,0.06491725925939079,0.5914,0.5914,63,0.03140547499060631
140,TX,0.8951657489952382,0.6274,0.6274,895,0.03140547499060631
141,CA,0.03919085384713956,0.575,0.575,35,0.03145631402730942
141,NY,0.06362439215875967,0.598,0.598,69,0.03145631402730942
141,TX,0.8971847539941008,0.612,0.612,896,0.03145631402730942
142,CA,0.038346996014716646,0.5948,0.5948,36,0.03497893735766411
142,NY,0.06316354347827403,0.591,0.591,50,0.03497893735766411
142,TX,0.8984894605070094,0.6272,0.6272,914,0.03497893735766411
143,CA,0.037665135269756386,0.594,0.594,40,0.03370620310306549
143,NY,0.06189258500058896,0.5914,0.5914,58,0.03370620310306549
143,TX,0.9004422797296546,0.6272,0.6272,902,0.03370620310306549
144,CA,0.036975412465601355,0.594,0.594,34,0.032137732952833176
144,NY,0.06066010451739208,0.5914,0.5914,66,0.032137732952833176
144,TX,0.9023644830170067,0.6272,0.6272,900,0.032137732952833176
145,CA,0.03629682164858588,0.5878,0.5878,33,0.032011888921260834
145,NY,0.05944971282599356,0.5936,0.5936,54,0.032011888921260834
145,TX,0.9042534655254206,0.6264,0.6264,913,0.032011888921260834
146,CA,0.03550853590619366,0.5898,0.5898,37,0.032216303050518036
146,NY,0.05837104290777434,0.5918,0.5918,61,0.032216303050518036
146,TX,0.906120421186032,0.6254,0.6254,902,0.032216303050518036
147,CA,0.034799872573325376,0.5896,0.5896,43,0.03193569928407669
147,NY,0.05727806638998468,0.5922,0.5922,41,0.03193569928407669
147,TX,0.9079220610366899,0.6258,0.6258,916,0.03193569928407669
148,CA,0.034091792276273396,0.5948,0.5948,38,0.0318453274667263
148,NY,0.05620439714543022,0.591,0.591,61,0.0318453274667263
148,TX,0.9097038105782963,0.6272,0.6272,901,0.0318453274667263
149,CA,0.03347755787625448,0.5834,0.5834,42,0.03191428631544113
149,NY,0.05506025044463879,0.5932,0.5932,73,0.03191428631544113
149,TX,0.9114621916791067,0.62,0.62,885,0.03191428631544113
150,CA,0.03277585755328282,0.5948,0.5948,32,0.031940728425979614
150,NY,0.05423980675351217,0.591,0.591,46,0.031940728425979614
150,TX,0.912984335693205,0.6272,0.6272,922,0.031940728425979614
151,CA,0.032183078242123624,0.5948,0.5948,29,0.031907934695482254
151,NY,0.053131931470387805,0.591,0.591,59,0.031907934695482254
151,TX,0.9146849902874885,0.6272,0.6272,912,0.031907934695482254
152,CA,0.031599865895184646,0.5934,0.5934,24,0.031940627843141556
152,NY,0.05204478453980795,0.592,0.592,33,0.031940627843141556
152,TX,0.9163553495650074,0.6264,0.6264,943,0.031940627843141556
153,CA,0.031012721088913103,0.5908,0.5908,34,0.03152059391140938
153,NY,0.0510328824964722,0.5926,0.5926,39,0.03152059391140938
153,TX,0.9179543964146147,0.625,0.625,927,0.03152059391140938
154,CA,0.030410815209608442,0.5942,0.5942,32,0.031615082174539566
154,NY,0.050099041535547416,0.5914,0.5914,47,0.031615082174539566
154,TX,0.9194901432548441,0.6274,0.6274,921,0.031615082174539566
155,CA,0.029842001512781234,0.594,0.594,31,0.03180297836661339
155,NY,0.04907562644450068,0.5914,0.5914,62,0.03180297836661339
155,TX,0.921082372042718,0.6272,0.6272,907,0.03180297836661339
156,CA,0.029282576838379176,0.589,0.589,31,0.03866461664438248
156,NY,0.04807709656413565,0.5926,0.5926,53,0.03866461664438248
156,TX,0.9226403265974852,0.6262,0.6262,916,0.03866461664438248
157,CA,0.028660393819549563,0.5898,0.5898,26,0.03160063922405243
157,NY,0.04716218402150856,0.5918,0.5918,45,0.03160063922405243
157,TX,0.9241774221589419,0.6254,0.6254,929,0.03160063922405243
158,CA,0.02807766412544636,0.5932,0.5932,33,0.03163149952888489
158,NY,0.04626139632385359,0.5924,0.5924,51,0.03163149952888489
158,TX,0.9256609395507001,0.6268,0.6268,916,0.03163149952888489
159,CA,0.027540659325397333,0.5874,0.5874,29,0.03138566389679909
159,NY,0.04535382988955206,0.5944,0.5944,51,0.03138566389679909
159,TX,0.9271055107850507,0.6246,0.6246,920,0.03138566389679909
160,CA,0.02694975111317261,0.5932,0.5932,23,0.035723812878131866
160,NY,0.04457643185297405,0.5924,0.5924,43,0.035723812878131866
160,TX,0.9284738170338532,0.6268,0.6268,934,0.035723812878131866
161,CA,0.026432758426944127,0.5948,0.5948,29,0.031228210777044296
161,NY,0.043699342387403535,0.591,0.591,40,0.031228210777044296
161,TX,0.9298678991856524,0.6272,0.6272,931,0.031228210777044296
162,CA,0.02594532115939847,0.594,0.594,27,0.031492263078689575
162,NY,0.04279129385307342,0.5916,0.5916,36,0.031492263078689575
162,TX,0.9312633849875281,0.6272,0.6272,937,0.031492263078689575
163,CA,0.025453258177084274,0.5772,0.5772,22,0.03133406862616539
163,NY,0.04191653389180781,0.5978,0.5978,54,0.03133406862616539
163,TX,0.9326302079311078,0.6154,0.6154,924,0.03133406862616539
164,CA,0.02487769021795312,0.579,0.579,22,0.032215964049100876
164,NY,0.04150378309281535,0.5952,0.5952,40,0.032215964049100876
164,TX,0.9336185266892315,0.6176,0.6176,938,0.032215964049100876
165,CA,0.024312452091512855,0.594,0.594,24,0.03153494372963905
165,NY,0.040976928593268964,0.5918,0.5918,42,0.03153494372963905
165,TX,0.9347106193152183,0.6268,0.6268,934,0.03153494372963905
166,CA,0.023854981797159645,0.5908,0.5908,30,0.031543631106615067
166,NY,0.0401504033798122,0.5926,0.5926,37,0.031543631106615067
166,TX,0.9359946148230281,0.625,0.625,933,0.031543631106615067
167,CA,0.023383385211590516,0.5922,0.5922,19,0.03137708455324173
167,NY,0.03940118981599939,0.5924,0.5924,47,0.03137708455324173
167,TX,0.9372154249724101,0.6254,0.6254,934,0.03137708455324173
168,CA,0.022935063458096424,0.5948,0.5948,21,0.031224966049194336
168,NY,0.03865061848598009,0.591,0.591,36,0.031224966049194336
168,TX,0.9384143180559235,0.6272,0.6272,943,0.031224966049194336
169,CA,0.02250802420281832,0.585,0.585,23,0.031262848526239395
169,NY,0.03784058378993675,0.5954,0.5954,35,0.031262848526239395
169,TX,0.9396513920072449,0.6246,0.6246,942,0.031262848526239395
170,CA,0.021986402190309905,0.5942,0.5942,19,0.03133620694279671
170,NY,0.037206168083177255,0.5914,0.5914,34,0.03133620694279671
170,TX,0.9408074297265129,0.6274,0.6274,947,0.03133620694279671
171,CA,0.021565287540794873,0.5942,0.5942,13,0.03104737028479576
171,NY,0.036429446917862617,0.5914,0.5914,30,0.03104737028479576
171,TX,0.9420052655413425,0.6274,0.6274,957,0.03104737028479576
172,CA,0.021151692837734947,0.5902,0.5902,21,0.03134448826313019
172,NY,0.03566802025011772,0.5922,0.5922,37,0.03134448826313019
172,TX,0.9431802869121474,0.6252,0.6252,942,0.03134448826313019
173,CA,0.020720619438482066,0.5948,0.5948,17,0.0312919020652771
173,NY,0.03498504833972936,0.591,0.591,25,0.0312919020652771
173,TX,0.9442943322217886,0.6272,0.6272,958,0.0312919020652771
174,CA,0.020332254093617122,0.5932,0.5932,20,0.03152972459793091
174,NY,0.03424752765557917,0.5924,0.5924,38,0.03152972459793091
174,TX,0.9454202182508037,0.6268,0.6268,942,0.03152972459793091
175,CA,0.019935119273798714,0.5948,0.5948,22,0.03130407631397247
175,NY,0.0335617351740756,0.591,0.591,35,0.03130407631397247
175,TX,0.9465031455521257,0.6272,0.6272,943,0.03130407631397247
176,CA,0.019560550103664143,0.594,0.594,13,0.031231310218572617
176,NY,0.03285266345357705,0.592,0.592,42,0.031231310218572617
176,TX,0.9475867864427588,0.627,0.627,945,0.031231310218572617
177,CA,0.0191849787654476,0.5878,0.5878,20,0.03134092316031456
177,NY,0.03218144861972123,0.5936,0.5936,35,0.03134092316031456
177,TX,0.9486335726148312,0.6264,0.6264,945,0.03134092316031456
178,CA,0.018750360705189328,0.5918,0.5918,18,0.0313626229763031
178,NY,0.03156729850163701,0.5926,0.5926,30,0.0313626229763031
178,TX,0.9496823407931737,0.6256,0.6256,952,0.0313626229763031
179,CA,0.018379440582889768,0.592,0.592,19,0.031132735311985016
179,NY,0.03095838449923434,0.5926,0.5926,24,0.031132735311985016
179,TX,0.950662174917876,0.627,0.627,957,0.031132735311985016
180,CA,0.018002964321455664,0.5948,0.5948,14,0.031167026609182358
180,NY,0.03033567549857364,0.591,0.591,24,0.031167026609182358
180,TX,0.9516613601799706,0.6272,0.6272,962,0.031167026609182358
181,CA,0.017662749807222287,0.5874,0.5874,18,0.031080707907676697
181,NY,0.02969148499961121,0.5944,0.5944,24,0.031080707907676697
181,TX,0.9526457651931665,0.6246,0.6246,958,0.031080707907676697
182,CA,0.01727483047499551,0.5948,0.5948,13,0.03104441985487938
182,NY,0.029167439503514768,0.591,0.591,29,0.03104441985487938
182,TX,0.9535577300214897,0.6272,0.6272,958,0.03104441985487938
183,CA,0.016947689127803547,0.5936,0.5936,23,0.03120505064725876
183,NY,0.028546899979038448,0.592,0.592,25,0.03120505064725876
183,TX,0.9545054108931581,0.6264,0.6264,952,0.03120505064725876
184,CA,0.016621618138274858,0.586,0.586,17,0.03114132583141327
184,NY,0.02796955181517139,0.5938,0.5938,27,0.03114132583141327
184,TX,0.9554088300465536,0.6244,0.6244,956,0.03114132583141327
185,CA,0.016243632481351904,0.593,0.593,18,0.031160008162260056
185,NY,0.02746793436291939,0.5922,0.5922,20,0.031160008162260056
185,TX,0.9562884331557286,0.6268,0.6268,962,0.031160008162260056
186,CA,0.015920813014957874,0.5948,0.5948,16,0.031069252640008926
186,NY,0.026908527427855312,0.591,0.591,24,0.031069252640008926
186,TX,0.9571706595571867,0.6272,0.6272,960,0.031069252640008926
187,CA,0.015618106177731952,0.576,0.576,19,0.037784747779369354
187,NY,0.02633401105419134,0.598,0.598,31,0.037784747779369354
187,TX,0.9580478827680767,0.6142,0.6142,950,0.037784747779369354
188,CA,0.015258176091718777,0.5802,0.5802,25,0.03668259084224701
188,NY,0.026086260510975626,0.5912,0.5912,36,0.03668259084224701
188,TX,0.9586555633973056,0.623,0.623,939,0.03668259084224701
189,CA,0.014869387005258273,0.594,0.594,20,0.03117411583662033
189,NY,0.025598527370974646,0.5914,0.5914,25,0.03117411583662033
189,TX,0.959532085623767,0.6272,0.6272,955,0.03117411583662033
190,CA,0.014578638207883392,0.5872,0.5872,16,0.031269535422325134
190,NY,0.025057048411275606,0.5946,0.5946,20,0.031269535422325134
190,TX,0.9603643133808409,0.626,0.626,964,0.031269535422325134
191,CA,0.014242605700223952,0.5926,0.5926,16,0.031002569943666458
191,NY,0.024593622913314024,0.5922,0.5922,20,0.031002569943666458
191,TX,0.961163771386462,0.6268,0.6268,964,0.031002569943666458
192,CA,0.013954662949408723,0.594,0.594,13,0.030996400862932205
192,NY,0.024090361559421156,0.5916,0.5916,24,0.030996400862932205
192,TX,0.9619549754911702,0.6272,0.6272,963,0.030996400862932205
193,CA,0.013681049778653163,0.5948,0.5948,16,0.03665606305003166
193,NY,0.023582454398639874,0.591,0.591,24,0.03665606305003166
193,TX,0.962736495822707,0.6272,0.6272,960,0.03665606305003166
194,CA,0.013419335303273048,0.5942,0.5942,11,0.03108551725745201
194,NY,0.023076212919416746,0.5914,0.5914,18,0.03108551725745201
194,TX,0.9635044517773101,0.6274,0.6274,971,0.03108551725745201
195,CA,0.013155889609061125,0.5934,0.5934,13,0.03097774088382721
195,NY,0.022583450731961628,0.592,0.592,14,0.03097774088382721
195,TX,0.9642606596589773,0.6264,0.6264,973,0.03097774088382721
196,CA,0.012898558073774602,0.587,0.587,16,0.031175877898931503
196,NY,0.02212226017927426,0.5942,0.5942,20,0.031175877898931503
196,TX,0.9649791817469512,0.625,0.625,964,0.031175877898931503
197,CA,0.012606018307648565,0.5948,0.5948,12,0.031279414892196655
197,NY,0.02171861585924961,0.591,0.591,30,0.031279414892196655
197,TX,0.9656753658331018,0.6272,0.6272,958,0.031279414892196655
198,CA,0.012364090919676291,0.5896,0.5896,17,0.031252890825271606
198,NY,0.021251048041397592,0.5922,0.5922,21,0.031252890825271606
198,TX,0.9663848610389262,0.6258,0.6258,962,0.031252890825271606
199,CA,0.012097436027041178,0.5786,0.5786,16,0.0312916561961174
199,NY,0.020826738436243133,0.5944,0.5944,20,0.0312916561961174
199,TX,0.9670758255367157,0.6182,0.6182,964,0.0312916561961174
200,CA,0.011808504927367063,0.5876,0.5876,11,0.031184867024421692
200,NY,0.020532793098239563,0.5942,0.5942,20,0.031184867024421692
200,TX,0.9676587019743933,0.6242,0.6242,969,0.031184867024421692
201,CA,0.011549863749519811,0.5888,0.5888,9,0.031176161020994186
201,NY,0.02016655389503782,0.5928,0.5928,25,0.031176161020994186
201,TX,0.9682835823554424,0.6258,0.6258,966,0.031176161020994186
202,CA,0.011294603723671368,0.5892,0.5892,13,0.031174663454294205
202,NY,0.01977050871646166,0.5922,0.5922,20,0.031174663454294205
202,TX,0.9689348875598669,0.626,0.626,967,0.031174663454294205
203,CA,0.011046345142172872,0.5948,0.5948,8,0.03121190518140793
203,NY,0.019372448633034157,0.591,0.591,19,0.03121190518140793
203,TX,0.969581206224793,0.6272,0.6272,973,0.03121190518140793
204,CA,0.010833447547604314,0.5794,0.5794,14,0.031277187168598175
204,NY,0.018953811057520593,0.5966,0.5966,22,0.031277187168598175
204,TX,0.9702127413948751,0.6164,0.6164,964,0.031277187168598175
205,CA,0.010590550994239238,0.5948,0.5948,13,0.031072039157152176
205,NY,0.018730631037076634,0.591,0.591,16,0.031072039157152176
205,TX,0.9706788179686842,0.6272,0.6272,971,0.031072039157152176
206,CA,0.01038619526087013,0.5916,0.5916,10,0.0310407392680645
206,NY,0.018325434855552856,0.5934,0.5934,24,0.0310407392680645
206,TX,0.971288369883577,0.6252,0.6252,966,0.0310407392680645
207,CA,0.010177301761983068,0.5832,0.5832,12,0.031288135796785355
207,NY,0.017977170611574778,0.5954,0.5954,20,0.031288135796785355
207,TX,0.9718455276264422,0.619,0.619,968,0.031288135796785355
208,CA,0.009957107109427467,0.581,0.581,9,0.03111673891544342
208,NY,0.01772375237663864,0.5908,0.5908,14,0.03111673891544342
208,TX,0.9723191405139339,0.6236,0.6236,977,0.03111673891544342
209,CA,0.009701861096461728,0.5948,0.5948,15,0.031168833374977112
209,NY,0.01737645818872687,0.591,0.591,18,0.031168833374977112
209,TX,0.9729216807148114,0.6272,0.6272,967,0.031168833374977112
210,CA,0.009514198296259418,0.5914,0.5914,15,0.03136666119098663
210,NY,0.016999743112946577,0.5938,0.5938,21,0.03136666119098663
210,TX,0.973486058590794,0.625,0.625,964,0.03136666119098663
211,CA,0.009322350652560277,0.5908,0.5908,9,0.031002312898635864
211,NY,0.016682074762353304,0.5926,0.5926,12,0.031002312898635864
211,TX,0.9739955745850865,0.625,0.625,979,0.031002312898635864
212,CA,0.009130979621234468,0.5882,0.5882,7,0.030909601598978043
212,NY,0.016358110262746566,0.5926,0.5926,10,0.030909601598978043
212,TX,0.974510910116019,0.626,0.626,983,0.030909601598978043
213,CA,0.00892360229532159,0.5874,0.5874,8,0.031124841421842575
213,NY,0.016030884458125366,0.5944,0.5944,19,0.031124841421842575
213,TX,0.9750455132465531,0.6246,0.6246,973,0.031124841421842575
214,CA,0.008723652329970317,0.5878,0.5878,7,0.03118840977549553
214,NY,0.015740790405606265,0.5938,0.5938,20,0.03118840977549553
214,TX,0.9755355572644234,0.6264,0.6264,973,0.03118840977549553
215,CA,0.008521063129653358,0.5946,0.5946,8,0.031102687120437622
215,NY,0.015433342523362563,0.591,0.591,16,0.031102687120437622
215,TX,0.976045594346984,0.6272,0.6272,976,0.031102687120437622
216,CA,0.008354643378594016,0.5948,0.5948,15,0.031194161623716354
216,NY,0.015097761082903755,0.591,0.591,21,0.031194161623716354
216,TX,0.9765475955385022,0.6272,0.6272,964,0.031194161623716354
217,CA,0.008192404334951846,0.5948,0.5948,9,0.03100842610001564
217,NY,0.014769301739460184,0.591,0.591,24,0.03100842610001564
217,TX,0.9770382939255879,0.6272,0.6272,967,0.03100842610001564
218,CA,0.008033231122180422,0.5948,0.5948,7,0.031106695532798767
218,NY,0.014447835871378982,0.591,0.591,15,0.031106695532798767
218,TX,0.9775189330064405,0.6272,0.6272,978,0.031106695532798767
219,CA,0.007877069204872947,0.5918,0.5918,6,0.030897222459316254
219,NY,0.014133221029191448,0.5926,0.5926,12,0.030897222459316254
219,TX,0.9779897097659356,0.6256,0.6256,982,0.030897222459316254
220,CA,0.007716764505523828,0.5922,0.5922,3,0.030994180589914322
220,NY,0.013852557065440542,0.5926,0.5926,16,0.030994180589914322
220,TX,0.9784306784290356,0.6266,0.6266,981,0.030994180589914322
221,CA,0.007556988652354411,0.5882,0.5882,7,0.03101147711277008
221,NY,0.01356914748233957,0.5924,0.5924,16,0.03101147711277008
221,TX,0.9788738638653061,0.626,0.626,977,0.03101147711277008
222,CA,0.007384677545250324,0.5948,0.5948,4,0.030933141708374023
222,NY,0.013294815244207347,0.591,0.591,14,0.030933141708374023
222,TX,0.9793205072105423,0.6272,0.6272,982,0.030933141708374023
223,CA,0.007240843803351384,0.5854,0.5854,8,0.03118608519434929
223,NY,0.013004806712868043,0.5944,0.5944,13,0.03118608519434929
223,TX,0.9797543494837805,0.6234,0.6234,979,0.03118608519434929
224,CA,0.007074195024534007,0.5948,0.5948,6,0.03126682713627815
224,NY,0.012777626314839741,0.591,0.591,12,0.03126682713627815
224,TX,0.9801481786606262,0.6272,0.6272,982,0.03126682713627815
225,CA,0.006936285907441461,0.5948,0.5948,3,0.03113725408911705
225,NY,0.01249867839083949,0.591,0.591,16,0.03113725408911705
225,TX,0.980565035701719,0.6272,0.6272,981,0.03113725408911705
226,CA,0.006801004377165341,0.5946,0.5946,5,0.03111385926604271
226,NY,0.012225710682279107,0.591,0.591,15,0.03111385926604271
226,TX,0.9809732849405555,0.6272,0.6272,980,0.03111385926604271
227,CA,0.006667472143163227,0.5932,0.5932,6,0.03076908364892006
227,NY,0.011958609637540078,0.592,0.592,10,0.03076908364892006
227,TX,0.9813739182192968,0.6266,0.6266,984,0.03076908364892006
228,CA,0.006533121048978671,0.594,0.594,8,0.03097638487815857
228,NY,0.011708815168201296,0.5918,0.5918,10,0.03097638487815857
228,TX,0.98175806378282,0.6268,0.6268,982,0.03097638487815857
229,CA,0.006403855154550392,0.587,0.587,6,0.030807606875896454
229,NY,0.011461301281309736,0.594,0.594,8,0.030807606875896454
229,TX,0.9821348435641398,0.6256,0.6256,986,0.030807606875896454
230,CA,0.006254139511446733,0.5832,0.5832,4,0.03264971449971199
230,NY,0.011242719717493832,0.5954,0.5954,10,0.03264971449971199
230,TX,0.9825031407710595,0.619,0.619,986,0.03264971449971199
231,CA,0.00611769401594742,0.5816,0.5816,7,0.03642362728714943
231,NY,0.011082184517790021,0.59,0.59,14,0.03642362728714943
231,TX,0.9828001214662625,0.6216,0.6216,979,0.03642362728714943
232,CA,0.005968978681326916,0.5918,0.5918,6,0.030819762498140335
232,NY,0.010870214680613702,0.593,0.593,13,0.030819762498140335
232,TX,0.9831608066380594,0.6266,0.6266,981,0.030819762498140335
233,CA,0.005843334722782926,0.5948,0.5948,6,0.03075612336397171
233,NY,0.01064942436794778,0.591,0.591,12,0.03075612336397171
233,TX,0.9835072409092693,0.6272,0.6272,982,0.03075612336397171
234,CA,0.005729008997363499,0.592,0.592,5,0.030913233757019043
234,NY,0.010416188385189606,0.5924,0.5924,16,0.030913233757019043
234,TX,0.983854802617447,0.6254,0.6254,979,0.030913233757019043
235,CA,0.005613132654313245,0.5948,0.5948,1,0.0313015878200531
235,NY,0.010208072198639607,0.591,0.591,8,0.0313015878200531
235,TX,0.9841787951470471,0.6272,0.6272,991,0.0313015878200531
236,CA,0.005503231579644869,0.5942,0.5942,10,0.031070712953805923
236,NY,0.009984358542580932,0.5914,0.5914,12,0.031070712953805923
236,TX,0.9845124098777741,0.6274,0.6274,978,0.031070712953805923
237,CA,0.0053927586561850855,0.591,0.591,8,0.20739848166704178
237,NY,0.009766746448054378,0.5934,0.5934,12,0.20739848166704178
237,TX,0.9848404948957605,0.625,0.625,980,0.20739848166704178
238,CA,0.005281524579817304,0.5926,0.5926,9,0.031196020543575287
238,NY,0.009579721138524903,0.5922,0.5922,9,0.031196020543575287
238,TX,0.9851387542816578,0.6268,0.6268,982,0.031196020543575287
239,CA,0.005172119878621836,0.593,0.593,6,0.035318706184625626
239,NY,0.009378924770988612,0.5924,0.5924,7,0.035318706184625626
239,TX,0.9854489553503896,0.6268,0.6268,987,0.035318706184625626
240,CA,0.00506620799441104,0.5918,0.5918,4,0.030798662453889847
240,NY,0.009183407988745416,0.5926,0.5926,9,0.030798662453889847
240,TX,0.9857503840168436,0.6268,0.6268,987,0.030798662453889847
241,CA,0.004958708227385874,0.592,0.592,2,0.030857395380735397
241,NY,0.008993062861159104,0.593,0.593,8,0.030857395380735397
241,TX,0.986048228911455,0.6256,0.6256,990,0.030857395380735397
242,CA,0.004857589168095871,0.594,0.594,3,0.03984207287430763
242,NY,0.008815208077643149,0.5918,0.5918,6,0.03984207287430763
242,TX,0.9863272027542609,0.6274,0.6274,991,0.03984207287430763
243,CA,0.004759286508008259,0.5702,0.5702,4,0.031833868473768234
243,NY,0.008624895064321013,0.6026,0.6026,6,0.031833868473768234
243,TX,0.9866158184276708,0.6024,0.6024,990,0.031833868473768234
244,CA,0.004664090362406223,0.582,0.582,7,0.031061656773090363
244,NY,0.00862678731640272,0.5962,0.5962,12,0.031061656773090363
244,TX,0.9867091223211911,0.6248,0.6248,981,0.031061656773090363
245,CA,0.004542478141766378,0.5896,0.5896,4,0.030875373631715775
245,NY,0.00847726596208345,0.5922,0.5922,4,0.030875373631715775
245,TX,0.9869802558961501,0.6258,0.6258,992,0.030875373631715775
246,CA,0.004442563157573841,0.5948,0.5948,5,0.03102756291627884
246,NY,0.00830436326611182,0.591,0.591,11,0.03102756291627884
246,TX,0.9872530735763143,0.6272,0.6272,984,0.03102756291627884
247,CA,0.004355294924120741,0.5948,0.5948,3,0.031068861484527588
247,NY,0.008121836636974937,0.591,0.591,9,0.031068861484527588
247,TX,0.9875228684389044,0.6272,0.6272,988,0.031068861484527588
248,CA,0.004269716195069114,0.594,0.594,6,0.03672437742352486
248,NY,0.007943275801261277,0.5918,0.5918,2,0.03672437742352486
248,TX,0.9877870080036696,0.627,0.627,992,0.03672437742352486
249,CA,0.004184196119179514,0.5926,0.5926,2,0.03110702708363533
249,NY,0.007773432808599619,0.5924,0.5924,15,0.03110702708363533
249,TX,0.9880423710722209,0.6272,0.6272,983,0.03110702708363533
250,CA,0.00409627081746111,0.5916,0.5916,2,0.03115226700901985
250,NY,0.007609128803603277,0.5934,0.5934,6,0.03115226700901985
250,TX,0.9882946003789357,0.6252,0.6252,992,0.03115226700901985
251,CA,0.004012520185686572,0.5948,0.5948,5,0.031348876655101776
251,NY,0.007461985258762889,0.591,0.591,13,0.031348876655101776
251,TX,0.9885254945555505,0.6272,0.6272,982,0.031348876655101776
252,CA,0.003933592145078257,0.5834,0.5834,2,0.0309009850025177
252,NY,0.007297774460230085,0.5956,0.5956,4,0.0309009850025177
252,TX,0.9887686333946917,0.6248,0.6248,994,0.0309009850025177
253,CA,0.0038342511526722337,0.5948,0.5948,4,0.030577074736356735
253,NY,0.007168281519919454,0.591,0.591,6,0.030577074736356735
253,TX,0.9889974673274083,0.6272,0.6272,990,0.030577074736356735
254,CA,0.0037587918311381137,0.5946,0.5946,2,0.031076371669769287
254,NY,0.007010463350481357,0.591,0.591,10,0.031076371669769287
254,TX,0.9892307448183806,0.6272,0.6272,988,0.031076371669769287
255,CA,0.0036843386967030855,0.594,0.594,6,0.03089301660656929
255,NY,0.006856088521522249,0.5918,0.5918,5,0.03089301660656929
255,TX,0.9894595727817747,0.6268,0.6268,989,0.03089301660656929
256,CA,0.003610854876415825,0.5948,0.5948,4,0.03085208311676979
256,NY,0.006710070546556022,0.591,0.591,10,0.03085208311676979
256,TX,0.9896790745770282,0.6272,0.6272,986,0.03085208311676979
257,CA,0.003539740226246105,0.5912,0.5912,1,0.031109079718589783
257,NY,0.006562244325655547,0.593,0.593,3,0.031109079718589783
257,TX,0.9898980154480983,0.626,0.626,996,0.031109079718589783
258,CA,0.003464705865226143,0.5892,0.5892,2,0.03097768872976303
258,NY,0.0064304058165409825,0.5922,0.5922,10,0.03097768872976303
258,TX,0.990104888318233,0.626,0.626,988,0.03097768872976303
259,CA,0.0033870101892557393,0.5942,0.5942,4,0.031102538108825684
259,NY,0.006298071355490773,0.5914,0.5914,8,0.031102538108825684
259,TX,0.9903149184552534,0.6274,0.6274,988,0.031102538108825684
260,CA,0.003318604673556072,0.5796,0.5796,3,0.031255267560482025
260,NY,0.006160034479141113,0.5958,0.5958,7,0.031255267560482025
260,TX,0.9905213608473028,0.617,0.617,990,0.031255267560482025
261,CA,0.0032423585644922267,0.5948,0.5948,9,0.03127894550561905
261,NY,0.006080229875276896,0.591,0.591,3,0.03127894550561905
261,TX,0.9906774115602309,0.6272,0.6272,988,0.03127894550561905
262,CA,0.00317843346098293,0.5896,0.5896,2,0.031127989292144775
262,NY,0.0059461523863599645,0.5922,0.5922,9,0.031127989292144775
262,TX,0.9908754141526571,0.6258,0.6258,989,0.031127989292144775
263,CA,0.0031082645262026014,0.589,0.589,0,0.02524206042289734
263,NY,0.005824392692624191,0.5926,0.5926,7,0.02524206042289734
263,TX,0.9910673427811731,0.6262,0.6262,993,0.02524206042289734
264,CA,0.003037743244209064,0.589,0.589,4,0.030858274549245834
264,NY,0.0057051432588903295,0.5926,0.5926,7,0.030858274549245834
264,TX,0.9912571134969006,0.6262,0.6262,989,0.030858274549245834
265,CA,0.002968809864775808,0.589,0.589,4,0.030797738581895828
265,NY,0.0055883125663587566,0.5926,0.5926,5,0.030797738581895828
265,TX,0.9914428775688655,0.6262,0.6262,991,0.030797738581895828
266,CA,0.0029014291610498758,0.5924,0.5924,2,0.03111245483160019
266,NY,0.005473852499369739,0.5928,0.5928,9,0.03111245483160019
266,TX,0.9916247183395804,0.6272,0.6272,989,0.03111245483160019
267,CA,0.0028398827984842255,0.5872,0.5872,3,0.031034808605909348
267,NY,0.005359084614552685,0.5944,0.5944,6,0.031034808605909348
267,TX,0.9918010325869631,0.6244,0.6244,991,0.031034808605909348
268,CA,0.0027753024890652504,0.5948,0.5948,0,0.025548618286848068
268,NY,0.005260973970711326,0.591,0.591,7,0.025548618286848068
268,TX,0.9919637235402234,0.6272,0.6272,993,0.025548618286848068
269,CA,0.002720510786115825,0.5948,0.5948,5,0.031347766518592834
269,NY,0.005144820566377726,0.591,0.591,5,0.031347766518592834
269,TX,0.9921346686475064,0.6272,0.6272,990,0.031347766518592834
270,CA,0.002666791011938819,0.5948,0.5948,2,0.03536291420459747
270,NY,0.005031213139662158,0.591,0.591,7,0.03536291420459747
270,TX,0.9923019958483991,0.6272,0.6272,991,0.03536291420459747
271,CA,0.0026141225949432795,0.5874,0.5874,0,0.025493517518043518
271,NY,0.004920096680291968,0.593,0.593,5,0.025493517518043518
271,TX,0.9924657807247648,0.626,0.626,995,0.025493517518043518
272,CA,0.0025524785940780658,0.5926,0.5926,1,0.031087446957826614
272,NY,0.0048210228993340095,0.5922,0.5922,5,0.031087446957826614
272,TX,0.9926264985065879,0.6268,0.6268,994,0.031087446957826614
273,CA,0.0024992085463604835,0.594,0.594,4,0.03935812786221504
273,NY,0.004719222906967604,0.5916,0.5916,5,0.03935812786221504
273,TX,0.9927815685466719,0.6274,0.6274,991,0.03935812786221504
274,CA,0.0024482957023309183,0.5946,0.5946,1,0.031061459332704544
274,NY,0.0046161241175106974,0.5912,0.5912,4,0.031061459332704544
274,TX,0.9929355801801585,0.6272,0.6272,995,0.031061459332704544
275,CA,0.0023996082954517335,0.5948,0.5948,2,0.03676018863916397
275,NY,0.004514679992670254,0.591,0.591,6,0.03676018863916397
275,TX,0.993085711711878,0.6272,0.6272,992,0.03676018863916397
276,CA,0.0023521771169268068,0.5926,0.5926,3,0.031119495630264282
276,NY,0.004414897153148108,0.5922,0.5922,5,0.031119495630264282
276,TX,0.993232925729925,0.6268,0.6268,992,0.031119495630264282
277,CA,0.0023030577509542114,0.5874,0.5874,1,0.031382836401462555
277,NY,0.004321617314951647,0.5946,0.5946,3,0.031382836401462555
277,TX,0.9933753249340941,0.6258,0.6258,996,0.031382836401462555
278,CA,0.0022489703565626057,0.5948,0.5948,4,0.03630660101771355
278,NY,0.004239265271952224,0.591,0.591,7,0.03630660101771355
278,TX,0.9935117643714853,0.6272,0.6272,989,0.03630660101771355
279,CA,0.0022044965978647428,0.5946,0.5946,2,0.031231436878442764
279,NY,0.004145531770997058,0.5912,0.5912,7,0.031231436878442764
279,TX,0.9936499716311381,0.6272,0.6272,991,0.031231436878442764
280,CA,0.0021606243863037475,0.5948,0.5948,1,0.03125246241688728
280,NY,0.004054367378245399,0.591,0.591,1,0.03125246241688728
280,TX,0.9937850082354508,0.6272,0.6272,998,0.03125246241688728
281,CA,0.0021178852447115964,0.5828,0.5828,2,0.03657909855246544
281,NY,0.00396469882976178,0.595,0.595,5,0.03657909855246544
281,TX,0.9939174159255266,0.6206,0.6206,993,0.03657909855246544
282,CA,0.002068717972321127,0.5942,0.5942,2,0.031161390244960785
282,NY,0.0039025071842707514,0.5914,0.5914,5,0.031161390244960785
282,TX,0.9940287748434081,0.6274,0.6274,993,0.031161390244960785
283,CA,0.002026775307546665,0.5948,0.5948,2,0.03116513416171074
283,NY,0.0038166697015610215,0.591,0.591,5,0.03116513416171074
283,TX,0.9941565549908923,0.6272,0.6272,993,0.03116513416171074
284,CA,0.00198666802171323,0.5916,0.5916,2,0.0313684344291687
284,NY,0.003732228514575005,0.593,0.593,4,0.0313684344291687
284,TX,0.9942811034637118,0.626,0.626,994,0.0313684344291687
285,CA,0.0019448667127335887,0.5948,0.5948,1,0.031231578439474106
285,NY,0.003656912878554509,0.591,0.591,2,0.031231578439474106
285,TX,0.994398220408712,0.6272,0.6272,997,0.031231578439474106
286,CA,0.0019063704072449868,0.587,0.587,4,0.025706864893436432
286,NY,0.003575987657358646,0.5942,0.5942,0,0.025706864893436432
286,TX,0.9945176419353964,0.625,0.625,996,0.025706864893436432
287,CA,0.0018619998799274831,0.5948,0.5948,0,0.025580886751413345
287,NY,0.003508603158695977,0.591,0.591,7,0.025580886751413345
287,TX,0.9946293969613765,0.6272,0.6272,993,0.025580886751413345
288,CA,0.001825134789626628,0.582,0.582,0,0.025452446192502975
288,NY,0.0034309429566921593,0.5928,0.5928,8,0.025452446192502975
288,TX,0.9947439222536812,0.6208,0.6208,992,0.025452446192502975
289,CA,0.0017816267016053905,0.5948,0.5948,0,0.025553688406944275
289,NY,0.0033720191692272173,0.591,0.591,8,0.025553688406944275
289,TX,0.9948463541291674,0.6272,0.6272,992,0.025553688406944275
290,CA,0.0017463447899409017,0.5926,0.5926,0,0.029499702155590057
290,NY,0.0032973668496549626,0.5924,0.5924,5,0.029499702155590057
290,TX,0.9949562883604041,0.6272,0.6272,995,0.029499702155590057
291,CA,0.0017093953727190902,0.5948,0.5948,4,0.030837640166282654
291,NY,0.003227195357251953,0.591,0.591,2,0.030837640166282654
291,TX,0.995063409270029,0.6272,0.6272,994,0.030837640166282654
292,CA,0.0016755360635476119,0.5912,0.5912,1,0.03613309934735298
292,NY,0.003155734549475503,0.593,0.593,2,0.03613309934735298
292,TX,0.9951687293869769,0.626,0.626,997,0.03613309934735298
293,CA,0.0016398397126855225,0.58,0.58,1,0.031014978885650635
293,NY,0.003091997186807666,0.5924,0.5924,5,0.031014978885650635
293,TX,0.9952681631005068,0.618,0.618,994,0.031014978885650635
294,CA,0.001601466813356676,0.5948,0.5948,3,0.030944298952817917
294,NY,0.0030433416927634492,0.591,0.591,2,0.030944298952817917
294,TX,0.99535519149388,0.6272,0.6272,995,0.030944298952817917
295,CA,0.0015697355332954205,0.5828,0.5828,4,0.030962999910116196
295,NY,0.0029759334455059586,0.5946,0.5946,3,0.030962999910116196
295,TX,0.9954543310211986,0.619,0.619,993,0.030962999910116196
296,CA,0.0015347597635022223,0.594,0.594,2,0.03103167936205864
296,NY,0.0029313174142860912,0.5914,0.5914,1,0.03103167936205864
296,TX,0.9955339228222116,0.6272,0.6272,997,0.03103167936205864
297,CA,0.0015035898878135116,0.5948,0.5948,0,0.0253651961684227
297,NY,0.0028671002336674183,0.591,0.591,3,0.0253651961684227
297,TX,0.995629309878519,0.6272,0.6272,997,0.0253651961684227
298,CA,0.001473789278405355,0.5948,0.5948,1,0.030868712812662125
298,NY,0.0028035791743869095,0.591,0.591,2,0.030868712812662125
298,TX,0.9957226315472076,0.6272,0.6272,997,0.030868712812662125
299,CA,0.001444576407493388,0.5948,0.5948,1,0.03089085966348648
299,NY,0.0027414599329268602,0.591,0.591,1,0.03089085966348648
299,TX,0.9958139636595797,0.6272,0.6272,998,0.03089085966348648
300,CA,0.001415939801976447,0.5942,0.5942,1,0.031014680862426758
300,NY,0.0026807118105817164,0.5914,0.5914,6,0.031014680862426758
300,TX,0.9959033483874418,0.6274,0.6274,993,0.031014680862426758
301,CA,0.0013871760554515934,0.5926,0.5926,1,0.030798014253377914
301,NY,0.0026216425094813304,0.5922,0.5922,2,0.030798014253377914
301,TX,0.995991181435067,0.6268,0.6268,997,0.030798014253377914
302,CA,0.001358128972075145,0.5896,0.5896,2,0.0311390683054924
302,NY,0.002566101371494413,0.5922,0.5922,3,0.0311390683054924
302,TX,0.9960757696564305,0.6258,0.6258,995,0.0311390683054924
303,CA,0.0013279995113725715,0.5918,0.5918,3,0.031083859503269196
303,NY,0.0025132776875900894,0.593,0.593,2,0.031083859503269196
303,TX,0.9961587228010373,0.626,0.626,995,0.031083859503269196
304,CA,0.0013001700531987935,0.5948,0.5948,1,0.025261271744966507
304,NY,0.002462464592751061,0.591,0.591,0,0.025261271744966507
304,TX,0.9962373653540502,0.6272,0.6272,999,0.025261271744966507
305,CA,0.0012743845164252072,0.5948,0.5948,2,0.03093881905078888
305,NY,0.0024078768689681103,0.591,0.591,4,0.03093881905078888
305,TX,0.9963177386146067,0.6272,0.6272,994,0.03093881905078888
306,CA,0.0012491082111856227,0.5888,0.5888,1,0.03111235424876213
306,NY,0.002354495173106534,0.5928,0.5928,3,0.03111235424876213
306,TX,0.9963963966157079,0.6258,0.6258,996,0.03111235424876213
307,CA,0.0012207740180617262,0.5948,0.5948,0,0.025339186191558838
307,NY,0.0023068801633499268,0.591,0.591,3,0.025339186191558838
307,TX,0.9964723458185885,0.6272,0.6272,997,0.025339186191558838
308,CA,0.001196557064207173,0.5946,0.5946,0,0.025178179144859314
308,NY,0.0022557300484617633,0.5912,0.5912,1,0.025178179144859314
308,TX,0.996547712887331,0.6272,0.6272,999,0.025178179144859314
309,CA,0.0011726713779197885,0.5948,0.5948,2,0.03094901517033577
309,NY,0.0022059874900351643,0.591,0.591,1,0.03094901517033577
309,TX,0.996621341132045,0.6272,0.6272,997,0.03094901517033577
310,CA,0.0011494049731910936,0.5924,0.5924,1,0.03095284476876259
310,NY,0.0021570675453907893,0.5928,0.5928,2,0.03095284476876259
310,TX,0.9966935274814182,0.6268,0.6268,997,0.03095284476876259
311,CA,0.0011251779500876236,0.5922,0.5922,0,0.0252673476934433
311,NY,0.0021121315486498484,0.5924,0.5924,1,0.0252673476934433
311,TX,0.9967626905012624,0.6254,0.6254,999,0.0252673476934433
312,CA,0.0011022679566890636,0.5852,0.5852,0,0.02530347928404808
312,NY,0.002069385885788597,0.594,0.594,4,0.02530347928404808
312,TX,0.9968283461575224,0.624,0.624,996,0.02530347928404808
313,CA,0.0010760024527965157,0.5948,0.5948,3,0.031005103141069412
313,NY,0.0020312894592241734,0.591,0.591,1,0.031005103141069412
313,TX,0.9968927080879793,0.6272,0.6272,996,0.031005103141069412
314,CA,0.0010546478800659822,0.5872,0.5872,1,0.031018201261758804
314,NY,0.001986232072003884,0.5944,0.5944,2,0.031018201261758804
314,TX,0.9969591200479302,0.6244,0.6244,997,0.031018201261758804
315,CA,0.0010305583322298938,0.594,0.594,2,0.025401968508958817
315,NY,0.0019496682353801343,0.5916,0.5916,0,0.025401968508958817
315,TX,0.99701977343239,0.6274,0.6274,998,0.025401968508958817
316,CA,0.0010094722794241702,0.588,0.588,1,0.0307948999106884
316,NY,0.00190690100670431,0.595,0.595,1,0.0307948999106884
316,TX,0.9970836267138715,0.6256,0.6256,998,0.0307948999106884
317,CA,0.0009861816906063185,0.5948,0.5948,0,0.018734540790319443
317,NY,0.0018711167002608943,0.591,0.591,0,0.018734540790319443
317,TX,0.9971427016091328,0.6272,0.6272,1000,0.018734540790319443
318,CA,0.0009666045463417733,0.5948,0.5948,0,0.02514702081680298
318,NY,0.0018296024195939803,0.591,0.591,1,0.02514702081680298
318,TX,0.9972037930340643,0.6272,0.6272,999,0.02514702081680298
319,CA,0.0009474147925485906,0.5948,0.5948,0,0.025363627821207047
319,NY,0.001789006862382439,0.591,0.591,3,0.025363627821207047
319,TX,0.997263578345069,0.6272,0.6272,997,0.025363627821207047
320,CA,0.000928604814516982,0.5948,0.5948,0,0.025487467646598816
320,NY,0.0017493097985302848,0.591,0.591,2,0.025487467646598816
320,TX,0.9973220853869527,0.6272,0.6272,998,0.025487467646598816
321,CA,0.0009101671451282857,0.5918,0.5918,1,0.030971813946962357
321,NY,0.0017104914390143704,0.5928,0.5928,3,0.030971813946962357
321,TX,0.9973793414158573,0.6256,0.6256,996,0.030971813946962357
322,CA,0.0008912902842110379,0.5948,0.5948,1,0.031058482825756073
322,NY,0.0016760681350647024,0.591,0.591,1,0.031058482825756073
322,TX,0.9974326415807242,0.6272,0.6272,998,0.031058482825756073
323,CA,0.0008735914310828905,0.5948,0.5948,0,0.018930166959762573
323,NY,0.0016388711690099862,0.591,0.591,0,0.018930166959762573
323,TX,0.9974875373999071,0.6272,0.6272,1000,0.018930166959762573
324,CA,0.0008562430236912479,0.5854,0.5854,1,0.030626613646745682
324,NY,0.0016024978239803612,0.5944,0.5944,1,0.030626613646745682
324,TX,0.9975412591523284,0.6234,0.6234,998,0.030626613646745682
325,CA,0.0008362410748385915,0.5924,0.5924,0,0.025404635816812515
325,NY,0.0015739478179467832,0.5934,0.5934,4,0.025404635816812515
325,TX,0.9975898111072147,0.627,0.627,996,0.025404635816812515
326,CA,0.000818498620758635,0.5926,0.5926,1,0.025301288813352585
326,NY,0.0015415209454107766,0.5924,0.5924,0,0.025301288813352585
326,TX,0.9976399804338305,0.6272,0.6272,999,0.025301288813352585
327,CA,0.0008011348134341857,0.5948,0.5948,0,0.025133851915597916
327,NY,0.0015086293069351457,0.591,0.591,6,0.025133851915597916
327,TX,0.9976902358796307,0.6272,0.6272,994,0.025133851915597916
328,CA,0.000785221893513072,0.594,0.594,2,0.030871480703353882
328,NY,0.0014751401660038413,0.5918,0.5918,2,0.030871480703353882
328,TX,0.997739637940483,0.6268,0.6268,996,0.030871480703353882
329,CA,0.000769426629260544,0.594,0.594,0,0.025143250823020935
329,NY,0.0014434717356593672,0.5918,0.5918,2,0.025143250823020935
329,TX,0.9977871016350801,0.627,0.627,998,0.025143250823020935
330,CA,0.000753855864674887,0.592,0.592,1,0.03080117702484131
330,NY,0.0014123084994120735,0.593,0.593,1,0.03080117702484131
330,TX,0.997833835635913,0.6256,0.6256,998,0.03080117702484131
331,CA,0.00073830661300841,0.5948,0.5948,1,0.025317292660474777
331,NY,0.0013840466413010716,0.591,0.591,0,0.025317292660474777
331,TX,0.9978776467456905,0.6272,0.6272,999,0.025317292660474777
332,CA,0.000723638736963269,0.5948,0.5948,3,0.03096919134259224
332,NY,0.00135331759081902,0.591,0.591,1,0.03096919134259224
332,TX,0.9979230436722177,0.6272,0.6272,996,0.03096919134259224
333,CA,0.0007092615743452869,0.5948,0.5948,1,0.025355208665132523
333,NY,0.001323269505489304,0.591,0.591,0,0.025355208665132523
333,TX,0.9979674689201654,0.6272,0.6272,999,0.025355208665132523
334,CA,0.0006951693916312524,0.5918,0.5918,0,0.025204431265592575
334,NY,0.001293887350734072,0.5926,0.5926,2,0.025204431265592575
334,TX,0.9980109432576346,0.6268,0.6268,998,0.025204431265592575
335,CA,0.0006802417567337765,0.594,0.594,2,0.025349080562591553
335,NY,0.001266739531689636,0.5918,0.5918,0,0.025349080562591553
335,TX,0.9980530187115766,0.627,0.627,998,0.025349080562591553
336,CA,0.0006664720581810828,0.591,0.591,0,0.02540108934044838
336,NY,0.0012393848011322138,0.5934,0.5934,1,0.02540108934044838
336,TX,0.9980941431406867,0.625,0.625,999,0.02540108934044838
337,CA,0.0006525522389868203,0.589,0.589,0,0.025251679122447968
337,NY,0.0012153297719463814,0.5926,0.5926,2,0.025251679122447968
337,TX,0.9981321179890669,0.6262,0.6262,998,0.025251679122447968
338,CA,0.0006376503659946215,0.5948,0.5948,0,0.02522346004843712
338,NY,0.00119026669111683,0.591,0.591,1,0.02522346004843712
338,TX,0.9981720829428885,0.6272,0.6272,999,0.02522346004843712
339,CA,0.0006249782721896055,0.5834,0.5834,0,0.025354910641908646
339,NY,0.001163832655493751,0.5932,0.5932,1,0.025354910641908646
339,TX,0.9982111890723167,0.62,0.62,999,0.025354910641908646
340,CA,0.0006108787798131719,0.5948,0.5948,0,0.030494127422571182
340,NY,0.0011446173273930858,0.591,0.591,1,0.030494127422571182
340,TX,0.9982445038927937,0.6272,0.6272,999,0.030494127422571182
341,CA,0.000598737793348063,0.5948,0.5948,1,0.030764438211917877
341,NY,0.0011191953623097546,0.591,0.591,1,0.030764438211917877
341,TX,0.9982820668443422,0.6272,0.6272,998,0.030764438211917877
342,CA,0.0005868376306585386,0.5932,0.5932,0,0.031027432531118393
342,NY,0.0010943371358925725,0.592,0.592,1,0.031027432531118393
342,TX,0.998318825233449,0.6266,0.6266,999,0.031027432531118393
343,CA,0.000574808031592181,0.5918,0.5918,0,0.02521427348256111
343,NY,0.001071096932453139,0.593,0.593,1,0.02521427348256111
343,TX,0.9983540950359547,0.6268,0.6268,999,0.02521427348256111
344,CA,0.0005624607224242793,0.5948,0.5948,1,0.03085363283753395
344,NY,0.0010488790802135604,0.591,0.591,1,0.03085363283753395
344,TX,0.9983886601973622,0.6272,0.6272,998,0.03085363283753395
345,CA,0.0005512803209808693,0.5948,0.5948,0,0.030277717858552933
345,NY,0.0010255802895814512,0.591,0.591,1,0.030277717858552933
345,TX,0.9984231393894377,0.6272,0.6272,999,0.030277717858552933
346,CA,0.0005403217593639543,0.5948,0.5948,0,0.025046098977327347
346,NY,0.0010027982928245247,0.591,0.591,1,0.025046098977327347
346,TX,0.9984568799478114,0.6272,0.6272,999,0.025046098977327347
347,CA,0.0005295806522632653,0.594,0.594,0,0.030627593398094177
347,NY,0.0009805216589981818,0.5918,0.5918,2,0.030627593398094177
347,TX,0.9984898976887385,0.6274,0.6274,998,0.030627593398094177
348,CA,0.0005187285498402341,0.5866,0.5866,0,0.02534465491771698
348,NY,0.0009591033675909836,0.5942,0.5942,2,0.02534465491771698
348,TX,0.9985221680825688,0.6246,0.6246,998,0.02534465491771698
349,CA,0.0005066105345540913,0.5902,0.5902,0,0.018562719225883484
349,NY,0.0009411846502690965,0.5922,0.5922,0,0.018562719225883484
349,TX,0.9985522048151768,0.6252,0.6252,1000,0.018562719225883484
350,CA,0.0004957151478089352,0.5918,0.5918,1,0.03614309802651405
350,NY,0.0009221013966968782,0.593,0.593,2,0.03614309802651405
350,TX,0.9985821834554942,0.626,0.626,997,0.03614309802651405
351,CA,0.0004853028089115679,0.5816,0.5816,0,0.02525430917739868
351,NY,0.0009034134878244057,0.59,0.59,1,0.02525430917739868
351,TX,0.998611283703264,0.6216,0.6216,999,0.02525430917739868
352,CA,0.00047334584622050905,0.5922,0.5922,0,0.031424105167388916
352,NY,0.0008858349347960631,0.5924,0.5924,1,0.031424105167388916
352,TX,0.9986408192189834,0.6254,0.6254,999,0.031424105167388916
353,CA,0.00046369022894760165,0.5948,0.5948,1,0.02507581189274788
353,NY,0.0008678740981034752,0.591,0.591,0,0.02507581189274788
353,TX,0.9986684356729488,0.6272,0.6272,999,0.02507581189274788
354,CA,0.0004544704295769967,0.57,0.57,1,0.025369159877300262
354,NY,0.000848590891812743,0.6018,0.6018,0,0.025369159877300262
354,TX,0.9986969386786102,0.6006,0.6006,999,0.025369159877300262
355,CA,0.0004457855303864086,0.5944,0.5944,0,0.02539311721920967
355,NY,0.0008492339346778665,0.5914,0.5914,1,0.02539311721920967
355,TX,0.9987049805349358,0.6274,0.6274,999,0.02539311721920967
356,CA,0.00043675815873055326,0.5948,0.5948,0,0.025401107966899872
356,NY,0.0008304709906292447,0.591,0.591,1,0.025401107966899872
356,TX,0.9987327708506402,0.6272,0.6272,999,0.025401107966899872
357,CA,0.0004280732782580454,0.5818,0.5818,0,0.022210735827684402
357,NY,0.000812017729015814,0.5938,0.5938,0,0.022210735827684402
357,TX,0.998759908992726,0.624,0.624,1000,0.022210735827684402
358,CA,0.00041696063356701273,0.5948,0.5948,0,0.026682265102863312
358,NY,0.0007969382981631732,0.591,0.591,1,0.026682265102863312
358,TX,0.9987861010682698,0.6272,0.6272,999,0.026682265102863312
359,CA,0.0004086689583915741,0.5926,0.5926,0,0.02526751160621643
359,NY,0.0007792292524020819,0.5922,0.5922,1,0.02526751160621643
359,TX,0.9988121017892064,0.6268,0.6268,999,0.02526751160621643
360,CA,0.00040008763329612743,0.5908,0.5908,1,0.025365367531776428
360,NY,0.0007626752138726216,0.5926,0.5926,0,0.025365367531776428
360,TX,0.9988372371528312,0.625,0.625,999,0.025365367531776428
361,CA,0.0003916765815079746,0.5948,0.5948,0,0.018789902329444885
361,NY,0.0007474863042209306,0.591,0.591,0,0.018789902329444885
361,TX,0.9988608371142711,0.6272,0.6272,1000,0.018789902329444885
362,CA,0.0003838870891357925,0.5948,0.5948,0,0.018650628626346588
362,NY,0.0007308749765258164,0.591,0.591,0,0.018650628626346588
362,TX,0.9988852379343385,0.6272,0.6272,1000,0.018650628626346588
363,CA,0.00037625231337217374,0.5948,0.5948,0,0.025214646011590958
363,NY,0.0007146324260821561,0.591,0.591,1,0.025214646011590958
363,TX,0.9989091152605457,0.6272,0.6272,999,0.025214646011590958
364,CA,0.0003687691892947419,0.594,0.594,0,0.018727298825979233
364,NY,0.0006987504821336459,0.5918,0.5918,0,0.018727298825979233
364,TX,0.9989324803285715,0.627,0.627,1000,0.018727298825979233
365,CA,0.00036129770804588365,0.5948,0.5948,0,0.024971112608909607
365,NY,0.0006836485261659561,0.591,0.591,1,0.024971112608909607
365,TX,0.9989550537657882,0.6272,0.6272,999,0.024971112608909607
366,CA,0.0003541116602884577,0.5948,0.5948,0,0.025282640010118484
366,NY,0.0006684545065464777,0.591,0.591,1,0.025282640010118484
366,TX,0.9989774338331651,0.6272,0.6272,999,0.025282640010118484
367,CA,0.000347068372786375,0.5948,0.5948,0,0.025337766855955124
367,NY,0.0006535978580271136,0.591,0.591,2,0.025337766855955124
367,TX,0.9989993337691865,0.6272,0.6272,998,0.025337766855955124
368,CA,0.0003401650162655342,0.5896,0.5896,1,0.030881818383932114
368,NY,0.000639071103160464,0.5918,0.5918,1,0.030881818383932114
368,TX,0.9990207638805739,0.6254,0.6254,998,0.030881818383932114
369,CA,0.0003326796510137262,0.5912,0.5912,0,0.025490857660770416
369,NY,0.0006258732884723746,0.593,0.593,2,0.025490857660770416
369,TX,0.999041447060514,0.626,0.626,998,0.025490857660770416
370,CA,0.0003255660233914224,0.5948,0.5948,0,0.018869224935770035
370,NY,0.000613183217766259,0.591,0.591,0,0.018869224935770035
370,TX,0.9990612507588423,0.6272,0.6272,1000,0.018869224935770035
371,CA,0.00031908993540251976,0.5948,0.5948,0,0.02136070653796196
371,NY,0.000599553916053238,0.591,0.591,0,0.02136070653796196
371,TX,0.9990813561485443,0.6272,0.6272,1000,0.02136070653796196
372,CA,0.00031274253318003107,0.5816,0.5816,0,0.01872420310974121
372,NY,0.0005862273012231145,0.59,0.59,0,0.01872420310974121
372,TX,0.9991010301655968,0.6216,0.6216,1000,0.01872420310974121
373,CA,0.00030503395229949633,0.5948,0.5948,1,0.025295700877904892
373,NY,0.0005748145338044096,0.591,0.591,0,0.025295700877904892
373,TX,0.999120151513896,0.6272,0.6272,999,0.025295700877904892
374,CA,0.0002989659063454539,0.5888,0.5888,2,0.03230448439717293
374,NY,0.0005620373481982031,0.5928,0.5928,0,0.03230448439717293
374,TX,0.9991389967454564,0.6258,0.6258,998,0.03230448439717293
375,CA,0.00029216735316542726,0.5914,0.5914,1,0.02693866938352585
375,NY,0.0005506393111535903,0.5938,0.5938,0,0.02693866938352585
375,TX,0.999157193335681,0.625,0.625,999,0.02693866938352585
376,CA,0.00028613098488598646,0.578,0.578,0,0.019561748951673508
376,NY,0.000540076008876404,0.5976,0.5976,0,0.019561748951673508
376,TX,0.9991737930062377,0.617,0.617,1000,0.019561748951673508
377,CA,0.0002792336028516427,0.5948,0.5948,0,0.027219925075769424
377,NY,0.0005336035727513448,0.591,0.591,1,0.027219925075769424
377,TX,0.999187162824397,0.6272,0.6272,999,0.027219925075769424
378,CA,0.000273678412203636,0.5948,0.5948,0,0.019783489406108856
378,NY,0.0005217416929261903,0.591,0.591,0,0.019783489406108856
378,TX,0.9992045798948702,0.6272,0.6272,1000,0.019783489406108856
379,CA,0.0002682336383974984,0.5918,0.5918,0,0.019596517086029053
379,NY,0.0005101433088005238,0.593,0.593,0,0.019596517086029053
379,TX,0.999221623052802,0.626,0.626,1000,0.019596517086029053
380,CA,0.0002625960241589583,0.5704,0.5704,0,0.019561566412448883
380,NY,0.0004997978412184723,0.6016,0.6016,0,0.019561566412448883
380,TX,0.9992376061346226,0.5994,0.5994,1000,0.019561566412448883
381,CA,0.00025783573610549393,0.57,0.57,0,0.026466134935617447
381,NY,0.0005004873599698236,0.6018,0.6018,1,0.026466134935617447
381,TX,0.9992416769039246,0.6018,0.6018,999,0.026466134935617447
382,CA,0.00025271830301384283,0.592,0.592,0,0.01966322958469391
382,NY,0.0005004899218409434,0.5928,0.5928,0,0.01966322958469391
382,TX,0.9992467917751452,0.627,0.627,1000,0.01966322958469391
383,CA,0.0002472857765246672,0.592,0.592,0,0.02667323127388954
383,NY,0.0004899773007055593,0.593,0.593,1,0.02667323127388954
383,TX,0.9992627369227697,0.6256,0.6256,999,0.02667323127388954
384,CA,0.00024217817225189882,0.5948,0.5948,2,0.02687859907746315
384,NY,0.00048015840259602786,0.591,0.591,0,0.02687859907746315
384,TX,0.999277663425152,0.6272,0.6272,998,0.02687859907746315
385,CA,0.0002373597205575327,0.5794,0.5794,0,0.01951010152697563
385,NY,0.00046948369150009826,0.5966,0.5966,0,0.01951010152697563
385,TX,0.9992931565879424,0.6164,0.6164,1000,0.01951010152697563
386,CA,0.000231929061793038,0.5912,0.5912,0,0.02617129310965538
386,NY,0.0004637379642070057,0.593,0.593,1,0.02617129310965538
386,TX,0.999304332974,0.626,0.626,999,0.02617129310965538
387,CA,0.00022696852914967622,0.5918,0.5918,0,0.026425134390592575
387,NY,0.00045433283934656886,0.593,0.593,1,0.026425134390592575
387,TX,0.9993186986315037,0.626,0.626,999,0.026425134390592575
388,CA,0.00022219776191809945,0.5918,0.5918,0,0.026648875325918198
388,NY,0.0004451182914407339,0.5928,0.5928,1,0.026648875325918198
388,TX,0.9993326839466411,0.6256,0.6256,999,0.026648875325918198
389,CA,0.0002175807136851387,0.5814,0.5814,0,0.20280997455120087
389,NY,0.0004361429981546221,0.5924,0.5924,0,0.20280997455120087
389,TX,0.9993462762881602,0.6242,0.6242,1000,0.20280997455120087
390,CA,0.0002118501734333386,0.5948,0.5948,0,0.019259639084339142
390,NY,0.000427609914437718,0.591,0.591,0,0.019259639084339142
390,TX,0.9993605399121289,0.6272,0.6272,1000,0.019259639084339142
391,CA,0.00020763476884419504,0.586,0.586,0,0.026084300130605698
391,NY,0.00041810270139906616,0.5938,0.5938,1,0.026084300130605698
391,TX,0.9993742625297567,0.6244,0.6244,999,0.026084300130605698
392,CA,0.000202728978997463,0.579,0.579,0,0.019473131746053696
392,NY,0.00041023184241739896,0.5952,0.5952,0,0.019473131746053696
392,TX,0.9993870391785852,0.6176,0.6176,1000,0.019473131746053696
393,CA,0.00019789343774801894,0.575,0.575,0,0.019415799528360367
393,NY,0.0004045553402225272,0.598,0.598,0,0.019415799528360367
393,TX,0.9993975512220294,0.612,0.612,1000,0.019415799528360367
394,CA,0.00019335277624056517,0.5948,0.5948,0,0.026436224579811096
394,NY,0.00040104506301451303,0.591,0.591,1,0.026436224579811096
394,TX,0.9994056021607449,0.6272,0.6272,999,0.026436224579811096
395,CA,0.00018950525192601067,0.589,0.589,0,0.02638212963938713
395,NY,0.00039212810019858055,0.5926,0.5926,1,0.02638212963938713
395,TX,0.9994183666478754,0.6262,0.6262,999,0.02638212963938713
396,CA,0.00018517254362535824,0.5686,0.5686,0,0.01935476064682007
396,NY,0.00038403085686789163,0.6016,0.6016,0,0.01935476064682007
396,TX,0.9994307965995067,0.5978,0.5978,1000,0.01935476064682007
397,CA,0.00018178894078280092,0.5948,0.5948,0,0.0195467509329319
397,NY,0.00038494513707324043,0.591,0.591,0,0.0195467509329319
397,TX,0.999433265922144,0.6272,0.6272,1000,0.0195467509329319
398,CA,0.00017817142023382338,0.5948,0.5948,0,0.019285354763269424
398,NY,0.00037638592362665554,0.591,0.591,0,0.019285354763269424
398,TX,0.9994454426561395,0.6272,0.6272,1000,0.019285354763269424
399,CA,0.00017462584093397933,0.57,0.57,0,0.01937061920762062
399,NY,0.000368016926778854,0.6022,0.6022,0,0.01937061920762062
399,TX,0.9994573572322872,0.596,0.596,1000,0.01937061920762062
400,CA,0.00017178130215909383,0.5948,0.5948,0,0.0263059064745903
400,NY,0.00036944708928950734,0.591,0.591,1,0.0263059064745903
400,TX,0.9994587716085513,0.6272,0.6272,999,0.0263059064745903
401,CA,0.0001683628376504184,0.594,0.594,0,0.019382499158382416
401,NY,0.00036123227672697414,0.5914,0.5914,0,0.019382499158382416
401,TX,0.9994704048856226,0.6272,0.6272,1000,0.019382499158382416
402,CA,0.00016492958333407662,0.594,0.594,0,0.019338201731443405
402,NY,0.0003532888327893835,0.5918,0.5918,0,0.019338201731443405
402,TX,0.9994817815838766,0.627,0.627,1000,0.019338201731443405
403,CA,0.00016158613690416896,0.581,0.581,0,0.01906157284975052
403,NY,0.00034564925857699137,0.5908,0.5908,0,0.01906157284975052
403,TX,0.9994927646045189,0.6236,0.6236,1000,0.01906157284975052
404,CA,0.00015734820735769476,0.5746,0.5746,0,0.026233486831188202
404,NY,0.0003386702460021854,0.5984,0.5984,1,0.026233486831188202
404,TX,0.9995039815466401,0.6124,0.6124,999,0.026233486831188202
405,CA,0.0001536604625431009,0.5802,0.5802,0,0.02632598951458931
405,NY,0.000335731896487872,0.5898,0.5898,1,0.02632598951458931
405,TX,0.999510607640969,0.6224,0.6224,999,0.02632598951458931
406,CA,0.00014966523143214837,0.582,0.582,0,0.019386298954486847
406,NY,0.0003289893386961366,0.5926,0.5926,0,0.019386298954486847
406,TX,0.9995213454298717,0.6182,0.6182,1000,0.019386298954486847
407,CA,0.00014631839152974517,0.5916,0.5916,0,0.019065942615270615
407,NY,0.0003237874811697825,0.5934,0.5934,0,0.019065942615270615
407,TX,0.9995298941273004,0.6252,0.6252,1000,0.019065942615270615
408,CA,0.00014329469103101152,0.5888,0.5888,0,0.0194803886115551
408,NY,0.000317454960531419,0.5922,0.5922,0,0.0194803886115551
408,TX,0.9995392503484376,0.626,0.626,1000,0.0194803886115551
409,CA,0.00014001774530793018,0.5924,0.5924,0,0.01918083429336548
409,NY,0.0003108590287343446,0.5932,0.5932,0,0.01918083429336548
409,TX,0.9995491232259578,0.627,0.627,1000,0.01918083429336548
410,CA,0.0001370414022371699,0.588,0.588,0,0.01933400332927704
410,NY,0.00030440398136612304,0.595,0.595,0,0.01933400332927704
410,TX,0.9995585546163966,0.6256,0.6256,1000,0.01933400332927704
411,CA,0.0001338728368358616,0.5876,0.5876,0,0.01945079118013382
411,NY,0.00029867659411179454,0.5942,0.5942,0,0.01945079118013382
411,TX,0.9995674505690524,0.6242,0.6242,1000,0.01945079118013382
412,CA,0.00013085724014756458,0.5948,0.5948,0,0.01935562863945961
412,NY,0.00029316235043467354,0.591,0.591,0,0.01935562863945961
412,TX,0.9995759804094178,0.6272,0.6272,1000,0.01935562863945961
413,CA,0.00012825284625791886,0.594,0.594,0,0.019579879939556122
413,NY,0.0002866430413201535,0.5914,0.5914,0,0.019579879939556122
413,TX,0.999585104112422,0.6272,0.6272,1000,0.019579879939556122
414,CA,0.0001256372057301832,0.5946,0.5946,0,0.019405871629714966
414,NY,0.0002803391140788294,0.5912,0.5912,0,0.019405871629714966
414,TX,0.999594023680191,0.6272,0.6272,1000,0.019405871629714966
415,CA,0.00012312121134387848,0.5796,0.5796,0,0.01923242211341858
415,NY,0.000274139311581601,0.5958,0.5958,0,0.01923242211341858
415,TX,0.9996027394770745,0.617,0.617,1000,0.01923242211341858
416,CA,0.00012027428464704889,0.5908,0.5908,0,0.019391391426324844
416,NY,0.00027054689645644416,0.5926,0.5926,0,0.019391391426324844
416,TX,0.9996091788188965,0.625,0.625,1000,0.019391391426324844
417,CA,0.0001177439067397368,0.5948,0.5948,0,0.026466377079486847
417,NY,0.00026515470907725625,0.591,0.591,1,0.026466377079486847
417,TX,0.999617101384183,0.6272,0.6272,999,0.026466377079486847
418,CA,0.00011540039970018759,0.594,0.594,0,0.019561760127544403
418,NY,0.00025925800129050205,0.5916,0.5916,0,0.019561760127544403
418,TX,0.9996253415990093,0.6274,0.6274,1000,0.019561760127544403
419,CA,0.00011303288798120697,0.5948,0.5948,0,0.019414562731981277
419,NY,0.00025355681794770566,0.591,0.591,0,0.019414562731981277
419,TX,0.999633410294071,0.6272,0.6272,1000,0.019414562731981277
420,CA,0.00011078310737511679,0.5948,0.5948,0,0.019333377480506897
420,NY,0.0002479179454736271,0.591,0.591,0,0.019333377480506897
420,TX,0.9996412989471513,0.6272,0.6272,1000,0.019333377480506897
421,CA,0.00010857808739993647,0.5918,0.5918,0,0.01933644339442253
421,NY,0.00024240443511456625,0.5926,0.5926,0,0.01933644339442253
421,TX,0.9996490174774855,0.627,0.627,1000,0.01933644339442253
422,CA,0.00010622980414743773,0.594,0.594,1,0.025822505354881287
422,NY,0.00023728100114156904,0.5918,0.5918,0,0.025822505354881287
422,TX,0.9996564891947111,0.627,0.627,999,0.025822505354881287
423,CA,0.0001040759323481185,0.5796,0.5796,0,0.019605260342359543
423,NY,0.0002321491397741725,0.5958,0.5958,0,0.019605260342359543
423,TX,0.9996637749278777,0.617,0.617,1000,0.019605260342359543
424,CA,0.00010166928809546031,0.5948,0.5948,0,0.02610020712018013
424,NY,0.00022910675114341572,0.591,0.591,1,0.02610020712018013
424,TX,0.9996692239607611,0.6272,0.6272,999,0.02610020712018013
425,CA,9.964560922012114e-05,0.5916,0.5916,1,0.026599809527397156
425,NY,0.00022401145332948726,0.5934,0.5934,0,0.026599809527397156
425,TX,0.9996763429374503,0.6252,0.6252,999,0.026599809527397156
426,CA,9.758612695247572e-05,0.5876,0.5876,0,0.019294172525405884
426,NY,0.000219629676114799,0.5946,0.5946,0,0.019294172525405884
426,TX,0.9996827841969327,0.626,0.626,1000,0.019294172525405884
427,CA,9.528213364219276e-05,0.5918,0.5918,0,0.026021558791399002
427,NY,0.0002153897749522175,0.5928,0.5928,1,0.026021558791399002
427,TX,0.9996893280914056,0.6256,0.6256,999,0.026021558791399002
428,CA,9.330158708685456e-05,0.592,0.592,0,0.01935841143131256
428,NY,0.00021104515514948477,0.5928,0.5928,0,0.01935841143131256
428,TX,0.9996956532577637,0.627,0.627,1000,0.01935841143131256
429,CA,9.12950729661325e-05,0.5874,0.5874,0,0.01910952478647232
429,NY,0.00020661025757798555,0.593,0.593,0,0.01910952478647232
429,TX,0.9997020946694559,0.626,0.626,1000,0.01910952478647232
430,CA,8.912836445474819e-05,0.5944,0.5944,0,0.019075263291597366
430,NY,0.00020241834794480876,0.5914,0.5914,0,0.019075263291597366
430,TX,0.9997084532876004,0.6274,0.6274,1000,0.019075263291597366
431,CA,8.732159115016609e-05,0.5874,0.5874,0,0.01906062662601471
431,NY,0.00019794186034620658,0.5944,0.5944,0,0.01906062662601471
431,TX,0.9997147365485036,0.6246,0.6246,1000,0.01906062662601471
432,CA,8.532259078892644e-05,0.5872,0.5872,0,0.025873910635709763
432,NY,0.0001942633844948062,0.5946,0.5946,1,0.025873910635709763
432,TX,0.9997204140247163,0.626,0.626,999,0.025873910635709763
433,CA,8.328708478712608e-05,0.5948,0.5948,0,0.019461940973997116
433,NY,0.00019051302934607243,0.591,0.591,0,0.019461940973997116
433,TX,0.9997261998858669,0.6272,0.6272,1000,0.019461940973997116
434,CA,8.162919497087663e-05,0.5948,0.5948,0,0.0191679447889328
434,NY,0.0001862758216689696,0.591,0.591,0,0.0191679447889328
434,TX,0.9997320949833601,0.6272,0.6272,1000,0.0191679447889328
435,CA,8.000429647095755e-05,0.5948,0.5948,0,0.019352290779352188
435,NY,0.00018213283071103847,0.591,0.591,0,0.019352290779352188
435,TX,0.999737862872818,0.6272,0.6272,1000,0.019352290779352188
436,CA,7.841173319254822e-05,0.5948,0.5948,0,0.018948759883642197
436,NY,0.0001780819625159802,0.591,0.591,0,0.018948759883642197
436,TX,0.9997435063042915,0.6272,0.6272,1000,0.018948759883642197
437,CA,7.685086207129525e-05,0.594,0.594,0,0.02626246213912964
437,NY,0.00017412116962176833,0.5916,0.5916,1,0.02626246213912964
437,TX,0.9997490279683069,0.6272,0.6272,999,0.02626246213912964
438,CA,7.528326750396427e-05,0.5948,0.5948,0,0.019350219517946243
438,NY,0.00017031264984840674,0.591,0.591,0,0.019350219517946243
438,TX,0.9997544040826476,0.6272,0.6272,1000,0.019350219517946243
439,CA,7.378465455695173e-05,0.5946,0.5946,0,0.02625858783721924
439,NY,0.00016652461822098808,0.591,0.591,1,0.02625858783721924
439,TX,0.999759690727222,0.6272,0.6272,999,0.02625858783721924
440,CA,7.230679692786073e-05,0.5946,0.5946,0,0.019457079470157623
440,NY,0.00016282082150352578,0.5912,0.5912,0,0.019457079470157623
440,TX,0.9997648723815686,0.6272,0.6272,1000,0.019457079470157623
441,CA,7.085853045095602e-05,0.5948,0.5948,0,0.019313521683216095
441,NY,0.0001592193951333565,0.591,0.591,0,0.019313521683216095
441,TX,0.9997699220744157,0.6272,0.6272,1000,0.019313521683216095
442,CA,6.944797448574058e-05,0.5912,0.5912,0,0.01911790296435356
442,NY,0.0001556780434817277,0.593,0.593,0,0.01911790296435356
442,TX,0.9997748739820326,0.626,0.626,1000,0.01911790296435356
443,CA,6.796194981395414e-05,0.594,0.594,0,0.0190899558365345
443,NY,0.0001525192345767822,0.5918,0.5918,0,0.0190899558365345
443,TX,0.9997795188156093,0.627,0.627,1000,0.0190899558365345
444,CA,6.658380749899216e-05,0.594,0.594,0,0.019194524735212326
444,NY,0.0001492201926103807,0.5914,0.5914,0,0.019194524735212326
444,TX,0.9997841959998907,0.6272,0.6272,1000,0.019194524735212326
445,CA,6.522559106468296e-05,0.586,0.586,0,0.019251715391874313
445,NY,0.00014593787901924493,0.5938,0.5938,0,0.019251715391874313
445,TX,0.9997888365299161,0.6244,0.6244,1000,0.019251715391874313
446,CA,6.368396412759028e-05,0.594,0.594,0,0.019226502627134323
446,NY,0.00014318935586215715,0.5918,0.5918,0,0.019226502627134323
446,TX,0.9997931266800103,0.627,0.627,1000,0.019226502627134323
447,CA,6.239255342149474e-05,0.587,0.587,1,0.026487596333026886
447,NY,0.00014009208185376473,0.594,0.594,0,0.026487596333026886
447,TX,0.9997975153647247,0.6256,0.6256,999,0.026487596333026886
448,CA,6.0911293445240444e-05,0.5802,0.5802,0,0.019276101142168045
448,NY,0.00013736941278966294,0.5918,0.5918,0,0.019276101142168045
448,TX,0.9998017192937652,0.6232,0.6232,1000,0.019276101142168045
449,CA,5.929795280327609e-05,0.5948,0.5948,0,0.019252322614192963
449,NY,0.00013471264489001416,0.591,0.591,0,0.019252322614192963
449,TX,0.9998059894023067,0.6272,0.6272,1000,0.019252322614192963
450,CA,5.811748414742294e-05,0.5948,0.5948,0,0.01910882443189621
450,NY,0.00013171626930164718,0.591,0.591,0,0.01910882443189621
450,TX,0.9998101662465508,0.6272,0.6272,1000,0.01910882443189621
451,CA,5.6960510429190895e-05,0.5936,0.5936,0,0.01921110227704048
451,NY,0.0001287865296432962,0.592,0.592,0,0.01921110227704048
451,TX,0.9998142529599275,0.6264,0.6264,1000,0.01921110227704048
452,CA,5.581199025774962e-05,0.592,0.592,0,0.019330929964780807
452,NY,0.00012606305288244074,0.5928,0.5928,0,0.019330929964780807
452,TX,0.9998181249568598,0.627,0.627,1000,0.019330929964780807
453,CA,5.461157382889867e-05,0.5872,0.5872,0,0.019184764474630356
453,NY,0.00012341364707437873,0.5954,0.5954,0,0.019184764474630356
453,TX,0.9998219747790967,0.6252,0.6252,1000,0.019184764474630356
454,CA,5.3334849135385e-05,0.5818,0.5818,1,0.026293538510799408
454,NY,0.00012115113802664345,0.592,0.592,0,0.026293538510799408
454,TX,0.9998255140128379,0.6244,0.6244,999,0.026293538510799408
455,CA,5.193633725105029e-05,0.582,0.582,0,0.019016999751329422
455,NY,0.00011873513148420492,0.5928,0.5928,0,0.019016999751329422
455,TX,0.9998293285312648,0.625,0.625,1000,0.019016999751329422
456,CA,5.056221031562712e-05,0.5544,0.5544,0,0.01917688548564911
456,NY,0.00011638278295648788,0.5816,0.5816,0,0.01917688548564911
456,TX,0.9998330550067279,0.5796,0.5796,1000,0.01917688548564911
457,CA,4.975560365295177e-05,0.5814,0.5814,0,0.025694016367197037
457,NY,0.00011653021706685106,0.5962,0.5962,1,0.025694016367197037
457,TX,0.9998337141792802,0.6246,0.6246,999,0.025694016367197037
458,CA,4.843270713165986e-05,0.5772,0.5772,0,0.019351180642843246
458,NY,0.00011449351070464176,0.5978,0.5978,0,0.019351180642843246
458,TX,0.9998370737821637,0.6154,0.6154,1000,0.019351180642843246
459,CA,4.728751297788034e-05,0.5686,0.5686,0,0.019459251314401627
459,NY,0.000113246359493269,0.6016,0.6016,0,0.019459251314401627
459,TX,0.9998394661275288,0.5978,0.5978,1000,0.019459251314401627
460,CA,4.642335522631666e-05,0.5878,0.5878,0,0.01934291422367096
460,NY,0.00011351575745181945,0.5936,0.5936,0,0.01934291422367096
460,TX,0.9998400608873219,0.6264,0.6264,1000,0.01934291422367096
461,CA,4.532172490738294e-05,0.592,0.592,0,0.01906612515449524
461,NY,0.00011122683504669878,0.5928,0.5928,0,0.01906612515449524
461,TX,0.9998434514400459,0.6254,0.6254,1000,0.01906612515449524
462,CA,4.439055875999965e-05,0.5802,0.5802,0,0.019258994609117508
462,NY,0.00010899634740698646,0.5918,0.5918,0,0.019258994609117508
462,TX,0.999846613093833,0.6232,0.6232,1000,0.019258994609117508
463,CA,4.321475563238364e-05,0.5828,0.5828,0,0.019405439496040344
463,NY,0.00010688821812061945,0.595,0.595,0,0.019405439496040344
463,TX,0.999849897026247,0.6206,0.6206,1000,0.019405439496040344
464,CA,4.22068984653903e-05,0.5926,0.5926,0,0.026291590183973312
464,NY,0.00010520002937886155,0.5922,0.5922,1,0.026291590183973312
464,TX,0.9998525930721557,0.6268,0.6268,999,0.026291590183973312
465,CA,4.1319717568543534e-05,0.5876,0.5876,0,0.01952183246612549
465,NY,0.00010296287815232575,0.5942,0.5942,0,0.01952183246612549
465,TX,0.9998557174042791,0.6258,0.6258,1000,0.01952183246612549
466,CA,4.034898424143931e-05,0.592,0.592,0,0.019520211964845657
466,NY,0.00010096193148145241,0.5924,0.5924,0,0.019520211964845657
466,TX,0.999858689084277,0.6254,0.6254,1000,0.019520211964845657
467,CA,3.951997529355012e-05,0.5812,0.5812,0,0.01916854828596115
467,NY,9.891241696924466e-05,0.5922,0.5922,0,0.01916854828596115
467,TX,0.9998615676077373,0.6246,0.6246,1000,0.01916854828596115
468,CA,3.846434456236296e-05,0.5942,0.5942,0,0.019028134644031525
468,NY,9.694006354590932e-05,0.5914,0.5914,0,0.019028134644031525
468,TX,0.9998645955918918,0.6274,0.6274,1000,0.019028134644031525
469,CA,3.7679757721146254e-05,0.5548,0.5548,0,0.01926921308040619
469,NY,9.479591311642304e-05,0.5818,0.5818,0,0.01926921308040619
469,TX,0.9998675243291624,0.58,0.58,1000,0.01926921308040619
470,CA,3.7078807712290884e-05,0.5916,0.5916,0,0.019128911197185516
470,NY,9.49039552455619e-05,0.5934,0.5934,0,0.019128911197185516
470,TX,0.9998680172370421,0.6252,0.6252,1000,0.019128911197185516
471,CA,3.631232167310555e-05,0.5942,0.5942,0,0.019288845360279083
471,NY,9.304723050853745e-05,0.5914,0.5914,0,0.019288845360279083
471,TX,0.9998706404478184,0.6274,0.6274,1000,0.019288845360279083
472,CA,3.5571626674208296e-05,0.5882,0.5882,1,0.02636909857392311
472,NY,9.098917113891576e-05,0.5924,0.5924,0,0.02636909857392311
472,TX,0.9998734392021869,0.626,0.626,999,0.02636909857392311
473,CA,3.474477885920136e-05,0.594,0.594,0,0.02625555917620659
473,NY,8.910919333723574e-05,0.5914,0.5914,1,0.02625555917620659
473,TX,0.9998761460278035,0.6272,0.6272,999,0.02625555917620659
474,CA,3.403596690106354e-05,0.588,0.588,0,0.026160918176174164
474,NY,8.71489360988901e-05,0.595,0.595,1,0.026160918176174164
474,TX,0.9998788150969999,0.6256,0.6256,999,0.026160918176174164
475,CA,3.324879838557922e-05,0.5876,0.5876,0,0.018980607390403748
475,NY,8.550866790017567e-05,0.5942,0.5942,0,0.018980607390403748
475,TX,0.9998812425337142,0.6242,0.6242,1000,0.018980607390403748
476,CA,3.249963996797238e-05,0.5834,0.5834,0,0.018989115953445435
476,NY,8.39294642295474e-05,0.5932,0.5932,0,0.018989115953445435
476,TX,0.9998835708958025,0.62,0.62,1000,0.018989115953445435
477,CA,3.1765456271744553e-05,0.5876,0.5876,0,0.019148901104927063
477,NY,8.254117669927252e-05,0.5942,0.5942,0,0.019148901104927063
477,TX,0.999885693367029,0.6258,0.6258,1000,0.019148901104927063
478,CA,3.1019164057234434e-05,0.5772,0.5772,0,0.01903492584824562
478,NY,8.09370483543277e-05,0.5978,0.5978,0,0.01903492584824562
478,TX,0.9998880437875884,0.6154,0.6154,1000,0.01903492584824562
479,CA,3.028569059012109e-05,0.5948,0.5948,0,0.019262511283159256
479,NY,8.005535765688118e-05,0.591,0.591,0,0.019262511283159256
479,TX,0.999889658951753,0.6272,0.6272,1000,0.019262511283159256
480,CA,2.9682727691834384e-05,0.591,0.591,0,0.025926370173692703
480,NY,7.827456838712227e-05,0.5934,0.5934,1,0.025926370173692703
480,TX,0.999892042703921,0.625,0.625,999,0.025926370173692703
481,CA,2.9061735981969052e-05,0.5848,0.5848,0,0.019398432224988937
481,NY,7.675259358366887e-05,0.5956,0.5956,0,0.019398432224988937
481,TX,0.9998941856704344,0.625,0.625,1000,0.019398432224988937
482,CA,2.8342853078803437e-05,0.5932,0.5932,0,0.019016653299331665
482,NY,7.536412087984554e-05,0.5922,0.5922,0,0.019016653299331665
482,TX,0.9998962930260413,0.6266,0.6266,1000,0.019016653299331665
483,CA,2.7760931867701102e-05,0.5696,0.5696,0,0.01914263516664505
483,NY,7.377045023458415e-05,0.601,0.601,0,0.01914263516664505
483,TX,0.9998984686178977,0.5992,0.5992,1000,0.01914263516664505
484,CA,2.7247109449149137e-05,0.5882,0.5882,0,0.026146728545427322
484,NY,7.385351532389429e-05,0.5924,0.5924,1,0.026146728545427322
484,TX,0.999898899375227,0.626,0.626,999,0.026146728545427322
485,CA,2.6613747035148666e-05,0.582,0.582,0,0.01942073181271553
485,NY,7.232754721653265e-05,0.5928,0.5928,0,0.01942073181271553
485,TX,0.9999010587057484,0.6208,0.6208,1000,0.01942073181271553
486,CA,2.5976694990588513e-05,0.594,0.594,0,0.0189802385866642
486,NY,7.107819258903226e-05,0.592,0.592,0,0.0189802385866642
486,TX,0.9999029451124203,0.6268,0.6268,1000,0.0189802385866642
487,CA,2.5452997578303827e-05,0.5908,0.5908,0,0.019070938229560852
487,NY,6.95578521762482e-05,0.5926,0.5926,0,0.019070938229560852
487,TX,0.9999049891502455,0.625,0.625,1000,0.019070938229560852
488,CA,2.4917357780646664e-05,0.594,0.594,0,0.01924087107181549
488,NY,6.817110667926756e-05,0.5914,0.5914,0,0.01924087107181549
488,TX,0.99990691153554,0.6272,0.6272,1000,0.01924087107181549
489,CA,2.4409014297987856e-05,0.5948,0.5948,0,0.019106514751911163
489,NY,6.667140919186975e-05,0.591,0.591,0,0.019106514751911163
489,TX,0.9999089195765102,0.6272,0.6272,1000,0.019106514751911163
490,CA,2.3923041212141973e-05,0.5926,0.5926,0,0.01911432296037674
490,NY,6.51883117692311e-05,0.5922,0.5922,0,0.01911432296037674
490,TX,0.9999108886470186,0.6268,0.6268,1000,0.01911432296037674
491,CA,2.3420154549177634e-05,0.594,0.594,0,0.01916772499680519
491,NY,6.38019585111895e-05,0.5914,0.5914,0,0.01916772499680519
491,TX,0.9999127778869396,0.6272,0.6272,1000,0.01916772499680519
492,CA,2.29423528718387e-05,0.592,0.592,0,0.019331637769937515
492,NY,6.239837009418247e-05,0.593,0.593,0,0.019331637769937515
492,TX,0.9999146592770339,0.6256,0.6256,1000,0.019331637769937515
493,CA,2.246818946626496e-05,0.5948,0.5948,0,0.018926750868558884
493,NY,6.114713034005035e-05,0.591,0.591,0,0.018926750868558884
493,TX,0.9999163846801937,0.6272,0.6272,1000,0.018926750868558884
494,CA,2.2020853819469536e-05,0.5948,0.5948,0,0.019434191286563873
494,NY,5.978691017326989e-05,0.591,0.591,0,0.019434191286563873
494,TX,0.9999181922360073,0.6272,0.6272,1000,0.019434191286563873
495,CA,2.158242366049941e-05,0.576,0.576,0,0.01911252737045288
495,NY,5.845694586457648e-05,0.598,0.598,0,0.01911252737045288
495,TX,0.999919960630475,0.6142,0.6142,1000,0.01911252737045288
496,CA,2.107169930394755e-05,0.5918,0.5918,0,0.01932651549577713
496,NY,5.787033949081289e-05,0.5926,0.5926,0,0.01932651549577713
496,TX,0.9999210579612052,0.627,0.627,1000,0.01932651549577713
497,CA,2.0615849590706894e-05,0.5918,0.5918,0,0.019289344549179077
497,NY,5.664686998068401e-05,0.5928,0.5928,0,0.019289344549179077
497,TX,0.9999227372804286,0.6256,0.6256,1000,0.019289344549179077
498,CA,2.018722991725483e-05,0.5936,0.5936,0,0.019050434231758118
498,NY,5.550398394970853e-05,0.592,0.592,0,0.019050434231758118
498,TX,0.999924308786133,0.6264,0.6264,1000,0.019050434231758118
499,CA,1.9780140469956403e-05,0.5948,0.5948,0,0.01912633702158928
499,NY,5.433010462162754e-05,0.591,0.591,0,0.01912633702158928
499,TX,0.9999258897549084,0.6272,0.6272,1000,0.01912633702158928
500,CA,1.9386319182499374e-05,0.5898,0.5898,0,0.019088730216026306
500,NY,5.312151854355968e-05,0.5918,0.5918,0,0.019088730216026306
500,TX,0.999927492162274,0.6254,0.6254,1000,0.019088730216026306
501,CA,1.8961743058529552e-05,0.5834,0.5834,0,0.019112687557935715
501,NY,5.202347851459317e-05,0.5932,0.5932,0,0.019112687557935715
501,TX,0.9999290147784268,0.62,0.62,1000,0.019112687557935715
502,CA,1.853337201284011e-05,0.5948,0.5948,0,0.01886952668428421
502,NY,5.1162909141556453e-05,0.591,0.591,0,0.01886952668428421
502,TX,0.9999303037188456,0.6272,0.6272,1000,0.01886952668428421
503,CA,1.8164372072042146e-05,0.5872,0.5872,0,0.019116654992103577
503,NY,5.0024773312378936e-05,0.5954,0.5954,0,0.019116654992103577
503,TX,0.9999318108546156,0.6252,0.6252,1000,0.019116654992103577
504,CA,1.7739681296279335e-05,0.5846,0.5846,0,0.01933380216360092
504,NY,4.910757472644779e-05,0.5954,0.5954,0,0.01933380216360092
504,TX,0.9999331527439773,0.625,0.625,1000,0.01933380216360092
505,CA,1.7298668630658293e-05,0.5948,0.5948,0,0.02260950207710266
505,NY,4.821312575627497e-05,0.591,0.591,0,0.02260950207710266
505,TX,0.9999344882056131,0.6272,0.6272,1000,0.02260950207710266
506,CA,1.6954250138365564e-05,0.5948,0.5948,0,0.020471177995204926
506,NY,4.714060458128265e-05,0.591,0.591,0,0.020471177995204926
506,TX,0.9999359051452803,0.6272,0.6272,1000,0.020471177995204926
507,CA,1.6616688547638615e-05,0.5948,0.5948,0,0.01930244266986847
507,NY,4.6091940673162685e-05,0.591,0.591,0,0.01930244266986847
507,TX,0.9999372913707791,0.6272,0.6272,1000,0.01930244266986847
508,CA,1.6285847367967407e-05,0.594,0.594,0,0.019582051783800125
508,NY,4.50666034100865e-05,0.5918,0.5918,0,0.019582051783800125
508,TX,0.9999386475492219,0.627,0.627,1000,0.019582051783800125
509,CA,1.59555467674061e-05,0.5948,0.5948,0,0.026196308434009552
509,NY,4.4091649015994805e-05,0.591,0.591,1,0.026196308434009552
509,TX,0.9999399528042165,0.6272,0.6272,999,0.026196308434009552
510,CA,1.5637868134639343e-05,0.5948,0.5948,0,0.019844908267259598
510,NY,4.3110806711479544e-05,0.591,0.591,0,0.019844908267259598
510,TX,0.9999412513251539,0.6272,0.6272,1000,0.019844908267259598
511,CA,1.5326514125670045e-05,0.5948,0.5948,0,0.019763611257076263
511,NY,4.215178258199499e-05,0.591,0.591,0,0.019763611257076263
511,TX,0.9999425217032925,0.6272,0.6272,1000,0.019763611257076263
512,CA,1.502135884213378e-05,0.5872,0.5872,0,0.020015116780996323
512,NY,4.121409134855285e-05,0.5954,0.5954,0,0.020015116780996323
512,TX,0.9999437645498094,0.6252,0.6252,1000,0.020015116780996323
513,CA,1.4670149609715752e-05,0.5912,0.5912,0,0.020047076046466827
513,NY,4.045842611484633e-05,0.593,0.593,0,0.020047076046466827
513,TX,0.9999448714242753,0.626,0.626,1000,0.020047076046466827
514,CA,1.4356192223539592e-05,0.5896,0.5896,0,0.02008918672800064
514,NY,3.963735913752343e-05,0.5922,0.5922,0,0.02008918672800064
514,TX,0.999946006448639,0.6258,0.6258,1000,0.02008918672800064
515,CA,1.4036553787274065e-05,0.5948,0.5948,0,0.019800938665866852
515,NY,3.881822800533882e-05,0.591,0.591,0,0.019800938665866852
515,TX,0.9999471452182074,0.6272,0.6272,1000,0.019800938665866852
516,CA,1.3757080609742101e-05,0.57,0.57,0,0.019919097423553467
516,NY,3.7954689867488015e-05,0.602,0.602,0,0.019919097423553467
516,TX,0.9999482882295228,0.6028,0.6028,1000,0.019919097423553467
517,CA,1.3475557179354554e-05,0.5922,0.5922,0,0.019401412457227707
517,NY,3.793575707351167e-05,0.5924,0.5924,0,0.019401412457227707
517,TX,0.9999485886857471,0.6254,0.6254,1000,0.019401412457227707
518,CA,1.3200322734010515e-05,0.5872,0.5872,0,0.019346825778484344
518,NY,3.716559783326504e-05,0.5946,0.5946,0,0.019346825778484344
518,TX,0.9999496340794327,0.626,0.626,1000,0.019346825778484344
519,CA,1.2885346789753272e-05,0.5874,0.5874,0,0.02623700723052025
519,NY,3.644792343620397e-05,0.5944,0.5944,1,0.02623700723052025
519,TX,0.9999506667297741,0.6246,0.6246,999,0.02623700723052025
520,CA,1.2590311084284642e-05,0.5758,0.5758,0,0.019212692975997925
520,NY,3.577042080892096e-05,0.6004,0.6004,0,0.019212692975997925
520,TX,0.9999516392681068,0.6122,0.6122,1000,0.019212692975997925
521,CA,1.2306055725468318e-05,0.5948,0.5948,0,0.018928807228803635
521,NY,3.550862965117462e-05,0.591,0.591,0,0.018928807228803635
521,TX,0.9999521853146234,0.6272,0.6272,1000,0.018928807228803635
522,CA,1.206103612543802e-05,0.5948,0.5948,0,0.02611945942044258
522,NY,3.471871204879221e-05,0.591,0.591,1,0.02611945942044258
522,TX,0.9999532202518258,0.6272,0.6272,999,0.02611945942044258
523,CA,1.182089472031401e-05,0.5884,0.5884,0,0.01898118481040001
523,NY,3.394636602721824e-05,0.594,0.594,0,0.01898118481040001
523,TX,0.9999542327392524,0.6254,0.6254,1000,0.01898118481040001
524,CA,1.1551818961159792e-05,0.5932,0.5932,0,0.01931685209274292
524,NY,3.329060999925779e-05,0.5924,0.5924,0,0.01931685209274292
524,TX,0.9999551575710396,0.6268,0.6268,1000,0.01931685209274292
525,CA,1.1313237838663884e-05,0.5948,0.5948,0,0.01927098259329796
525,NY,3.258668387584343e-05,0.591,0.591,0,0.01927098259329796
525,TX,0.9999561000782855,0.6272,0.6272,1000,0.01927098259329796
526,CA,1.1087984789329875e-05,0.5948,0.5948,0,0.019351519644260406
526,NY,3.1861764571477804e-05,0.591,0.591,0,0.019351519644260406
526,TX,0.9999570502506391,0.6272,0.6272,1000,0.019351519644260406
527,CA,1.0867216433309434e-05,0.5948,0.5948,0,0.020288243889808655
527,NY,3.115297108939068e-05,0.591,0.591,0,0.020288243889808655
527,TX,0.9999579798124774,0.6272,0.6272,1000,0.020288243889808655
528,CA,1.065084349148031e-05,0.5874,0.5874,0,0.01896665245294571
528,NY,3.045994473876846e-05,0.594,0.594,0,0.01896665245294571
528,TX,0.9999588892117698,0.6246,0.6246,1000,0.01896665245294571
529,CA,1.0406969581315145e-05,0.5784,0.5784,0,0.01921495795249939
529,NY,2.9886243759120234e-05,0.5926,0.5926,0,0.01921495795249939
529,TX,0.9999597067866595,0.6188,0.6188,1000,0.01921495795249939
530,CA,1.0147252902750528e-05,0.5796,0.5796,0,0.019038375467061996
530,NY,2.9402561894993862e-05,0.5958,0.5958,0,0.019038375467061996
530,TX,0.9999604501852023,0.617,0.617,1000,0.019038375467061996
531,CA,9.91256068392867e-06,0.5948,0.5948,0,0.01915881782770157
531,NY,2.901709175731421e-05,0.591,0.591,0,0.01915881782770157
531,TX,0.9999610703475588,0.6272,0.6272,1000,0.01915881782770157
532,CA,9.715194877059791e-06,0.5948,0.5948,0,0.019337791949510574
532,NY,2.8371578109597706e-05,0.591,0.591,0,0.019337791949510574
532,TX,0.9999619132270133,0.6272,0.6272,1000,0.019337791949510574
533,CA,9.52175858312059e-06,0.5918,0.5918,0,0.019132643938064575
533,NY,2.7740424038299657e-05,0.5926,0.5926,0,0.019132643938064575
533,TX,0.9999627378173785,0.6268,0.6268,1000,0.019132643938064575
534,CA,9.316908812847232e-06,0.5874,0.5874,0,0.019160382449626923
534,NY,2.715726219484453e-05,0.5946,0.5946,0,0.019160382449626923
534,TX,0.9999635258289924,0.6258,0.6258,1000,0.019160382449626923
535,CA,9.09685816946614e-06,0.589,0.589,0,0.01888538897037506
535,NY,2.663611907642004e-05,0.5926,0.5926,0,0.01888538897037506
535,TX,0.9999642670227542,0.6262,0.6262,1000,0.01888538897037506
536,CA,8.888770504540862e-06,0.5948,0.5948,0,0.019238505512475967
536,NY,2.608579228552184e-05,0.591,0.591,0,0.019238505512475967
536,TX,0.99996502543721,0.6272,0.6272,1000,0.019238505512475967
537,CA,8.711788308870805e-06,0.5942,0.5942,0,0.018936697393655777
537,NY,2.5505486084515e-05,0.5914,0.5914,0,0.018936697393655777
537,TX,0.9999657827256067,0.6274,0.6274,1000,0.018936697393655777
538,CA,8.534068591792209e-06,0.5946,0.5946,0,0.019071754068136215
538,NY,2.494129327131298e-05,0.591,0.591,0,0.019071754068136215
538,TX,0.9999665246381368,0.6272,0.6272,1000,0.019071754068136215
539,CA,8.363099590712341e-06,0.5872,0.5872,0,0.01915159448981285
539,NY,2.438644690089517e-05,0.5942,0.5942,0,0.01915159448981285
539,TX,0.9999672504535083,0.6244,0.6244,1000,0.01915159448981285
540,CA,8.171583495906018e-06,0.5948,0.5948,0,0.019299015402793884
540,NY,2.39330821972282e-05,0.591,0.591,0,0.019299015402793884
540,TX,0.9999678953343069,0.6272,0.6272,1000,0.019299015402793884
541,CA,8.008880542288026e-06,0.5948,0.5948,0,0.019053861498832703
541,NY,2.3400663867468044e-05,0.591,0.591,0,0.019053861498832703
541,TX,0.9999685904555903,0.6272,0.6272,1000,0.019053861498832703
542,CA,7.84941701999825e-06,0.5948,0.5948,0,0.019044574350118637
542,NY,2.288008943710677e-05,0.591,0.591,0,0.019044574350118637
542,TX,0.9999692704935429,0.6272,0.6272,1000,0.019044574350118637
543,CA,7.693128436530775e-06,0.578,0.578,0,0.01905858889222145
543,NY,2.2371095447975163e-05,0.5976,0.5976,0,0.01905858889222145
543,TX,0.9999699357761155,0.617,0.617,1000,0.01905858889222145
544,CA,7.507583292298325e-06,0.592,0.592,0,0.019102584570646286
544,NY,2.2102707675796848e-05,0.593,0.593,0,0.019102584570646286
544,TX,0.999970389709032,0.6256,0.6256,1000,0.019102584570646286
545,CA,7.352411265863175e-06,0.5916,0.5916,0,0.019208833575248718
545,NY,2.165946997904973e-05,0.5934,0.5934,0,0.019208833575248718
545,TX,0.9999709881187552,0.6252,0.6252,1000,0.019208833575248718
546,CA,7.200408878278392e-06,0.592,0.592,0,0.019053563475608826
546,NY,2.123567520134199e-05,0.5928,0.5928,0,0.019053563475608826
546,TX,0.9999715639159205,0.6254,0.6254,1000,0.019053563475608826
547,CA,7.05245325002033e-06,0.5832,0.5832,0,0.019129227846860886
547,NY,2.0809771669476436e-05,0.5952,0.5952,0,0.019129227846860886
547,TX,0.9999721377750804,0.625,0.625,1000,0.019129227846860886
548,CA,6.871046321178829e-06,0.5802,0.5802,0,0.019130628556013107
548,NY,2.042816397376063e-05,0.5912,0.5912,0,0.019130628556013107
548,TX,0.999972700789705,0.623,0.623,1000,0.019130628556013107
549,CA,6.689854411533141e-06,0.5948,0.5948,0,0.019021976739168167
549,NY,2.002791954117278e-05,0.591,0.591,0,0.019021976739168167
549,TX,0.9999732822260472,0.6272,0.6272,1000,0.019021976739168167
550,CA,6.556653140560247e-06,0.581,0.581,0,0.018977664411067963
550,NY,1.958237366761351e-05,0.5908,0.5908,0,0.018977664411067963
550,TX,0.9999738609731919,0.6212,0.6212,1000,0.018977664411067963
551,CA,6.394074825425035e-06,0.5876,0.5876,0,0.01913125440478325
551,NY,1.9215184143848985e-05,0.5946,0.5946,0,0.01913125440478325
551,TX,0.9999743907410307,0.626,0.626,1000,0.01913125440478325
552,CA,6.2430741036428745e-06,0.5802,0.5802,0,0.019186735153198242
552,NY,1.8844125850158397e-05,0.5918,0.5918,0,0.019186735153198242
552,TX,0.9999749128000461,0.6232,0.6232,1000,0.019186735153198242
553,CA,6.0776927836070414e-06,0.5948,0.5948,0,0.019248172640800476
553,NY,1.8479605362036527e-05,0.591,0.591,0,0.019248172640800476
553,TX,0.9999754427018543,0.6272,0.6272,1000,0.019248172640800476
554,CA,5.956679946571011e-06,0.5926,0.5926,0,0.019194629043340683
554,NY,1.8068502812276638e-05,0.5924,0.5924,0,0.019194629043340683
554,TX,0.9999759748172411,0.6272,0.6272,1000,0.019194629043340683
555,CA,5.830022953729011e-06,0.5888,0.5888,0,0.01903378963470459
555,NY,1.7682091101759082e-05,0.5928,0.5928,0,0.01903378963470459
555,TX,0.9999764878859446,0.6258,0.6258,1000,0.01903378963470459
556,CA,5.697345935734193e-06,0.5948,0.5948,0,0.019176218658685684
556,NY,1.7323193844213525e-05,0.591,0.591,0,0.019176218658685684
556,TX,0.9999769794602201,0.6272,0.6272,1000,0.019176218658685684
557,CA,5.5839059923364e-06,0.5912,0.5912,0,0.0189790241420269
557,NY,1.6937816589516638e-05,0.593,0.593,0,0.0189790241420269
557,TX,0.9999774782774182,0.626,0.626,1000,0.0189790241420269
558,CA,5.4644005726710285e-06,0.5946,0.5946,0,0.01906394585967064
558,NY,1.659406785170864e-05,0.5912,0.5912,0,0.01906394585967064
558,TX,0.9999779415315757,0.6274,0.6274,1000,0.01906394585967064
559,CA,5.354268974546447e-06,0.592,0.592,0,0.019067935645580292
559,NY,1.622495601578712e-05,0.5926,0.5926,0,0.019067935645580292
559,TX,0.9999784207750096,0.627,0.627,1000,0.019067935645580292
560,CA,5.2390904200481995e-06,0.5932,0.5932,0,0.019321441650390625
560,NY,1.588191566767833e-05,0.5924,0.5924,0,0.019321441650390625
560,TX,0.9999788789939122,0.6268,0.6268,1000,0.019321441650390625
561,CA,5.130884290401116e-06,0.5948,0.5948,0,0.026132997125387192
561,NY,1.5546086635885396e-05,0.591,0.591,1,0.026132997125387192
561,TX,0.9999793230290737,0.6272,0.6272,999,0.026132997125387192
562,CA,5.028722918089909e-06,0.5924,0.5924,0,0.019171543419361115
562,NY,1.5200242698382005e-05,0.5932,0.5932,0,0.019171543419361115
562,TX,0.9999797710343835,0.627,0.627,1000,0.019171543419361115
563,CA,4.921783503246538e-06,0.5942,0.5942,0,0.01907411590218544
563,NY,1.488447259006582e-05,0.5914,0.5914,0,0.01907411590218544
563,TX,0.9999801937439068,0.6274,0.6274,1000,0.01907411590218544
564,CA,4.821378046083561e-06,0.5936,0.5936,0,0.019193384796380997
564,NY,1.4555216822835237e-05,0.592,0.592,0,0.019193384796380997
564,TX,0.999980623405131,0.6264,0.6264,1000,0.019193384796380997
565,CA,4.724146069047141e-06,0.5948,0.5948,1,0.027300339192152023
565,NY,1.4247365081589457e-05,0.591,0.591,0,0.027300339192152023
565,TX,0.9999810284888494,0.6272,0.6272,999,0.027300339192152023
566,CA,4.63008311676158e-06,0.5786,0.5786,0,0.01920740306377411
566,NY,1.3930412464174523e-05,0.5944,0.5944,0,0.01920740306377411
566,TX,0.9999814395044191,0.6182,0.6182,1000,0.01920740306377411
567,CA,4.516778849207246e-06,0.5926,0.5926,0,0.01925581693649292
567,NY,1.3725532505308001e-05,0.5924,0.5924,0,0.01925581693649292
567,TX,0.9999817576886455,0.6272,0.6272,1000,0.01925581693649292
568,CA,4.420737953344273e-06,0.5932,0.5932,0,0.019183125346899033
568,NY,1.3431997588732996e-05,0.592,0.592,0,0.019183125346899033
568,TX,0.9999821472644579,0.6266,0.6266,1000,0.019183125346899033
569,CA,4.329965793027251e-06,0.5948,0.5948,0,0.019373759627342224
569,NY,1.314628563386521e-05,0.591,0.591,0,0.019373759627342224
569,TX,0.9999825237485731,0.6272,0.6272,1000,0.019373759627342224
570,CA,4.243751266999637e-06,0.5878,0.5878,0,0.018967155367136
570,NY,1.2853827657223293e-05,0.5936,0.5936,0,0.018967155367136
570,TX,0.9999829024210757,0.6264,0.6264,1000,0.018967155367136
571,CA,4.143034116535682e-06,0.5924,0.5924,0,0.019014175981283188
571,NY,1.2594605956476916e-05,0.5932,0.5932,0,0.019014175981283188
571,TX,0.9999832623599271,0.627,0.627,1000,0.019014175981283188
572,CA,4.054929216112694e-06,0.5872,0.5872,0,0.019125834107398987
572,NY,1.2332964491635705e-05,0.5946,0.5946,0,0.019125834107398987
572,TX,0.9999836121062922,0.626,0.626,1000,0.019125834107398987
573,CA,3.958170853247135e-06,0.5942,0.5942,0,0.019210264086723328
573,NY,1.2094804283534735e-05,0.5914,0.5914,0,0.019210264086723328
573,TX,0.9999839470248633,0.6274,0.6274,1000,0.019210264086723328
574,CA,3.877422988855763e-06,0.5948,0.5948,0,0.019106082618236542
574,NY,1.1827257122276667e-05,0.591,0.591,0,0.019106082618236542
574,TX,0.9999842953198889,0.6272,0.6272,1000,0.019106082618236542
575,CA,3.800218957162138e-06,0.5948,0.5948,0,0.018980596214532852
575,NY,1.156414238291395e-05,0.591,0.591,0,0.018980596214532852
575,TX,0.9999846356386599,0.6272,0.6272,1000,0.018980596214532852
576,CA,3.7245521206088653e-06,0.5948,0.5948,0,0.019132710993289948
576,NY,1.1306880934555116e-05,0.591,0.591,0,0.019132710993289948
576,TX,0.9999849685669449,0.6272,0.6272,1000,0.019132710993289948
577,CA,3.650391873524101e-06,0.5948,0.5948,0,0.018779151141643524
577,NY,1.1055342567624299e-05,0.591,0.591,0,0.018779151141643524
577,TX,0.9999852942655588,0.6272,0.6272,1000,0.018779151141643524
578,CA,3.5777082195504134e-06,0.5918,0.5918,0,0.019303537905216217
578,NY,1.080939996896864e-05,0.593,0.593,0,0.019303537905216217
578,TX,0.9999856128918114,0.626,0.626,1000,0.019303537905216217
579,CA,3.502458561989875e-06,0.5948,0.5948,0,0.01924523338675499
579,NY,1.0590024122943921e-05,0.591,0.591,0,0.01924523338675499
579,TX,0.9999859075173151,0.6272,0.6272,1000,0.01924523338675499
580,CA,3.4327203909594446e-06,0.5876,0.5876,0,0.019242003560066223
580,NY,1.03544330900228e-05,0.5942,0.5942,0,0.019242003560066223
580,TX,0.999986212846519,0.6242,0.6242,1000,0.019242003560066223
581,CA,3.3553677850852073e-06,0.587,0.587,0,0.019126076251268387
581,NY,1.0163182899896458e-05,0.594,0.594,0,0.019126076251268387
581,TX,0.999986481449315,0.6256,0.6256,1000,0.019126076251268387
582,CA,3.275695220964665e-06,0.5948,0.5948,0,0.01909460499882698
582,NY,9.965623790403704e-06,0.591,0.591,0,0.01909460499882698
582,TX,0.9999867586809886,0.6272,0.6272,1000,0.01909460499882698
583,CA,3.2104721222503057e-06,0.5924,0.5924,0,0.01913972571492195
583,NY,9.743923303745201e-06,0.5932,0.5932,0,0.01913972571492195
583,TX,0.999987045604574,0.627,0.627,1000,0.01913972571492195
584,CA,3.1421986425201783e-06,0.5876,0.5876,0,0.019230201840400696
584,NY,9.54150141970569e-06,0.5942,0.5942,0,0.019230201840400696
584,TX,0.9999873162999378,0.6258,0.6258,1000,0.019230201840400696
585,CA,3.0683699460673126e-06,0.5912,0.5912,0,0.01921229436993599
585,NY,9.356049641577129e-06,0.593,0.593,0,0.01921229436993599
585,TX,0.9999875755804123,0.626,0.626,1000,0.01921229436993599
586,CA,3.002700803131185e-06,0.5922,0.5922,0,0.01908046379685402
586,NY,9.166169057712563e-06,0.5928,0.5928,0,0.01908046379685402
586,TX,0.9999878311301391,0.627,0.627,1000,0.01908046379685402
587,CA,2.9384766115310527e-06,0.579,0.579,0,0.01933923363685608
587,NY,8.97349589787289e-06,0.5952,0.5952,0,0.01933923363685608
587,TX,0.9999880880274906,0.6176,0.6176,1000,0.01933923363685608
588,CA,2.8683577346127425e-06,0.594,0.594,0,0.019139856100082397
588,NY,8.849235558089325e-06,0.592,0.592,0,0.019139856100082397
588,TX,0.9999882824067073,0.627,0.627,1000,0.019139856100082397
589,CA,2.8101803106027996e-06,0.5948,0.5948,0,0.019203323870897293
589,NY,8.658873085399556e-06,0.591,0.591,0,0.019203323870897293
589,TX,0.999988530946604,0.6272,0.6272,1000,0.019203323870897293
590,CA,2.7542260775790803e-06,0.5948,0.5948,0,0.01898747682571411
590,NY,8.4662429347805e-06,0.591,0.591,0,0.01898747682571411
590,TX,0.9999887795309876,0.6272,0.6272,1000,0.01898747682571411
591,CA,2.699385949305808e-06,0.5898,0.5898,0,0.019207056611776352
591,NY,8.277898097912706e-06,0.5918,0.5918,0,0.019207056611776352
591,TX,0.9999890227159528,0.6254,0.6254,1000,0.019207056611776352
592,CA,2.64026379370423e-06,0.5948,0.5948,0,0.01914459466934204
592,NY,8.106780623909607e-06,0.591,0.591,0,0.01914459466934204
592,TX,0.9999892529555824,0.6272,0.6272,1000,0.01914459466934204
593,CA,2.5876927722228114e-06,0.5874,0.5874,0,0.01930828019976616
593,NY,7.926432507889266e-06,0.594,0.594,0,0.01930828019976616
593,TX,0.9999894858747199,0.6246,0.6246,1000,0.01930828019976616
594,CA,2.528440455059673e-06,0.5936,0.5936,0,0.0193447545170784
594,NY,7.777136558263541e-06,0.592,0.592,0,0.0193447545170784
594,TX,0.9999896944229867,0.6264,0.6264,1000,0.0193447545170784
595,CA,2.4774493220890945e-06,0.5892,0.5892,0,0.01903337612748146
595,NY,7.6126439183048735e-06,0.5922,0.5922,0,0.01903337612748146
595,TX,0.9999899099067596,0.626,0.626,1000,0.01903337612748146
596,CA,2.421379647269566e-06,0.5872,0.5872,0,0.019170600920915604
596,NY,7.454399904314673e-06,0.5944,0.5944,0,0.019170600920915604
596,TX,0.9999901242204484,0.6244,0.6244,1000,0.019170600920915604
597,CA,2.365928661878475e-06,0.581,0.581,0,0.019124135375022888
597,NY,7.316730794601898e-06,0.5964,0.5964,0,0.019124135375022888
597,TX,0.9999903173405434,0.6244,0.6244,1000,0.019124135375022888
598,CA,2.302717263377262e-06,0.5948,0.5948,0,0.019117966294288635
598,NY,7.190612688976681e-06,0.591,0.591,0,0.019117966294288635
598,TX,0.9999905066700476,0.6272,0.6272,1000,0.019117966294288635
599,CA,2.256867162904019e-06,0.5918,0.5918,0,0.01918046921491623
599,NY,7.030645982536273e-06,0.5926,0.5926,0,0.01918046921491623
599,TX,0.9999907124868547,0.6268,0.6268,1000,0.01918046921491623
600,CA,2.2083119346756477e-06,,,0,
600,NY,6.882842998790215e-06,,,0,
600,TX,0.9999909088450666,,,0,
