t,state,p,acc,fitness,sample_count,step_seconds
0,CA,0.3333333333333333,0.721,0.721,336,0.6813614880666137
0,NY,0.3333333333333333,0.6864,0.6864,334,0.6813614880666137
0,TX,0.3333333333333333,0.6892,0.6892,330,0.6813614880666137
1,CA,0.337676097790684,0.7208,0.7208,359,0.04099566861987114
1,NY,0.33088725817211473,0.6824,0.6824,319,0.04099566861987114
1,TX,0.33143664403720124,0.68,0.68,322,0.04099566861987114
2,CA,0.3429026705490308,0.7192,0.7192,346,0.03907006699591875
2,NY,0.3285106495553197,0.6814,0.6814,314,0.03907006699591875
2,TX,0.32858667989564944,0.6856,0.6856,340,0.03907006699591875
3,CA,0.34764624922366283,0.7212,0.7212,317,0.03805651143193245
3,NY,0.32573226127205474,0.6816,0.6816,344,0.03805651143193245
3,TX,0.3266214895042824,0.6922,0.6922,339,0.03805651143193245
4,CA,0.352224227082068,0.7252,0.7252,361,0.03785946313291788
4,NY,0.3224287890322713,0.6826,0.6826,319,0.03785946313291788
4,TX,0.3253469838856607,0.6824,0.6824,320,0.03785946313291788
5,CA,0.3579634943224093,0.7304,0.7304,330,0.037946032360196114
5,NY,0.3195911624111078,0.6926,0.6926,309,0.037946032360196114
5,TX,0.3224453432664829,0.6976,0.6976,361,0.037946032360196114
6,CA,0.3627126218976733,0.734,0.734,378,0.038497770205140114
6,NY,0.3167572189262757,0.6952,0.6952,314,0.038497770205140114
6,TX,0.320530159176051,0.6994,0.6994,308,0.038497770205140114
7,CA,0.36767013064463117,0.7222,0.7222,344,0.040579549968242645
7,NY,0.31390197816199567,0.6886,0.6886,329,0.040579549968242645
7,TX,0.31842789119337306,0.6956,0.6956,327,0.040579549968242645
8,CA,0.37177543822701714,0.7378,0.7378,374,0.03804025240242481
8,NY,0.3112143381362091,0.6946,0.6946,300,0.03804025240242481
8,TX,0.3170102236367739,0.7028,0.7028,326,0.03804025240242481
9,CA,0.37710054961304307,0.7332,0.7332,373,0.03915529605001211
9,NY,0.30782470911943693,0.6858,0.6858,316,0.03915529605001211
9,TX,0.31507474126752005,0.685,0.685,311,0.03915529605001211
10,CA,0.3836926365525467,0.7182,0.7182,391,0.03848990146070719
10,NY,0.30464015399991046,0.6742,0.6742,299,0.03848990146070719
10,TX,0.31166720944754284,0.6746,0.6746,310,0.03848990146070719
11,CA,0.38981664126441695,0.738,0.738,383,0.03819325100630522
11,NY,0.30157662706796695,0.6962,0.6962,316,0.03819325100630522
11,TX,0.3086067316676161,0.701,0.701,301,0.03819325100630522
12,CA,0.39528060001376486,0.7348,0.7348,379,0.03793281316757202
12,NY,0.298448974729832,0.6858,0.6858,300,0.03793281316757202
12,TX,0.3062704252564032,0.6942,0.6942,321,0.03793281316757202
13,CA,0.40154368599506485,0.7216,0.7216,404,0.0384737104177475
13,NY,0.29461443952852157,0.6862,0.6862,310,0.0384737104177475
13,TX,0.3038418744764136,0.6858,0.6858,286,0.0384737104177475
14,CA,0.4065755520923542,0.7358,0.7358,425,0.04008766170591116
14,NY,0.2921724878427484,0.697,0.697,265,0.04008766170591116
14,TX,0.30125196006489735,0.7094,0.7094,310,0.04008766170591116
15,CA,0.41114445807120403,0.7174,0.7174,390,0.03786509297788143
15,NY,0.28885151992222347,0.6742,0.6742,306,0.03786509297788143
15,TX,0.30000402200657256,0.6744,0.6744,304,0.03786509297788143
16,CA,0.41731119654733156,0.7246,0.7246,421,0.03835498169064522
16,NY,0.2858091527821493,0.6876,0.6876,284,0.03835498169064522
16,TX,0.29687965067051914,0.6896,0.6896,295,0.03835498169064522
17,CA,0.4224468248433834,0.7094,0.7094,392,0.03833393007516861
17,NY,0.283119172769049,0.6632,0.6632,289,0.03833393007516861
17,TX,0.2944340023875677,0.6596,0.6596,319,0.03833393007516861
18,CA,0.4294160864242084,0.7302,0.7302,411,0.03825014177709818
18,NY,0.28001178926306686,0.6818,0.6818,288,0.03825014177709818
18,TX,0.2905721243127248,0.6856,0.6856,301,0.03825014177709818
19,CA,0.43609848212938507,0.7442,0.7442,466,0.038042291067540646
19,NY,0.2764143735977191,0.7004,0.7004,243,0.038042291067540646
19,TX,0.2874871442728959,0.7138,0.7138,291,0.038042291067540646
20,CA,0.44137375092257625,0.7292,0.7292,449,0.040763009339571
20,NY,0.2727327950350699,0.6824,0.6824,273,0.040763009339571
20,TX,0.28589345404235383,0.689,0.689,278,0.040763009339571
21,CA,0.4476533267002802,0.7384,0.7384,477,0.038344659842550755
21,NY,0.26912665331317615,0.692,0.692,258,0.038344659842550755
21,TX,0.2832200199865437,0.7064,0.7064,265,0.038344659842550755
22,CA,0.4532724336067547,0.7172,0.7172,476,0.03770314436405897
22,NY,0.26523134497725825,0.6778,0.6778,239,0.03770314436405897
22,TX,0.2814962214159871,0.6792,0.6792,285,0.03770314436405897
23,CA,0.45892398991482336,0.7284,0.7284,473,0.0377081036567688
23,NY,0.26237690868175423,0.6906,0.6906,241,0.0377081036567688
23,TX,0.2786991014034224,0.697,0.697,286,0.0377081036567688
24,CA,0.4639351007108185,0.712,0.712,463,0.038570210337638855
24,NY,0.2594410474749258,0.6686,0.6686,271,0.038570210337638855
24,TX,0.2766238518142558,0.659,0.659,266,0.038570210337638855
25,CA,0.4710673704165214,0.725,0.725,473,0.03869915846735239
25,NY,0.2567514819328509,0.6852,0.6852,252,0.03869915846735239
25,TX,0.27218114765062773,0.689,0.689,275,0.03869915846735239
26,CA,0.47659790374875116,0.7142,0.7142,484,0.038277422077953815
26,NY,0.2537724163795777,0.6736,0.6736,252,0.038277422077953815
26,TX,0.2696296798716711,0.6686,0.6686,264,0.038277422077953815
27,CA,0.48296482192646123,0.7168,0.7168,475,0.037614114582538605
27,NY,0.25107181519222616,0.6782,0.6782,260,0.037614114582538605
27,TX,0.26596336288131267,0.6728,0.6728,265,0.037614114582538605
28,CA,0.489059192267444,0.7104,0.7104,474,0.03828556090593338
28,NY,0.24852375219749356,0.6664,0.6664,259,0.03828556090593338
28,TX,0.26241705553506245,0.6624,0.6624,267,0.03828556090593338
29,CA,0.4958813482687794,0.7276,0.7276,487,0.03810705244541168
29,NY,0.24550809595533615,0.693,0.693,237,0.03810705244541168
29,TX,0.2586105557758845,0.6992,0.6992,276,0.03810705244541168
30,CA,0.5004697953029181,0.7312,0.7312,495,0.03737671487033367
30,NY,0.24281732997023242,0.6846,0.6846,220,0.03737671487033367
30,TX,0.25671287472684945,0.6858,0.6858,285,0.03737671487033367
31,CA,0.5071994614589558,0.717,0.717,486,0.03883283771574497
31,NY,0.23945843741244144,0.6702,0.6702,251,0.03883283771574497
31,TX,0.25334210112860284,0.6678,0.6678,263,0.03883283771574497
32,CA,0.5142896151194896,0.7376,0.7376,504,0.03809402137994766
32,NY,0.23618771221458237,0.6928,0.6928,237,0.03809402137994766
32,TX,0.24952267266592812,0.705,0.705,259,0.03809402137994766
33,CA,0.5198893308456498,0.7262,0.7262,532,0.04024053178727627
33,NY,0.2326035250245907,0.689,0.689,216,0.04024053178727627
33,TX,0.24750714412975952,0.6888,0.6888,252,0.04024053178727627
34,CA,0.5253398207533712,0.7376,0.7376,543,0.03780160378664732
34,NY,0.2299769160910963,0.6976,0.6976,227,0.03780160378664732
34,TX,0.24468326315553252,0.7044,0.7044,230,0.03780160378664732
35,CA,0.5306297994940231,0.7122,0.7122,545,0.03808914124965668
35,NY,0.2269452612124844,0.672,0.672,221,0.03808914124965668
35,TX,0.24242493929349263,0.6668,0.6668,234,0.03808914124965668
36,CA,0.5369423028606479,0.718,0.718,566,0.03840622026473284
36,NY,0.22425332162301959,0.6812,0.6812,211,0.03840622026473284
36,TX,0.23880437551633252,0.6744,0.6744,223,0.03840622026473284
37,CA,0.5428397266079682,0.7426,0.7426,510,0.03783463314175606
37,NY,0.2218600509289796,0.6962,0.6962,242,0.03783463314175606
37,TX,0.23530022246305218,0.7008,0.7008,248,0.03783463314175606
38,CA,0.5491836887254948,0.714,0.714,562,0.038421690464019775
38,NY,0.21847636641062348,0.6768,0.6768,229,0.038421690464019775
38,TX,0.23233994486388165,0.6782,0.6782,209,0.038421690464019775
39,CA,0.5545039146630535,0.7166,0.7166,555,0.03979453444480896
39,NY,0.21580519677103854,0.6694,0.6694,194,0.03979453444480896
39,TX,0.22969088856590794,0.6686,0.6686,251,0.03979453444480896
40,CA,0.5614413649011303,0.7264,0.7264,551,0.03847716003656387
40,NY,0.21249709133188258,0.6828,0.6828,210,0.03847716003656387
40,TX,0.22606154376698717,0.6834,0.6834,239,0.03847716003656387
41,CA,0.5676842872492388,0.7092,0.7092,589,0.03833759017288685
41,NY,0.20943368431664552,0.66,0.66,212,0.03833759017288685
41,TX,0.2228820284341157,0.6572,0.6572,199,0.03833759017288685
42,CA,0.5750503971099702,0.741,0.741,566,0.038547138683497906
42,NY,0.20604437875028347,0.6938,0.6938,224,0.038547138683497906
42,TX,0.2189052241397464,0.7014,0.7014,210,0.038547138683497906
43,CA,0.5811907699146354,0.7312,0.7312,593,0.03843931946903467
43,NY,0.2025988281045844,0.6858,0.6858,175,0.03843931946903467
43,TX,0.21621040198078012,0.6852,0.6852,232,0.03843931946903467
44,CA,0.587689458854706,0.7294,0.7294,602,0.03837261162698269
44,NY,0.19949174422229238,0.6948,0.6948,211,0.03837261162698269
44,TX,0.21281879692300157,0.7014,0.7014,187,0.03837261162698269
45,CA,0.5920927819571742,0.7096,0.7096,579,0.037226125597953796
45,NY,0.1969653326879998,0.6746,0.6746,189,0.037226125597953796
45,TX,0.21094188535482603,0.6698,0.6698,232,0.037226125597953796
46,CA,0.5974357621126951,0.7318,0.7318,608,0.03775026369839907
46,NY,0.19467394085142728,0.6874,0.6874,197,0.03775026369839907
46,TX,0.20789029703587766,0.6914,0.6914,195,0.03775026369839907
47,CA,0.6033734371805116,0.7312,0.7312,591,0.038334181532263756
47,NY,0.19156806006097257,0.6844,0.6844,193,0.038334181532263756
47,TX,0.2050585027585158,0.6902,0.6902,216,0.038334181532263756
48,CA,0.609489734197104,0.734,0.734,592,0.03732350654900074
48,NY,0.1882787467260972,0.6892,0.6892,200,0.03732350654900074
48,TX,0.2022315190767989,0.6952,0.6952,208,0.03732350654900074
49,CA,0.6152668095080733,0.7272,0.7272,633,0.03744588419795036
49,NY,0.18515283706967042,0.689,0.689,171,0.03744588419795036
49,TX,0.19958035342225613,0.6892,0.6892,196,0.03744588419795036
50,CA,0.6205326034117137,0.7438,0.7438,625,0.03850508015602827
50,NY,0.18260745689519142,0.6992,0.6992,180,0.03850508015602827
50,TX,0.19685993969309495,0.709,0.709,195,0.03850508015602827
51,CA,0.6259148749543936,0.7172,0.7172,633,0.04019527230411768
51,NY,0.179480389097035,0.682,0.682,179,0.04019527230411768
51,TX,0.19460473594857144,0.685,0.685,188,0.04019527230411768
52,CA,0.6305355646340389,0.7154,0.7154,627,0.03877529967576265
52,NY,0.17709913042453151,0.6706,0.6706,176,0.03877529967576265
52,TX,0.19236530494142967,0.6682,0.6682,197,0.03877529967576265
53,CA,0.6368519912251859,0.7148,0.7148,639,0.03756939433515072
53,NY,0.17420171394563735,0.6696,0.6696,171,0.03756939433515072
53,TX,0.18894629482917674,0.6612,0.6612,190,0.03756939433515072
54,CA,0.6436083926354358,0.7266,0.7266,643,0.03828574996441603
54,NY,0.17140937543610937,0.6864,0.6864,187,0.03828574996441603
54,TX,0.1849822319284547,0.6796,0.6796,170,0.03828574996441603
55,CA,0.6494707147419664,0.7186,0.7186,658,0.038545639254152775
55,NY,0.16894342868331477,0.675,0.675,161,0.038545639254152775
55,TX,0.1815858565747188,0.6674,0.6674,181,0.038545639254152775
56,CA,0.6558294785208042,0.7314,0.7314,681,0.0379796139895916
56,NY,0.16626952968943823,0.6896,0.6896,164,0.0379796139895916
56,TX,0.1779009917897575,0.6836,0.6836,155,0.0379796139895916
57,CA,0.6617358488686729,0.7334,0.7334,684,0.03880126867443323
57,NY,0.16371666344598193,0.689,0.689,148,0.03880126867443323
57,TX,0.1745474876853452,0.6936,0.6936,168,0.03880126867443323
58,CA,0.6672077724154107,0.7094,0.7094,631,0.03869327902793884
58,NY,0.16084226362464665,0.6652,0.6652,179,0.03869327902793884
58,TX,0.17194996395994258,0.6624,0.6624,190,0.03869327902793884
59,CA,0.6731901925515338,0.7188,0.7188,666,0.03880498930811882
59,NY,0.15808823931490576,0.6812,0.6812,165,0.03880498930811882
59,TX,0.1687215681335606,0.6768,0.6768,169,0.03880498930811882
60,CA,0.6783327121123663,0.71,0.71,671,0.03861254919320345
60,NY,0.15581116677345427,0.6712,0.6712,154,0.03861254919320345
60,TX,0.1658561211141794,0.67,0.67,175,0.03861254919320345
61,CA,0.6834001514576818,0.6944,0.6944,677,0.03844882920384407
61,NY,0.1534133685262221,0.646,0.646,149,0.03844882920384407
61,TX,0.16318648001609612,0.6496,0.6496,174,0.03844882920384407
62,CA,0.6893957303239312,0.7324,0.7324,683,0.038270190358161926
62,NY,0.15033863843142364,0.6822,0.6822,158,0.038270190358161926
62,TX,0.16026563124464516,0.6764,0.6764,159,0.038270190358161926
63,CA,0.6960337950648172,0.7224,0.7224,679,0.038625989109277725
63,NY,0.14738789071583228,0.6854,0.6854,165,0.038625989109277725
63,TX,0.15657831421935045,0.69,0.69,156,0.038625989109277725
64,CA,0.7003137796994523,0.7036,0.7036,709,0.03820593189448118
64,NY,0.14510858977909225,0.6504,0.6504,128,0.03820593189448118
64,TX,0.1545776305214555,0.6392,0.6392,163,0.03820593189448118
65,CA,0.7076555928171295,0.7146,0.7146,704,0.038307211361825466
65,NY,0.1420508957373983,0.6746,0.6746,140,0.038307211361825466
65,TX,0.15029351144547207,0.6736,0.6736,156,0.038307211361825466
66,CA,0.7125779202547552,0.7114,0.7114,695,0.03758871555328369
66,NY,0.13970201235695218,0.6636,0.6636,148,0.03758871555328369
66,TX,0.1477200673882927,0.667,0.667,157,0.03758871555328369
67,CA,0.7181321894180164,0.7092,0.7092,706,0.03793431166559458
67,NY,0.13685859546340037,0.6816,0.6816,139,0.03793431166559458
67,TX,0.14500921511858325,0.6762,0.6762,155,0.03793431166559458
68,CA,0.7217479393995869,0.7182,0.7182,733,0.22033452428877354
68,NY,0.13532656303556506,0.6794,0.6794,130,0.22033452428877354
68,TX,0.142925497564848,0.6732,0.6732,137,0.22033452428877354
69,CA,0.7266888134726488,0.7026,0.7026,713,0.03813088219612837
69,NY,0.13317613545052545,0.6686,0.6686,128,0.03813088219612837
69,TX,0.14013505107682578,0.663,0.663,159,0.03813088219612837
70,CA,0.7310155430081616,0.722,0.722,744,0.03807893209159374
70,NY,0.13129378082891896,0.6836,0.6836,136,0.03807893209159374
70,TX,0.13769067616291933,0.6772,0.6772,120,0.03807893209159374
71,CA,0.7358056392046385,0.7022,0.7022,708,0.03856512997299433
71,NY,0.12920711383527364,0.6672,0.6672,141,0.03856512997299433
71,TX,0.1349872469600879,0.6672,0.6672,151,0.03856512997299433
72,CA,0.7398245627807517,0.7004,0.7004,727,0.03868549969047308
72,NY,0.1272416157283843,0.6606,0.6606,128,0.03868549969047308
72,TX,0.13293382149086405,0.656,0.656,145,0.03868549969047308
73,CA,0.7446269238510083,0.7116,0.7116,760,0.037833123467862606
73,NY,0.1250699860778994,0.6802,0.6802,120,0.037833123467862606
73,TX,0.13030309007109234,0.6752,0.6752,120,0.037833123467862606
74,CA,0.7484180882541007,0.701,0.701,756,0.03798525221645832
74,NY,0.12340062069218481,0.6616,0.6616,110,0.03798525221645832
74,TX,0.1281812910537144,0.6494,0.6494,134,0.03798525221645832
75,CA,0.7535017394913941,0.717,0.717,754,0.03681134805083275
75,NY,0.12136109828582752,0.674,0.674,128,0.03681134805083275
75,TX,0.12513716222277851,0.6734,0.6734,118,0.03681134805083275
76,CA,0.7582155294477732,0.7106,0.7106,772,0.037840153090655804
76,NY,0.1190619723044315,0.6732,0.6732,88,0.037840153090655804
76,TX,0.12272249824779537,0.6622,0.6622,140,0.037840153090655804
77,CA,0.7628501974504653,0.7238,0.7238,776,0.03728132601827383
77,NY,0.1171707064773738,0.6856,0.6856,111,0.03728132601827383
77,TX,0.11997909607216097,0.681,0.681,113,0.03728132601827383
78,CA,0.7671273065805706,0.7132,0.7132,767,0.03771147411316633
78,NY,0.11521655189035673,0.6748,0.6748,125,0.03771147411316633
78,TX,0.11765614152907268,0.6646,0.6646,108,0.03771147411316633
79,CA,0.7716958632375864,0.7244,0.7244,782,0.0382179319858551
79,NY,0.11330484745038713,0.6788,0.6788,109,0.0382179319858551
79,TX,0.11499928931202637,0.6844,0.6844,109,0.0382179319858551
80,CA,0.7760914974149717,0.7188,0.7188,772,0.03779725357890129
80,NY,0.11093694194661737,0.6802,0.6802,124,0.03779725357890129
80,TX,0.11297156063841098,0.6788,0.6788,104,0.03779725357890129
81,CA,0.7800858877106586,0.7086,0.7086,776,0.0383757296949625
81,NY,0.10900372044237557,0.6706,0.6706,122,0.0383757296949625
81,TX,0.11091039184696591,0.6634,0.6634,102,0.0383757296949625
82,CA,0.7842883859375259,0.7116,0.7116,806,0.036940556950867176
82,NY,0.10715359812302874,0.673,0.673,98,0.036940556950867176
82,TX,0.10855801593944532,0.6694,0.6694,96,0.036940556950867176
83,CA,0.7883032597406594,0.7124,0.7124,790,0.03757650405168533
83,NY,0.10527323300389793,0.6656,0.6656,104,0.03757650405168533
83,TX,0.10642350725544263,0.6634,0.6634,106,0.03757650405168533
84,CA,0.7929997312592966,0.7192,0.7192,804,0.039235115982592106
84,NY,0.10300615383916344,0.6842,0.6842,101,0.039235115982592106
84,TX,0.10399411490153998,0.685,0.685,95,0.039235115982592106
85,CA,0.7963170151344775,0.7266,0.7266,791,0.038108931854367256
85,NY,0.10133124700494922,0.6856,0.6856,90,0.038108931854367256
85,TX,0.10235173786057324,0.6856,0.6856,119,0.038108931854367256
86,CA,0.8001872605397842,0.7246,0.7246,816,0.03816638235002756
86,NY,0.09940581963852575,0.684,0.684,89,0.03816638235002756
86,TX,0.10040691982169009,0.683,0.683,95,0.03816638235002756
87,CA,0.8040161059562034,0.7014,0.7014,792,0.037789104506373405
87,NY,0.09753009150571497,0.6696,0.6696,97,0.037789104506373405
87,TX,0.09845380253808166,0.6574,0.6574,111,0.037789104506373405
88,CA,0.8075442704914396,0.725,0.725,815,0.038243331015110016
88,NY,0.09612718639570098,0.6864,0.6864,85,0.038243331015110016
88,TX,0.09632854311285939,0.693,0.693,100,0.038243331015110016
89,CA,0.8107369397644464,0.7074,0.7074,813,0.03796479292213917
89,NY,0.09434770623471479,0.6666,0.6666,91,0.03796479292213917
89,TX,0.09491535400083885,0.6676,0.6676,96,0.03796479292213917
90,CA,0.8143747813433406,0.7334,0.7334,827,0.0378445228561759
90,NY,0.09250640457871237,0.6892,0.6892,88,0.0378445228561759
90,TX,0.09311881407794702,0.6884,0.6884,85,0.0378445228561759
91,CA,0.818283095576985,0.7154,0.7154,807,0.039457784965634346
91,NY,0.09058021458439947,0.6668,0.6668,89,0.039457784965634346
91,TX,0.09113668983861554,0.6658,0.6658,104,0.039457784965634346
92,CA,0.8225616139175153,0.7114,0.7114,809,0.03808308206498623
92,NY,0.08847412789908875,0.6714,0.6714,97,0.03808308206498623
92,TX,0.08896425818339597,0.6722,0.6722,94,0.03808308206498623
93,CA,0.8259526645768837,0.7048,0.7048,811,0.037678192369639874
93,NY,0.08676246466753354,0.6608,0.6608,98,0.037678192369639874
93,TX,0.08728487075558279,0.6636,0.6636,91,0.037678192369639874
94,CA,0.8295601833402518,0.7078,0.7078,835,0.03694901801645756
94,NY,0.08489234304335094,0.6676,0.6676,93,0.03694901801645756
94,TX,0.08554747361639717,0.6652,0.6652,72,0.03694901801645756
95,CA,0.8330023269725536,0.7188,0.7188,826,0.037147777155041695
95,NY,0.08323801468347074,0.684,0.684,91,0.037147777155041695
95,TX,0.08375965834397567,0.6776,0.6776,83,0.037147777155041695
96,CA,0.8360900329705843,0.7256,0.7256,840,0.03804013133049011
96,NY,0.08185501398940694,0.6838,0.6838,74,0.03804013133049011
96,TX,0.08205495304000884,0.6838,0.6838,86,0.03804013133049011
97,CA,0.8394229334268222,0.7236,0.7236,851,0.038303012028336525
97,NY,0.08019059651428356,0.6838,0.6838,78,0.038303012028336525
97,TX,0.0803864700588943,0.6886,0.6886,71,0.038303012028336525
98,CA,0.8423577517176004,0.7098,0.7098,864,0.03846590034663677
98,NY,0.07861279011092916,0.6754,0.6754,64,0.03846590034663677
98,TX,0.07902945817147056,0.6792,0.6792,72,0.03846590034663677
99,CA,0.8448890494891884,0.7034,0.7034,848,0.03782647382467985
99,NY,0.07726263462796838,0.6612,0.6612,67,0.03782647382467985
99,TX,0.0778483158828433,0.654,0.654,85,0.03782647382467985
100,CA,0.8484284965279284,0.7206,0.7206,849,0.037668874487280846
100,NY,0.0756641849933504,0.6866,0.6866,86,0.037668874487280846
100,TX,0.07590731847872126,0.6898,0.6898,65,0.037668874487280846
101,CA,0.8508568098678502,0.7308,0.7308,872,0.03826435096561909
101,NY,0.0743813006199935,0.6808,0.6808,61,0.03826435096561909
101,TX,0.07476188951215627,0.6768,0.6768,67,0.03826435096561909
102,CA,0.8546869049744088,0.7186,0.7186,841,0.03807256184518337
102,NY,0.07255769736943442,0.669,0.669,73,0.03807256184518337
102,TX,0.07275539765615681,0.6688,0.6688,86,0.03807256184518337
103,CA,0.8582937165613402,0.7024,0.7024,869,0.03677005786448717
103,NY,0.07076099062417096,0.6562,0.6562,56,0.03677005786448717
103,TX,0.07094529281448887,0.652,0.652,75,0.03677005786448717
104,CA,0.8617585694209065,0.7194,0.7194,843,0.03827262111008167
104,NY,0.06911857113706327,0.679,0.679,75,0.03827262111008167
104,TX,0.06912285944203024,0.6772,0.6772,82,0.03827262111008167
105,CA,0.8646296260227813,0.711,0.711,863,0.03796876221895218
105,NY,0.06771938834363875,0.6712,0.6712,69,0.03796876221895218
105,TX,0.06765098563358006,0.6668,0.6668,68,0.03796876221895218
106,CA,0.8675122435791791,0.7214,0.7214,855,0.038116611540317535
106,NY,0.06636467086271614,0.6776,0.6776,60,0.038116611540317535
106,TX,0.06612308555810478,0.6798,0.6798,85,0.038116611540317535
107,CA,0.8703727802715046,0.7126,0.7126,876,0.03785968292504549
107,NY,0.06488932423214375,0.6758,0.6758,61,0.03785968292504549
107,TX,0.06473789549635178,0.6752,0.6752,63,0.03785968292504549
108,CA,0.8728237425379303,0.7172,0.7172,864,0.037986972369253635
108,NY,0.06367379701071783,0.672,0.672,60,0.037986972369253635
108,TX,0.06350246045135181,0.6728,0.6728,76,0.037986972369253635
109,CA,0.8757293591413133,0.7154,0.7154,868,0.037736473605036736
109,NY,0.06220417010027029,0.6706,0.6706,69,0.037736473605036736
109,TX,0.062066470758416384,0.6692,0.6692,63,0.037736473605036736
110,CA,0.8786254414450211,0.7338,0.7338,877,0.037530435249209404
110,NY,0.060779963693750834,0.6966,0.6966,66,0.037530435249209404
110,TX,0.060594594861228,0.703,0.703,57,0.037530435249209404
111,CA,0.8807220089606056,0.7222,0.7222,883,0.03769178409129381
111,NY,0.059617804040220324,0.6852,0.6852,59,0.03769178409129381
111,TX,0.0596601869991741,0.6872,0.6872,58,0.03769178409129381
112,CA,0.8829234039520327,0.713,0.713,888,0.03818590193986893
112,NY,0.05848278156016845,0.6744,0.6744,66,0.03818590193986893
112,TX,0.05859381448779883,0.6748,0.6748,46,0.03818590193986893
113,CA,0.8852467083997422,0.71,0.71,892,0.037359876558184624
113,NY,0.057315378450038666,0.6644,0.6644,51,0.037359876558184624
113,TX,0.057437913150219164,0.6574,0.6574,57,0.037359876558184624
114,CA,0.8881734296854324,0.7044,0.7044,877,0.03690983820706606
114,NY,0.055971406104270836,0.6574,0.6574,63,0.03690983820706606
114,TX,0.0558551642102967,0.6512,0.6512,60,0.03690983820706606
115,CA,0.8911023723565042,0.7048,0.7048,889,0.04311906639486551
115,NY,0.05460744403588356,0.6716,0.6716,52,0.04311906639486551
115,TX,0.0542901836076121,0.6704,0.6704,59,0.04311906639486551
116,CA,0.893030365333504,0.7222,0.7222,885,0.03699258714914322
116,NY,0.05365984347619111,0.68,0.68,49,0.03699258714914322
116,TX,0.05330979119030489,0.682,0.682,66,0.03699258714914322
117,CA,0.8953216958873248,0.7166,0.7166,896,0.03792077302932739
117,NY,0.0524792936210575,0.6798,0.6798,63,0.03792077302932739
117,TX,0.05219901049161776,0.6738,0.6738,41,0.03792077302932739
118,CA,0.8974994918696078,0.7056,0.7056,888,0.03747928515076637
118,NY,0.05147917190050485,0.6696,0.6696,61,0.03747928515076637
118,TX,0.051021336229887394,0.659,0.659,51,0.03747928515076637
119,CA,0.8997313301145434,0.7248,0.7248,920,0.03772447444498539
119,NY,0.050517916776055626,0.683,0.683,40,0.03772447444498539
119,TX,0.04975075310940096,0.6786,0.6786,40,0.03772447444498539
120,CA,0.9020377465559819,0.7258,0.7258,915,0.03762077447026968
120,NY,0.04941999229377677,0.672,0.672,40,0.03762077447026968
120,TX,0.04854226115024135,0.6676,0.6676,45,0.03762077447026968
121,CA,0.9049132266700062,0.7052,0.7052,921,0.037727054208517075
121,NY,0.04803200398218075,0.6652,0.6652,41,0.037727054208517075
121,TX,0.04705476934781306,0.658,0.658,38,0.037727054208517075
122,CA,0.9071167912856806,0.709,0.709,893,0.03761146403849125
122,NY,0.04701950521622971,0.6708,0.6708,53,0.03761146403849125
122,TX,0.04586370349808973,0.6662,0.6662,54,0.03761146403849125
123,CA,0.9091164813494337,0.719,0.719,895,0.03672849852591753
123,NY,0.046069848459593284,0.6754,0.6754,58,0.03672849852591753
123,TX,0.04481367019097303,0.6702,0.6702,47,0.03672849852591753
124,CA,0.911340785076893,0.7204,0.7204,897,0.03741049487143755
124,NY,0.04501121059118298,0.6776,0.6776,55,0.03741049487143755
124,TX,0.043648004331924124,0.676,0.676,48,0.03741049487143755
125,CA,0.9133924944039226,0.7112,0.7112,905,0.036600648425519466
125,NY,0.043990237744161456,0.674,0.674,47,0.036600648425519466
125,TX,0.042617267851915976,0.6728,0.6728,48,0.036600648425519466
126,CA,0.9151428494607744,0.7092,0.7092,918,0.03779925312846899
126,NY,0.04311639513498353,0.6668,0.6668,44,0.03779925312846899
126,TX,0.041740755404242116,0.6574,0.6574,38,0.03779925312846899
127,CA,0.9172843457683013,0.7252,0.7252,908,0.03786372300237417
127,NY,0.04214520224451972,0.6832,0.6832,41,0.03786372300237417
127,TX,0.04057045198717902,0.6816,0.6816,51,0.03786372300237417
128,CA,0.9191698748644759,0.705,0.705,903,0.03769759461283684
128,NY,0.041203699909647055,0.6716,0.6716,46,0.03769759461283684
128,TX,0.039626425225877136,0.6664,0.6664,51,0.03769759461283684
129,CA,0.9207390645801207,0.6988,0.6988,929,0.03633549064397812
129,NY,0.040465506612357545,0.6544,0.6544,43,0.03633549064397812
129,TX,0.03879542880752185,0.6518,0.6518,28,0.03633549064397812
130,CA,0.9227053011536123,0.7206,0.7206,916,0.03834441117942333
130,NY,0.03949205173381932,0.678,0.678,41,0.03834441117942333
130,TX,0.03780264711256841,0.6834,0.6834,43,0.03834441117942333
131,CA,0.9243646123909225,0.7248,0.7248,915,0.03775451425462961
131,NY,0.038583536374927396,0.684,0.684,37,0.03775451425462961
131,TX,0.0370518512341501,0.6806,0.6806,48,0.03775451425462961
132,CA,0.92608916357663,0.7102,0.7102,932,0.03819771111011505
132,NY,0.03774112707881646,0.6696,0.6696,37,0.03819771111011505
132,TX,0.03616970934455366,0.6738,0.6738,31,0.03819771111011505
133,CA,0.9276344256921529,0.7042,0.7042,932,0.037764973007142544
133,NY,0.03690663540703448,0.661,0.661,37,0.037764973007142544
133,TX,0.03545893890081266,0.654,0.654,31,0.037764973007142544
134,CA,0.9294748346140701,0.7158,0.7158,927,0.038012812845408916
134,NY,0.03604244997551737,0.6666,0.6666,37,0.038012812845408916
134,TX,0.034482715410412486,0.667,0.667,36,0.038012812845408916
135,CA,0.9313508052055793,0.7258,0.7258,931,0.0376806640997529
135,NY,0.03507960357823095,0.6764,0.6764,32,0.0376806640997529
135,TX,0.03356959121618983,0.669,0.669,37,0.0376806640997529
136,CA,0.9333191607126543,0.7192,0.7192,946,0.037483555264770985
136,NY,0.03414748727693347,0.6784,0.6784,26,0.037483555264770985
136,TX,0.0325333520104122,0.6758,0.6758,28,0.037483555264770985
137,CA,0.9348445173211402,0.729,0.729,926,0.03770205471664667
137,NY,0.03339158419467496,0.6938,0.6938,35,0.03770205471664667
137,TX,0.03176389848418501,0.6966,0.6966,39,0.03770205471664667
138,CA,0.9360379977497715,0.712,0.712,939,0.03737379517406225
138,NY,0.032753540546638135,0.6772,0.6772,34,0.03737379517406225
138,TX,0.031208461703590415,0.6728,0.6728,27,0.03737379517406225
139,CA,0.937331863338696,0.7174,0.7174,919,0.03775658365339041
139,NY,0.03213211018928859,0.683,0.683,33,0.03775658365339041
139,TX,0.030536026472015393,0.6838,0.6838,48,0.03775658365339041
140,CA,0.9384965712895249,0.7192,0.7192,918,0.037931712344288826
140,NY,0.031527621990136714,0.677,0.677,38,0.037931712344288826
140,TX,0.029975806720338387,0.6754,0.6754,44,0.037931712344288826
141,CA,0.9399418061624054,0.7306,0.7306,934,0.03662758879363537
141,NY,0.03080109462264264,0.6846,0.6846,34,0.03662758879363537
141,TX,0.029257099214952013,0.6822,0.6822,32,0.03662758879363537
142,CA,0.9414829603209023,0.7148,0.7148,932,0.03680973965674639
142,NY,0.03003154986557646,0.6692,0.6692,30,0.03680973965674639
142,TX,0.02848548981352139,0.6694,0.6694,38,0.03680973965674639
143,CA,0.942947134798009,0.7254,0.7254,945,0.036498790606856346
143,NY,0.02927841268773131,0.6802,0.6802,34,0.036498790606856346
143,TX,0.027774452514259723,0.6792,0.6792,21,0.036498790606856346
144,CA,0.9443738014929224,0.703,0.703,949,0.038022893480956554
144,NY,0.028554548658481078,0.6596,0.6596,28,0.038022893480956554
144,TX,0.02707164984859649,0.6532,0.6532,23,0.038022893480956554
145,CA,0.9458108094405709,0.7134,0.7134,956,0.22016693372279406
145,NY,0.027869194773692322,0.6706,0.6706,18,0.22016693372279406
145,TX,0.026319995785736662,0.6658,0.6658,26,0.22016693372279406
146,CA,0.947162748738261,0.7292,0.7292,947,0.03646739013493061
146,NY,0.027211875252816625,0.6934,0.6934,24,0.03646739013493061
146,TX,0.02562537600892249,0.694,0.694,29,0.03646739013493061
147,CA,0.9481915455412794,0.7018,0.7018,958,0.03680449724197388
147,NY,0.026677447221895405,0.6542,0.6542,20,0.03680449724197388
147,TX,0.025131007236825088,0.6418,0.6418,22,0.03680449724197388
148,CA,0.9497417301563581,0.698,0.698,949,0.03642877098172903
148,NY,0.025973663426459053,0.6558,0.6558,32,0.03642877098172903
148,TX,0.024284606417182865,0.6504,0.6504,19,0.03642877098172903
149,CA,0.9510030334167686,0.7222,0.7222,937,0.037874543108046055
149,NY,0.025361783007296218,0.6768,0.6768,28,0.037874543108046055
149,TX,0.023635183575935127,0.6742,0.6742,35,0.037874543108046055
150,CA,0.9522669982493432,0.7112,0.7112,946,0.037729304283857346
150,NY,0.024726024449051705,0.6694,0.6694,32,0.037729304283857346
150,TX,0.02300697730160515,0.6614,0.6614,22,0.037729304283857346
151,CA,0.953481302429453,0.7278,0.7278,956,0.03960672486573458
151,NY,0.024152794112748698,0.6842,0.6842,23,0.03960672486573458
151,TX,0.022365903457798344,0.6876,0.6876,21,0.03960672486573458
152,CA,0.9545598208551336,0.7112,0.7112,943,0.03746041376143694
152,NY,0.023569943516755915,0.6706,0.6706,34,0.03746041376143694
152,TX,0.02187023562811055,0.6592,0.6592,23,0.03746041376143694
153,CA,0.955729456750253,0.726,0.726,959,0.03758166451007128
153,NY,0.02303891745838477,0.6854,0.6854,24,0.03758166451007128
153,TX,0.021231625791362306,0.69,0.69,17,0.03758166451007128
154,CA,0.9566715612839078,0.702,0.702,951,0.03783710394054651
154,NY,0.022519158584329447,0.6628,0.6628,27,0.03783710394054651
154,TX,0.020809280131762736,0.6596,0.6596,22,0.03783710394054651
155,CA,0.9576647105070343,0.7242,0.7242,947,0.04042341187596321
155,NY,0.02202334284048882,0.6782,0.6782,20,0.04042341187596321
155,TX,0.02031194665247686,0.6764,0.6764,33,0.04042341187596321
156,CA,0.9587679357889808,0.7174,0.7174,965,0.03875209856778383
156,NY,0.021460475125740498,0.68,0.68,15,0.03875209856778383
156,TX,0.019771589085278714,0.6736,0.6736,20,0.03875209856778383
157,CA,0.9597003759420403,0.7136,0.7136,945,0.03790584299713373
157,NY,0.021013544763640587,0.666,0.666,33,0.03790584299713373
157,TX,0.01928607929431917,0.663,0.663,22,0.03790584299713373
158,CA,0.960808378382684,0.7236,0.7236,948,0.038046201691031456
158,NY,0.020453422035243866,0.6852,0.6852,24,0.038046201691031456
158,TX,0.018738199582072183,0.6816,0.6816,28,0.038046201691031456
159,CA,0.9616857105914363,0.7164,0.7164,957,0.03667158912867308
159,NY,0.02001600156107696,0.6734,0.6734,20,0.03667158912867308
159,TX,0.018298287847486844,0.6656,0.6656,23,0.03667158912867308
160,CA,0.9626898161994949,0.7216,0.7216,965,0.037642464973032475
160,NY,0.019534927314069955,0.6818,0.6818,14,0.037642464973032475
160,TX,0.017775256486435246,0.6752,0.6752,21,0.037642464973032475
161,CA,0.9635866088428698,0.7116,0.7116,966,0.03729409538209438
161,NY,0.019101095327694554,0.6692,0.6692,14,0.03729409538209438
161,TX,0.017312295829435585,0.6686,0.6686,20,0.03729409538209438
162,CA,0.964462443500297,0.7156,0.7156,969,0.03734571672976017
162,NY,0.018644851774248742,0.6736,0.6736,16,0.03734571672976017
162,TX,0.016892704725454337,0.6758,0.6758,15,0.03734571672976017
163,CA,0.9652813310065477,0.7096,0.7096,971,0.03639420121908188
163,NY,0.018203845914589397,0.6684,0.6684,15,0.03639420121908188
163,TX,0.01651482307886283,0.6688,0.6688,14,0.03639420121908188
164,CA,0.966085914680487,0.7218,0.7218,966,0.03717714734375477
164,NY,0.01777995535904836,0.6792,0.6792,13,0.03717714734375477
164,TX,0.01613412996046471,0.681,0.681,21,0.03717714734375477
165,CA,0.9668809036119947,0.713,0.713,969,0.036678189411759377
165,NY,0.017354320784390906,0.673,0.673,14,0.036678189411759377
165,TX,0.015764775603614407,0.6706,0.6706,17,0.036678189411759377
166,CA,0.9676506176053477,0.7142,0.7142,971,0.03660766966640949
166,NY,0.016962575520200727,0.6672,0.6672,17,0.03660766966640949
166,TX,0.015386806874451655,0.665,0.665,12,0.03660766966640949
167,CA,0.9685287865024272,0.709,0.709,970,0.03699997719377279
167,NY,0.01651246690664947,0.666,0.666,16,0.03699997719377279
167,TX,0.01495874659092324,0.6562,0.6562,14,0.03699997719377279
168,CA,0.9693795363870541,0.7194,0.7194,965,0.036513510160148144
168,NY,0.016111137673227995,0.6794,0.6794,15,0.036513510160148144
168,TX,0.014509325939717791,0.6744,0.6744,20,0.036513510160148144
169,CA,0.970111529473855,0.702,0.702,977,0.0375317744910717
169,NY,0.015748212045063707,0.666,0.666,11,0.0375317744910717
169,TX,0.014140258481081336,0.654,0.654,12,0.0375317744910717
170,CA,0.9708220594460478,0.7338,0.7338,975,0.04024913161993027
170,NY,0.015426402728518352,0.6972,0.6972,15,0.04024913161993027
170,TX,0.01375153782543381,0.7112,0.7112,10,0.04024913161993027
171,CA,0.9713124725782915,0.7098,0.7098,979,0.036246721632778645
171,NY,0.015108384159528311,0.6678,0.6678,13,0.036246721632778645
171,TX,0.013579143262180156,0.6656,0.6656,8,0.036246721632778645
172,CA,0.9720144231388191,0.7336,0.7336,980,0.03674953896552324
172,NY,0.014747907991923262,0.6942,0.6942,13,0.03674953896552324
172,TX,0.013237668869257554,0.707,0.707,7,0.03674953896552324
173,CA,0.9725379362072257,0.7264,0.7264,973,0.03770385403186083
173,NY,0.014420490754174193,0.68,0.68,14,0.03770385403186083
173,TX,0.013041573038600011,0.6792,0.6792,13,0.03770385403186083
174,CA,0.97326217372717,0.7144,0.7144,962,0.03753788489848375
174,NY,0.014043365152520767,0.6776,0.6776,17,0.03753788489848375
174,TX,0.012694461120309156,0.6682,0.6682,21,0.03753788489848375
175,CA,0.9738889073346049,0.6952,0.6952,978,0.037032668478786945
175,NY,0.013750770140424159,0.6598,0.6598,11,0.037032668478786945
175,TX,0.012360322524971077,0.6458,0.6458,11,0.037032668478786945
176,CA,0.974519756648969,0.7192,0.7192,974,0.0363913094624877
176,NY,0.013472341032856435,0.679,0.679,16,0.0363913094624877
176,TX,0.012007902318174614,0.6876,0.6876,10,0.0363913094624877
177,CA,0.9750421220940874,0.7056,0.7056,970,0.04096086695790291
177,NY,0.013164370333385312,0.667,0.667,17,0.04096086695790291
177,TX,0.011793507572527319,0.6614,0.6614,13,0.04096086695790291
178,CA,0.9756309657934951,0.7246,0.7246,973,0.03796948306262493
178,NY,0.012874213349689146,0.6838,0.6838,13,0.03796948306262493
178,TX,0.011494820856815887,0.6774,0.6774,14,0.03796948306262493
179,CA,0.9762354231033875,0.7044,0.7044,971,0.037512884475290775
179,NY,0.012577427177244522,0.6674,0.6674,15,0.037512884475290775
179,TX,0.01118714971936797,0.664,0.664,14,0.037512884475290775
180,CA,0.9767611260128788,0.7294,0.7294,975,0.037363676354289055
180,NY,0.012311015774429073,0.6786,0.6786,12,0.037363676354289055
180,TX,0.010927858212692142,0.6778,0.6778,13,0.037363676354289055
181,CA,0.977433289198419,0.7018,0.7018,974,0.03680904861539602
181,NY,0.011957610727065499,0.657,0.657,12,0.03680904861539602
181,TX,0.010609100074515553,0.6508,0.6508,14,0.03680904861539602
182,CA,0.9780521235842523,0.7078,0.7078,977,0.037579325027763844
182,NY,0.011650197144215231,0.6718,0.6718,16,0.037579325027763844
182,TX,0.010297679271532481,0.6672,0.6672,7,0.037579325027763844
183,CA,0.9785319886557252,0.7408,0.7408,976,0.03775384370237589
183,NY,0.011410209365705637,0.6968,0.6968,14,0.03775384370237589
183,TX,0.01005780197856913,0.708,0.708,10,0.03775384370237589
184,CA,0.9789998621362148,0.715,0.715,976,0.03699539788067341
184,NY,0.011127125694862865,0.6644,0.6644,11,0.03699539788067341
184,TX,0.009873012168922318,0.6634,0.6634,13,0.03699539788067341
185,CA,0.9796124654979156,0.7074,0.7074,975,0.03795563243329525
185,NY,0.0108055841278521,0.669,0.669,17,0.03795563243329525
185,TX,0.009581950374232356,0.666,0.666,8,0.03795563243329525
186,CA,0.980078354116173,0.6938,0.6938,979,0.0368764391168952
186,NY,0.010567586300580686,0.6534,0.6534,12,0.0368764391168952
186,TX,0.009354059583246348,0.6456,0.6456,9,0.0368764391168952
187,CA,0.9805865340031616,0.6898,0.6898,986,0.03620392084121704
187,NY,0.01032088016196609,0.6444,0.6444,8,0.03620392084121704
187,TX,0.009092585834872165,0.6324,0.6324,6,0.03620392084121704
188,CA,0.981161645452984,0.7116,0.7116,983,0.03804885223507881
188,NY,0.010049478737138963,0.6608,0.6608,6,0.03804885223507881
188,TX,0.008788875809877006,0.6564,0.6564,11,0.03804885223507881
189,CA,0.981732731855258,0.7086,0.7086,980,0.0372201157733798
189,NY,0.009756887604655606,0.6628,0.6628,12,0.0372201157733798
189,TX,0.008510380540086439,0.6578,0.6578,8,0.0372201157733798
190,CA,0.9822381612730825,0.7074,0.7074,988,0.036511179991066456
190,NY,0.00950023718190061,0.6652,0.6652,6,0.036511179991066456
190,TX,0.008261601545016812,0.653,0.653,6,0.036511179991066456
191,CA,0.9827275918072108,0.7366,0.7366,983,0.03780125267803669
191,NY,0.009270046654138983,0.6946,0.6946,10,0.03780125267803669
191,TX,0.008002361538650136,0.6936,0.6936,7,0.03780125267803669
192,CA,0.9831428167951707,0.7144,0.7144,989,0.03713245689868927
192,NY,0.00904967089856767,0.6658,0.6658,6,0.03713245689868927
192,TX,0.007807512306261702,0.6626,0.6626,5,0.03713245689868927
193,CA,0.9836271964708714,0.705,0.705,983,0.036623639054596424
193,NY,0.008797462074117525,0.6636,0.6636,9,0.036623639054596424
193,TX,0.007575341455011083,0.6642,0.6642,8,0.036623639054596424
194,CA,0.984015775274842,0.7088,0.7088,986,0.037566184997558594
194,NY,0.008587237300718623,0.668,0.668,8,0.037566184997558594
194,TX,0.007396987424439296,0.6654,0.6654,6,0.037566184997558594
195,CA,0.9844025476211498,0.7154,0.7154,983,0.03699504863470793
195,NY,0.00838549961722323,0.6772,0.6772,9,0.03699504863470793
195,TX,0.00721195276162698,0.6812,0.6812,8,0.03699504863470793
196,CA,0.9847280204211918,0.7104,0.7104,982,0.03696394618600607
196,NY,0.008201474867758149,0.6684,0.6684,9,0.03696394618600607
196,TX,0.007070504711050151,0.6588,0.6588,9,0.03696394618600607
197,CA,0.9851365548845341,0.7166,0.7166,983,0.03738933615386486
197,NY,0.008003401240509725,0.672,0.672,11,0.03738933615386486
197,TX,0.006860043874956146,0.67,0.67,6,0.03738933615386486
198,CA,0.9855250178558125,0.7056,0.7056,987,0.03650052938610315
198,NY,0.007798534075623587,0.6656,0.6656,8,0.03650052938610315
198,TX,0.006676448068563935,0.663,0.663,5,0.03650052938610315
199,CA,0.985869724321036,0.7056,0.7056,989,0.03925178665667772
199,NY,0.0076183053436229805,0.6762,0.6762,5,0.03925178665667772
199,TX,0.006511970335340948,0.6722,0.6722,6,0.03925178665667772
200,CA,0.9861249731879486,0.6998,0.6998,984,0.0396526949480176
200,NY,0.007488924491255168,0.6578,0.6578,10,0.0396526949480176
200,TX,0.006386102320796227,0.6558,0.6558,6,0.0396526949480176
201,CA,0.9864705822283142,0.7178,0.7178,983,0.037396205589175224
201,NY,0.007306442039241054,0.6766,0.6766,5,0.037396205589175224
201,TX,0.006222975732444842,0.6724,0.6724,12,0.037396205589175224
202,CA,0.9868058069684363,0.7084,0.7084,990,0.03608902171254158
202,NY,0.0071336264641329115,0.6616,0.6616,6,0.03608902171254158
202,TX,0.006060566567430766,0.6598,0.6598,4,0.03608902171254158
203,CA,0.9871689152775541,0.7136,0.7136,992,0.03762916475534439
203,NY,0.00694076052895002,0.6796,0.6796,3,0.03762916475534439
203,TX,0.0058903241934957695,0.6788,0.6788,5,0.03762916475534439
204,CA,0.9874230137118982,0.7328,0.7328,991,0.037888373248279095
204,NY,0.006804798138659533,0.6948,0.6948,6,0.037888373248279095
204,TX,0.005772188149442345,0.7008,0.7008,3,0.037888373248279095
205,CA,0.9876756851543961,0.719,0.719,993,0.03756380453705788
205,NY,0.006657273201571232,0.6712,0.6712,4,0.03756380453705788
205,TX,0.005667041644032641,0.6686,0.6686,3,0.03756380453705788
206,CA,0.988022749875982,0.7196,0.7196,989,0.03754780441522598
206,NY,0.0064744295938022655,0.6762,0.6762,8,0.03754780441522598
206,TX,0.005502820530215556,0.6688,0.6688,3,0.03754780441522598
207,CA,0.988344918091342,0.7264,0.7264,988,0.03746162448078394
207,NY,0.0063130830308390385,0.6826,0.6826,6,0.03746162448078394
207,TX,0.00534199887781901,0.6808,0.6808,6,0.03746162448078394
208,CA,0.9886427640101183,0.7104,0.7104,984,0.03637087997049093
208,NY,0.006154769841209764,0.6656,0.6656,3,0.03637087997049093
208,TX,0.005202466148671986,0.6604,0.6604,13,0.03637087997049093
209,CA,0.9889525963111953,0.7202,0.7202,989,0.03724475670605898
209,NY,0.005995438110954597,0.6754,0.6754,7,0.03724475670605898
209,TX,0.005051965577850225,0.6738,0.6738,4,0.03724475670605898
210,CA,0.9892418623345979,0.7184,0.7184,992,0.037552835419774055
210,NY,0.005841003997209077,0.6756,0.6756,5,0.037552835419774055
210,TX,0.004917133668193077,0.669,0.669,3,0.037552835419774055
211,CA,0.9895256953042848,0.7352,0.7352,990,0.03721969574689865
211,NY,0.00569715691002911,0.6938,0.6938,7,0.03721969574689865
211,TX,0.0047771477856861,0.6926,0.6926,3,0.03721969574689865
212,CA,0.9897763158805911,0.724,0.724,989,0.037885893136262894
212,NY,0.005562637404035522,0.677,0.677,7,0.037885893136262894
212,TX,0.004661046715373384,0.6748,0.6748,4,0.037885893136262894
213,CA,0.990058153654224,0.7122,0.7122,986,0.03674956876784563
213,NY,0.005412528549557107,0.6676,0.6676,10,0.03674956876784563
213,TX,0.004529317796218885,0.6596,0.6596,4,0.03674956876784563
214,CA,0.9903355776918832,0.7084,0.7084,993,0.03754923492670059
214,NY,0.00527301820136743,0.668,0.668,4,0.03754923492670059
214,TX,0.004391404106749386,0.6654,0.6654,3,0.03754923492670059
215,CA,0.9905685853017362,0.7338,0.7338,993,0.03771248273551464
215,NY,0.0051495339224942845,0.6946,0.6946,3,0.03771248273551464
215,TX,0.004281880775769495,0.6958,0.6958,4,0.03771248273551464
216,CA,0.9907769200066969,0.7262,0.7262,990,0.03755180537700653
216,NY,0.005034165132510486,0.6766,0.6766,6,0.03755180537700653
216,TX,0.004188914860792511,0.675,0.675,4,0.03755180537700653
217,CA,0.9910434069005762,0.7168,0.7168,987,0.03841928020119667
217,NY,0.004890830392417816,0.6806,0.6806,8,0.03841928020119667
217,TX,0.004065762707005984,0.68,0.68,5,0.03841928020119667
218,CA,0.9912320158864034,0.7202,0.7202,988,0.03771389555186033
218,NY,0.004788614774767428,0.671,0.671,6,0.03771389555186033
218,TX,0.0039793693388291505,0.6728,0.6728,6,0.03771389555186033
219,CA,0.9914765258903221,0.6952,0.6952,991,0.03759681433439255
219,NY,0.00465280148190364,0.661,0.661,5,0.03759681433439255
219,TX,0.0038706726277742253,0.6558,0.6558,4,0.03759681433439255
220,CA,0.9916588235241034,0.7262,0.7262,993,0.0374658452346921
220,NY,0.00455977125081434,0.6832,0.6832,3,0.0374658452346921
220,TX,0.0037814052250822725,0.678,0.678,4,0.0374658452346921
221,CA,0.9918762145519322,0.7034,0.7034,989,0.03728301730006933
221,NY,0.004447161094399289,0.6542,0.6542,9,0.03728301730006933
221,TX,0.003676624353668497,0.6444,0.6444,2,0.03728301730006933
222,CA,0.9921299964209006,0.6992,0.6992,994,0.03743867576122284
222,NY,0.00431981690618784,0.6596,0.6596,3,0.03743867576122284
222,TX,0.0035501866729114938,0.6622,0.6622,3,0.03743867576122284
223,CA,0.9923066060062514,0.7152,0.7152,995,0.039260136894881725
223,NY,0.004219894259016544,0.6686,0.6686,1,0.039260136894881725
223,TX,0.003473499734732055,0.6648,0.6648,4,0.039260136894881725
224,CA,0.992521701441088,0.661,0.661,992,0.03711986541748047
224,NY,0.004106134478680819,0.6218,0.6218,4,0.03711986541748047
224,TX,0.0033721640802311767,0.6102,0.6102,4,0.03711986541748047
225,CA,0.9927202851871183,0.703,0.703,993,0.03811964113265276
225,NY,0.00401003088264735,0.6588,0.6588,4,0.03811964113265276
225,TX,0.003269683930234342,0.655,0.655,3,0.03811964113265276
226,CA,0.9929151298810213,0.7182,0.7182,993,0.03801151365041733
226,NY,0.003906720380482989,0.677,0.677,2,0.03801151365041733
226,TX,0.0031781497384956777,0.679,0.679,5,0.03801151365041733
227,CA,0.9930801656495619,0.7146,0.7146,995,0.03771880269050598
227,NY,0.0038136765432445143,0.6734,0.6734,3,0.03771880269050598
227,TX,0.0031061578071935043,0.6696,0.6696,2,0.03771880269050598
228,CA,0.9932521574473994,0.7042,0.7042,991,0.037379685789346695
228,NY,0.003722682604730494,0.6662,0.6662,7,0.037379685789346695
228,TX,0.003025159947870045,0.6542,0.6542,2,0.037379685789346695
229,CA,0.9934227915609644,0.7062,0.7062,990,0.22716191038489342
229,NY,0.0036403000495251877,0.6668,0.6668,6,0.22716191038489342
229,TX,0.0029369083895103504,0.6614,0.6614,4,0.22716191038489342
230,CA,0.9935829349301185,0.7142,0.7142,994,0.03773472458124161
230,NY,0.003556810602597273,0.6694,0.6694,4,0.03773472458124161
230,TX,0.0028602544672841675,0.675,0.675,2,0.03773472458124161
231,CA,0.9937403073426511,0.7134,0.7134,994,0.03868679888546467
231,NY,0.003464403273510401,0.6716,0.6716,3,0.03868679888546467
231,TX,0.0027952893838385476,0.664,0.664,3,0.03868679888546467
232,CA,0.9939044108293824,0.7348,0.7348,992,0.03791966289281845
232,NY,0.0033804440512623405,0.6912,0.6912,5,0.03791966289281845
232,TX,0.0027151451193552383,0.696,0.696,3,0.03791966289281845
233,CA,0.9940492292656727,0.718,0.718,990,0.037330145947635174
233,NY,0.003295964944181607,0.6784,0.6784,6,0.037330145947635174
233,TX,0.0026548057901456474,0.683,0.683,4,0.037330145947635174
234,CA,0.9941785294253291,0.7306,0.7306,994,0.037442964501678944
234,NY,0.0032204115983561145,0.687,0.687,3,0.037442964501678944
234,TX,0.0026010589763147086,0.6914,0.6914,3,0.037442964501678944
235,CA,0.9943177841639318,0.7246,0.7246,992,0.038032752461731434
235,NY,0.0031397176380255527,0.6864,0.6864,2,0.038032752461731434
235,TX,0.002542498198042761,0.6826,0.6826,6,0.038032752461731434
236,CA,0.9944485179539186,0.6992,0.6992,998,0.030365359969437122
236,NY,0.00307057636112957,0.6518,0.6518,0,0.030365359969437122
236,TX,0.0024809056849518967,0.6504,0.6504,2,0.030365359969437122
237,CA,0.99460457670166,0.7222,0.7222,993,0.03664168808609247
237,NY,0.002985389582468133,0.674,0.674,4,0.03664168808609247
237,TX,0.00241003371587191,0.6676,0.6676,3,0.03664168808609247
238,CA,0.9947636993957268,0.7334,0.7334,990,0.037687864154577255
238,NY,0.0029023003700268967,0.6894,0.6894,5,0.037687864154577255
238,TX,0.0023340002342461487,0.691,0.691,5,0.037687864154577255
239,CA,0.9948937936838649,0.7084,0.7084,992,0.03795721288770437
239,NY,0.0028289993504739663,0.664,0.664,4,0.03795721288770437
239,TX,0.002277206965661097,0.6634,0.6634,4,0.03795721288770437
240,CA,0.9950266358463249,0.718,0.718,995,0.03665625862777233
240,NY,0.0027558437586202604,0.6762,0.6762,2,0.03665625862777233
240,TX,0.002217520395054757,0.6694,0.6694,3,0.03665625862777233
241,CA,0.9951557893196618,0.7016,0.7016,993,0.041757844388484955
241,NY,0.0026891413822189457,0.6582,0.6582,2,0.041757844388484955
241,TX,0.0021550692981193173,0.6524,0.6524,5,0.041757844388484955
242,CA,0.9952860715092279,0.7224,0.7224,996,0.038344490341842175
242,NY,0.002620896811054643,0.679,0.679,3,0.038344490341842175
242,TX,0.002093031679717372,0.691,0.691,1,0.038344490341842175
243,CA,0.9953897876786554,0.709,0.709,994,0.03788135293871164
243,NY,0.0025551232634230476,0.6688,0.6688,2,0.03788135293871164
243,TX,0.002055089057921632,0.6626,0.6626,4,0.03788135293871164
244,CA,0.9955051661376085,0.7274,0.7274,997,0.03791644237935543
244,NY,0.002495309510335866,0.6902,0.6902,2,0.03791644237935543
244,TX,0.001999524352055516,0.695,0.695,1,0.03791644237935543
245,CA,0.9955960055429416,0.7162,0.7162,995,0.036822848953306675
245,NY,0.002441795175383969,0.6736,0.6736,3,0.036822848953306675
245,TX,0.001962199281674529,0.6706,0.6706,2,0.036822848953306675
246,CA,0.9957082688721808,0.695,0.695,994,0.03714792709797621
246,NY,0.0023814527496316532,0.6602,0.6602,5,0.03714792709797621
246,TX,0.0019102783781876373,0.6588,0.6588,1,0.03714792709797621
247,CA,0.9957975831811472,0.7046,0.7046,995,0.036053881980478764
247,NY,0.002332768435321067,0.6646,0.6646,4,0.036053881980478764
247,TX,0.001869648383531713,0.6626,0.6626,1,0.036053881980478764
248,CA,0.9958979768772641,0.73,0.73,995,0.03734974656254053
248,NY,0.0022782575525230582,0.6904,0.6904,2,0.03734974656254053
248,TX,0.0018237655702128136,0.6902,0.6902,3,0.03734974656254053
249,CA,0.9959917065299126,0.716,0.716,999,0.031115847639739513
249,NY,0.0022263173538090257,0.6738,0.6738,1,0.031115847639739513
249,TX,0.0017819761162783045,0.667,0.667,0,0.031115847639739513
250,CA,0.9960969279298055,0.709,0.709,996,0.037009118124842644
250,NY,0.002171797006322874,0.666,0.666,3,0.037009118124842644
250,TX,0.0017312750638715521,0.6576,0.6576,1,0.037009118124842644
251,CA,0.9962032371022131,0.7224,0.7224,994,0.03765335399657488
251,NY,0.002117378565855244,0.6814,0.6814,3,0.03765335399657488
251,TX,0.0016793843319316503,0.677,0.677,3,0.03765335399657488
252,CA,0.9962975548343664,0.7246,0.7246,999,0.03117937594652176
252,NY,0.002067172193820403,0.6786,0.6786,0,0.03117937594652176
252,TX,0.001635272971813146,0.686,0.686,1,0.03117937594652176
253,CA,0.9963889616243368,0.7244,0.7244,994,0.0371748274192214
253,NY,0.0020122194136109367,0.68,0.68,5,0.0371748274192214
253,TX,0.001598818962052321,0.6794,0.6794,1,0.0371748274192214
254,CA,0.9964821662207028,0.7076,0.7076,997,0.037192847579717636
254,NY,0.0019605919958035965,0.6654,0.6654,2,0.037192847579717636
254,TX,0.0015572417834935023,0.6698,0.6698,1,0.037192847579717636
255,CA,0.9965648051850822,0.717,0.717,997,0.03734012600034475
255,NY,0.001912298367674023,0.6754,0.6754,2,0.03734012600034475
255,TX,0.0015228964472437112,0.675,0.675,1,0.03734012600034475
256,CA,0.9966481087506206,0.6956,0.6956,998,0.037226795218884945
256,NY,0.0018661225967057918,0.6582,0.6582,1,0.037226795218884945
256,TX,0.0014857686526735267,0.6578,0.6578,1,0.037226795218884945
257,CA,0.9967221487236677,0.7222,0.7222,999,0.03134776558727026
257,NY,0.0018250969391459429,0.6816,0.6816,0,0.03134776558727026
257,TX,0.0014527543371863033,0.6784,0.6784,1,0.03134776558727026
258,CA,0.996801866002764,0.7018,0.7018,999,0.030607088468968868
258,NY,0.0017822137245429698,0.6614,0.6614,1,0.030607088468968868
258,TX,0.0014159202726929925,0.6568,0.6568,0,0.030607088468968868
259,CA,0.9968813668798182,0.7284,0.7284,996,0.030614878982305527
259,NY,0.0017400435050613679,0.6886,0.6886,4,0.030614878982305527
259,TX,0.0013785896151203762,0.6868,0.6868,0,0.030614878982305527
260,CA,0.9969543924967256,0.721,0.721,1000,0.025652524083852768
260,NY,0.001700099919288271,0.683,0.683,0,0.025652524083852768
260,TX,0.0013455075839862015,0.6818,0.6818,0,0.025652524083852768
261,CA,0.9970223752258502,0.721,0.721,997,0.03764606546610594
261,NY,0.0016626747677004044,0.687,0.687,2,0.03764606546610594
261,TX,0.0013149500064493155,0.689,0.689,1,0.03764606546610594
262,CA,0.9970795055885899,0.7292,0.7292,995,0.032334521412849426
262,NY,0.001629920429106398,0.6872,0.6872,5,0.032334521412849426
262,TX,0.0012905739823035963,0.6958,0.6958,0,0.032334521412849426
263,CA,0.9971438377597373,0.7002,0.7002,996,0.03676555771380663
263,NY,0.0015904344088364093,0.6604,0.6604,2,0.03676555771380663
263,TX,0.0012657278314263062,0.6568,0.6568,2,0.03676555771380663
264,CA,0.9972131839465751,0.7174,0.7174,999,0.03217409085482359
264,NY,0.0015533119300185736,0.6806,0.6806,1,0.03217409085482359
264,TX,0.00123350412340627,0.679,0.679,0,0.03217409085482359
265,CA,0.9972738823747503,0.7362,0.7362,997,0.03801238164305687
265,NY,0.0015201204876024155,0.7036,0.7036,2,0.03801238164305687
265,TX,0.001205997137647252,0.6996,0.6996,1,0.03801238164305687
266,CA,0.9973277039628311,0.7084,0.7084,998,0.03105254750698805
266,NY,0.001491658233054252,0.671,0.671,0,0.03105254750698805
266,TX,0.001180637804114672,0.665,0.665,2,0.03105254750698805
267,CA,0.9973901883789417,0.7064,0.7064,998,0.031328034587204456
267,NY,0.0014590945158989422,0.666,0.666,2,0.031328034587204456
267,TX,0.001150717105159477,0.6652,0.6652,0,0.031328034587204456
268,CA,0.9974523578607123,0.7242,0.7242,997,0.03709178697317839
268,NY,0.0014246384105148864,0.6824,0.6824,1,0.03709178697317839
268,TX,0.0011230037287727306,0.6802,0.6802,2,0.03709178697317839
269,CA,0.9975153965581617,0.7176,0.7176,999,0.031630873680114746
269,NY,0.0013901885742063894,0.6724,0.6724,0,0.031630873680114746
269,TX,0.00109441486763198,0.669,0.669,1,0.031630873680114746
270,CA,0.9975827839757347,0.7088,0.7088,999,0.031615723855793476
270,NY,0.001353696107481496,0.663,0.663,1,0.031615723855793476
270,TX,0.0010635199167837162,0.6576,0.6576,0,0.031615723855793476
271,CA,0.9976507719967633,0.7186,0.7186,999,0.03191641345620155
271,NY,0.0013175035416709603,0.6718,0.6718,1,0.03191641345620155
271,TX,0.0010317244615656205,0.6624,0.6624,0,0.03191641345620155
272,CA,0.9977202293015353,0.7314,0.7314,997,0.03755290526896715
272,NY,0.001281715214733154,0.689,0.689,1,0.03755290526896715
272,TX,0.0009980554837316455,0.7014,0.7014,2,0.03755290526896715
273,CA,0.9977688017457833,0.7362,0.7362,998,0.03166745323687792
273,NY,0.0012503883495459736,0.6882,0.6882,2,0.03166745323687792
273,TX,0.0009808099046706633,0.6912,0.6912,0,0.03166745323687792
274,CA,0.9978286617449567,0.7276,0.7276,999,0.03130263555794954
274,NY,0.0012158923240834514,0.677,0.677,1,0.03130263555794954
274,TX,0.0009554459309599124,0.6792,0.6792,0,0.03130263555794954
275,CA,0.9978909102068853,0.7206,0.7206,1000,0.026975655928254128
275,NY,0.001180353456532793,0.6788,0.6788,0,0.026975655928254128
275,TX,0.0009287363365819473,0.675,0.675,0,0.026975655928254128
276,CA,0.9979440897063395,0.7256,0.7256,997,0.03732392657548189
276,NY,0.0011517395006653134,0.6842,0.6842,2,0.03732392657548189
276,TX,0.0009041707929951879,0.6818,0.6818,1,0.03732392657548189
277,CA,0.9979945704972274,0.7066,0.7066,998,0.03742536623030901
277,NY,0.0011241642265608243,0.6688,0.6688,1,0.03742536623030901
277,TX,0.0008812652762118045,0.6664,0.6664,1,0.03742536623030901
278,CA,0.998040139206346,0.7238,0.7238,1000,0.025604243390262127
278,NY,0.0010993149655488619,0.6756,0.6756,0,0.025604243390262127
278,TX,0.0008605458281051398,0.678,0.678,0,0.025604243390262127
279,CA,0.9980936395153119,0.7094,0.7094,999,0.03174652345478535
279,NY,0.0010686337730671867,0.6628,0.6628,1,0.03174652345478535
279,TX,0.000837726711620865,0.6608,0.6608,0,0.03174652345478535
280,CA,0.9981464908593302,0.7186,0.7186,998,0.0375950550660491
280,NY,0.0010395567626441875,0.6754,0.6754,1,0.0375950550660491
280,TX,0.0008139523780256907,0.6726,0.6726,1,0.0375950550660491
281,CA,0.9981943216301477,0.733,0.733,1000,0.023949011228978634
281,NY,0.0010134742583554617,0.688,0.688,0,0.023949011228978634
281,TX,0.0007922041114968132,0.686,0.686,0,0.023949011228978634
282,CA,0.9982420390597476,0.7132,0.7132,997,0.03646786976605654
282,NY,0.0009872050364136962,0.6748,0.6748,2,0.03646786976605654
282,TX,0.0007707559038387184,0.6772,0.6772,1,0.03646786976605654
283,CA,0.9982802966930024,0.7276,0.7276,998,0.032317510806024075
283,NY,0.0009651146161807223,0.6814,0.6814,2,0.032317510806024075
283,TX,0.0007545886908167823,0.6838,0.6838,0,0.032317510806024075
284,CA,0.9983251619666228,0.726,0.726,998,0.03657883871346712
284,NY,0.0009393474449557147,0.6832,0.6832,1,0.03657883871346712
284,TX,0.0007354905884214952,0.6804,0.6804,1,0.03657883871346712
285,CA,0.9983678167060753,0.7152,0.7152,998,0.03682199865579605
285,NY,0.0009160933802502543,0.6744,0.6744,1,0.03682199865579605
285,TX,0.0007160899136744099,0.6712,0.6712,1,0.03682199865579605
286,CA,0.9984079140101584,0.7128,0.7128,999,0.031369165517389774
286,NY,0.0008943378976032319,0.6698,0.6698,0,0.031369165517389774
286,TX,0.0006977480922383781,0.6674,0.6674,1,0.031369165517389774
287,CA,0.9984487976512749,0.7218,0.7218,1000,0.02493981644511223
287,NY,0.000871921165922692,0.675,0.675,0,0.02493981644511223
287,TX,0.0006792811828022916,0.6828,0.6828,0,0.02493981644511223
288,CA,0.9984878243155112,0.7052,0.7052,999,0.030996217392385006
288,NY,0.0008482547558743616,0.6622,0.6622,1,0.030996217392385006
288,TX,0.0006639209286145228,0.6512,0.6512,0,0.030996217392385006
289,CA,0.9985301773399351,0.7232,0.7232,998,0.031493634916841984
289,NY,0.000826899403065168,0.685,0.685,2,0.031493634916841984
289,TX,0.000642923256999743,0.6782,0.6782,0,0.031493634916841984
290,CA,0.9985652471367112,0.7166,0.7166,1000,0.02682674676179886
290,NY,0.0008085970460383816,0.6712,0.6712,0,0.02682674676179886
290,TX,0.0006261558172503738,0.6668,0.6668,0,0.02682674676179886
291,CA,0.998604742731244,0.726,0.726,997,0.03187151253223419
291,NY,0.0007872427073882454,0.6904,0.6904,3,0.03187151253223419
291,TX,0.0006080145613677118,0.6938,0.6938,0,0.03187151253223419
292,CA,0.998632285489472,0.7058,0.7058,999,0.03207089100033045
292,NY,0.0007710265216950551,0.6662,0.6662,0,0.03207089100033045
292,TX,0.0005966879888328543,0.6562,0.6562,1,0.03207089100033045
293,CA,0.9986674878887674,0.697,0.697,999,0.03310124669224024
293,NY,0.0007531537556333565,0.6554,0.6554,1,0.03310124669224024
293,TX,0.0005793583555992212,0.6452,0.6452,0,0.03310124669224024
294,CA,0.9987035883216623,0.708,0.708,1000,0.024663597345352173
294,NY,0.0007347176170261866,0.6682,0.6682,0,0.024663597345352173
294,TX,0.0005616940613116964,0.6624,0.6624,0,0.024663597345352173
295,CA,0.9987356642322018,0.7204,0.7204,1000,0.024264710023999214
295,NY,0.0007176201954252543,0.6734,0.6734,0,0.024264710023999214
295,TX,0.0005467155723729197,0.6744,0.6744,0,0.024264710023999214
296,CA,0.9987698450259701,0.7182,0.7182,999,0.03044714964926243
296,NY,0.0006980392545498384,0.6784,0.6784,1,0.03044714964926243
296,TX,0.0005321157194799427,0.675,0.675,0,0.03044714964926243
297,CA,0.9987993575423023,0.7124,0.7124,1000,0.025012217462062836
297,NY,0.000681890178073183,0.6692,0.6692,0,0.025012217462062836
297,TX,0.0005187522796245328,0.6642,0.6642,0,0.025012217462062836
298,CA,0.9988311245691903,0.7144,0.7144,999,0.03157211560755968
298,NY,0.0006647087633067155,0.6776,0.6776,0,0.03157211560755968
298,TX,0.0005041666675028964,0.6678,0.6678,1,0.03157211560755968
299,CA,0.9988590648020038,0.7024,0.7024,997,0.03156260401010513
299,NY,0.0006504588277931732,0.6638,0.6638,3,0.03156260401010513
299,TX,0.0004904763702029768,0.6588,0.6588,0,0.03156260401010513
300,CA,0.9988863443508056,0.7164,0.7164,999,0.03220013156533241
300,NY,0.0006357277691748058,0.6736,0.6736,1,0.03220013156533241
300,TX,0.0004779278800195825,0.671,0.671,0,0.03220013156533241
301,CA,0.9989148074134245,0.7134,0.7134,1000,0.025175554677844048
301,NY,0.0006198929804491909,0.6716,0.6716,0,0.025175554677844048
301,TX,0.00046529960612626346,0.6628,0.6628,0,0.025175554677844048
302,CA,0.9989436409862578,0.6972,0.6972,999,0.030467539094388485
302,NY,0.0006047875664195424,0.661,0.661,1,0.030467539094388485
302,TX,0.00045157144732272146,0.6572,0.6572,0,0.030467539094388485
303,CA,0.9989671590745397,0.7144,0.7144,999,0.030298841185867786
303,NY,0.0005919018371152388,0.668,0.668,0,0.030298841185867786
303,TX,0.00044093908834516636,0.6606,0.6606,1,0.030298841185867786
304,CA,0.9989969860852457,0.7268,0.7268,996,0.03855707962065935
304,NY,0.0005758992899741473,0.6886,0.6886,1,0.03855707962065935
304,TX,0.0004271146247802582,0.6986,0.6986,3,0.03855707962065935
305,CA,0.9990166817704578,0.699,0.699,1000,0.024973436258733273
305,NY,0.000563170438740144,0.657,0.657,0,0.024973436258733273
305,TX,0.00042014779080203773,0.649,0.649,0,0.024973436258733273
306,CA,0.9990429429860415,0.7164,0.7164,999,0.0314358351752162
306,NY,0.0005492630649687337,0.6706,0.6706,1,0.0314358351752162
306,TX,0.00040779394898986465,0.668,0.668,0,0.0314358351752162
307,CA,0.9990690742392538,0.7152,0.7152,999,0.031110716983675957
307,NY,0.0005346206463036917,0.6782,0.6782,0,0.031110716983675957
307,TX,0.0003963051144424625,0.682,0.682,1,0.031110716983675957
308,CA,0.9990882604930836,0.722,0.722,1000,0.024976947344839573
308,NY,0.000523097946933694,0.682,0.682,0,0.024976947344839573
308,TX,0.00038864155998255225,0.6842,0.6842,0,0.024976947344839573
309,CA,0.9991089241594966,0.7002,0.7002,1000,0.024275120347738266
309,NY,0.0005109575750732913,0.6546,0.6546,0,0.024275120347738266
309,TX,0.00038011826543016725,0.6504,0.6504,0,0.024275120347738266
310,CA,0.9991337406359665,0.704,0.704,999,0.032704598270356655
310,NY,0.0004972658528596467,0.6586,0.6586,1,0.032704598270356655
310,TX,0.00036899351117382546,0.6444,0.6444,0,0.032704598270356655
311,CA,0.9991598735234825,0.7134,0.7134,998,0.032242560759186745
311,NY,0.0004840297627551866,0.6754,0.6754,2,0.032242560759186745
311,TX,0.0003560967137622706,0.6722,0.6722,0,0.032242560759186745
312,CA,0.9991791551710366,0.7102,0.7102,1000,0.025017197243869305
312,NY,0.0004733040235751407,0.6624,0.6624,0,0.025017197243869305
312,TX,0.00034754080538819854,0.6582,0.6582,0,0.025017197243869305
313,CA,0.9992029322828927,0.7258,0.7258,1000,0.025495463982224464
313,NY,0.0004600861492703687,0.682,0.682,0,0.025495463982224464
313,TX,0.0003369815678370146,0.6844,0.6844,0,0.025495463982224464
314,CA,0.9992226775032917,0.7038,0.7038,997,0.03774815425276756
314,NY,0.00044841823814743695,0.6662,0.6662,2,0.03774815425276756
314,TX,0.00032890425856077547,0.6534,0.6534,1,0.03774815425276756
315,CA,0.9992422877653732,0.7146,0.7146,1000,0.025822932831943035
315,NY,0.0004385310081548935,0.6744,0.6744,0,0.025822932831943035
315,TX,0.0003191812264719646,0.6694,0.6694,0,0.025822932831943035
316,CA,0.9992609698181311,0.7154,0.7154,1000,0.024331429973244667
316,NY,0.00042825734762948914,0.6708,0.6708,0,0.024331429973244667
316,TX,0.00031077283423946875,0.6632,0.6632,0,0.024331429973244667
317,CA,0.9992815465011157,0.7194,0.7194,997,0.03824829030781984
317,NY,0.0004171313458034411,0.675,0.675,2,0.03824829030781984
317,TX,0.0003013221530808501,0.677,0.677,1,0.03824829030781984
318,CA,0.9992997358550146,0.7146,0.7146,998,0.0328536182641983
318,NY,0.00040636717585711135,0.6726,0.6726,2,0.0328536182641983
318,TX,0.0002938969691283165,0.665,0.665,0,0.0328536182641983
319,CA,0.9993181793024868,0.7234,0.7234,997,0.03862356022000313
319,NY,0.0003964203213257489,0.6822,0.6822,1,0.03862356022000313
319,TX,0.0002854003761874993,0.6822,0.6822,2,0.03862356022000313
320,CA,0.9993344682181626,0.7042,0.7042,1000,0.025398255325853825
320,NY,0.00038694971239612076,0.6604,0.6604,0,0.025398255325853825
320,TX,0.00027858206944126284,0.6496,0.6496,0,0.025398255325853825
321,CA,0.9993533264402219,0.7194,0.7194,1000,0.024474400095641613
321,NY,0.00037701175142312366,0.6704,0.6704,0,0.024474400095641613
321,TX,0.0002696618083549911,0.6662,0.6662,0,0.024474400095641613
322,CA,0.999372402272796,0.6984,0.6984,999,0.03218256216496229
322,NY,0.000366274543768379,0.6544,0.6544,1,0.03218256216496229
322,TX,0.0002613231834356533,0.6448,0.6448,0,0.03218256216496229
323,CA,0.9993901275621089,0.7052,0.7052,1000,0.025690012611448765
323,NY,0.0003567918940494249,0.6642,0.6642,0,0.025690012611448765
323,TX,0.0002530805438417523,0.6636,0.6636,0,0.025690012611448765
324,CA,0.9994048716665326,0.7154,0.7154,1000,0.02642842009663582
324,NY,0.00034821829115158425,0.6644,0.6644,0,0.02642842009663582
324,TX,0.00024691004231575364,0.659,0.659,0,0.02642842009663582
325,CA,0.9994233318435095,0.7006,0.7006,999,0.03175874333828688
325,NY,0.0003378717670584562,0.6542,0.6542,1,0.03175874333828688
325,TX,0.00023879638943209773,0.6434,0.6434,0,0.03175874333828688
326,CA,0.9994405728125119,0.7026,0.7026,1000,0.025521503761410713
326,NY,0.0003286587785103067,0.6658,0.6658,0,0.025521503761410713
326,TX,0.00023076840897792697,0.6626,0.6626,0,0.025521503761410713
327,CA,0.999453091147041,0.7116,0.7116,998,0.04087232891470194
327,NY,0.00032155917456470613,0.6638,0.6638,1,0.04087232891470194
327,TX,0.000225349678394275,0.6654,0.6654,1,0.04087232891470194
328,CA,0.9994681460498195,0.716,0.716,1000,0.025747813284397125
328,NY,0.0003125836723382354,0.6716,0.6716,0,0.025747813284397125
328,TX,0.00021927027784223572,0.6684,0.6684,0,0.025747813284397125
329,CA,0.9994823088657343,0.7238,0.7238,1000,0.02571852318942547
329,NY,0.0003045001578673819,0.6826,0.6826,0,0.02571852318942547
329,TX,0.00021319097639834703,0.6836,0.6836,0,0.02571852318942547
330,CA,0.999494552171732,0.7192,0.7192,1000,0.02554901409894228
330,NY,0.0002972260365231743,0.6708,0.6708,0,0.02554901409894228
330,TX,0.00020822179174484424,0.6616,0.6616,0,0.02554901409894228
331,CA,0.999509888599471,0.7076,0.7076,1000,0.025127556174993515
331,NY,0.000288862774444594,0.665,0.665,0,0.025127556174993515
331,TX,0.0002012486260843467,0.6604,0.6604,0,0.025127556174993515
332,CA,0.9995226515890495,0.7046,0.7046,999,0.031619333662092686
332,NY,0.00028166002629614114,0.6634,0.6634,1,0.031619333662092686
332,TX,0.00019568838465433764,0.6648,0.6648,0,0.031619333662092686
333,CA,0.9995340230276268,0.7196,0.7196,999,0.031556034460663795
333,NY,0.00027485546049245847,0.6752,0.6752,1,0.031556034460663795
333,TX,0.00019112151188081499,0.6732,0.6732,0,0.031556034460663795
334,CA,0.9995462712596558,0.7362,0.7362,999,0.03168473485857248
334,NY,0.00026776198511044833,0.691,0.691,1,0.03168473485857248
334,TX,0.00018596675523371107,0.6964,0.6964,0,0.03168473485857248
335,CA,0.9995575002009808,0.6818,0.6818,1000,0.025563644245266914
335,NY,0.0002607940349220772,0.6464,0.6464,0,0.025563644245266914
335,TX,0.00018170576409721188,0.6354,0.6354,0,0.025563644245266914
336,CA,0.9995679982540981,0.712,0.712,1000,0.2439571861177683
336,NY,0.00025530729495415114,0.6722,0.6722,0,0.2439571861177683
336,TX,0.00017669445094776578,0.672,0.672,0,0.2439571861177683
337,CA,0.9995780576809259,0.7148,0.7148,1000,0.02535482496023178
337,NY,0.0002493745064823556,0.6704,0.6704,0,0.02535482496023178
337,TX,0.00017256781259167823,0.6638,0.6638,0,0.02535482496023178
338,CA,0.9995896421405782,0.6966,0.6966,1000,0.024571808986365795
338,NY,0.0002429204590807803,0.655,0.655,0,0.024571808986365795
338,TX,0.00016743740034098634,0.6488,0.6488,0,0.024571808986365795
339,CA,0.9996003115740787,0.7046,0.7046,1000,0.024768847040832043
339,NY,0.00023696666922540848,0.6596,0.6596,0,0.024768847040832043
339,TX,0.00016272175669593337,0.6474,0.6474,0,0.024768847040832043
340,CA,0.9996120230819042,0.7164,0.7164,1000,0.02433543000370264
340,NY,0.0002307136523943618,0.679,0.679,0,0.02433543000370264
340,TX,0.00015726326570139062,0.6846,0.6846,0,0.02433543000370264
341,CA,0.9996199609067961,0.7042,0.7042,1000,0.025022396817803383
341,NY,0.00022568824191603905,0.6666,0.6666,0,0.025022396817803383
341,TX,0.00015435085128790747,0.6582,0.6582,0,0.025022396817803383
342,CA,0.9996291031648942,0.7178,0.7178,999,0.03085965756326914
342,NY,0.00022071086960488706,0.671,0.671,1,0.03085965756326914
342,TX,0.00015018596550089654,0.6678,0.6678,0,0.03085965756326914
343,CA,0.9996394839635222,0.7042,0.7042,999,0.03524778597056866
343,NY,0.00021470001923998053,0.6666,0.6666,1,0.03524778597056866
343,TX,0.00014581601723785332,0.6562,0.6562,0,0.03524778597056866
344,CA,0.9996483248208988,0.7234,0.7234,999,0.031272025778889656
344,NY,0.00020996491998206488,0.6714,0.6714,0,0.031272025778889656
344,TX,0.0001417102591190625,0.6634,0.6634,1,0.031272025778889656
345,CA,0.9996595898669428,0.7172,0.7172,999,0.033799112774431705
345,NY,0.00020363196121147819,0.6772,0.6772,1,0.033799112774431705
345,TX,0.0001367781718457643,0.684,0.684,0,0.033799112774431705
346,CA,0.9996669751970712,0.7262,0.7262,1000,0.026215930469334126
346,NY,0.0001988900818343069,0.686,0.686,0,0.026215930469334126
346,TX,0.00013413472109447013,0.6836,0.6836,0,0.026215930469334126
347,CA,0.999674914638413,0.6852,0.6852,1000,0.023562143556773663
347,NY,0.00019425984311315328,0.6406,0.6406,0,0.023562143556773663
347,TX,0.00013082551847396908,0.6268,0.6268,0,0.023562143556773663
348,CA,0.9996845865211079,0.7096,0.7096,1000,0.024497708305716515
348,NY,0.00018912044983915364,0.6648,0.6648,0,0.024497708305716515
348,TX,0.0001262930290530302,0.655,0.655,0,0.024497708305716515
349,CA,0.9996935731181544,0.7332,0.7332,1000,0.026203361339867115
349,NY,0.00018416621150829033,0.6912,0.6912,0,0.026203361339867115
349,TX,0.00012226067033730315,0.6982,0.6982,0,0.026203361339867115
350,CA,0.9997005027893721,0.7206,0.7206,1000,0.024656029418110847
350,NY,0.00017970462490937895,0.6734,0.6734,0,0.024656029418110847
350,TX,0.0001197925857185742,0.6774,0.6774,0,0.024656029418110847
351,CA,0.9997084378795188,0.7222,0.7222,1000,0.02496527601033449
351,NY,0.00017477630260400283,0.6812,0.6812,0,0.02496527601033449
351,TX,0.0001167858178773079,0.6716,0.6716,0,0.02496527601033449
352,CA,0.9997160278677903,0.699,0.699,999,0.03200165182352066
352,NY,0.00017061674067140052,0.6654,0.6654,1,0.03200165182352066
352,TX,0.000113355391538195,0.6634,0.6634,0,0.03200165182352066
353,CA,0.999721775635113,0.7252,0.7252,999,0.03273835964500904
353,NY,0.00016724352770929995,0.6814,0.6814,0,0.03273835964500904
353,TX,0.00011098083717763921,0.6848,0.6848,1,0.03273835964500904
354,CA,0.9997286187185951,0.735,0.735,1000,0.024913697503507137
354,NY,0.00016299860440724973,0.6864,0.6864,0,0.024913697503507137
354,TX,0.00010838267699759464,0.688,0.688,0,0.024913697503507137
355,CA,0.9997361185937462,0.7018,0.7018,999,0.031238914467394352
355,NY,0.00015843395308590193,0.6572,0.6572,1,0.031238914467394352
355,TX,0.00010544745316786934,0.6562,0.6562,0,0.031238914467394352
356,CA,0.9997430944472732,0.7166,0.7166,1000,0.02480942662805319
356,NY,0.0001542828646696487,0.6742,0.6742,0,0.02480942662805319
356,TX,0.00010262268805717731,0.6702,0.6702,0,0.02480942662805319
357,CA,0.9997496774932483,0.711,0.711,1000,0.024611948058009148
357,NY,0.00015047307052901406,0.6704,0.6704,0,0.024611948058009148
357,TX,9.984943622267903e-05,0.66,0.66,0,0.024611948058009148
358,CA,0.9997562226698891,0.7238,0.7238,1000,0.024397600442171097
358,NY,0.00014690348483644108,0.6826,0.6826,0,0.024397600442171097
358,TX,9.687384527453471e-05,0.678,0.678,0,0.024397600442171097
359,CA,0.9997623061786834,0.7236,0.7236,1000,0.025560873560607433
359,NY,0.00014339326352997276,0.6828,0.6828,0,0.025560873560607433
359,TX,9.430055778651145e-05,0.6906,0.6906,0,0.025560873560607433
360,CA,0.999767504762956,0.7012,0.7012,1000,0.024090390652418137
360,NY,0.00013999967428418266,0.6632,0.6632,0,0.024090390652418137
360,TX,9.249556275976869e-05,0.6562,0.6562,0,0.024090390652418137
361,CA,0.9997730773800508,0.6952,0.6952,1000,0.024754858575761318
361,NY,0.0001368732401486762,0.6498,0.6498,0,0.024754858575761318
361,TX,9.004937980065698e-05,0.6374,0.6374,0,0.024754858575761318
362,CA,0.999779811915769,0.7232,0.7232,1000,0.025680363178253174
362,NY,0.0001332084666654948,0.6842,0.6842,0,0.025680363178253174
362,TX,8.697961756552972e-05,0.6876,0.6876,0,0.025680363178253174
363,CA,0.9997846226276779,0.6954,0.6954,1000,0.023691163398325443
363,NY,0.0001301942775519354,0.6574,0.6574,0,0.023691163398325443
363,TX,8.518309477026877e-05,0.645,0.645,0,0.023691163398325443
364,CA,0.9997900718848793,0.7054,0.7054,1000,0.024218030273914337
364,NY,0.0001272768501417828,0.6654,0.6654,0,0.024218030273914337
364,TX,8.265126497890826e-05,0.661,0.661,0,0.024218030273914337
365,CA,0.9997952079210176,0.7102,0.7102,1000,0.024340779520571232
365,NY,0.00012429222183898232,0.67,0.67,0,0.024340779520571232
365,TX,8.049985714338209e-05,0.6738,0.6738,0,0.024340779520571232
366,CA,0.9997998419728927,0.7076,0.7076,1000,0.02411086019128561
366,NY,0.00012137116860545815,0.6682,0.6682,0,0.02411086019128561
366,TX,7.878685850175567e-05,0.6646,0.6646,0,0.02411086019128561
367,CA,0.9998046254484,0.71,0.71,1000,0.024232421070337296
367,NY,0.00011857130017476241,0.6656,0.6656,0,0.024232421070337296
367,TX,7.680325142524842e-05,0.665,0.665,0,0.024232421070337296
368,CA,0.9998097243096294,0.7154,0.7154,1000,0.024302160367369652
368,NY,0.00011549319576256568,0.6706,0.6706,0,0.024302160367369652
368,TX,7.478249460797654e-05,0.6734,0.6734,0,0.024302160367369652
369,CA,0.9998145706534012,0.7046,0.7046,999,0.030937427654862404
369,NY,0.00011247747935564743,0.6686,0.6686,1,0.030937427654862404
369,TX,7.29518672431164e-05,0.6658,0.6658,0,0.030937427654862404
370,CA,0.9998186058955488,0.7152,0.7152,1000,0.024717518128454685
370,NY,0.00011010247537675879,0.6772,0.6772,0,0.024717518128454685
370,TX,7.129162907435838e-05,0.6806,0.6806,0,0.024717518128454685
371,CA,0.9998224826468527,0.7236,0.7236,1000,0.0240884805098176
371,NY,0.00010766358892705697,0.6784,0.6784,0,0.0240884805098176
371,TX,6.985376422033783e-05,0.667,0.667,0,0.0240884805098176
372,CA,0.9998275990292369,0.7208,0.7208,1000,0.024896866641938686
372,NY,0.0001048407358799942,0.6762,0.6762,0,0.024896866641938686
372,TX,6.756023488309232e-05,0.6768,0.6768,0,0.024896866641938686
373,CA,0.9998320430451182,0.7058,0.7058,1000,0.025963781401515007
373,NY,0.00010212390898511148,0.6724,0.6724,0,0.025963781401515007
373,TX,6.583304589674867e-05,0.6744,0.6744,0,0.025963781401515007
374,CA,0.9998352539688529,0.726,0.726,1000,0.02454970870167017
374,NY,0.00010012461828994697,0.6846,0.6846,0,0.02454970870167017
374,TX,6.462141285721202e-05,0.6892,0.6892,0,0.02454970870167017
375,CA,0.9998390327505241,0.7224,0.7224,999,0.03184542432427406
375,NY,9.772338901686736e-05,0.6814,0.6814,1,0.03184542432427406
375,TX,6.324386045913831e-05,0.6742,0.6742,0,0.03184542432427406
376,CA,0.9998431281443297,0.7162,0.7162,1000,0.025185837410390377
376,NY,9.539757276130924e-05,0.6718,0.6718,0,0.025185837410390377
376,TX,6.147428290905476e-05,0.6736,0.6736,0,0.025185837410390377
377,CA,0.9998471215068652,0.7142,0.7142,1000,0.0247884476557374
377,NY,9.292990276561579e-05,0.6766,0.6766,0,0.0247884476557374
377,TX,5.9948590369193516e-05,0.6732,0.6732,0,0.0247884476557374
378,CA,0.9998505931946912,0.7228,0.7228,999,0.031056377105414867
378,NY,9.089185390869547e-05,0.6778,0.6778,0,0.031056377105414867
378,TX,5.8514951400090006e-05,0.6822,0.6822,1,0.031056377105414867
379,CA,0.9998543457479042,0.7034,0.7034,999,0.031525335274636745
379,NY,8.85180664219317e-05,0.6642,0.6642,0,0.031525335274636745
379,TX,5.71361856737242e-05,0.6622,0.6622,1,0.031525335274636745
380,CA,0.9998577642583446,0.6974,0.6974,1000,0.027205806225538254
380,NY,8.648131372522573e-05,0.6496,0.6496,0,0.027205806225538254
380,TX,5.5754427930104216e-05,0.6456,0.6456,0,0.027205806225538254
381,CA,0.9998619005352648,0.701,0.701,999,0.0303442208096385
381,NY,8.404628566312166e-05,0.6616,0.6616,0,0.0303442208096385
381,TX,5.4053179072139555e-05,0.6566,0.6566,1,0.0303442208096385
382,CA,0.9998652577458709,0.7216,0.7216,1000,0.024639387615025043
382,NY,8.209981020661464e-05,0.6734,0.6734,0,0.024639387615025043
382,TX,5.2642443922493093e-05,0.6686,0.6686,0,0.024639387615025043
383,CA,0.9998691764132032,0.705,0.705,1000,0.02428726013749838
383,NY,7.980155718031712e-05,0.661,0.661,0,0.02428726013749838
383,TX,5.102202961663041e-05,0.6632,0.6632,0,0.02428726013749838
384,CA,0.9998724862487853,0.7016,0.7016,1000,0.024910826236009598
384,NY,7.77424195037506e-05,0.6644,0.6644,0,0.024910826236009598
384,TX,4.977133171099472e-05,0.6566,0.6566,0,0.024910826236009598
385,CA,0.9998755016983863,0.7282,0.7282,999,0.030761998146772385
385,NY,7.604306138595715e-05,0.6818,0.6818,1,0.030761998146772385
385,TX,4.8455240227752475e-05,0.6836,0.6836,0,0.030761998146772385
386,CA,0.9998787934540614,0.7006,0.7006,1000,0.024801977910101414
386,NY,7.40016442954452e-05,0.6582,0.6582,0,0.024801977910101414
386,TX,4.7204901643221366e-05,0.6512,0.6512,0,0.024801977910101414
387,CA,0.9998820093463926,0.709,0.709,999,0.03246372006833553
387,NY,7.215683949145541e-05,0.6644,0.6644,0,0.03246372006833553
387,TX,4.583381411592596e-05,0.6626,0.6626,1,0.03246372006833553
388,CA,0.9998851364792681,0.728,0.728,1000,0.025307425297796726
388,NY,7.02739726482221e-05,0.6856,0.6856,0,0.025307425297796726
388,TX,4.4589548083733966e-05,0.6856,0.6856,0,0.025307425297796726
389,CA,0.9998879545739404,0.6852,0.6852,1000,0.024708828888833523
389,NY,6.854985078022958e-05,0.6384,0.6384,0,0.024708828888833523
389,TX,4.3495575279323076e-05,0.6248,0.6248,0,0.024708828888833523
390,CA,0.9998914168526918,0.7288,0.7288,1000,0.024337559938430786
390,NY,6.664637100499353e-05,0.6828,0.6828,0,0.024337559938430786
390,TX,4.1936776303156374e-05,0.687,0.687,0,0.024337559938430786
391,CA,0.9998942038613203,0.7134,0.7134,1000,0.02470814809203148
391,NY,6.487322173251297e-05,0.6794,0.6794,0,0.02470814809203148
391,TX,4.092291694718208e-05,0.676,0.676,0,0.02470814809203148
392,CA,0.99989638421588,0.7074,0.7074,1000,0.2951077651232481
392,NY,6.358604304200889e-05,0.6668,0.6668,0,0.2951077651232481
392,TX,4.002974107789266e-05,0.6542,0.6542,0,0.2951077651232481
393,CA,0.999899143206403,0.7068,0.7068,1000,0.028534679673612118
393,NY,6.207421165803566e-05,0.6578,0.6578,0,0.028534679673612118
393,TX,3.878258193897313e-05,0.6482,0.6482,0,0.028534679673612118
394,CA,0.9999022565039393,0.7088,0.7088,1000,0.02391425333917141
394,NY,6.029232979725737e-05,0.6686,0.6686,0,0.02391425333917141
394,TX,3.7451166263408915e-05,0.6634,0.6634,0,0.02391425333917141
395,CA,0.9999046696836331,0.7158,0.7158,1000,0.025305544957518578
395,NY,5.887407789000368e-05,0.6816,0.6816,0,0.025305544957518578
395,TX,3.645623847690981e-05,0.6818,0.6818,0,0.025305544957518578
396,CA,0.9999065654183509,0.6964,0.6964,1000,0.023871133103966713
396,NY,5.7700686024293816e-05,0.6566,0.6566,0,0.023871133103966713
396,TX,3.5733895624798044e-05,0.6476,0.6476,0,0.023871133103966713
397,CA,0.9999089468929608,0.7348,0.7348,1000,0.02416389063000679
397,NY,5.634707859409706e-05,0.6906,0.6906,0,0.02416389063000679
397,TX,3.470602844507953e-05,0.6894,0.6894,0,0.02416389063000679
398,CA,0.9999112905832165,0.7232,0.7232,1000,0.02502151671797037
398,NY,5.4911571565779545e-05,0.6816,0.6816,0,0.02502151671797037
398,TX,3.379784521773801e-05,0.6902,0.6902,0,0.02502151671797037
399,CA,0.9999132632824939,0.7196,0.7196,1000,0.024630879051983356
399,NY,5.3586049743989863e-05,0.6814,0.6814,0,0.024630879051983356
399,TX,3.3150667762127073e-05,0.6806,0.6806,0,0.024630879051983356
400,CA,0.999915205350382,0.724,0.724,1000,0.02633778192102909
400,NY,5.239576589569197e-05,0.677,0.677,0,0.02633778192102909
400,TX,3.239888372230075e-05,0.6722,0.6722,0,0.02633778192102909
401,CA,0.9999176070452752,0.7024,0.7024,999,0.032240789383649826
401,NY,5.0967465461935164e-05,0.6534,0.6534,1,0.032240789383649826
401,TX,3.142548926280889e-05,0.6482,0.6482,0,0.032240789383649826
402,CA,0.9999200743453132,0.7076,0.7076,1000,0.024588619358837605
402,NY,4.950059641112638e-05,0.67,0.67,0,0.024588619358837605
402,TX,3.0425058275675397e-05,0.6698,0.6698,0,0.024588619358837605
403,CA,0.9999218376705993,0.7098,0.7098,1000,0.024615488946437836
403,NY,4.8410717840989435e-05,0.6666,0.6666,0,0.024615488946437836
403,TX,2.9751611559757598e-05,0.6624,0.6624,0,0.024615488946437836
404,CA,0.9999238854556491,0.7072,0.7072,1000,0.023856152780354023
404,NY,4.7187663811365414e-05,0.665,0.665,0,0.023856152780354023
404,TX,2.8926880539490423e-05,0.657,0.657,0,0.023856152780354023
405,CA,0.9999259023216662,0.723,0.723,1000,0.024854606948792934
405,NY,4.60213324262102e-05,0.68,0.68,0,0.024854606948792934
405,TX,2.8076345907565432e-05,0.6766,0.6766,0,0.024854606948792934
406,CA,0.9999278068038663,0.7238,0.7238,1000,0.024958645924925804
406,NY,4.487288783144675e-05,0.6804,0.6804,0,0.024958645924925804
406,TX,2.7320308302135905e-05,0.6854,0.6854,0,0.024958645924925804
407,CA,0.9999295450403478,0.7246,0.7246,1000,0.025021116249263287
407,NY,4.374320210703469e-05,0.681,0.681,0,0.025021116249263287
407,TX,2.6711757545204194e-05,0.6796,0.6796,0,0.025021116249263287
408,CA,0.9999313477883738,0.7184,0.7184,1000,0.023607192561030388
408,NY,4.2637397258213594e-05,0.6754,0.6754,0,0.023607192561030388
408,TX,2.6014814367990556e-05,0.6736,0.6736,0,0.023607192561030388
409,CA,0.9999330928251057,0.7114,0.7114,1000,0.023984311148524284
409,NY,4.15705423831104e-05,0.6692,0.6692,0,0.023984311148524284
409,TX,2.5336632511394832e-05,0.669,0.669,0,0.023984311148524284
410,CA,0.9999347454869796,0.701,0.701,1000,0.025158866308629513
410,NY,4.054555570353149e-05,0.663,0.663,0,0.025158866308629513
410,TX,2.4708957316841086e-05,0.6566,0.6566,0,0.025158866308629513
411,CA,0.9999362961282395,0.7112,0.7112,1000,0.025276636704802513
411,NY,3.9639837564542087e-05,0.6562,0.6562,0,0.025276636704802513
411,TX,2.4064034196002724e-05,0.6498,0.6498,0,0.025276636704802513
412,CA,0.9999384335157877,0.7194,0.7194,1000,0.024936017580330372
412,NY,3.836584812180382e-05,0.6736,0.6736,0,0.024936017580330372
412,TX,2.3200636090497953e-05,0.673,0.673,0,0.024936017580330372
413,CA,0.9999400814718011,0.7158,0.7158,1000,0.024243549443781376
413,NY,3.734395093457659e-05,0.6706,0.6706,0,0.024243549443781376
413,TX,2.2574577264278616e-05,0.6668,0.6668,0,0.024243549443781376
414,CA,0.999941709830584,0.721,0.721,1000,0.024020841345191002
414,NY,3.6360243632994486e-05,0.6742,0.6742,0,0.024020841345191002
414,TX,2.1929925783030806e-05,0.6784,0.6784,0,0.024020841345191002
415,CA,0.9999432413382142,0.7178,0.7178,1000,0.02531853597611189
415,NY,3.537153580783233e-05,0.6778,0.6778,0,0.02531853597611189
415,TX,2.1387125977927567e-05,0.6732,0.6732,0,0.02531853597611189
416,CA,0.9999446201926042,0.7076,0.7076,1000,0.024695858359336853
416,NY,3.4547936088612616e-05,0.6606,0.6606,0,0.024695858359336853
416,TX,2.0831871307072798e-05,0.6568,0.6568,0,0.024695858359336853
417,CA,0.9999461907405907,0.7108,0.7108,1000,0.024543159641325474
417,NY,3.359709110831201e-05,0.6614,0.6614,0,0.024543159641325474
417,TX,2.021216830102912e-05,0.6542,0.6542,0,0.024543159641325474
418,CA,0.9999478294819724,0.7292,0.7292,1000,0.02426847070455551
418,NY,3.262701580773779e-05,0.677,0.677,0,0.02426847070455551
418,TX,1.9543502219884138e-05,0.6756,0.6756,0,0.02426847070455551
419,CA,0.9999494201151068,0.7206,0.7206,1000,0.024401649832725525
419,NY,3.164214234698881e-05,0.6842,0.6842,0,0.024401649832725525
419,TX,1.8937742546244268e-05,0.6826,0.6826,0,0.024401649832725525
420,CA,0.9999505077098864,0.7068,0.7068,1000,0.023670803755521774
420,NY,3.0972773511275615e-05,0.6604,0.6604,0,0.023670803755521774
420,TX,1.8519516602281644e-05,0.6544,0.6544,0,0.023670803755521774
421,CA,0.9999519182111759,0.7296,0.7296,1000,0.02378319390118122
421,NY,3.01308095147847e-05,0.6896,0.6896,0,0.02378319390118122
421,TX,1.79509793091534e-05,0.6878,0.6878,0,0.02378319390118122
422,CA,0.999953048814494,0.7026,0.7026,1000,0.02485884726047516
422,NY,2.9434015562471084e-05,0.6516,0.6516,0,0.02485884726047516
422,TX,1.7517169943498146e-05,0.6454,0.6454,0,0.02485884726047516
423,CA,0.9999545189208431,0.7256,0.7256,1000,0.02519670594483614
423,NY,2.8552385512120504e-05,0.6888,0.6888,0,0.02519670594483614
423,TX,1.6928693644738196e-05,0.6884,0.6884,0,0.02519670594483614
424,CA,0.9999554927272856,0.7076,0.7076,1000,0.02457098849117756
424,NY,2.7943506960616187e-05,0.6676,0.6676,0,0.02457098849117756
424,TX,1.656376575380933e-05,0.6658,0.6658,0,0.02457098849117756
425,CA,0.9999565527103277,0.7162,0.7162,1000,0.02419837098568678
425,NY,2.7288967910189478e-05,0.6688,0.6688,0,0.02419837098568678
425,TX,1.615832176210219e-05,0.6724,0.6724,0,0.02419837098568678
426,CA,0.999957718743982,0.6996,0.6996,1000,0.024713917635381222
426,NY,2.6535300519639538e-05,0.6746,0.6746,0,0.024713917635381222
426,TX,1.574595549833526e-05,0.6718,0.6718,0,0.024713917635381222
427,CA,0.9999583665871407,0.7114,0.7114,1000,0.024924296885728836
427,NY,2.6145000611304672e-05,0.6784,0.6784,0,0.024924296885728836
427,TX,1.548841224801045e-05,0.6726,0.6726,0,0.024924296885728836
428,CA,0.9999592218376531,0.7052,0.7052,1000,0.0236443430185318
428,NY,2.5640882644315626e-05,0.666,0.666,0,0.0236443430185318
428,TX,1.5137279702579566e-05,0.6674,0.6674,0,0.0236443430185318
429,CA,0.9999601468018283,0.7092,0.7092,1000,0.025182226672768593
429,NY,2.505146023891214e-05,0.667,0.667,0,0.025182226672768593
429,TX,1.480173793281531e-05,0.6574,0.6574,0,0.025182226672768593
430,CA,0.9999612138688216,0.7184,0.7184,1000,0.024692349135875702
430,NY,2.4432967927449674e-05,0.6736,0.6736,0,0.024692349135875702
430,TX,1.4353163250998238e-05,0.6794,0.6794,0,0.024692349135875702
431,CA,0.9999621765711936,0.7206,0.7206,1000,0.024024631828069687
431,NY,2.3796004708323985e-05,0.6816,0.6816,0,0.024024631828069687
431,TX,1.4027424098161474e-05,0.6758,0.6758,0,0.024024631828069687
432,CA,0.9999630811482714,0.7208,0.7208,1000,0.025128076784312725
432,NY,2.3256653327830724e-05,0.6778,0.6778,0,0.025128076784312725
432,TX,1.3662198400871189e-05,0.678,0.678,0,0.025128076784312725
433,CA,0.9999640020694336,0.7026,0.7026,1000,0.027699632570147514
433,NY,2.26755281782408e-05,0.6628,0.6628,0,0.027699632570147514
433,TX,1.3322402388258092e-05,0.655,0.655,0,0.027699632570147514
434,CA,0.99996490455883,0.6982,0.6982,1000,0.02478552795946598
434,NY,2.2145484719985662e-05,0.6536,0.6536,0,0.02478552795946598
434,TX,1.2949956450070177e-05,0.645,0.645,0,0.02478552795946598
435,CA,0.9999658918212931,0.6988,0.6988,1000,0.02482361812144518
435,NY,2.15638968835031e-05,0.6562,0.6562,0,0.02482361812144518
435,TX,1.2544281823364904e-05,0.6454,0.6454,0,0.02482361812144518
436,CA,0.9999668268542349,0.7014,0.7014,1000,0.025258195586502552
436,NY,2.102316895071886e-05,0.661,0.661,0,0.025258195586502552
436,TX,1.214997681436347e-05,0.6556,0.6556,0,0.025258195586502552
437,CA,0.9999676530911517,0.7136,0.7136,1000,0.02443993929773569
437,NY,2.0523987586615527e-05,0.6672,0.6672,0,0.02443993929773569
437,TX,1.1822921261656023e-05,0.6694,0.6694,0,0.02443993929773569
438,CA,0.9999685137585801,0.7094,0.7094,1000,0.023749543353915215
438,NY,1.996826654722517e-05,0.6696,0.6696,0,0.023749543353915215
438,TX,1.151797487272999e-05,0.6638,0.6638,0,0.023749543353915215
439,CA,0.9999692859102833,0.7094,0.7094,1000,0.02434494998306036
439,NY,1.9503359992299702e-05,0.663,0.663,0,0.02434494998306036
439,TX,1.1210729724421171e-05,0.6536,0.6536,0,0.02434494998306036
440,CA,0.9999701812355344,0.7002,0.7002,1000,0.024602088145911694
440,NY,1.89739772476565e-05,0.6568,0.6568,0,0.024602088145911694
440,TX,1.084478721797605e-05,0.6486,0.6486,0,0.024602088145911694
441,CA,0.9999709946819036,0.7236,0.7236,1000,0.02489139698445797
441,NY,1.848965479134775e-05,0.6782,0.6782,0,0.02489139698445797
441,TX,1.0515663305120445e-05,0.683,0.683,0,0.02489139698445797
442,CA,0.9999717293827951,0.7096,0.7096,1000,0.02369118295609951
442,NY,1.8002646477595633e-05,0.6672,0.6672,0,0.02369118295609951
442,TX,1.0267970727273944e-05,0.6638,0.6638,0,0.02369118295609951
443,CA,0.9999724509265984,0.7172,0.7172,1000,0.025546343997120857
443,NY,1.755617329462109e-05,0.6682,0.6682,0,0.025546343997120857
443,TX,9.992900107120242e-06,0.6712,0.6712,0,0.025546343997120857
444,CA,0.9999732195560813,0.7132,0.7132,1000,0.02469804883003235
444,NY,1.7055224086721897e-05,0.667,0.667,0,0.02469804883003235
444,TX,9.725219832045687e-06,0.661,0.661,0,0.02469804883003235
445,CA,0.9999739757865919,0.7162,0.7162,1000,0.02372084278613329
445,NY,1.659530705905623e-05,0.6644,0.6644,0,0.02372084278613329
445,TX,9.428906349050175e-06,0.6606,0.6606,0,0.02372084278613329
446,CA,0.99997478213154,0.72,0.72,1000,0.02400384098291397
446,NY,1.6094424508746852e-05,0.681,0.681,0,0.02400384098291397
446,TX,9.123443951183855e-06,0.6828,0.6828,0,0.02400384098291397
447,CA,0.999975344370393,0.702,0.702,1000,0.024929147213697433
447,NY,1.572950163418958e-05,0.6588,0.6588,0,0.024929147213697433
447,TX,8.926127972839805e-06,0.6522,0.6522,0,0.024929147213697433
448,CA,0.9999760047750182,0.7154,0.7154,1000,0.02369977254420519
448,NY,1.5330267063783947e-05,0.6848,0.6848,0,0.02369977254420519
448,TX,8.664957918006742e-06,0.6812,0.6812,0,0.02369977254420519
449,CA,0.9999764509856439,0.7068,0.7068,1000,0.024443529546260834
449,NY,1.505680626924415e-05,0.6704,0.6704,0,0.024443529546260834
449,TX,8.492208086798624e-06,0.6708,0.6708,0,0.024443529546260834
450,CA,0.9999769512009946,0.7006,0.7006,1000,0.02410328108817339
450,NY,1.4735705280819405e-05,0.6584,0.6584,0,0.02410328108817339
450,TX,8.313093724535084e-06,0.6534,0.6534,0,0.02410328108817339
451,CA,0.9999775475799284,0.7296,0.7296,1000,0.02576290350407362
451,NY,1.437005069515024e-05,0.6884,0.6884,0,0.02576290350407362
451,TX,8.082369376388136e-06,0.69,0.69,0,0.02576290350407362
452,CA,0.9999780749203064,0.687,0.687,1000,0.023831292986869812
452,NY,1.402775577504553e-05,0.6402,0.6402,0,0.023831292986869812
452,TX,7.897323918424842e-06,0.6378,0.6378,0,0.023831292986869812
453,CA,0.9999786943779483,0.7116,0.7116,1000,0.02478863764554262
453,NY,1.3638612492723732e-05,0.6676,0.6676,0,0.02478863764554262
453,TX,7.667009558970895e-06,0.6642,0.6642,0,0.02478863764554262
454,CA,0.9999792572987339,0.6946,0.6946,999,0.031812203116714954
454,NY,1.3288012968023255e-05,0.6524,0.6524,1,0.031812203116714954
454,TX,7.454688297934606e-06,0.648,0.648,0,0.031812203116714954
455,CA,0.9999797931917302,0.714,0.714,1000,0.02473777811974287
455,NY,1.2957113416303897e-05,0.6734,0.6734,0,0.02473777811974287
455,TX,7.2496948535070975e-06,0.6672,0.6672,0,0.02473777811974287
456,CA,0.9999802980502336,0.704,0.704,1000,0.024526468478143215
456,NY,1.2650201013783614e-05,0.6616,0.6616,0,0.024526468478143215
456,TX,7.0517487526016335e-06,0.658,0.658,0,0.024526468478143215
457,CA,0.9999808031749062,0.7008,0.7008,1000,0.02361363358795643
457,NY,1.2335436984869413e-05,0.6602,0.6602,0,0.02361363358795643
457,TX,6.861388109006002e-06,0.6522,0.6522,0,0.02361363358795643
458,CA,0.9999812936891331,0.6978,0.6978,1000,0.023645061999559402
458,NY,1.2040982201233162e-05,0.6502,0.6502,0,0.023645061999559402
458,TX,6.665328665607246e-06,0.6414,0.6414,0,0.023645061999559402
459,CA,0.9999818526819864,0.701,0.701,1000,0.023917341604828835
459,NY,1.1703404367939011e-05,0.6642,0.6642,0,0.023917341604828835
459,TX,6.4439136455924975e-06,0.6576,0.6576,0,0.023917341604828835
460,CA,0.9999822702825383,0.7054,0.7054,1000,0.023843523114919662
460,NY,1.145021380528892e-05,0.664,0.664,0,0.023843523114919662
460,TX,6.279503656429548e-06,0.6638,0.6638,0,0.023843523114919662
461,CA,0.9999827014151081,0.7112,0.7112,1000,0.0236622029915452
461,NY,1.1172255181530679e-05,0.6686,0.6686,0,0.0236622029915452
461,TX,6.126329710361599e-06,0.6612,0.6612,0,0.0236622029915452
462,CA,0.9999831585454154,0.7258,0.7258,999,0.03231785073876381
462,NY,1.089412898427076e-05,0.6872,0.6872,1,0.03231785073876381
462,TX,5.947325600266032e-06,0.6836,0.6836,0,0.03231785073876381
463,CA,0.9999835476284329,0.7022,0.7022,1000,0.023818123154342175
463,NY,1.0650470259561612e-05,0.6588,0.6588,0,0.023818123154342175
463,TX,5.80190130752672e-06,0.6538,0.6538,0,0.023818123154342175
464,CA,0.9999839841403187,0.694,0.694,1000,0.024892368353903294
464,NY,1.0378925965540595e-05,0.6552,0.6552,0,0.024892368353903294
464,TX,5.636933715702402e-06,0.6454,0.6454,0,0.024892368353903294
465,CA,0.9999843835775909,0.7162,0.7162,1000,0.024326369166374207
465,NY,1.0141207272895387e-05,0.6768,0.6768,0,0.024326369166374207
465,TX,5.4752151361635514e-06,0.6686,0.6686,0,0.024326369166374207
466,CA,0.9999847682493956,0.7292,0.7292,1000,0.02406897023320198
466,NY,9.908392318232809e-06,0.6904,0.6904,0,0.02406897023320198
466,TX,5.323358286095701e-06,0.6852,0.6852,0,0.02406897023320198
467,CA,0.9999851260241959,0.7248,0.7248,1000,0.02751818485558033
467,NY,9.686070071278346e-06,0.6868,0.6868,0,0.02751818485558033
467,TX,5.1879057329098345e-06,0.6816,0.6816,0,0.02751818485558033
468,CA,0.9999854693565158,0.731,0.731,1000,0.024688567966222763
468,NY,9.472674284460895e-06,0.6906,0.6906,0,0.024688567966222763
468,TX,5.057969199751162e-06,0.6868,0.6868,0,0.024688567966222763
469,CA,0.9999858195874128,0.714,0.714,1000,0.024479280225932598
469,NY,9.251593734352914e-06,0.6756,0.6756,0,0.024479280225932598
469,TX,4.92881885284662e-06,0.6738,0.6738,0,0.024479280225932598
470,CA,0.999986142453252,0.7132,0.7132,1000,0.025938712060451508
470,NY,9.044326409807129e-06,0.675,0.675,0,0.025938712060451508
470,TX,4.813220338115196e-06,0.6672,0.6672,0,0.025938712060451508
471,CA,0.9999864733508332,0.7292,0.7292,1000,0.02434538956731558
471,NY,8.842663874238566e-06,0.6892,0.6892,0,0.02434538956731558
471,TX,4.683985292472272e-06,0.6922,0.6922,0,0.02434538956731558
472,CA,0.9999867781201154,0.7008,0.7008,1000,0.024607119150459766
472,NY,8.638117261608033e-06,0.6632,0.6632,0,0.024607119150459766
472,TX,4.583762622963626e-06,0.6606,0.6606,0,0.024607119150459766
473,CA,0.9999870774227307,0.7138,0.7138,999,0.03058225940912962
473,NY,8.44715482691619e-06,0.6706,0.6706,1,0.03058225940912962
473,TX,4.47542244235303e-06,0.6694,0.6694,0,0.03058225940912962
474,CA,0.9999874062935131,0.7062,0.7062,1000,0.02501399628818035
474,NY,8.234228903530405e-06,0.6668,0.6668,0,0.02501399628818035
474,TX,4.359477583369346e-06,0.6548,0.6548,0,0.02501399628818035
475,CA,0.9999877277675696,0.709,0.709,1000,0.024322619661688805
475,NY,8.044084602409606e-06,0.6616,0.6616,0,0.024322619661688805
475,TX,4.228147827993822e-06,0.6558,0.6558,0,0.024322619661688805
476,CA,0.9999880824895415,0.71,0.71,1000,0.024500280618667603
476,NY,7.820980524665854e-06,0.6656,0.6656,0,0.024500280618667603
476,TX,4.096529933890889e-06,0.6632,0.6632,0,0.024500280618667603
477,CA,0.9999883976725139,0.7266,0.7266,1000,0.023771261796355247
477,NY,7.617911852457788e-06,0.6854,0.6854,0,0.023771261796355247
477,TX,3.984415633639987e-06,0.685,0.685,0,0.023771261796355247
478,CA,0.9999886754463048,0.7066,0.7066,1000,0.024527299217879772
478,NY,7.436135875463306e-06,0.6588,0.6588,0,0.024527299217879772
478,TX,3.888417819764927e-06,0.6548,0.6548,0,0.024527299217879772
479,CA,0.999989001744918,0.7086,0.7086,1000,0.024415068328380585
479,NY,7.227860198744757e-06,0.6612,0.6612,0,0.024415068328380585
479,TX,3.7703948832513554e-06,0.6622,0.6622,0,0.024415068328380585
480,CA,0.999989304648676,0.7062,0.7062,1000,0.024339119903743267
480,NY,7.02734695021444e-06,0.6608,0.6608,0,0.024339119903743267
480,TX,3.668004373934614e-06,0.6498,0.6498,0,0.024339119903743267
481,CA,0.9999896128842494,0.722,0.722,1000,0.023622602224349976
481,NY,6.840359519621079e-06,0.6752,0.6752,0,0.023622602224349976
481,TX,3.5467562310495343e-06,0.6754,0.6754,0,0.023622602224349976
482,CA,0.9999898947673856,0.7234,0.7234,1000,0.024764398112893105
482,NY,6.654456154119199e-06,0.6784,0.6784,0,0.024764398112893105
482,TX,3.4507764602402654e-06,0.6764,0.6764,0,0.024764398112893105
483,CA,0.9999901626288684,0.7052,0.7052,1000,0.02361948322504759
483,NY,6.480702217016204e-06,0.658,0.658,0,0.02361948322504759
483,TX,3.356668914650933e-06,0.6526,0.6526,0,0.02361948322504759
484,CA,0.9999904455548125,0.7182,0.7182,1000,0.02399202063679695
484,NY,6.301317919237187e-06,0.6714,0.6714,0,0.02399202063679695
484,TX,3.2531272682519072e-06,0.6724,0.6724,0,0.02399202063679695
485,CA,0.9999907039012106,0.702,0.702,1000,0.024639138020575047
485,NY,6.129685421458025e-06,0.6638,0.6638,0,0.024639138020575047
485,TX,3.1664133680475267e-06,0.6624,0.6624,0,0.024639138020575047
486,CA,0.9999909151472071,0.7264,0.7264,1000,0.024684789590537548
486,NY,5.9921109040241476e-06,0.6778,0.6778,0,0.024684789590537548
486,TX,3.092741888965247e-06,0.6874,0.6874,0,0.024684789590537548
487,CA,0.9999911536955624,0.7012,0.7012,1000,0.024328360334038734
487,NY,5.823427984855527e-06,0.6578,0.6578,0,0.024328360334038734
487,TX,3.0228764529435935e-06,0.647,0.647,0,0.024328360334038734
488,CA,0.9999913985657097,0.7256,0.7256,1000,0.024820958264172077
488,NY,5.674865552145621e-06,0.6824,0.6824,0,0.024820958264172077
488,TX,2.9265687380310255e-06,0.6794,0.6794,0,0.024820958264172077
489,CA,0.9999916189867111,0.7068,0.7068,1000,0.026548919267952442
489,NY,5.532797814901482e-06,0.6552,0.6552,0,0.026548919267952442
489,TX,2.8482154740387646e-06,0.6518,0.6518,0,0.026548919267952442
490,CA,0.9999918780332469,0.7196,0.7196,1000,0.024838706478476524
490,NY,5.365531588682741e-06,0.679,0.679,0,0.024838706478476524
490,TX,2.7564351644944356e-06,0.6726,0.6726,0,0.024838706478476524
491,CA,0.999992080051323,0.7194,0.7194,1000,0.02488675806671381
491,NY,5.238851684891201e-06,0.6766,0.6766,0,0.02488675806671381
491,TX,2.6810969920492056e-06,0.6764,0.6764,0,0.02488675806671381
492,CA,0.9999922775082273,0.7226,0.7226,1000,0.02497907727956772
492,NY,5.108445079246769e-06,0.6748,0.6748,0,0.02497907727956772
492,TX,2.614046693594476e-06,0.6724,0.6724,0,0.02497907727956772
493,CA,0.9999924954381014,0.7212,0.7212,1000,0.024602258577942848
493,NY,4.966693186614948e-06,0.6792,0.6792,0,0.024602258577942848
493,TX,2.537868711892312e-06,0.6828,0.6828,0,0.024602258577942848
494,CA,0.9999926732518535,0.7194,0.7194,1000,0.025213425047695637
494,NY,4.845498885634617e-06,0.6766,0.6766,0,0.025213425047695637
494,TX,2.4812492608481295e-06,0.6818,0.6818,0,0.025213425047695637
495,CA,0.9999928481269111,0.7066,0.7066,1000,0.02445182017982006
495,NY,4.724883594477133e-06,0.6702,0.6702,0,0.02445182017982006
495,TX,2.426989494385964e-06,0.6716,0.6716,0,0.02445182017982006
496,CA,0.9999929986768914,0.721,0.721,1000,0.024323360063135624
496,NY,4.624107446132345e-06,0.6716,0.6716,0,0.024323360063135624
496,TX,2.377215662483615e-06,0.6656,0.6656,0,0.024323360063135624
497,CA,0.9999932079309353,0.697,0.697,1000,0.023634742945432663
497,NY,4.491376888104792e-06,0.657,0.657,0,0.023634742945432663
497,TX,2.3006921766286397e-06,0.65,0.65,0,0.023634742945432663
498,CA,0.99999337751591,0.7086,0.7086,1000,0.02437491063028574
498,NY,4.38551135279049e-06,0.6678,0.6678,0,0.02437491063028574
498,TX,2.236972737307182e-06,0.6698,0.6698,0,0.02437491063028574
499,CA,0.9999935330360358,0.717,0.717,1000,0.02428410854190588
499,NY,4.2807895187229e-06,0.6786,0.6786,0,0.02428410854190588
499,TX,2.1861744455538163e-06,0.6776,0.6776,0,0.02428410854190588
500,CA,0.9999936789393596,0.7182,0.7182,1000,0.02407469041645527
500,NY,4.185052029445202e-06,0.6744,0.6744,0,0.02407469041645527
500,TX,2.1360086109311663e-06,0.6616,0.6616,0,0.02407469041645527
501,CA,0.9999938559859766,0.7232,0.7232,1000,0.027457634918391705
501,NY,4.078368268395066e-06,0.6812,0.6812,0,0.027457634918391705
501,TX,2.065645755034116e-06,0.684,0.684,0,0.027457634918391705
502,CA,0.9999940023783094,0.7016,0.7016,1000,0.025088105350732803
502,NY,3.978965724569813e-06,0.6524,0.6524,0,0.025088105350732803
502,TX,2.0186559660592254e-06,0.6456,0.6456,0,0.025088105350732803
503,CA,0.9999941838592988,0.7304,0.7304,1000,0.024170800112187862
503,NY,3.863918756755596e-06,0.6886,0.6886,0,0.024170800112187862
503,TX,1.9522219444125666e-06,0.6854,0.6854,0,0.024170800112187862
504,CA,0.999994327964926,0.7108,0.7108,1000,0.025304005481302738
504,NY,3.7705814568287375e-06,0.6628,0.6628,0,0.025304005481302738
504,TX,1.9014536172346399e-06,0.662,0.662,0,0.025304005481302738
505,CA,0.9999944879937647,0.7154,0.7154,1000,0.024144452065229416
505,NY,3.664790653353391e-06,0.6774,0.6774,0,0.024144452065229416
505,TX,1.8472155819339038e-06,0.6772,0.6772,0,0.024144452065229416
506,CA,0.9999946103119116,0.7156,0.7156,1000,0.024106111377477646
506,NY,3.5836076681053363e-06,0.6738,0.6738,0,0.024106111377477646
506,TX,1.8060804202994031e-06,0.6634,0.6634,0,0.024106111377477646
507,CA,0.9999947525775432,0.7246,0.7246,1000,0.026989846490323544
507,NY,3.4962948054459493e-06,0.6878,0.6878,0,0.026989846490323544
507,TX,1.7511276512751236e-06,0.6848,0.6848,0,0.026989846490323544
508,CA,0.9999948675940754,0.7156,0.7156,1000,0.024668828584253788
508,NY,3.421690276790632e-06,0.68,0.68,0,0.024668828584253788
508,TX,1.710715647804342e-06,0.6814,0.6814,0,0.024668828584253788
509,CA,0.999994972698845,0.7104,0.7104,1000,0.023664042353630066
509,NY,3.3506879629282987e-06,0.6672,0.6672,0,0.023664042353630066
509,TX,1.6766131922026384e-06,0.6622,0.6622,0,0.023664042353630066
510,CA,0.9999951045752314,0.7142,0.7142,1000,0.0241625914350152
510,NY,3.266059230878429e-06,0.6752,0.6752,0,0.0241625914350152
510,TX,1.6293655376537358e-06,0.6722,0.6722,0,0.0241625914350152
511,CA,0.9999952188026999,0.7282,0.7282,1000,0.024537669494748116
511,NY,3.1917530326354157e-06,0.683,0.683,0,0.024537669494748116
511,TX,1.5894442674676953e-06,0.6866,0.6866,0,0.024537669494748116
512,CA,0.999995340540426,0.727,0.727,1000,0.024574527516961098
512,NY,3.1082750884559386e-06,0.6832,0.6832,0,0.024574527516961098
512,TX,1.551184485511978e-06,0.6914,0.6914,0,0.024574527516961098
513,CA,0.999995451347459,0.7278,0.7278,1000,0.024893966503441334
513,NY,3.029443664514975e-06,0.6874,0.6874,0,0.024893966503441334
513,TX,1.519208876385515e-06,0.6856,0.6856,0,0.024893966503441334
514,CA,0.9999955592877939,0.7168,0.7168,1000,0.024935107678174973
514,NY,2.958608514459699e-06,0.6704,0.6704,0,0.024935107678174973
514,TX,1.4821036916587383e-06,0.666,0.666,0,0.024935107678174973
515,CA,0.9999956831050032,0.713,0.713,1000,0.0247330479323864
515,NY,2.878646478604516e-06,0.671,0.671,0,0.0247330479323864
515,TX,1.4382485181922067e-06,0.6676,0.6676,0,0.0247330479323864
516,CA,0.999995791802523,0.689,0.689,1000,0.023517503403127193
516,NY,2.808067010279742e-06,0.6472,0.6472,0,0.023517503403127193
516,TX,1.4001304668074171e-06,0.6408,0.6408,0,0.023517503403127193
517,CA,0.9999959012535187,0.725,0.725,1000,0.023843581788241863
517,NY,2.7385722235611657e-06,0.6802,0.6802,0,0.023843581788241863
517,TX,1.3601742577762996e-06,0.6842,0.6842,0,0.023843581788241863
518,CA,0.999996004547683,0.7204,0.7204,1000,0.024180970154702663
518,NY,2.6674490001866225e-06,0.6778,0.6778,0,0.024180970154702663
518,TX,1.3280033168548707e-06,0.6872,0.6872,0,0.024180970154702663
519,CA,0.9999960962254449,0.696,0.696,1000,0.02482596691697836
519,NY,2.601398711237864e-06,0.6536,0.6536,0,0.02482596691697836
519,TX,1.302375843764364e-06,0.6564,0.6564,0,0.02482596691697836
520,CA,0.9999961916692965,0.723,0.723,1000,0.024766648188233376
520,NY,2.5363639855381875e-06,0.6756,0.6756,0,0.024766648188233376
520,TX,1.2719667178707875e-06,0.671,0.671,0,0.024766648188233376
521,CA,0.9999962998325194,0.7178,0.7178,1000,0.024847346358001232
521,NY,2.4665884816342573e-06,0.673,0.673,0,0.024847346358001232
521,TX,1.2335789991057308e-06,0.67,0.67,0,0.024847346358001232
522,CA,0.9999963984863962,0.7122,0.7122,1000,0.024901467375457287
522,NY,2.402260412667922e-06,0.6666,0.6666,0,0.024901467375457287
522,TX,1.1992531911409349e-06,0.6658,0.6658,0,0.024901467375457287
523,CA,0.9999964949633521,0.728,0.728,1000,0.024665827862918377
523,NY,2.3382826714224887e-06,0.684,0.684,0,0.024665827862918377
523,TX,1.1667539764845337e-06,0.6862,0.6862,0,0.024665827862918377
524,CA,0.9999965827262198,0.7306,0.7306,1000,0.024488558992743492
524,NY,2.278743266352847e-06,0.6866,0.6866,0,0.024488558992743492
524,TX,1.1385305137799683e-06,0.6876,0.6876,0,0.024488558992743492
525,CA,0.9999966689512393,0.7284,0.7284,1000,0.024179830215871334
525,NY,2.220807075247261e-06,0.681,0.681,0,0.024179830215871334
525,TX,1.1102416853848502e-06,0.6844,0.6844,0,0.024179830215871334
526,CA,0.9999967581183244,0.7044,0.7044,1000,0.02530780527740717
526,NY,2.159903394103355e-06,0.6594,0.6594,0,0.02530780527740717
526,TX,1.0819782814240737e-06,0.6614,0.6614,0,0.02530780527740717
527,CA,0.9999968424414087,0.7096,0.7096,1000,0.02432830072939396
527,NY,2.102877255575063e-06,0.667,0.667,0,0.02432830072939396
527,TX,1.0546813355653106e-06,0.6668,0.6668,0,0.02432830072939396
528,CA,0.9999969212449404,0.7018,0.7018,1000,0.024788567796349525
528,NY,2.0504776914424415e-06,0.66,0.66,0,0.024788567796349525
528,TX,1.0282773681871795e-06,0.6544,0.6544,0,0.024788567796349525
529,CA,0.9999970002494718,0.7018,0.7018,1000,0.025381085462868214
529,NY,2.0001135484254025e-06,0.6552,0.6552,0,0.025381085462868214
529,TX,9.996369798627197e-07,0.6506,0.6506,0,0.025381085462868214
530,CA,0.9999970850927459,0.7056,0.7056,1000,0.025343255139887333
530,NY,1.945345061837871e-06,0.6596,0.6596,0,0.025343255139887333
530,TX,9.695621923570895e-07,0.6432,0.6432,0,0.025343255139887333
531,CA,0.9999971730302045,0.7046,0.7046,1000,0.024607419036328793
531,NY,1.8928793084736011e-06,0.6654,0.6654,0,0.024607419036328793
531,TX,9.340904869736058e-07,0.6648,0.6648,0,0.024607419036328793
532,CA,0.9999972383694997,0.7222,0.7222,1000,0.024156981147825718
532,NY,1.8493496458454712e-06,0.6754,0.6754,0,0.024156981147825718
532,TX,9.122808543478676e-07,0.6714,0.6714,0,0.024156981147825718
533,CA,0.9999973155342159,0.729,0.729,1000,0.02493873704224825
533,NY,1.7990945510029903e-06,0.686,0.686,0,0.02493873704224825
533,TX,8.853712330838733e-07,0.6836,0.6836,0,0.02493873704224825
534,CA,0.9999973835253161,0.7188,0.7188,1000,0.027771913446485996
534,NY,1.7543514281244603e-06,0.675,0.675,0,0.027771913446485996
534,TX,8.621232558522635e-07,0.677,0.677,0,0.027771913446485996
535,CA,0.9999974491973295,0.7046,0.7046,1000,0.024237260222434998
535,NY,1.7096455870890884e-06,0.6672,0.6672,0,0.024237260222434998
535,TX,8.411570834371794e-07,0.6674,0.6674,0,0.024237260222434998
536,CA,0.9999975050647181,0.7126,0.7126,1000,0.02449444029480219
536,NY,1.6721349771414598e-06,0.6666,0.6666,0,0.02449444029480219
536,TX,8.22800304634458e-07,0.662,0.662,0,0.02449444029480219
537,CA,0.9999975742878975,0.6932,0.6932,1000,0.023382844403386116
537,NY,1.6272219699954573e-06,0.6554,0.6554,0,0.023382844403386116
537,TX,7.984901325265649e-07,0.6486,0.6486,0,0.023382844403386116
538,CA,0.9999976316475835,0.7062,0.7062,1000,0.024578088894486427
538,NY,1.5908949938818964e-06,0.6588,0.6588,0,0.024578088894486427
538,TX,7.774574226265313e-07,0.648,0.648,0,0.024578088894486427
539,CA,0.9999977023638931,0.72,0.72,1000,0.02424582000821829
539,NY,1.5466983955400417e-06,0.6812,0.6812,0,0.02424582000821829
539,TX,7.50937711343335e-07,0.6804,0.6804,0,0.02424582000821829
540,CA,0.9999977545434452,0.7104,0.7104,1000,0.023759672418236732
540,NY,1.5118078362007018e-06,0.6762,0.6762,0,0.023759672418236732
540,TX,7.336487185962803e-07,0.6754,0.6754,0,0.023759672418236732
541,CA,0.9999977997851214,0.6988,0.6988,1000,0.023803891614079475
541,NY,1.4815788176370775e-06,0.6504,0.6504,0,0.023803891614079475
541,TX,7.186360610064128e-07,0.6454,0.6454,0,0.023803891614079475
542,CA,0.9999978645857721,0.7042,0.7042,1000,0.025555893778800964
542,NY,1.4393676943012609e-06,0.6644,0.6644,0,0.025555893778800964
542,TX,6.960465336727374e-07,0.6576,0.6576,0,0.025555893778800964
543,CA,0.9999979172335927,0.72,0.72,1000,0.0250001959502697
543,NY,1.4057526795697732e-06,0.6782,0.6782,0,0.0250001959502697
543,TX,6.770137278249989e-07,0.6748,0.6748,0,0.0250001959502697
544,CA,0.9999979691878373,0.7106,0.7106,1000,0.02446707896888256
544,NY,1.3715896915240007e-06,0.6672,0.6672,0,0.02446707896888256
544,TX,6.59222471087445e-07,0.6636,0.6636,0,0.02446707896888256
545,CA,0.9999980220992544,0.726,0.726,1000,0.025672334246337414
545,NY,1.3367908656040896e-06,0.6828,0.6828,0,0.025672334246337414
545,TX,6.411098801170446e-07,0.6896,0.6896,0,0.025672334246337414
546,CA,0.9999980690781699,0.7082,0.7082,1000,0.024726147763431072
546,NY,1.303332430081268e-06,0.6668,0.6668,0,0.024726147763431072
546,TX,6.275893999619496e-07,0.6638,0.6638,0,0.024726147763431072
547,CA,0.9999981169781686,0.7208,0.7208,1000,0.024654679000377655
547,NY,1.2717448767810277e-06,0.677,0.677,0,0.024654679000377655
547,TX,6.11276954497813e-07,0.6772,0.6772,0,0.024654679000377655
548,CA,0.9999981648361125,0.7036,0.7036,1000,0.024325819686055183
548,NY,1.2393748607795128e-06,0.6586,0.6586,0,0.024325819686055183
548,TX,5.957890267023487e-07,0.6564,0.6564,0,0.024325819686055183
549,CA,0.9999982140806306,0.7334,0.7334,1000,0.024995867162942886
549,NY,1.206637265389442e-06,0.6872,0.6872,0,0.024995867162942886
549,TX,5.792821040311976e-07,0.6914,0.6914,0,0.024995867162942886
550,CA,0.9999982602767485,0.6872,0.6872,1000,0.02400612272322178
550,NY,1.1744770325447473e-06,0.642,0.642,0,0.02400612272322178
550,TX,5.652462190038658e-07,0.628,0.628,0,0.02400612272322178
551,CA,0.999998311574041,0.7192,0.7192,1000,0.02403180208057165
551,NY,1.1430129127341325e-06,0.6818,0.6818,0,0.02403180208057165
551,TX,5.454130463153233e-07,0.678,0.678,0,0.02403180208057165
552,CA,0.9999983495100535,0.7256,0.7256,1000,0.025130745954811573
552,NY,1.1181475043982722e-06,0.6786,0.6786,0,0.025130745954811573
552,TX,5.323424420872075e-07,0.6756,0.6756,0,0.025130745954811573
553,CA,0.9999983953897057,0.7106,0.7106,1000,0.024665548466145992
553,NY,1.087692679065617e-06,0.6678,0.6678,0,0.024665548466145992
553,TX,5.16917615255981e-07,0.662,0.662,0,0.024665548466145992
554,CA,0.9999984372904017,0.714,0.714,1000,0.023937081918120384
554,NY,1.0604781516169048e-06,0.6742,0.6742,0,0.023937081918120384
554,TX,5.022314465994982e-07,0.6694,0.6694,0,0.023937081918120384
555,CA,0.9999984749837824,0.7098,0.7098,1000,0.02416756097227335
555,NY,1.0358533187630888e-06,0.6606,0.6606,0,0.02416756097227335
555,TX,4.891628988076611e-07,0.6552,0.6552,0,0.02416756097227335
556,CA,0.9999985204114129,0.6956,0.6956,1000,0.02344217523932457
556,NY,1.0060463792723704e-06,0.6558,0.6558,0,0.02344217523932457
556,TX,4.7354220779479606e-07,0.651,0.651,0,0.02344217523932457
557,CA,0.9999985564815592,0.707,0.707,1000,0.024761997163295746
557,NY,9.82431973864914e-07,0.6596,0.6596,0,0.024761997163295746
557,TX,4.610864668964062e-07,0.647,0.647,0,0.024761997163295746
558,CA,0.999998599968589,0.7162,0.7162,1000,0.024194630794227123
558,NY,9.551518305386555e-07,0.6718,0.6718,0,0.024194630794227123
558,TX,4.4487958055236576e-07,0.663,0.663,0,0.024194630794227123
559,CA,0.999998638470072,0.7082,0.7082,1000,0.023641272448003292
559,NY,9.304410277209285e-07,0.6716,0.6716,0,0.023641272448003292
559,TX,4.31088900444796e-07,0.6622,0.6622,0,0.023641272448003292
560,CA,0.9999986700144807,0.7106,0.7106,1000,0.024747267365455627
560,NY,9.105053688093814e-07,0.669,0.669,0,0.024747267365455627
560,TX,4.1948015040551756e-07,0.6664,0.6664,0,0.024747267365455627
561,CA,0.9999987029958748,0.727,0.727,1000,0.02484346739947796
561,NY,8.883628613717727e-07,0.6916,0.6916,0,0.02484346739947796
561,TX,4.086412637030843e-07,0.6892,0.6892,0,0.02484346739947796
562,CA,0.9999987301496824,0.7232,0.7232,1000,0.025206544436514378
562,NY,8.701532467296198e-07,0.6806,0.6806,0,0.025206544436514378
562,TX,3.9969707086909e-07,0.6862,0.6862,0,0.025206544436514378
563,CA,0.9999987602432616,0.7356,0.7356,1000,0.02486948762089014
563,NY,8.486418236200615e-07,0.6882,0.6882,0,0.02486948762089014
563,TX,3.9111491479899654e-07,0.6932,0.6932,0,0.02486948762089014
564,CA,0.9999987929747816,0.7212,0.7212,1000,0.024773407727479935
564,NY,8.254650688690632e-07,0.6806,0.6806,0,0.024773407727479935
564,TX,3.815601494662775e-07,0.683,0.683,0,0.024773407727479935
565,CA,0.9999988209142558,0.7372,0.7372,1000,0.025101535953581333
565,NY,8.059938609697728e-07,0.688,0.688,0,0.025101535953581333
565,TX,3.730918832753542e-07,0.6884,0.6884,0,0.025101535953581333
566,CA,0.9999988542217135,0.7374,0.7374,1000,0.024558478966355324
566,NY,7.831669828646175e-07,0.6944,0.6944,0,0.024558478966355324
566,TX,3.626113036515336e-07,0.6974,0.6974,0,0.024558478966355324
567,CA,0.9999988819531389,0.7276,0.7276,1000,0.024385608732700348
567,NY,7.637839142197536e-07,0.6854,0.6854,0,0.024385608732700348
567,TX,3.542629468670001e-07,0.6982,0.6982,0,0.024385608732700348
568,CA,0.9999989066388099,0.7232,0.7232,1000,0.027622653171420097
568,NY,7.451270206085979e-07,0.686,0.686,0,0.027622653171420097
568,TX,3.4823416949565083e-07,0.6886,0.6886,0,0.027622653171420097
569,CA,0.9999989297165635,0.7042,0.7042,1000,0.025212256237864494
569,NY,7.290414262641272e-07,0.6582,0.6582,0,0.025212256237864494
569,TX,3.412420103184432e-07,0.6518,0.6518,0,0.025212256237864494
570,CA,0.9999989598872788,0.7094,0.7094,1000,0.024527719244360924
570,NY,7.093630615564408e-07,0.6718,0.6718,0,0.024527719244360924
570,TX,3.3074965945907476e-07,0.67,0.67,0,0.024527719244360924
571,CA,0.9999989831138774,0.7092,0.7092,1000,0.024886246770620346
571,NY,6.937599121649792e-07,0.6656,0.6656,0,0.024886246770620346
571,TX,3.2312621043987646e-07,0.66,0.66,0,0.024886246770620346
572,CA,0.9999990101122954,0.7122,0.7122,1000,0.024007411673665047
572,NY,6.76062801836771e-07,0.6782,0.6782,0,0.024007411673665047
572,TX,3.1382490276847523e-07,0.6738,0.6738,0,0.024007411673665047
573,CA,0.9999990305754292,0.7156,0.7156,1000,0.025851172395050526
573,NY,6.626379028497375e-07,0.6808,0.6808,0,0.025851172395050526
573,TX,3.0678666803104883e-07,0.678,0.678,0,0.025851172395050526
574,CA,0.999999050740354,0.7168,0.7168,1000,0.024484489113092422
574,NY,6.491966714669989e-07,0.6812,0.6812,0,0.024484489113092422
574,TX,3.000629746658731e-07,0.678,0.678,0,0.024484489113092422
575,CA,0.999999070983721,0.7214,0.7214,1000,0.024194740690290928
575,NY,6.357347775888549e-07,0.6846,0.6846,0,0.024194740690290928
575,TX,2.932815014457099e-07,0.6814,0.6814,0,0.024194740690290928
576,CA,0.9999990913893606,0.7174,0.7174,1000,0.024643358774483204
576,NY,6.221440851515073e-07,0.6746,0.6746,0,0.024643358774483204
576,TX,2.864665543123775e-07,0.6786,0.6786,0,0.024643358774483204
577,CA,0.9999991133659739,0.7132,0.7132,1000,0.024852958507835865
577,NY,6.066394013572285e-07,0.6642,0.6642,0,0.024852958507835865
577,TX,2.799946248029004e-07,0.6658,0.6658,0,0.024852958507835865
578,CA,0.999999138463475,0.7154,0.7154,1000,0.024119790643453598
578,NY,5.892886511069277e-07,0.6768,0.6768,0,0.024119790643453598
578,TX,2.722478739799988e-07,0.6786,0.6786,0,0.024119790643453598
579,CA,0.999999157564114,0.7084,0.7084,1000,0.024485238827764988
579,NY,5.760284651100739e-07,0.6736,0.6736,0,0.024485238827764988
579,TX,2.664074210048591e-07,0.6766,0.6766,0,0.024485238827764988
580,CA,0.9999991742566466,0.7152,0.7152,1000,0.02491831872612238
580,NY,5.642948111101166e-07,0.668,0.668,0,0.02491831872612238
580,TX,2.614485422106167e-07,0.6688,0.6688,0,0.02491831872612238
581,CA,0.9999991968580322,0.7106,0.7106,1000,0.024952967651188374
581,NY,5.487661883192076e-07,0.6708,0.6708,0,0.024952967651188374
581,TX,2.5437577956051206e-07,0.6696,0.6696,0,0.024952967651188374
582,CA,0.9999992157229192,0.7108,0.7108,1000,0.02536819502711296
582,NY,5.359982256170678e-07,0.67,0.67,0,0.02536819502711296
582,TX,2.482788551188263e-07,0.6716,0.6716,0,0.02536819502711296
583,CA,0.9999992341945317,0.7192,0.7192,1000,0.024891957640647888
583,NY,5.232154859216573e-07,0.6814,0.6814,0,0.024891957640647888
583,TX,2.425899823958259e-07,0.679,0.679,0,0.024891957640647888
584,CA,0.9999992513709163,0.7232,0.7232,1000,0.0246518487110734
584,NY,5.117115711606239e-07,0.6858,0.6858,0,0.0246518487110734
584,TX,2.3691751247015234e-07,0.6862,0.6862,0,0.0246518487110734
585,CA,0.9999992675640107,0.6994,0.6994,1000,0.024785867892205715
585,NY,5.006054901528875e-07,0.6658,0.6658,0,0.024785867892205715
585,TX,2.3183049906926653e-07,0.658,0.658,0,0.024785867892205715
586,CA,0.9999992831095611,0.7142,0.7142,1000,0.02377474308013916
586,NY,4.907076841592668e-07,0.6764,0.6764,0,0.02377474308013916
586,TX,2.2618275475589542e-07,0.6708,0.6708,0,0.02377474308013916
587,CA,0.9999992996566747,0.72,0.72,1000,0.02437756024301052
587,NY,4.798870466320327e-07,0.6788,0.6788,0,0.02437756024301052
587,TX,2.2045627867192305e-07,0.68,0.68,0,0.02437756024301052
588,CA,0.9999993162785223,0.7022,0.7022,1000,0.023775323294103146
588,NY,4.6839208562616134e-07,0.6548,0.6548,0,0.023775323294103146
588,TX,2.1532939204942525e-07,0.6486,0.6486,0,0.023775323294103146
589,CA,0.9999993361019378,0.7068,0.7068,1000,0.024300910532474518
589,NY,4.5534910037552404e-07,0.6606,0.6606,0,0.024300910532474518
589,TX,2.085489617964058e-07,0.6526,0.6526,0,0.024300910532474518
590,CA,0.9999993550499465,0.733,0.733,1000,0.02487097680568695
590,NY,4.43023629254273e-07,0.6904,0.6904,0,0.02487097680568695
590,TX,2.0192642418276203e-07,0.6944,0.6944,0,0.02487097680568695
591,CA,0.9999993704377999,0.7076,0.7076,1000,0.024515909142792225
591,NY,4.321333839672221e-07,0.6648,0.6648,0,0.024515909142792225
591,TX,1.9742881615703354e-07,0.662,0.662,0,0.024515909142792225
592,CA,0.9999993865411296,0.7264,0.7264,1000,0.024282099679112434
592,NY,4.213022190288277e-07,0.6828,0.6828,0,0.024282099679112434
592,TX,1.9215665128655736e-07,0.6844,0.6844,0,0.024282099679112434
593,CA,0.9999994018558541,0.7126,0.7126,1000,0.02428769040852785
593,NY,4.106622943925845e-07,0.677,0.677,0,0.02428769040852785
593,TX,1.8748185147357318e-07,0.676,0.676,0,0.02428769040852785
594,CA,0.9999994143990055,0.6976,0.6976,1000,0.024943617172539234
594,NY,4.021258182497928e-07,0.6622,0.6622,0,0.024943617172539234
594,TX,1.8347517634649936e-07,0.6566,0.6566,0,0.024943617172539234
595,CA,0.9999994272157606,0.7226,0.7226,1000,0.02518161479383707
595,NY,3.9374030611551785e-07,0.6774,0.6774,0,0.02518161479383707
595,TX,1.7904393321819126e-07,0.6748,0.6748,0,0.02518161479383707
596,CA,0.9999994425155093,0.733,0.733,1000,0.025312605313956738
596,NY,3.8340880040813155e-07,0.6898,0.6898,0,0.025312605313956738
596,TX,1.7407569020181965e-07,0.6882,0.6882,0,0.025312605313956738
597,CA,0.9999994565731192,0.6982,0.6982,1000,0.02481323853135109
597,NY,3.738512406447599e-07,0.66,0.66,0,0.02481323853135109
597,TX,1.6957564012111277e-07,0.6488,0.6488,0,0.02481323853135109
598,CA,0.9999994699155654,0.7136,0.7136,1000,0.024389369413256645
598,NY,3.6544168398924484e-07,0.6672,0.6672,0,0.024389369413256645
598,TX,1.6464275065492378e-07,0.67,0.67,0,0.024389369413256645
599,CA,0.999999483999894,0.7082,0.7082,1000,0.02480926737189293
599,NY,3.5554644265170004e-07,0.6638,0.6638,0,0.02480926737189293
599,TX,1.6045366332064581e-07,0.6582,0.6582,0,0.02480926737189293
600,CA,0.9999994979379183,,,0,
600,NY,3.4630498743066083e-07,,,0,
600,TX,1.5575709414981086e-07,,,0,
