t,state,p,acc,fitness,sample_count,step_seconds
0,CA,0.3333333333333333,0.5882,0.5882,336,0.03799418359994888
0,NY,0.3333333333333333,0.5932,0.5932,334,0.03799418359994888
0,TX,0.3333333333333333,0.626,0.626,330,0.03799418359994888
1,CA,0.33036568623372303,0.5682,0.5682,301,0.03304070234298706
1,NY,0.33140574946956775,0.6012,0.6012,345,0.03304070234298706
1,TX,0.3382285642967092,0.5986,0.5986,354,0.03304070234298706
2,CA,0.32595534576766627,0.5838,0.5838,329,0.03306858241558075
2,NY,0.33386227311109123,0.5946,0.5946,317,0.03306858241558075
2,TX,0.34018238112124255,0.6182,0.6182,354,0.03306858241558075
3,CA,0.32283503115359385,0.575,0.575,295,0.03307381272315979
3,NY,0.33292109426670424,0.598,0.598,350,0.03307381272315979
3,TX,0.3442438745797019,0.612,0.612,355,0.03307381272315979
4,CA,0.3187081734088665,0.591,0.591,328,0.03269299864768982
4,NY,0.33346486140826137,0.5934,0.5934,330,0.03269299864768982
4,TX,0.34782696518287215,0.625,0.625,342,0.03269299864768982
5,CA,0.31619876900394817,0.5872,0.5872,289,0.03306780010461807
5,NY,0.3313383337944939,0.5944,0.5944,341,0.03306780010461807
5,TX,0.3524628972015579,0.6244,0.6244,370,0.03306780010461807
6,CA,0.3131412900055546,0.5918,0.5918,328,0.03292883187532425
6,NY,0.3296229762027594,0.593,0.593,327,0.03292883187532425
6,TX,0.35723573379168605,0.6266,0.6266,345,0.03292883187532425
7,CA,0.31063804632698244,0.5948,0.5948,287,0.0331319123506546
7,NY,0.32723448265332017,0.591,0.591,341,0.0331319123506546
7,TX,0.3621274710196973,0.6272,0.6272,372,0.0331319123506546
8,CA,0.30860824486739363,0.5876,0.5876,311,0.03297314792871475
8,NY,0.32432161406170573,0.5946,0.5946,312,0.03297314792871475
8,TX,0.3670701410709006,0.626,0.626,377,0.03297314792871475
9,CA,0.30545942216388217,0.5822,0.5822,302,0.033117443323135376
9,NY,0.3224278619955872,0.5932,0.5932,330,0.033117443323135376
9,TX,0.3721127158405308,0.6238,0.6238,368,0.033117443323135376
10,CA,0.30182979668069754,0.5872,0.5872,309,0.03297743201255798
10,NY,0.3208116022976134,0.5954,0.5954,315,0.03297743201255798
10,TX,0.377358601021689,0.6252,0.6252,376,0.03297743201255798
11,CA,0.2986367835595357,0.5918,0.5918,295,0.03267844766378403
11,NY,0.3190576686625957,0.593,0.593,332,0.03267844766378403
11,TX,0.38230554777786857,0.626,0.626,373,0.03267844766378403
12,CA,0.2961331544850236,0.594,0.594,282,0.03289195895195007
12,NY,0.3166213500697408,0.5916,0.5916,317,0.03289195895195007
12,TX,0.38724549544523557,0.6274,0.6274,401,0.03289195895195007
13,CA,0.29388859265479894,0.5872,0.5872,297,0.03281870484352112
13,NY,0.31374839014305544,0.5944,0.5944,331,0.03281870484352112
13,TX,0.3923630172021456,0.6244,0.6244,372,0.03281870484352112
14,CA,0.2908005058925265,0.587,0.587,321,0.033060476183891296
14,NY,0.31185992171252086,0.5942,0.5942,315,0.033060476183891296
14,TX,0.3973395723949526,0.625,0.625,364,0.033060476183891296
15,CA,0.2876567107420982,0.5822,0.5822,298,0.03309478610754013
15,NY,0.3098880263329305,0.5932,0.5932,312,0.03309478610754013
15,TX,0.4024552629249713,0.6238,0.6238,390,0.03309478610754013
16,CA,0.2840391862252517,0.5936,0.5936,275,0.03290809690952301
16,NY,0.3081182787907124,0.592,0.592,315,0.03290809690952301
16,TX,0.40784253498403583,0.6264,0.6264,410,0.03290809690952301
17,CA,0.2817611491201263,0.5916,0.5916,279,0.03296763449907303
17,NY,0.3053402491099918,0.593,0.593,310,0.03296763449907303
17,TX,0.41289860176988197,0.626,0.626,411,0.03296763449907303
18,CA,0.27919458183867335,0.5804,0.5804,286,0.03365743160247803
18,NY,0.30282503564276475,0.591,0.591,314,0.03365743160247803
18,TX,0.417980382518562,0.6234,0.6234,400,0.03365743160247803
19,CA,0.27550185602903915,0.5948,0.5948,277,0.03636130690574646
19,NY,0.30082399792948644,0.591,0.591,299,0.03636130690574646
19,TX,0.42367414604147435,0.6272,0.6272,424,0.03636130690574646
20,CA,0.27334500298911446,0.5936,0.5936,296,0.03305111825466156
20,NY,0.29775772756521174,0.592,0.592,278,0.03305111825466156
20,TX,0.42889726944567386,0.6264,0.6264,426,0.03305111825466156
21,CA,0.2710334263018532,0.5948,0.5948,284,0.03278423845767975
21,NY,0.29494327617301636,0.591,0.591,295,0.03278423845767975
21,TX,0.4340232975251306,0.6272,0.6272,421,0.03278423845767975
22,CA,0.26885173352906916,0.587,0.587,274,0.032844915986061096
22,NY,0.2918720029596142,0.5942,0.5942,277,0.032844915986061096
22,TX,0.43927626351131666,0.625,0.625,449,0.032844915986061096
23,CA,0.26570513239683513,0.5896,0.5896,264,0.032820604741573334
23,NY,0.28976466093820047,0.5922,0.5922,293,0.032820604741573334
23,TX,0.4445302066649644,0.6258,0.6258,443,0.032820604741573334
24,CA,0.2629189160713418,0.5948,0.5948,244,0.032868824899196625
24,NY,0.28719513182973805,0.591,0.591,287,0.032868824899196625
24,TX,0.4498859520989202,0.6272,0.6272,469,0.032868824899196625
25,CA,0.260714423691403,0.5948,0.5948,279,0.03278739005327225
25,NY,0.2841085163105593,0.591,0.591,296,0.03278739005327225
25,TX,0.45517705999803765,0.6272,0.6272,425,0.03278739005327225
26,CA,0.25849897588913257,0.594,0.594,263,0.03297965228557587
26,NY,0.2810230694647955,0.592,0.592,292,0.03297965228557587
26,TX,0.460477954646072,0.627,0.627,445,0.03297965228557587
27,CA,0.25614741305873845,0.5936,0.5936,243,0.032941319048404694
27,NY,0.27811721167818604,0.592,0.592,284,0.032941319048404694
27,TX,0.4657353752630755,0.6266,0.6266,473,0.032941319048404694
28,CA,0.2537708150042603,0.5948,0.5948,255,0.032945118844509125
28,NY,0.2752601291379565,0.591,0.591,265,0.032945118844509125
28,TX,0.4709690558577832,0.6272,0.6272,480,0.032945118844509125
29,CA,0.2515291007056804,0.592,0.592,239,0.03288888931274414
29,NY,0.27217850580418423,0.5928,0.5928,295,0.03288888931274414
29,TX,0.47629239349013536,0.6254,0.6254,466,0.03288888931274414
30,CA,0.24900682598627838,0.5948,0.5948,258,0.0328114777803421
30,NY,0.26958456529230135,0.591,0.591,264,0.0328114777803421
30,TX,0.4814086087214204,0.6272,0.6272,478,0.0328114777803421
31,CA,0.24675201609321099,0.592,0.592,258,0.032920852303504944
31,NY,0.2665068852248415,0.5926,0.5926,255,0.032920852303504944
31,TX,0.4867410986819475,0.6272,0.6272,487,0.032920852303504944
32,CA,0.2441004609134987,0.5918,0.5918,242,0.03270697593688965
32,NY,0.263742410540393,0.5926,0.5926,267,0.03270697593688965
32,TX,0.49215712854610827,0.6272,0.6272,491,0.03270697593688965
33,CA,0.24142603492477754,0.5918,0.5918,277,0.03302547335624695
33,NY,0.26098388068565953,0.5926,0.5926,258,0.03302547335624695
33,TX,0.4975900843895628,0.6256,0.6256,465,0.03302547335624695
34,CA,0.23887085628127092,0.5922,0.5922,215,0.03284868597984314
34,NY,0.2583514837943543,0.5926,0.5926,273,0.03284868597984314
34,TX,0.5027776599243747,0.6266,0.6266,512,0.03284868597984314
35,CA,0.2362887917225355,0.5924,0.5924,252,0.03282160311937332
35,NY,0.2556230469041761,0.5934,0.5934,267,0.03282160311937332
35,TX,0.5080881613732884,0.627,0.627,481,0.03282160311937332
36,CA,0.23367158291288534,0.5848,0.5848,261,0.03287459909915924
36,NY,0.2529504346773506,0.5954,0.5954,244,0.03287459909915924
36,TX,0.513377982409764,0.6252,0.6252,495,0.03287459909915924
37,CA,0.2302684475753185,0.5872,0.5872,234,0.032989732921123505
37,NY,0.2509337563147557,0.5948,0.5948,254,0.032989732921123505
37,TX,0.5187977961099258,0.6256,0.6256,512,0.032989732921123505
38,CA,0.22714450482611467,0.5882,0.5882,233,0.03297179937362671
38,NY,0.24871470402560444,0.5932,0.5932,273,0.03297179937362671
38,TX,0.5241407911482809,0.626,0.626,494,0.03297179937362671
39,CA,0.22417246303450697,0.5932,0.5932,234,0.03289441019296646
39,NY,0.24623319282740552,0.592,0.592,259,0.03289441019296646
39,TX,0.5295943441380875,0.6266,0.6266,507,0.03289441019296646
40,CA,0.22175159986358586,0.5948,0.5948,211,0.032928258180618286
40,NY,0.24339063312431525,0.591,0.591,253,0.032928258180618286
40,TX,0.534857767012099,0.6272,0.6272,536,0.032928258180618286
41,CA,0.21949383201955042,0.5916,0.5916,231,0.034870073199272156
41,NY,0.24033851417337537,0.5934,0.5934,235,0.034870073199272156
41,TX,0.5401676538070742,0.6252,0.6252,534,0.034870073199272156
42,CA,0.21696077240383674,0.5946,0.5946,191,0.0335298627614975
42,NY,0.2378335683859207,0.591,0.591,221,0.0335298627614975
42,TX,0.5452056592102426,0.6272,0.6272,588,0.0335298627614975
43,CA,0.21468314609853065,0.5948,0.5948,226,0.032760441303253174
43,NY,0.2348055211602439,0.591,0.591,218,0.032760441303253174
43,TX,0.5505113327412254,0.6272,0.6272,556,0.032760441303253174
44,CA,0.21242617708082354,0.5802,0.5802,216,0.03302730619907379
44,NY,0.23178340554937693,0.5918,0.5918,226,0.03302730619907379
44,TX,0.5557904173697995,0.6232,0.6232,558,0.03302730619907379
45,CA,0.2089111400041335,0.594,0.594,212,0.03306291997432709
45,NY,0.2296213934114699,0.5916,0.5916,223,0.03306291997432709
45,TX,0.5614674665843966,0.6274,0.6274,565,0.03306291997432709
46,CA,0.2065525121972793,0.57,0.57,205,0.03294580429792404
46,NY,0.22668711949636847,0.6016,0.6016,196,0.03294580429792404
46,TX,0.5667603683063521,0.5998,0.5998,599,0.03294580429792404
47,CA,0.203435827129299,0.5878,0.5878,188,0.03281800448894501
47,NY,0.2277603960004933,0.5936,0.5936,225,0.03281800448894501
47,TX,0.5688037768702078,0.6264,0.6264,587,0.03281800448894501
48,CA,0.20049658655700558,0.5942,0.5942,212,0.03313026577234268
48,NY,0.2252896689574546,0.5914,0.5914,256,0.03313026577234268
48,TX,0.5742137444855399,0.6274,0.6274,532,0.03313026577234268
49,CA,0.1982048249002954,0.5948,0.5948,205,0.03296246379613876
49,NY,0.22232334339381493,0.591,0.591,218,0.03296246379613876
49,TX,0.5794718317058897,0.6272,0.6272,577,0.03296246379613876
50,CA,0.19600121735009227,0.5948,0.5948,221,0.03317318111658096
50,NY,0.21932774021544837,0.591,0.591,202,0.03317318111658096
50,TX,0.5846710424344592,0.6272,0.6272,577,0.03317318111658096
51,CA,0.1938004981772151,0.5942,0.5942,213,0.03306454420089722
51,NY,0.2163483747417269,0.5914,0.5914,231,0.03306454420089722
51,TX,0.5898511270810579,0.6274,0.6274,556,0.03306454420089722
52,CA,0.19152064540411592,0.5784,0.5784,217,0.03299224376678467
52,NY,0.21342775367104802,0.5926,0.5926,205,0.03299224376678467
52,TX,0.5950516009248361,0.6188,0.6188,578,0.03299224376678467
53,CA,0.1882913064923509,0.5946,0.5946,202,0.03313436359167099
53,NY,0.21171674329024406,0.591,0.591,210,0.03313436359167099
53,TX,0.599991950217405,0.6272,0.6272,588,0.03313436359167099
54,CA,0.18609754054353156,0.5948,0.5948,195,0.03318893909454346
54,NY,0.2087776425905953,0.591,0.591,227,0.03318893909454346
54,TX,0.6051248168658732,0.6272,0.6272,578,0.03318893909454346
55,CA,0.18392787790868545,0.5698,0.5698,195,0.03300084173679352
55,NY,0.20585189470865092,0.6022,0.6022,207,0.03300084173679352
55,TX,0.6102202273826636,0.602,0.602,598,0.03300084173679352
56,CA,0.18089505752907248,0.579,0.579,207,0.03308604657649994
56,NY,0.20663620268876004,0.5952,0.5952,212,0.03308604657649994
56,TX,0.6124687397821675,0.6176,0.6176,581,0.03308604657649994
57,CA,0.1778550982840064,0.5924,0.5924,179,0.03301314264535904
57,NY,0.20524805064775312,0.5926,0.5926,214,0.03301314264535904
57,TX,0.6168968510682404,0.6272,0.6272,607,0.03301314264535904
58,CA,0.17548476895139328,0.5946,0.5946,183,0.032890647649765015
58,NY,0.20253808195121073,0.5912,0.5912,196,0.032890647649765015
58,TX,0.621977149097396,0.6272,0.6272,621,0.032890647649765015
59,CA,0.17335529864314841,0.591,0.591,175,0.03307937830686569
59,NY,0.19965371494768885,0.5934,0.5934,200,0.03307937830686569
59,TX,0.6269909864091628,0.625,0.625,625,0.03307937830686569
60,CA,0.17101241114868074,0.5828,0.5828,166,0.03348755091428757
60,NY,0.19725251009828476,0.5954,0.5954,209,0.03348755091428757
60,TX,0.6317350787530346,0.6246,0.6246,625,0.03348755091428757
61,CA,0.16794676639880243,0.57,0.57,170,0.033032067120075226
61,NY,0.1952585683805499,0.6018,0.6018,198,0.033032067120075226
61,TX,0.6367946652206476,0.6006,0.6006,632,0.033032067120075226
62,CA,0.16524235536201143,0.5932,0.5932,135,0.03294610232114792
62,NY,0.19600559476720567,0.5924,0.5924,216,0.03294610232114792
62,TX,0.6387520498707829,0.6268,0.6268,649,0.03294610232114792
63,CA,0.1630617913535383,0.5888,0.5888,162,0.033057086169719696
63,NY,0.1933219519252057,0.5928,0.5928,198,0.033057086169719696
63,TX,0.643616256721256,0.6258,0.6258,640,0.033057086169719696
64,CA,0.1605768236399361,0.5948,0.5948,195,0.03300905227661133
64,NY,0.19085513146063862,0.591,0.591,210,0.03300905227661133
64,TX,0.6485680448994253,0.6272,0.6272,595,0.03300905227661133
65,CA,0.158559695835565,0.594,0.594,171,0.03279431164264679
65,NY,0.1880086084359755,0.5916,0.5916,178,0.03279431164264679
65,TX,0.6534316957284595,0.6274,0.6274,651,0.03279431164264679
66,CA,0.15646175396871062,0.582,0.582,146,0.03319115191698074
66,NY,0.18524169183510575,0.5958,0.5958,192,0.03319115191698074
66,TX,0.6582965541961837,0.6242,0.6242,662,0.03319115191698074
67,CA,0.15351789311007044,0.594,0.594,161,0.03258977830410004
67,NY,0.1833418154396301,0.5914,0.5914,186,0.03258977830410004
67,TX,0.6631402914502995,0.6272,0.6272,653,0.03258977830410004
68,CA,0.1514710789631646,0.5916,0.5916,153,0.032996661961078644
68,NY,0.18060230197838786,0.593,0.593,189,0.032996661961078644
68,TX,0.6679266190584475,0.626,0.626,658,0.032996661961078644
69,CA,0.14929214908038724,0.582,0.582,161,0.0329594761133194
69,NY,0.17816089171089353,0.5928,0.5928,177,0.0329594761133194
69,TX,0.6725469592087192,0.6208,0.6208,662,0.0329594761133194
70,CA,0.14669403638379624,0.5922,0.5922,140,0.033126212656497955
70,NY,0.17625548234487418,0.5926,0.5926,176,0.033126212656497955
70,TX,0.6770504812713296,0.6266,0.6266,684,0.033126212656497955
71,CA,0.14457283824521322,0.594,0.594,146,0.03294648230075836
71,NY,0.17375046466821548,0.5918,0.5918,171,0.03294648230075836
71,TX,0.6816766970865713,0.627,0.627,683,0.03294648230075836
72,CA,0.14259466556974804,0.57,0.57,134,0.03317844867706299
72,NY,0.17113653313295168,0.6022,0.6022,199,0.03317844867706299
72,TX,0.6862688012973003,0.596,0.596,667,0.03317844867706299
73,CA,0.14050467330282979,0.5948,0.5948,161,0.03307776898145676
73,NY,0.1720866955912317,0.591,0.591,161,0.03307776898145676
73,TX,0.6874086311059385,0.6272,0.6272,678,0.03307776898145676
74,CA,0.13862555211967537,0.586,0.586,137,0.03299075365066528
74,NY,0.16938063917818685,0.5938,0.5938,163,0.03299075365066528
74,TX,0.6919938087021378,0.6244,0.6244,700,0.03299075365066528
75,CA,0.13622961748101853,0.5702,0.5702,124,0.03295784443616867
75,NY,0.1672717710569572,0.6022,0.6022,183,0.03295784443616867
75,TX,0.6964986114620244,0.6028,0.6028,693,0.03295784443616867
76,CA,0.13383801086521346,0.5948,0.5948,131,0.033061087131500244
76,NY,0.167684278211084,0.591,0.591,167,0.033061087131500244
76,TX,0.6984777109237025,0.6272,0.6272,702,0.033061087131500244
77,CA,0.13201739287553088,0.5698,0.5698,139,0.033067092299461365
77,NY,0.16500913093346778,0.6018,0.6018,166,0.033067092299461365
77,TX,0.7029734761910014,0.5966,0.5966,695,0.033067092299461365
78,CA,0.13001964073519498,0.5898,0.5898,119,0.03288819640874863
78,NY,0.16582490276900116,0.592,0.592,166,0.03288819640874863
78,TX,0.7041554564958039,0.6254,0.6254,715,0.03288819640874863
79,CA,0.1279724082885309,0.5936,0.5936,121,0.03276723623275757
79,NY,0.16343975527092697,0.592,0.592,172,0.03276723623275757
79,TX,0.7085878364405421,0.6266,0.6266,707,0.03276723623275757
80,CA,0.12614218343925288,0.5948,0.5948,126,0.032881706953048706
80,NY,0.16094053726677873,0.591,0.591,162,0.032881706953048706
80,TX,0.7129172792939684,0.6272,0.6272,712,0.032881706953048706
81,CA,0.12438828784862022,0.5948,0.5948,130,0.03291015326976776
81,NY,0.1583246531824296,0.591,0.591,165,0.03291015326976776
81,TX,0.7172870589689502,0.6272,0.6272,705,0.03291015326976776
82,CA,0.12264728798334186,0.5948,0.5948,128,0.03303427994251251
82,NY,0.15573669623179978,0.591,0.591,165,0.03303427994251251
82,TX,0.7216160157848583,0.6272,0.6272,707,0.03303427994251251
83,CA,0.12091943512535412,0.5818,0.5818,105,0.03273111581802368
83,NY,0.1531768274786936,0.5938,0.5938,128,0.03273111581802368
83,TX,0.7259037373959524,0.624,0.624,767,0.03273111581802368
84,CA,0.11848712621137164,0.5942,0.5942,110,0.033214159309864044
84,NY,0.15123432705405315,0.5914,0.5914,156,0.033214159309864044
84,TX,0.7302785467345753,0.6274,0.6274,734,0.033214159309864044
85,CA,0.11674266538474536,0.5942,0.5942,128,0.03273366391658783
85,NY,0.14874602389038039,0.5914,0.5914,132,0.03273366391658783
85,TX,0.7345113107248742,0.6274,0.6274,740,0.03273366391658783
86,CA,0.11501340353687659,0.592,0.592,109,0.2120344415307045
86,NY,0.1462853264934525,0.5924,0.5924,135,0.2120344415307045
86,TX,0.7387012699696709,0.6254,0.6254,756,0.2120344415307045
87,CA,0.11325404347794497,0.5948,0.5948,102,0.03286345303058624
87,NY,0.14408379268652602,0.591,0.591,142,0.03286345303058624
87,TX,0.742662163835529,0.6272,0.6272,756,0.03286345303058624
88,CA,0.11160841865592988,0.5936,0.5936,121,0.03307248651981354
88,NY,0.14165187346308403,0.592,0.592,149,0.03307248651981354
88,TX,0.7467397078809861,0.6266,0.6266,730,0.03307248651981354
89,CA,0.10992425386559218,0.5794,0.5794,114,0.03283125162124634
89,NY,0.1393742799681273,0.5966,0.5966,148,0.03283125162124634
89,TX,0.7507014661662805,0.6164,0.6164,738,0.03283125162124634
90,CA,0.10786360473256966,0.5922,0.5922,112,0.032844118773937225
90,NY,0.13825092050611693,0.5924,0.5924,154,0.032844118773937225
90,TX,0.7538854747613134,0.6254,0.6254,734,0.032844118773937225
91,CA,0.1061924411770376,0.5874,0.5874,114,0.032742127776145935
91,NY,0.13612605401469174,0.5944,0.5944,136,0.032742127776145935
91,TX,0.7576815048082706,0.6246,0.6246,750,0.032742127776145935
92,CA,0.10427828790586469,0.5922,0.5922,102,0.03310371935367584
92,NY,0.13426179610446418,0.5924,0.5924,152,0.03310371935367584
92,TX,0.7614599159896711,0.6254,0.6254,746,0.03310371935367584
93,CA,0.10264676257697204,0.5918,0.5918,94,0.033133722841739655
93,NY,0.13217775355058015,0.593,0.593,135,0.033133722841739655
93,TX,0.7651754838724478,0.626,0.626,771,0.033133722841739655
94,CA,0.10097665670510057,0.5866,0.5866,90,0.03298724442720413
94,NY,0.13012518881289956,0.5942,0.5942,151,0.03298724442720413
94,TX,0.7688981544819999,0.6246,0.6246,759,0.03298724442720413
95,CA,0.09909009267758206,0.5948,0.5948,95,0.03261658549308777
95,NY,0.12830570722021317,0.591,0.591,116,0.03261658549308777
95,TX,0.7726042001022048,0.6272,0.6272,789,0.03261658549308777
96,CA,0.09758815935762474,0.594,0.594,112,0.03274020552635193
96,NY,0.12605985974859538,0.5916,0.5916,122,0.03274020552635193
96,TX,0.7763519808937799,0.6274,0.6274,766,0.03274020552635193
97,CA,0.0960440071629133,0.5912,0.5912,102,0.032579205930233
97,NY,0.12387839724858712,0.5938,0.5938,132,0.032579205930233
97,TX,0.7800775955884997,0.6246,0.6246,766,0.032579205930233
98,CA,0.09447788566064683,0.5822,0.5822,93,0.032702840864658356
98,NY,0.12205751512252526,0.5902,0.5902,121,0.032702840864658356
98,TX,0.7834645992168279,0.621,0.621,786,0.032702840864658356
99,CA,0.092640826240162,0.5948,0.5948,94,0.03259376436471939
99,NY,0.12028934148842682,0.591,0.591,122,0.03259376436471939
99,TX,0.7870698322714111,0.6272,0.6272,784,0.03259376436471939
100,CA,0.09120853184401062,0.5948,0.5948,101,0.03257758915424347
100,NY,0.11814739362032022,0.591,0.591,112,0.03257758915424347
100,TX,0.7906440745356692,0.6272,0.6272,787,0.03257758915424347
101,CA,0.08979151122300098,0.5746,0.5746,79,0.03255502134561539
101,NY,0.11603470805256547,0.5984,0.5984,100,0.03255502134561539
101,TX,0.7941737807244336,0.6124,0.6124,821,0.03255502134561539
102,CA,0.08796027751396789,0.594,0.594,73,0.03267405182123184
102,NY,0.11538635319061033,0.5916,0.5916,117,0.03267405182123184
102,TX,0.7966533692954217,0.6274,0.6274,810,0.03267405182123184
103,CA,0.08653087351031316,0.594,0.594,75,0.03266521543264389
103,NY,0.11334035223066423,0.5916,0.5916,106,0.03266521543264389
103,TX,0.8001287742590226,0.6274,0.6274,819,0.03266521543264389
104,CA,0.08511834240294572,0.5764,0.5764,79,0.032677821815013885
104,NY,0.11132231807598371,0.6016,0.6016,96,0.032677821815013885
104,TX,0.8035593395210706,0.611,0.611,825,0.032677821815013885
105,CA,0.08349710471626445,0.5948,0.5948,69,0.03251638263463974
105,NY,0.11094765668117475,0.591,0.591,119,0.03251638263463974
105,TX,0.8055552386025608,0.6272,0.6272,812,0.03251638263463974
106,CA,0.08217399475079615,0.5838,0.5838,73,0.03250992298126221
106,NY,0.10892938962820801,0.5946,0.5946,107,0.03250992298126221
106,TX,0.8088966156209959,0.6182,0.6182,820,0.03250992298126221
107,CA,0.0806962876240103,0.5812,0.5812,87,0.03262033313512802
107,NY,0.10769998604852012,0.5922,0.5922,105,0.03262033313512802
107,TX,0.8116037263274695,0.6246,0.6246,808,0.03262033313512802
108,CA,0.07888001679226722,0.5948,0.5948,74,0.03371483087539673
108,NY,0.10600830721510965,0.591,0.591,94,0.03371483087539673
108,TX,0.815111675992623,0.6272,0.6272,832,0.03371483087539673
109,CA,0.07761434108610718,0.579,0.579,75,0.03269679844379425
109,NY,0.1040588046395204,0.5952,0.5952,91,0.03269679844379425
109,TX,0.8183268542743724,0.6176,0.6176,834,0.03269679844379425
110,CA,0.07601258081780378,0.5876,0.5876,84,0.032829880714416504
110,NY,0.10295687376741705,0.5942,0.5942,103,0.032829880714416504
110,TX,0.821030545414779,0.6242,0.6242,813,0.032829880714416504
111,CA,0.07456923524646521,0.5834,0.5834,80,0.0327083021402359
111,NY,0.10142179031295039,0.5954,0.5954,91,0.0327083021402359
111,TX,0.8240089744405844,0.6248,0.6248,829,0.0327083021402359
112,CA,0.07294165904051463,0.5926,0.5926,72,0.03228800743818283
112,NY,0.09995998159301521,0.5926,0.5926,95,0.03228800743818283
112,TX,0.8270983593664701,0.6272,0.6272,833,0.03228800743818283
113,CA,0.07165409871949854,0.592,0.592,72,0.03268817812204361
113,NY,0.09819549600711462,0.593,0.593,88,0.03268817812204361
113,TX,0.8301504052733868,0.6256,0.6256,840,0.03268817812204361
114,CA,0.07041601318765588,0.581,0.581,63,0.032874152064323425
114,NY,0.09655942599996338,0.5908,0.5908,90,0.032874152064323425
114,TX,0.8330245608123807,0.6236,0.6236,847,0.032874152064323425
115,CA,0.06882987301091316,0.582,0.582,73,0.0327896922826767
115,NY,0.09496945014814138,0.5926,0.5926,95,0.0327896922826767
115,TX,0.8362006768409455,0.6182,0.6182,832,0.0327896922826767
116,CA,0.06749544536273899,0.5888,0.5888,69,0.03241229057312012
116,NY,0.09375224038866305,0.5928,0.5928,90,0.03241229057312012
116,TX,0.838752314248598,0.6258,0.6258,841,0.03241229057312012
117,CA,0.06618700049100086,0.5948,0.5948,65,0.03254835307598114
117,NY,0.09216624695624694,0.591,0.591,89,0.03254835307598114
117,TX,0.8416467525527522,0.6272,0.6272,846,0.03254835307598114
118,CA,0.06508835400849274,0.5698,0.5698,53,0.03251924365758896
118,NY,0.09042040438674995,0.6022,0.6022,86,0.03251924365758896
118,TX,0.8444912416047574,0.6022,0.6022,861,0.03251924365758896
119,CA,0.06385617402582448,0.585,0.585,52,0.0323772132396698
119,NY,0.09053957523330834,0.5954,0.5954,97,0.0323772132396698
119,TX,0.8456042507408671,0.6246,0.6246,851,0.0323772132396698
120,CA,0.06249865050241543,0.578,0.578,71,0.032467007637023926
120,NY,0.08919623432802086,0.5976,0.5976,83,0.032467007637023926
120,TX,0.8483051151695636,0.617,0.617,846,0.032467007637023926
121,CA,0.061148874516609227,0.592,0.592,67,0.03246434032917023
121,NY,0.08835383418153105,0.5924,0.5924,99,0.03246434032917023
121,TX,0.8504972913018598,0.6254,0.6254,834,0.03246434032917023
122,CA,0.06007559120928228,0.594,0.594,66,0.032455138862133026
122,NY,0.08682486000708743,0.592,0.592,93,0.032455138862133026
122,TX,0.8530995487836303,0.6268,0.6268,841,0.032455138862133026
123,CA,0.05904551677730415,0.5948,0.5948,48,0.03244100511074066
123,NY,0.08522906275707713,0.591,0.591,87,0.03244100511074066
123,TX,0.8557254204656187,0.6272,0.6272,865,0.03244100511074066
124,CA,0.058048141630571544,0.5948,0.5948,56,0.03263596445322037
124,NY,0.083589756089882,0.591,0.591,96,0.03263596445322037
124,TX,0.8583621022795465,0.6272,0.6272,848,0.03263596445322037
125,CA,0.05706438951803079,0.594,0.594,49,0.03244556486606598
125,NY,0.0819773481610635,0.5914,0.5914,73,0.03244556486606598
125,TX,0.8609582623209058,0.6272,0.6272,878,0.03244556486606598
126,CA,0.056066494786985555,0.5924,0.5924,68,0.03276979923248291
126,NY,0.08041241993476639,0.5928,0.5928,83,0.03276979923248291
126,TX,0.863521085278248,0.6272,0.6272,849,0.03276979923248291
127,CA,0.0550269573711749,0.5948,0.5948,56,0.035063087940216064
127,NY,0.07894130555099589,0.591,0.591,83,0.035063087940216064
127,TX,0.8660317370778292,0.6272,0.6272,861,0.035063087940216064
128,CA,0.05408553230154032,0.5834,0.5834,50,0.03228417783975601
128,NY,0.07740586456135157,0.5932,0.5932,75,0.03228417783975601
128,TX,0.8685086031371081,0.62,0.62,875,0.03228417783975601
129,CA,0.0529962215642178,0.5834,0.5834,57,0.03235957771539688
129,NY,0.07631630265067914,0.5932,0.5932,67,0.03235957771539688
129,TX,0.870687475785103,0.62,0.62,876,0.03235957771539688
130,CA,0.05192663065475313,0.592,0.592,52,0.032468922436237335
130,NY,0.07523886149876233,0.593,0.593,67,0.032468922436237335
130,TX,0.8728345078464845,0.6256,0.6256,881,0.032468922436237335
131,CA,0.05098499423027876,0.5948,0.5948,50,0.03241002559661865
131,NY,0.07392088514095246,0.591,0.591,77,0.03241002559661865
131,TX,0.8750941206287687,0.6272,0.6272,873,0.03241002559661865
132,CA,0.05010306498339492,0.5912,0.5912,51,0.032337598502635956
132,NY,0.07246912718833656,0.593,0.593,66,0.032337598502635956
132,TX,0.8774278078282686,0.626,0.626,883,0.032337598502635956
133,CA,0.0491557560815608,0.5948,0.5948,43,0.03229651600122452
133,NY,0.07117936723534635,0.591,0.591,81,0.03229651600122452
133,TX,0.8796648766830928,0.6272,0.6272,876,0.03229651600122452
134,CA,0.04830075100313653,0.5784,0.5784,50,0.03274029493331909
134,NY,0.06977463583029023,0.5926,0.5926,59,0.03274029493331909
134,TX,0.8819246131665733,0.6188,0.6188,891,0.03274029493331909
135,CA,0.047205532576692896,0.5924,0.5924,59,0.03224983811378479
135,NY,0.068805988093641,0.5928,0.5928,58,0.03224983811378479
135,TX,0.8839884793296662,0.6268,0.6268,883,0.03224983811378479
136,CA,0.04632018050054078,0.5926,0.5926,45,0.03262300044298172
136,NY,0.06753247327597553,0.5922,0.5922,85,0.03262300044298172
136,TX,0.8861473462234837,0.6268,0.6268,870,0.03262300044298172
137,CA,0.045455951540861975,0.591,0.591,45,0.03235265612602234
137,NY,0.06625582619500653,0.5934,0.5934,75,0.03235265612602234
137,TX,0.8882882222641314,0.625,0.625,880,0.03235265612602234
138,CA,0.044604765513986545,0.5686,0.5686,29,0.032240040600299835
138,NY,0.06511322623409928,0.6016,0.6016,74,0.032240040600299835
138,TX,0.8902820082519142,0.5978,0.5978,897,0.032240040600299835
139,CA,0.04381854112666855,0.5922,0.5922,38,0.03241709619760513
139,NY,0.06531120812878134,0.5928,0.5928,62,0.03241709619760513
139,TX,0.8908702507445502,0.627,0.627,900,0.03241709619760513
140,CA,0.04298059309655633,0.5948,0.5948,44,0.032468803226947784
140,NY,0.0640863938835589,0.591,0.591,71,0.032468803226947784
140,TX,0.8929330130198848,0.6272,0.6272,885,0.032468803226947784
141,CA,0.042221113383651795,0.5926,0.5926,43,0.032347820699214935
141,NY,0.0628039652818525,0.5922,0.5922,65,0.032347820699214935
141,TX,0.8949749213344957,0.6268,0.6268,892,0.032347820699214935
142,CA,0.041425609014090904,0.5948,0.5948,39,0.03251498192548752
142,NY,0.061605174675368746,0.591,0.591,74,0.03251498192548752
142,TX,0.8969692163105404,0.6272,0.6272,887,0.03251498192548752
143,CA,0.040690092399786146,0.5948,0.5948,39,0.03240448236465454
143,NY,0.060367184380229984,0.591,0.591,57,0.03240448236465454
143,TX,0.8989427232199839,0.6272,0.6272,904,0.03240448236465454
144,CA,0.03996594523469567,0.5942,0.5942,39,0.032357946038246155
144,NY,0.059151571297267835,0.5914,0.5914,75,0.032357946038246155
144,TX,0.9008824834680365,0.6274,0.6274,886,0.032357946038246155
145,CA,0.03923394075251099,0.5948,0.5948,31,0.03223811089992523
145,NY,0.05796617953356824,0.591,0.591,49,0.03223811089992523
145,TX,0.9027998797139208,0.6272,0.6272,920,0.03223811089992523
146,CA,0.03853252592928659,0.594,0.594,43,0.03251522034406662
146,NY,0.05679422500263583,0.5918,0.5918,58,0.03251522034406662
146,TX,0.9046732490680776,0.6268,0.6268,899,0.03251522034406662
147,CA,0.03783123975850149,0.5948,0.5948,42,0.03222021460533142
147,NY,0.05568361926466121,0.591,0.591,72,0.03222021460533142
147,TX,0.9064851409768373,0.6272,0.6272,886,0.03222021460533142
148,CA,0.03715197179826982,0.5948,0.5948,30,0.03222683072090149
148,NY,0.05455351052048129,0.591,0.591,67,0.03222683072090149
148,TX,0.9082945176812488,0.6272,0.6272,903,0.03222683072090149
149,CA,0.036483486732271274,0.5828,0.5828,40,0.03235878795385361
149,NY,0.053444266899439444,0.5946,0.5946,48,0.03235878795385361
149,TX,0.9100722463682893,0.619,0.619,912,0.03235878795385361
150,CA,0.035725653758863614,0.5948,0.5948,37,0.03211088478565216
150,NY,0.05272428391461649,0.591,0.591,55,0.03211088478565216
150,TX,0.9115500623265199,0.6272,0.6272,908,0.03211088478565216
151,CA,0.035080404193367956,0.5948,0.5948,39,0.032288894057273865
151,NY,0.05164865856874069,0.591,0.591,51,0.032288894057273865
151,TX,0.9132709372378914,0.6272,0.6272,910,0.032288894057273865
152,CA,0.03444553943523504,0.5948,0.5948,30,0.03222138434648514
152,NY,0.05059311281756816,0.591,0.591,53,0.03222138434648514
152,TX,0.9149613477471967,0.6272,0.6272,917,0.03222138434648514
153,CA,0.03382094009380145,0.5948,0.5948,43,0.03252466768026352
153,NY,0.04955734579328542,0.591,0.591,61,0.03252466768026352
153,TX,0.9166217141129132,0.6272,0.6272,896,0.03252466768026352
154,CA,0.03320648630460897,0.5948,0.5948,32,0.032297879457473755
154,NY,0.04854105817554905,0.591,0.591,46,0.032297879457473755
154,TX,0.9182524555198419,0.6272,0.6272,922,0.032297879457473755
155,CA,0.03260205781785536,0.5932,0.5932,30,0.03244224190711975
155,NY,0.0475439523165731,0.5924,0.5924,47,0.03244224190711975
155,TX,0.9198539898655715,0.6268,0.6268,923,0.03244224190711975
156,CA,0.03198238291089885,0.5922,0.5922,18,0.03230296075344086
156,NY,0.046616853670188155,0.5926,0.5926,53,0.03230296075344086
156,TX,0.921400763418913,0.6266,0.6266,929,0.03230296075344086
157,CA,0.031357771378048994,0.5948,0.5948,35,0.03224806487560272
157,NY,0.04571791552506922,0.591,0.591,33,0.03224806487560272
157,TX,0.9229243130968817,0.6272,0.6272,932,0.03224806487560272
158,CA,0.03078392148637306,0.5926,0.5926,23,0.032383404672145844
158,NY,0.0447743331881933,0.5924,0.5924,50,0.032383404672145844
158,TX,0.9244417453254337,0.6272,0.6272,927,0.032383404672145844
159,CA,0.030177998039916658,0.5948,0.5948,35,0.03231905400753021
159,NY,0.04388752274561622,0.591,0.591,45,0.03231905400753021
159,TX,0.9259344792144671,0.6272,0.6272,920,0.03231905400753021
160,CA,0.029623832784171605,0.5914,0.5914,31,0.03227011859416962
160,NY,0.0429789540183346,0.5938,0.5938,41,0.03227011859416962
160,TX,0.9273972131974937,0.625,0.625,928,0.03227011859416962
161,CA,0.029053073420704165,0.5896,0.5896,35,0.032278284430503845
161,NY,0.042214450899149124,0.5922,0.5922,43,0.032278284430503845
161,TX,0.9287324756801467,0.6258,0.6258,922,0.032278284430503845
162,CA,0.02844940284302291,0.5792,0.5792,37,0.032309867441654205
162,NY,0.041404923196209295,0.5964,0.5964,31,0.032309867441654205
162,TX,0.9301456739607677,0.616,0.616,932,0.032309867441654205
163,CA,0.027833555026298782,0.585,0.585,33,0.03209220618009567
163,NY,0.04094982896294839,0.5948,0.5948,38,0.03209220618009567
163,TX,0.9312166160107529,0.6238,0.6238,929,0.03209220618009567
164,CA,0.027206475579316325,0.5932,0.5932,30,0.032225608825683594
164,NY,0.04027473190055057,0.592,0.592,33,0.032225608825683594
164,TX,0.9325187925201331,0.6266,0.6266,937,0.032225608825683594
165,CA,0.026685597275668497,0.5828,0.5828,27,0.03215469419956207
165,NY,0.03947390267039972,0.5954,0.5954,43,0.03215469419956207
165,TX,0.9338405000539318,0.6246,0.6246,930,0.03215469419956207
166,CA,0.02603534040217702,0.5948,0.5948,27,0.0320432111620903
166,NY,0.03881860682276845,0.591,0.591,43,0.0320432111620903
166,TX,0.9351460527750546,0.6272,0.6272,930,0.0320432111620903
167,CA,0.02555225063157092,0.594,0.594,20,0.03228402137756348
167,NY,0.03800754302129917,0.5916,0.5916,34,0.03228402137756348
167,TX,0.93644020634713,0.6274,0.6274,946,0.03228402137756348
168,CA,0.025061925462156315,0.5882,0.5882,30,0.032083556056022644
168,NY,0.03722208397137487,0.5932,0.5932,41,0.032083556056022644
168,TX,0.9377159905664688,0.626,0.626,929,0.032083556056022644
169,CA,0.024511991103480037,0.5948,0.5948,13,0.032073862850666046
169,NY,0.03651993088273435,0.591,0.591,40,0.032073862850666046
169,TX,0.9389680780137856,0.6272,0.6272,947,0.032073862850666046
170,CA,0.02405520481627811,0.5902,0.5902,19,0.032306209206581116
170,NY,0.03575397797474642,0.5922,0.5922,44,0.032306209206581116
170,TX,0.9401908172089755,0.6252,0.6252,937,0.032306209206581116
171,CA,0.023566474103471683,0.5926,0.5926,24,0.03215330094099045
171,NY,0.03507161703059755,0.5922,0.5922,45,0.03215330094099045
171,TX,0.9413619088659307,0.6268,0.6268,931,0.03215330094099045
172,CA,0.023099714412932695,0.5948,0.5948,21,0.032473720610141754
172,NY,0.034368351272411536,0.591,0.591,50,0.032473720610141754
172,TX,0.9425319343146558,0.6272,0.6272,929,0.032473720610141754
173,CA,0.022667521544518423,0.5948,0.5948,20,0.03220529109239578
173,NY,0.033644964758931056,0.591,0.591,32,0.03220529109239578
173,TX,0.9436875136965505,0.6272,0.6272,948,0.03220529109239578
174,CA,0.02224286491025729,0.5948,0.5948,27,0.03233809769153595
174,NY,0.032935989643651194,0.591,0.591,38,0.03233809769153595
174,TX,0.9448211454460915,0.6272,0.6272,935,0.03233809769153595
175,CA,0.021825634428608274,0.5948,0.5948,23,0.03226199001073837
175,NY,0.03224117215244453,0.591,0.591,29,0.03226199001073837
175,TX,0.9459331934189472,0.6272,0.6272,948,0.03226199001073837
176,CA,0.021415720787271164,0.592,0.592,17,0.03224862366914749
176,NY,0.03156026161064012,0.5928,0.5928,27,0.03224862366914749
176,TX,0.9470240176020887,0.6254,0.6254,956,0.03224862366914749
177,CA,0.02099818596717725,0.5912,0.5912,18,0.03219468891620636
177,NY,0.030960492447417432,0.593,0.593,41,0.03219468891620636
177,TX,0.9480413215854053,0.626,0.626,941,0.03219468891620636
178,CA,0.0205709487841214,0.5818,0.5818,29,0.03201816976070404
178,NY,0.030364868924229283,0.592,0.592,35,0.03201816976070404
178,TX,0.9490641822916493,0.6244,0.6244,936,0.03201816976070404
179,CA,0.020054439137401087,0.594,0.594,23,0.03244858235120773
179,NY,0.02979333367603764,0.5914,0.5914,38,0.03244858235120773
179,TX,0.9501522271865613,0.6272,0.6272,939,0.03244858235120773
180,CA,0.01966620322460087,0.5804,0.5804,17,0.032266706228256226
180,NY,0.029168905899166462,0.591,0.591,23,0.032266706228256226
180,TX,0.9511648908762327,0.6228,0.6228,960,0.032266706228256226
181,CA,0.019173181888190293,0.5948,0.5948,22,0.032150670886039734
181,NY,0.02862839281390753,0.591,0.591,34,0.032150670886039734
181,TX,0.9521984252979021,0.6272,0.6272,944,0.032150670886039734
182,CA,0.018810576520438032,0.5932,0.5932,15,0.032152555882930756
182,NY,0.028020045380341,0.592,0.592,22,0.032152555882930756
182,TX,0.9531693780992209,0.6264,0.6264,963,0.032152555882930756
183,CA,0.018444606454866473,0.5932,0.5932,25,0.03220631927251816
183,NY,0.027454205930560638,0.592,0.592,37,0.03220631927251816
183,TX,0.9541011876145729,0.6266,0.6266,938,0.03220631927251816
184,CA,0.01808328095157662,0.5914,0.5914,18,0.032024554908275604
184,NY,0.026896111041572315,0.5938,0.5938,19,0.032024554908275604
184,TX,0.9550206080068511,0.625,0.625,963,0.032024554908275604
185,CA,0.017725155259750082,0.5932,0.5932,23,0.032180920243263245
185,NY,0.026403212805220986,0.5924,0.5924,20,0.032180920243263245
185,TX,0.9558716319350289,0.6268,0.6268,957,0.032180920243263245
186,CA,0.017375120904591097,0.5938,0.5938,17,0.03195175528526306
186,NY,0.025868809018019856,0.592,0.592,29,0.03195175528526306
186,TX,0.956756070077389,0.6268,0.6268,954,0.03195175528526306
187,CA,0.0170380964269674,0.5912,0.5912,13,0.03199831396341324
187,NY,0.025338383908526028,0.593,0.593,29,0.03199831396341324
187,TX,0.9576235196645065,0.626,0.626,958,0.03199831396341324
188,CA,0.016688110631657923,0.5948,0.5948,18,0.03219301253557205
188,NY,0.02484597340630979,0.591,0.591,32,0.03219301253557205
188,TX,0.9584659159620322,0.6272,0.6272,950,0.03219301253557205
189,CA,0.016370313443430644,0.594,0.594,12,0.03213384002447128
189,NY,0.024314749153271985,0.5914,0.5914,28,0.03213384002447128
189,TX,0.9593149374032973,0.6272,0.6272,960,0.03213384002447128
190,CA,0.016050254477376683,0.5832,0.5832,24,0.03203771263360977
190,NY,0.023800482294864107,0.5954,0.5954,25,0.03203771263360977
190,TX,0.9601492632277592,0.619,0.619,951,0.03203771263360977
191,CA,0.01570636805761429,0.58,0.58,7,0.0319887176156044
191,NY,0.023470017424881844,0.5924,0.5924,21,0.0319887176156044
191,TX,0.9608236145175039,0.618,0.618,972,0.0319887176156044
192,CA,0.015348853189159361,0.5948,0.5948,24,0.032164596021175385
192,NY,0.023115785496076794,0.591,0.591,28,0.032164596021175385
192,TX,0.9615353613147638,0.6272,0.6272,948,0.032164596021175385
193,CA,0.0150555780645425,0.5874,0.5874,15,0.03196655958890915
193,NY,0.022620078688428472,0.593,0.593,26,0.03196655958890915
193,TX,0.962324343247029,0.626,0.626,959,0.03196655958890915
194,CA,0.014710180794609694,0.594,0.594,6,0.03205011039972305
194,NY,0.022179108555117646,0.5914,0.5914,20,0.03205011039972305
194,TX,0.9631107106502727,0.6272,0.6272,974,0.03205011039972305
195,CA,0.014421412280469961,0.569,0.569,16,0.032034099102020264
195,NY,0.021708254550818696,0.6012,0.6012,15,0.032034099102020264
195,TX,0.9638703331687113,0.5986,0.5986,969,0.032034099102020264
196,CA,0.01415766315799672,0.5926,0.5926,10,0.03205488622188568
196,NY,0.021748601008363858,0.5926,0.5926,22,0.03205488622188568
196,TX,0.9640937358336394,0.6272,0.6272,968,0.03205488622188568
197,CA,0.013867208926931603,0.587,0.587,9,0.03224415332078934
197,NY,0.021302413448161993,0.5942,0.5942,28,0.03224415332078934
197,TX,0.9648303776249064,0.6242,0.6242,963,0.03224415332078934
198,CA,0.013559241828055114,0.5922,0.5922,15,0.03214416652917862
198,NY,0.020923822881239958,0.5924,0.5924,16,0.03214416652917862
198,TX,0.9655169352907049,0.6254,0.6254,969,0.03214416652917862
199,CA,0.013291611883464605,0.5874,0.5874,9,0.03234923630952835
199,NY,0.02051340853743206,0.593,0.593,23,0.03234923630952835
199,TX,0.9661949795791033,0.626,0.626,968,0.03234923630952835
200,CA,0.012985582737019183,0.5948,0.5948,15,0.03228655457496643
200,NY,0.020111803702582285,0.591,0.591,25,0.03228655457496643
200,TX,0.9669026135603985,0.6272,0.6272,960,0.03228655457496643
201,CA,0.01273601169293015,0.5926,0.5926,22,0.03219957649707794
201,NY,0.019678272923190243,0.5924,0.5924,21,0.03219957649707794
201,TX,0.9675857153838796,0.6272,0.6272,957,0.03219957649707794
202,CA,0.012473826904442008,0.5948,0.5948,11,0.039441123604774475
202,NY,0.019270753721851504,0.591,0.591,17,0.039441123604774475
202,TX,0.9682554193737065,0.6272,0.6272,972,0.039441123604774475
203,CA,0.01223373752925886,0.5948,0.5948,11,0.03270462155342102
203,NY,0.018854807348351977,0.591,0.591,16,0.03270462155342102
203,TX,0.9689114551223891,0.6272,0.6272,973,0.03270462155342102
204,CA,0.011998100766968101,0.5872,0.5872,11,0.032408714294433594
204,NY,0.01844757983097734,0.5944,0.5944,23,0.032408714294433594
204,TX,0.9695543194020545,0.6244,0.6244,966,0.032408714294433594
205,CA,0.011730554813230014,0.5918,0.5918,14,0.03273671865463257
205,NY,0.018118034295416998,0.593,0.593,14,0.03273671865463257
205,TX,0.970151410891353,0.6266,0.6266,972,0.03273671865463257
206,CA,0.011486769379557758,0.588,0.588,13,0.03257758915424347
206,NY,0.01775487836788943,0.595,0.595,13,0.03257758915424347
206,TX,0.9707583522525528,0.6256,0.6256,974,0.03257758915424347
207,CA,0.011227816905800861,0.5902,0.5902,19,0.03255263715982437
207,NY,0.017431120729092003,0.5922,0.5922,17,0.03255263715982437
207,TX,0.9713410623651072,0.6252,0.6252,964,0.03255263715982437
208,CA,0.01099256550077005,0.581,0.581,15,0.03265149146318436
208,NY,0.01708735811889569,0.5908,0.5908,21,0.03265149146318436
208,TX,0.9719200763803343,0.6212,0.6212,964,0.03265149146318436
209,CA,0.010726349559597635,0.5832,0.5832,15,0.032349444925785065
209,NY,0.016776892348517147,0.5954,0.5954,13,0.032349444925785065
209,TX,0.9724967580918853,0.619,0.619,972,0.032349444925785065
210,CA,0.010494219557190574,0.5942,0.5942,15,0.03221870958805084
210,NY,0.016540305413905172,0.5914,0.5914,13,0.03221870958805084
210,TX,0.9729654750289042,0.6274,0.6274,972,0.03221870958805084
211,CA,0.010286096499751415,0.5822,0.5822,12,0.032278113067150116
211,NY,0.016183800702346367,0.5902,0.5902,15,0.032278113067150116
211,TX,0.9735301027979023,0.621,0.621,973,0.032278113067150116
212,CA,0.010045452371541334,0.5882,0.5882,13,0.032471947371959686
212,NY,0.01588509421810378,0.5924,0.5924,19,0.032471947371959686
212,TX,0.9740694534103549,0.626,0.626,968,0.032471947371959686
213,CA,0.009817438663687974,0.5756,0.5756,9,0.03209833800792694
213,NY,0.015565585812028439,0.6008,0.6008,13,0.03209833800792694
213,TX,0.9746169755242836,0.6092,0.6092,978,0.03209833800792694
214,CA,0.009615203382610222,0.5948,0.5948,7,0.03227192908525467
214,NY,0.015488767185682475,0.591,0.591,16,0.03227192908525467
214,TX,0.9748960294317073,0.6272,0.6272,977,0.03227192908525467
215,CA,0.009428804327992637,0.5948,0.5948,15,0.0322742834687233
215,NY,0.015152313688421803,0.591,0.591,9,0.0322742834687233
215,TX,0.9754188819835855,0.6272,0.6272,976,0.0322742834687233
216,CA,0.009245915203252977,0.5948,0.5948,11,0.03228031098842621
216,NY,0.01482300272037656,0.591,0.591,19,0.03228031098842621
216,TX,0.9759310820763705,0.6272,0.6272,970,0.03228031098842621
217,CA,0.009066474061136746,0.5786,0.5786,7,0.032130517065525055
217,NY,0.014500689669299193,0.5944,0.5944,7,0.032130517065525055
217,TX,0.9764328362695641,0.6182,0.6182,986,0.032130517065525055
218,CA,0.008848452960282312,0.5916,0.5916,15,0.03231826424598694
218,NY,0.01429363765687049,0.593,0.593,17,0.03231826424598694
218,TX,0.9768579093828471,0.626,0.626,968,0.03231826424598694
219,CA,0.008665389138543124,0.5912,0.5912,8,0.034427329897880554
219,NY,0.014010232351801311,0.593,0.593,17,0.034427329897880554
219,TX,0.9773243785096556,0.626,0.626,975,0.034427329897880554
220,CA,0.008483916361223389,0.5932,0.5932,12,0.032259464263916016
220,NY,0.013732343284259934,0.5924,0.5924,12,0.032259464263916016
220,TX,0.9777837403545167,0.6268,0.6268,976,0.032259464263916016
221,CA,0.008312559572920191,0.5948,0.5948,10,0.0320126935839653
221,NY,0.01344822340314793,0.591,0.591,10,0.0320126935839653
221,TX,0.9782392170239319,0.6272,0.6272,980,0.0320126935839653
222,CA,0.0081508316614968,0.592,0.592,7,0.03197340667247772
222,NY,0.013155156551417432,0.5928,0.5928,11,0.03197340667247772
222,TX,0.9786940117870857,0.627,0.627,982,0.03197340667247772
223,CA,0.007979096570930199,0.5938,0.5938,8,0.03203444182872772
223,NY,0.012884453483704636,0.592,0.592,13,0.03203444182872772
223,TX,0.9791364499453652,0.6268,0.6268,979,0.03203444182872772
224,CA,0.007820660188032675,0.5948,0.5948,10,0.03215458244085312
224,NY,0.012614351760245768,0.591,0.591,16,0.03215458244085312
224,TX,0.9795649880517215,0.6272,0.6272,974,0.03215458244085312
225,CA,0.00766828513527323,0.5926,0.5926,5,0.03197355568408966
225,NY,0.012339106915778787,0.5922,0.5922,9,0.03197355568408966
225,TX,0.9799926079489479,0.6268,0.6268,986,0.03197355568408966
226,CA,0.007510257492724065,0.582,0.582,4,0.03207200765609741
226,NY,0.012081787964122346,0.5928,0.5928,11,0.03207200765609741
226,TX,0.9804079545431537,0.6208,0.6208,985,0.03207200765609741
227,CA,0.0073333200009181275,0.5948,0.5948,3,0.0320015624165535
227,NY,0.011877684541779246,0.591,0.591,11,0.0320015624165535
227,TX,0.9807889954573026,0.6272,0.6272,986,0.0320015624165535
228,CA,0.007190252425545533,0.5948,0.5948,6,0.03214961290359497
228,NY,0.0116182104812288,0.591,0.591,15,0.03214961290359497
228,TX,0.9811915370932257,0.6272,0.6272,979,0.03214961290359497
229,CA,0.007049915187922566,0.5822,0.5822,11,0.032414309680461884
229,NY,0.011364306749805982,0.5902,0.5902,12,0.032414309680461884
229,TX,0.9815857780622714,0.621,0.621,977,0.032414309680461884
230,CA,0.006883817560404934,0.5924,0.5924,7,0.031771220266819
230,NY,0.011152668057841571,0.5934,0.5934,8,0.031771220266819
230,TX,0.9819635143817536,0.627,0.627,985,0.031771220266819
231,CA,0.006739964396420679,0.594,0.594,14,0.03222397714853287
231,NY,0.010926464794098902,0.5916,0.5916,20,0.03222397714853287
231,TX,0.9823335708094805,0.6274,0.6274,966,0.03222397714853287
232,CA,0.006604137434297024,0.5878,0.5878,6,0.03194788098335266
232,NY,0.010690149634854757,0.5936,0.5936,8,0.03194788098335266
232,TX,0.9827057129308483,0.6264,0.6264,986,0.03194788098335266
233,CA,0.006449800256624853,0.5764,0.5764,6,0.03164307028055191
233,NY,0.010478460255168458,0.6022,0.6022,11,0.03164307028055191
233,TX,0.9830717394882067,0.6114,0.6114,983,0.03164307028055191
234,CA,0.006310970690832736,0.594,0.594,3,0.03221295028924942
234,NY,0.010420718630756848,0.5914,0.5914,12,0.03221295028924942
234,TX,0.9832683106784104,0.6272,0.6272,985,0.03221295028924942
235,CA,0.006184421237791066,0.5874,0.5874,11,0.032277852296829224
235,NY,0.010195102724085697,0.594,0.594,14,0.032277852296829224
235,TX,0.9836204760381233,0.6246,0.6246,975,0.032277852296829224
236,CA,0.006044827498723739,0.5948,0.5948,8,0.03243781626224518
236,NY,0.010006412362442063,0.591,0.591,11,0.03243781626224518
236,TX,0.9839487601388343,0.6272,0.6272,981,0.03243781626224518
237,CA,0.005926498514105617,0.5916,0.5916,3,0.03254133462905884
237,NY,0.009787158388899837,0.593,0.593,13,0.03254133462905884
237,TX,0.9842863430969946,0.626,0.626,984,0.03254133462905884
238,CA,0.005802996513441644,0.5948,0.5948,3,0.032475389540195465
238,NY,0.009591633852692646,0.591,0.591,8,0.032475389540195465
238,TX,0.9846053696338658,0.6272,0.6272,989,0.032475389540195465
239,CA,0.00568932150889135,0.5948,0.5948,6,0.032244905829429626
239,NY,0.00938133645037418,0.591,0.591,10,0.032244905829429626
239,TX,0.9849293420407345,0.6272,0.6272,984,0.032244905829429626
240,CA,0.005577834552649199,0.594,0.594,3,0.21115292608737946
240,NY,0.009175586119974788,0.5918,0.5918,11,0.21115292608737946
240,TX,0.985246579327376,0.627,0.627,986,0.21115292608737946
241,CA,0.005466404433166947,0.58,0.58,11,0.032000087201595306
241,NY,0.008979871679331588,0.5924,0.5924,10,0.032000087201595306
241,TX,0.9855537238875015,0.618,0.618,979,0.032000087201595306
242,CA,0.005339465758826422,0.5794,0.5794,10,0.03207102417945862
242,NY,0.008840183064113515,0.5966,0.5966,7,0.03207102417945862
242,TX,0.98582035117706,0.6164,0.6164,983,0.03207102417945862
243,CA,0.005218446294830348,0.5948,0.5948,5,0.03223038464784622
243,NY,0.008733908994355893,0.591,0.591,13,0.03223038464784622
243,TX,0.9860476447108137,0.6272,0.6272,982,0.03223038464784622
244,CA,0.005116064833285658,0.594,0.594,5,0.031981006264686584
244,NY,0.008542154774660764,0.5918,0.5918,10,0.031981006264686584
244,TX,0.9863417803920536,0.627,0.627,985,0.031981006264686584
245,CA,0.005013743925728669,0.5948,0.5948,6,0.03178635984659195
245,NY,0.008359758447344014,0.591,0.591,9,0.03178635984659195
245,TX,0.9866264976269273,0.6272,0.6272,985,0.03178635984659195
246,CA,0.004915317583835892,0.5908,0.5908,2,0.032087765634059906
246,NY,0.008176117345646742,0.5926,0.5926,7,0.032087765634059906
246,TX,0.9869085650705174,0.625,0.625,991,0.032087765634059906
247,CA,0.004813151603351935,0.594,0.594,8,0.03283166140317917
247,NY,0.008015233945621963,0.592,0.592,7,0.03283166140317917
247,TX,0.9871716144510261,0.6268,0.6268,985,0.03283166140317917
248,CA,0.004717374115993651,0.5948,0.5948,2,0.03202824294567108
248,NY,0.007845881198804808,0.591,0.591,9,0.03202824294567108
248,TX,0.9874367446852015,0.6272,0.6272,989,0.03202824294567108
249,CA,0.004624685716604364,0.5894,0.5894,2,0.031931743025779724
249,NY,0.007673395536006929,0.5918,0.5918,7,0.031931743025779724
249,TX,0.9877019187473887,0.6254,0.6254,991,0.031931743025779724
250,CA,0.004523437208820055,0.5948,0.5948,7,0.032002002000808716
250,NY,0.007516734635035869,0.591,0.591,2,0.032002002000808716
250,TX,0.9879598281561441,0.6272,0.6272,991,0.032002002000808716
251,CA,0.00443450973165541,0.5772,0.5772,5,0.03190067410469055
251,NY,0.0073514027658262635,0.5978,0.5978,9,0.03190067410469055
251,TX,0.9882140875025183,0.6154,0.6154,986,0.03190067410469055
252,CA,0.004330446089061146,0.5948,0.5948,7,0.031997114419937134
252,NY,0.007272653388725302,0.591,0.591,6,0.031997114419937134
252,TX,0.9883969005222136,0.6272,0.6272,987,0.031997114419937134
253,CA,0.004245273301008094,0.5912,0.5912,5,0.031659163534641266
253,NY,0.007112624157735818,0.593,0.593,6,0.031659163534641266
253,TX,0.9886421025412561,0.626,0.626,989,0.031659163534641266
254,CA,0.0041553924447506,0.5948,0.5948,5,0.03198149800300598
254,NY,0.006969911402572082,0.591,0.591,7,0.03198149800300598
254,TX,0.9888746961526773,0.6272,0.6272,988,0.03198149800300598
255,CA,0.00407362103014202,0.5924,0.5924,4,0.03184283524751663
255,NY,0.006816474093856368,0.5928,0.5928,4,0.03184283524751663
255,TX,0.9891099048760016,0.6272,0.6272,992,0.03184283524751663
256,CA,0.003987422806740407,0.592,0.592,2,0.03178180009126663
256,NY,0.006673912848983387,0.5928,0.5928,6,0.03178180009126663
256,TX,0.9893386643442762,0.627,0.627,992,0.03178180009126663
257,CA,0.0039025276507245465,0.5948,0.5948,1,0.03171931952238083
257,NY,0.006535102671423203,0.591,0.591,7,0.03171931952238083
257,TX,0.9895623696778523,0.6272,0.6272,992,0.03171931952238083
258,CA,0.003825675925508938,0.5702,0.5702,4,0.031833477318286896
258,NY,0.006391143323420341,0.6024,0.6024,5,0.031833477318286896
258,TX,0.9897831807510706,0.6028,0.6028,991,0.031833477318286896
259,CA,0.003748161579641149,0.5828,0.5828,3,0.032362014055252075
259,NY,0.006390055743798692,0.595,0.595,6,0.032362014055252075
259,TX,0.9898617826765601,0.6206,0.6206,991,0.032362014055252075
260,CA,0.0036614265439050106,0.588,0.588,8,0.03227505087852478
260,NY,0.006290299349296338,0.595,0.595,2,0.03227505087852478
260,TX,0.9900482741067986,0.6256,0.6256,990,0.03227505087852478
261,CA,0.003577464604866325,0.5948,0.5948,1,0.03219737112522125
261,NY,0.006173145634493238,0.591,0.591,10,0.03219737112522125
261,TX,0.9902493897606404,0.6272,0.6272,989,0.03219737112522125
262,CA,0.0035069633339966503,0.5704,0.5704,5,0.03222517669200897
262,NY,0.006037071996214038,0.6016,0.6016,6,0.03222517669200897
262,TX,0.9904559646697894,0.5994,0.5994,989,0.03222517669200897
263,CA,0.003443566150512723,0.5942,0.5942,5,0.0321020632982254
263,NY,0.0060457103120728104,0.5914,0.5914,6,0.0321020632982254
263,TX,0.9905107235374145,0.6274,0.6274,989,0.0321020632982254
264,CA,0.0033740034605593615,0.5894,0.5894,4,0.032034531235694885
264,NY,0.0059131783212939435,0.5918,0.5918,6,0.032034531235694885
264,TX,0.9907128182181467,0.6254,0.6254,990,0.032034531235694885
265,CA,0.003299924671416399,0.5902,0.5902,5,0.031784407794475555
265,NY,0.005792082914555819,0.5922,0.5922,6,0.031784407794475555
265,TX,0.9909079924140278,0.6252,0.6252,989,0.031784407794475555
266,CA,0.003229467440183521,0.5948,0.5948,4,0.031816259026527405
266,NY,0.005675544390445005,0.591,0.591,4,0.031816259026527405
266,TX,0.9910949881693715,0.6272,0.6272,992,0.031816259026527405
267,CA,0.0031657671734345114,0.594,0.594,2,0.03188373148441315
267,NY,0.005550339372475667,0.5916,0.5916,6,0.03188373148441315
267,TX,0.9912838934540898,0.6274,0.6274,992,0.03188373148441315
268,CA,0.0031013746178802305,0.5948,0.5948,3,0.032007016241550446
268,NY,0.005429257110486655,0.591,0.591,7,0.032007016241550446
268,TX,0.9914693682716331,0.6272,0.6272,990,0.032007016241550446
269,CA,0.003040176527107285,0.5932,0.5932,5,0.03198292851448059
269,NY,0.005309442657814351,0.5924,0.5924,6,0.03198292851448059
269,TX,0.9916503808150784,0.6268,0.6268,989,0.03198292851448059
270,CA,0.0029779059103655138,0.5948,0.5948,5,0.03204679489135742
270,NY,0.005198080203037193,0.591,0.591,6,0.03204679489135742
270,TX,0.9918240138865974,0.6272,0.6272,989,0.03204679489135742
271,CA,0.0029191219810170105,0.5796,0.5796,2,0.031854256987571716
271,NY,0.0050833287833286995,0.5958,0.5958,6,0.031854256987571716
271,TX,0.9919975492356543,0.617,0.617,992,0.031854256987571716
272,CA,0.002851987505457262,0.5948,0.5948,5,0.031912244856357574
272,NY,0.005017355934646846,0.591,0.591,3,0.031912244856357574
272,TX,0.9921306565598959,0.6272,0.6272,992,0.031912244856357574
273,CA,0.0027956709555725327,0.5914,0.5914,5,0.03169696778059006
273,NY,0.004906562100777562,0.5938,0.5938,5,0.03169696778059006
273,TX,0.9922977669436499,0.625,0.625,990,0.03169696778059006
274,CA,0.002738281333529906,0.5922,0.5922,5,0.032050348818302155
274,NY,0.004813087754891703,0.5926,0.5926,7,0.032050348818302155
274,TX,0.9924486309115784,0.6266,0.6266,988,0.032050348818302155
275,CA,0.0026807959920541716,0.5932,0.5932,2,0.031931690871715546
275,NY,0.0047132293288236395,0.592,0.592,6,0.031931690871715546
275,TX,0.9926059746791221,0.6264,0.6264,992,0.031931690871715546
276,CA,0.00262647797694003,0.5872,0.5872,4,0.0316951721906662
276,NY,0.004614252277017696,0.5944,0.5944,1,0.0316951721906662
276,TX,0.9927592697460423,0.6244,0.6244,995,0.0316951721906662
277,CA,0.0025667027376627192,0.5884,0.5884,4,0.031725578010082245
277,NY,0.004529693079568037,0.594,0.594,2,0.031725578010082245
277,TX,0.9929036041827692,0.6254,0.6254,994,0.031725578010082245
278,CA,0.0025086413677550268,0.5902,0.5902,5,0.03187650442123413
278,NY,0.004442835370369422,0.5922,0.5922,1,0.03187650442123413
278,TX,0.9930485232618755,0.6252,0.6252,994,0.03187650442123413
279,CA,0.0024549698420204187,0.587,0.587,2,0.03197511285543442
279,NY,0.004353250645072062,0.594,0.594,8,0.03197511285543442
279,TX,0.9931917795129075,0.6256,0.6256,990,0.03197511285543442
280,CA,0.0023970189626312177,0.5948,0.5948,2,0.031707555055618286
280,NY,0.004269238051846052,0.591,0.591,2,0.031707555055618286
280,TX,0.9933337429855227,0.6272,0.6272,996,0.031707555055618286
281,CA,0.0023496260127001127,0.5948,0.5948,4,0.031817324459552765
281,NY,0.004174856921897104,0.591,0.591,3,0.031817324459552765
281,TX,0.9934755170654028,0.6272,0.6272,993,0.031817324459552765
282,CA,0.0023031630878859463,0.5792,0.5792,1,0.03178049623966217
282,NY,0.004082549873184872,0.5964,0.5964,3,0.03178049623966217
282,TX,0.9936142870389292,0.616,0.616,996,0.03178049623966217
283,CA,0.0022509443356094586,0.5948,0.5948,1,0.03170850872993469
283,NY,0.004033445065568588,0.591,0.591,4,0.03170850872993469
283,TX,0.993715610598822,0.6272,0.6272,995,0.03170850872993469
284,CA,0.0022064215236258663,0.5948,0.5948,2,0.03172384947538376
284,NY,0.003944244504283346,0.591,0.591,4,0.03172384947538376
284,TX,0.9938493339720907,0.6272,0.6272,994,0.03172384947538376
285,CA,0.0021627731456795945,0.5948,0.5948,2,0.03185412287712097
285,NY,0.003857005559102341,0.591,0.591,3,0.03185412287712097
285,TX,0.993980221295218,0.6272,0.6272,995,0.03185412287712097
286,CA,0.0021199822809799917,0.5948,0.5948,2,0.03192511200904846
286,NY,0.003771685568696015,0.591,0.591,5,0.03192511200904846
286,TX,0.994108332150324,0.6272,0.6272,993,0.03192511200904846
287,CA,0.0020780323258225465,0.582,0.582,0,0.025855883955955505
287,NY,0.0036882427790011383,0.5926,0.5926,1,0.025855883955955505
287,TX,0.9942337248951763,0.6182,0.6182,999,0.025855883955955505
288,CA,0.002031758629759061,0.594,0.594,2,0.031786687672138214
288,NY,0.0036302751844403155,0.5914,0.5914,5,0.031786687672138214
288,TX,0.9943379661858006,0.6272,0.6272,993,0.031786687672138214
289,CA,0.0019905458615368772,0.594,0.594,0,0.026016414165496826
289,NY,0.003550836362080101,0.5914,0.5914,5,0.026016414165496826
289,TX,0.994458617776383,0.6272,0.6272,995,0.026016414165496826
290,CA,0.001950164015980935,0.592,0.592,1,0.031845904886722565
290,NY,0.0034731268533583167,0.5928,0.5928,1,0.031845904886722565
290,TX,0.9945767091306608,0.627,0.627,998,0.031845904886722565
291,CA,0.0019084315059204107,0.5866,0.5866,1,0.03194721043109894
291,NY,0.003400511660993798,0.5942,0.5942,5,0.03194721043109894
291,TX,0.9946910568330858,0.6246,0.6246,994,0.03194721043109894
292,CA,0.001863994396381678,0.5948,0.5948,2,0.03217951953411102
292,NY,0.0033372415962347646,0.591,0.591,2,0.03217951953411102
292,TX,0.9947987640073835,0.6272,0.6272,996,0.03217951953411102
293,CA,0.0018270829238159212,0.5918,0.5918,5,0.031896427273750305
293,NY,0.003263362036575206,0.5926,0.5926,5,0.031896427273750305
293,TX,0.9949095550396089,0.6256,0.6256,990,0.031896427273750305
294,CA,0.001789280133561762,0.5828,0.5828,5,0.03205816447734833
294,NY,0.0031974484346803307,0.5954,0.5954,7,0.03205816447734833
294,TX,0.9950132714317579,0.6246,0.6246,988,0.03205816447734833
295,CA,0.0017434234672939015,0.5872,0.5872,2,0.03208519518375397
295,NY,0.003140303642740948,0.5954,0.5954,6,0.03208519518375397
295,TX,0.9951162728899651,0.6252,0.6252,992,0.03208519518375397
296,CA,0.0017028266625745215,0.5874,0.5874,4,0.031668104231357574
296,NY,0.0030830255938500994,0.5944,0.5944,2,0.031668104231357574
296,TX,0.9952141477435754,0.6246,0.6246,994,0.031668104231357574
297,CA,0.0016639956792416834,0.5926,0.5926,1,0.0316898375749588
297,NY,0.0030260060526415976,0.5924,0.5924,2,0.0316898375749588
297,TX,0.9953099982681167,0.627,0.627,997,0.0316898375749588
298,CA,0.0016289756097875511,0.5948,0.5948,1,0.03183870017528534
298,NY,0.0029619494161335688,0.591,0.591,2,0.03183870017528534
298,TX,0.9954090749740788,0.6272,0.6272,997,0.03183870017528534
299,CA,0.0015966972567917367,0.5948,0.5948,4,0.031800299882888794
299,NY,0.0028963403020586245,0.591,0.591,3,0.031800299882888794
299,TX,0.9955069624411496,0.6272,0.6272,993,0.031800299882888794
300,CA,0.0015650552128041706,0.5872,0.5872,1,0.03146404027938843
300,NY,0.0028321785180261735,0.5944,0.5944,2,0.03146404027938843
300,TX,0.9956027662691697,0.6244,0.6244,997,0.03146404027938843
301,CA,0.0015293490607204148,0.5912,0.5912,0,0.02590649574995041
301,NY,0.0027801178905807883,0.593,0.593,4,0.02590649574995041
301,TX,0.9956905330486988,0.626,0.626,996,0.02590649574995041
302,CA,0.0014967510469185864,0.5932,0.5932,2,0.031795158982276917
302,NY,0.0027239376850979103,0.5924,0.5924,2,0.031795158982276917
302,TX,0.9957793112679835,0.6268,0.6268,996,0.031795158982276917
303,CA,0.0014659668421487298,0.594,0.594,0,0.025899723172187805
303,NY,0.002666573851218631,0.592,0.592,1,0.025899723172187805
303,TX,0.9958674593066327,0.6268,0.6268,999,0.025899723172187805
304,CA,0.0014365340090910527,0.5922,0.5922,1,0.031625643372535706
304,NY,0.0026097573364966134,0.5924,0.5924,2,0.031625643372535706
304,TX,0.9959537086544124,0.6254,0.6254,997,0.031625643372535706
305,CA,0.0014073075969176627,0.5948,0.5948,0,0.026040539145469666
305,NY,0.0025569827396831816,0.591,0.591,2,0.026040539145469666
305,TX,0.9960357096633992,0.6272,0.6272,998,0.026040539145469666
306,CA,0.0013794031054969484,0.5902,0.5902,0,0.025799088180065155
306,NY,0.0025003103371222146,0.5922,0.5922,7,0.025799088180065155
306,TX,0.9961202865573808,0.6252,0.6252,993,0.025799088180065155
307,CA,0.0013498051676725984,0.5838,0.5838,0,0.027715012431144714
307,NY,0.002449738197410812,0.5946,0.5946,2,0.027715012431144714
307,TX,0.9962004566349165,0.6182,0.6182,998,0.027715012431144714
308,CA,0.0013211958691281378,0.5926,0.5926,1,0.03204188495874405
308,NY,0.00241416648096172,0.5922,0.5922,5,0.03204188495874405
308,TX,0.9962646376499101,0.6268,0.6268,994,0.03204188495874405
309,CA,0.001293522889751967,0.5918,0.5918,0,0.025829575955867767
309,NY,0.0023630071462942106,0.5926,0.5926,1,0.025829575955867767
309,TX,0.9963434699639538,0.6256,0.6256,999,0.025829575955867767
310,CA,0.001266722377222282,0.5948,0.5948,3,0.03163732588291168
310,NY,0.0023152109640003932,0.591,0.591,2,0.03163732588291168
310,TX,0.9964180666587774,0.6272,0.6272,995,0.03163732588291168
311,CA,0.0012415952946155991,0.5946,0.5946,0,0.02582813799381256
311,NY,0.0022638786224796273,0.5912,0.5912,2,0.02582813799381256
311,TX,0.9964945260829048,0.6274,0.6274,998,0.02582813799381256
312,CA,0.00121666284442392,0.578,0.578,0,0.025965414941310883
312,NY,0.0022136876195477254,0.5976,0.5976,5,0.025965414941310883
312,TX,0.9965696495360283,0.617,0.617,995,0.025965414941310883
313,CA,0.0011873848501041703,0.5872,0.5872,1,0.03156573325395584
313,NY,0.0021872511183728903,0.5944,0.5944,2,0.03156573325395584
313,TX,0.9966253640315229,0.6244,0.6244,997,0.03156573325395584
314,CA,0.0011602712498370816,0.5948,0.5948,1,0.03172196447849274
314,NY,0.0021470012919528898,0.591,0.591,4,0.03172196447849274
314,TX,0.99669272745821,0.6272,0.6272,995,0.03172196447849274
315,CA,0.0011372490967613538,0.5948,0.5948,2,0.025971241295337677
315,NY,0.002099386150814621,0.591,0.591,0,0.025971241295337677
315,TX,0.9967633647524241,0.6272,0.6272,998,0.025971241295337677
316,CA,0.001114682058395448,0.5922,0.5922,0,0.02572891116142273
316,NY,0.002052823879140224,0.5926,0.5926,3,0.02572891116142273
316,TX,0.9968324940624644,0.6266,0.6266,997,0.02572891116142273
317,CA,0.0010911808526050193,0.5828,0.5828,0,0.02577771246433258
317,NY,0.0020100483700415924,0.595,0.595,1,0.02577771246433258
317,TX,0.9968987707773534,0.6206,0.6206,999,0.02577771246433258
318,CA,0.0010657903593724203,0.587,0.587,1,0.025846928358078003
318,NY,0.0019784095745089764,0.5942,0.5942,0,0.025846928358078003
318,TX,0.9969558000661186,0.625,0.625,999,0.025846928358078003
319,CA,0.0010409322383607186,0.592,0.592,0,0.02608019858598709
319,NY,0.0019410322660826825,0.593,0.593,3,0.02608019858598709
319,TX,0.9970180354955567,0.6256,0.6256,997,0.02608019858598709
320,CA,0.0010194785250174584,0.585,0.585,0,0.02580946683883667
320,NY,0.0019022215174662102,0.5954,0.5954,1,0.02580946683883667
320,TX,0.9970782999575164,0.6246,0.6246,999,0.02580946683883667
321,CA,0.0009946872268801353,0.5948,0.5948,0,0.02590307593345642
321,NY,0.0018681419389849077,0.591,0.591,1,0.02590307593345642
321,TX,0.997137170834135,0.6272,0.6272,999,0.02590307593345642
322,CA,0.0009749413359204738,0.5948,0.5948,1,0.03173547983169556
322,NY,0.0018266938475395703,0.591,0.591,1,0.03173547983169556
322,TX,0.99719836481654,0.6272,0.6272,998,0.03173547983169556
323,CA,0.000955586170766424,0.5758,0.5758,1,0.026071615517139435
323,NY,0.0017861630071973904,0.6002,0.6002,0,0.026071615517139435
323,TX,0.9972582508220361,0.6124,0.6124,999,0.026071615517139435
324,CA,0.0009339281213865207,0.5948,0.5948,0,0.02613726258277893
324,NY,0.0017727106630966813,0.591,0.591,1,0.02613726258277893
324,TX,0.9972933612155168,0.6272,0.6272,999,0.02613726258277893
325,CA,0.0009153853300779629,0.594,0.594,3,0.03183582425117493
325,NY,0.0017333741088530483,0.5914,0.5914,4,0.03183582425117493
325,TX,0.997351240561069,0.6272,0.6272,993,0.03183582425117493
326,CA,0.0008967595363846882,0.5948,0.5948,0,0.026314109563827515
326,NY,0.0016953344905477382,0.591,0.591,2,0.026314109563827515
326,TX,0.9974079059730676,0.6272,0.6272,998,0.026314109563827515
327,CA,0.0008789525497129243,0.592,0.592,1,0.032136447727680206
327,NY,0.0016577108375224233,0.5928,0.5928,4,0.032136447727680206
327,TX,0.9974633366127647,0.6254,0.6254,995,0.032136447727680206
328,CA,0.0008609353142369597,0.586,0.586,2,0.03178107738494873
328,NY,0.0016245461465093636,0.5938,0.5938,1,0.03178107738494873
328,TX,0.9975145185392537,0.6244,0.6244,997,0.03178107738494873
329,CA,0.0008406260698497346,0.592,0.592,3,0.026070483028888702
329,NY,0.0015940246166972689,0.5924,0.5924,0,0.026070483028888702
329,TX,0.997565349313453,0.6254,0.6254,997,0.026070483028888702
330,CA,0.0008233930935939202,0.5912,0.5912,2,0.03161350637674332
330,NY,0.0015617391413253246,0.593,0.593,5,0.03161350637674332
330,TX,0.9976148677650808,0.626,0.626,993,0.03161350637674332
331,CA,0.0008058103995376324,0.5948,0.5948,1,0.031863681972026825
331,NY,0.0015301187912720845,0.591,0.591,3,0.031863681972026825
331,TX,0.9976640708091903,0.6272,0.6272,996,0.031863681972026825
332,CA,0.0007898050597071306,0.584,0.584,0,0.025852933526039124
332,NY,0.0014961534729985677,0.5954,0.5954,4,0.025852933526039124
332,TX,0.9977140414672943,0.6248,0.6248,996,0.025852933526039124
333,CA,0.0007700085534626047,0.5828,0.5828,0,0.0259736105799675
333,NY,0.0014691501822781568,0.5954,0.5954,1,0.0259736105799675
333,TX,0.9977608412642592,0.6246,0.6246,999,0.0259736105799675
334,CA,0.0007502313615349379,0.591,0.591,0,0.01934415102005005
334,NY,0.0014428108673173608,0.5934,0.5934,0,0.01934415102005005
334,TX,0.9978069577711478,0.625,0.625,1000,0.01934415102005005
335,CA,0.0007345663534624291,0.5898,0.5898,0,0.0256425142288208
335,NY,0.0014148156494473573,0.5918,0.5918,3,0.0256425142288208
335,TX,0.9978506179970902,0.6254,0.6254,997,0.0256425142288208
336,CA,0.0007185102341461295,0.5884,0.5884,2,0.032032087445259094
336,NY,0.0013856316326590194,0.594,0.594,5,0.032032087445259094
336,TX,0.9978958581331949,0.6254,0.6254,993,0.032032087445259094
337,CA,0.0007021846158754142,0.5918,0.5918,1,0.03172235190868378
337,NY,0.0013589221572269591,0.5926,0.5926,2,0.03172235190868378
337,TX,0.9979388932268977,0.6268,0.6268,997,0.03172235190868378
338,CA,0.0006871073835929444,0.5918,0.5918,0,0.025876976549625397
338,NY,0.0013304118241256027,0.5928,0.5928,1,0.025876976549625397
338,TX,0.9979824807922814,0.6256,0.6256,999,0.025876976549625397
339,CA,0.0006728484996450173,0.5948,0.5948,0,0.019237883388996124
339,NY,0.0013036215033623787,0.591,0.591,0,0.019237883388996124
339,TX,0.9980235299969926,0.6272,0.6272,1000,0.019237883388996124
340,CA,0.0006594790349121454,0.5948,0.5948,2,0.03148031234741211
340,NY,0.0012746741355639825,0.591,0.591,1,0.03148031234741211
340,TX,0.9980658468295239,0.6272,0.6272,997,0.03148031234741211
341,CA,0.0006463746323986182,0.5866,0.5866,2,0.025991804897785187
341,NY,0.0012463684196279958,0.5942,0.5942,0,0.025991804897785187
341,TX,0.9981072569479734,0.6246,0.6246,998,0.025991804897785187
342,CA,0.0006312799559004775,0.5942,0.5942,1,0.03171997517347336
342,NY,0.0012230930191896978,0.5914,0.5914,2,0.03171997517347336
342,TX,0.9981456270249098,0.6274,0.6274,997,0.03171997517347336
343,CA,0.0006184261380817883,0.5848,0.5848,1,0.025780998170375824
343,NY,0.0011960845299770029,0.5956,0.5956,0,0.025780998170375824
343,TX,0.9981854893319412,0.625,0.625,999,0.025780998170375824
344,CA,0.0006031495064939352,0.594,0.594,0,0.01928296685218811
344,NY,0.0011744879848590783,0.592,0.592,0,0.01928296685218811
344,TX,0.998222362508647,0.6268,0.6268,1000,0.01928296685218811
345,CA,0.0005910106721113198,0.5926,0.5926,2,0.025652512907981873
345,NY,0.0011494065587095658,0.5924,0.5924,0,0.025652512907981873
345,TX,0.998259582769179,0.627,0.627,998,0.025652512907981873
346,CA,0.0005785361810475579,0.5924,0.5924,0,0.026100464165210724
346,NY,0.0011250046817048512,0.5928,0.5928,2,0.026100464165210724
346,TX,0.9982964591372476,0.6272,0.6272,998,0.026100464165210724
347,CA,0.0005661838281206593,0.5942,0.5942,2,0.025772377848625183
347,NY,0.001101261214210267,0.5914,0.5914,0,0.025772377848625183
347,TX,0.998332554957669,0.6274,0.6274,998,0.025772377848625183
348,CA,0.000554653234746425,0.5898,0.5898,0,0.025898605585098267
348,NY,0.0010769386970054906,0.5918,0.5918,1,0.025898605585098267
348,TX,0.9983684080682481,0.6254,0.6254,999,0.025898605585098267
349,CA,0.0005425237211659294,0.5892,0.5892,0,0.01910814642906189
349,NY,0.0010547126915301285,0.5922,0.5922,0,0.01910814642906189
349,TX,0.998402763587304,0.626,0.626,1000,0.01910814642906189
350,CA,0.0005302633381476256,0.5948,0.5948,1,0.031411126255989075
350,NY,0.00103282348528094,0.591,0.591,1,0.031411126255989075
350,TX,0.9984369131765714,0.6272,0.6272,998,0.031411126255989075
351,CA,0.0005197224264239187,0.5948,0.5948,1,0.03169526904821396
351,NY,0.001009880330003368,0.591,0.591,1,0.03169526904821396
351,TX,0.9984703972435727,0.6272,0.6272,998,0.03169526904821396
352,CA,0.0005093906867192658,0.5878,0.5878,0,0.025879934430122375
352,NY,0.000987446123017845,0.5936,0.5936,1,0.025879934430122375
352,TX,0.9985031631902629,0.6264,0.6264,999,0.025879934430122375
353,CA,0.0004973170302994557,0.5876,0.5876,1,0.03174632042646408
353,NY,0.000967563025078023,0.5946,0.5946,1,0.03174632042646408
353,TX,0.9985351199446225,0.626,0.626,998,0.03174632042646408
354,CA,0.00048558705006114766,0.5844,0.5844,0,0.02607114613056183
354,NY,0.0009489071034716419,0.5956,0.5956,2,0.02607114613056183
354,TX,0.9985655058464672,0.625,0.625,998,0.02607114613056183
355,CA,0.00047346871707219904,0.5948,0.5948,0,0.026112787425518036
355,NY,0.0009317664850586707,0.591,0.591,2,0.026112787425518036
355,TX,0.9985947647978691,0.6272,0.6272,998,0.026112787425518036
356,CA,0.00046405523680668185,0.5932,0.5932,0,0.025778882205486298
356,NY,0.0009110651327421145,0.592,0.592,1,0.025778882205486298
356,TX,0.9986248796304511,0.6266,0.6266,999,0.025778882205486298
357,CA,0.0004545396389886826,0.5848,0.5848,0,0.026031263172626495
357,NY,0.0008917113129478555,0.5956,0.5956,2,0.026031263172626495
357,TX,0.9986537490480635,0.625,0.625,998,0.026031263172626495
358,CA,0.0004433071643542995,0.5912,0.5912,2,0.031748220324516296
358,NY,0.0008756021694982937,0.593,0.593,1,0.031748220324516296
358,TX,0.9986810906661474,0.626,0.626,997,0.031748220324516296
359,CA,0.00043383123503788653,0.582,0.582,0,0.02636687457561493
359,NY,0.000857855029414431,0.5962,0.5962,3,0.02636687457561493
359,TX,0.9987083137355477,0.6248,0.6248,997,0.02636687457561493
360,CA,0.0004224145870321787,0.5948,0.5948,0,0.01936403661966324
360,NY,0.0008427772795846626,0.591,0.591,0,0.01936403661966324
360,TX,0.9987348081333831,0.6272,0.6272,1000,0.01936403661966324
361,CA,0.00041401492176328716,0.5892,0.5892,0,0.0258755162358284
361,NY,0.0008240505595773495,0.5922,0.5922,1,0.0258755162358284
361,TX,0.9987619345186594,0.626,0.626,999,0.0258755162358284
362,CA,0.0004046555656405324,0.5912,0.5912,0,0.019382305443286896
362,NY,0.0008069422330977809,0.593,0.593,0,0.019382305443286896
362,TX,0.9987884022012617,0.626,0.626,1000,0.019382305443286896
363,CA,0.00039600495562575977,0.5948,0.5948,1,0.03183669596910477
363,NY,0.0007905849710420735,0.591,0.591,2,0.03183669596910477
363,TX,0.9988134100733322,0.6272,0.6272,997,0.03183669596910477
364,CA,0.00038812978804658884,0.5918,0.5918,0,0.019434764981269836
364,NY,0.0007730166729752669,0.5926,0.5926,0,0.019434764981269836
364,TX,0.998838853538978,0.6268,0.6268,1000,0.019434764981269836
365,CA,0.00037978866265388537,0.594,0.594,1,0.031622231006622314
365,NY,0.0007567842643120765,0.5916,0.5916,1,0.031622231006622314
365,TX,0.998863427073034,0.6272,0.6272,998,0.031622231006622314
366,CA,0.00037204882189558267,0.5874,0.5874,0,0.019108928740024567
366,NY,0.0007402452754132192,0.593,0.593,0,0.019108928740024567
366,TX,0.9988877059026913,0.626,0.626,1000,0.019108928740024567
367,CA,0.00036322533154324127,0.5654,0.5654,0,0.02571919560432434
367,NY,0.000725239148317417,0.5906,0.5906,1,0.02571919560432434
367,TX,0.9989115355201393,0.5916,0.5916,999,0.02571919560432434
368,CA,0.0003572484247576554,0.5834,0.5834,2,0.031852759420871735
368,NY,0.0007247881455186475,0.5932,0.5932,3,0.031852759420871735
368,TX,0.9989179634297236,0.62,0.62,995,0.031852759420871735
369,CA,0.00034918426179951885,0.5932,0.5932,0,0.025967523455619812
369,NY,0.0007128121231849552,0.592,0.592,1,0.025967523455619812
369,TX,0.9989380036150155,0.6266,0.6266,999,0.025967523455619812
370,CA,0.00034202188012062804,0.5948,0.5948,0,0.019379928708076477
370,NY,0.0006976652179605898,0.591,0.591,0,0.019379928708076477
370,TX,0.9989603129019188,0.6272,0.6272,1000,0.019379928708076477
371,CA,0.0003352191957183353,0.594,0.594,0,0.019113734364509583
371,NY,0.0006821596296723253,0.5918,0.5918,0,0.019113734364509583
371,TX,0.9989826211746093,0.6274,0.6274,1000,0.019113734364509583
372,CA,0.0003283464717359945,0.5948,0.5948,0,0.019151777029037476
372,NY,0.0006672516734700271,0.591,0.591,0,0.019151777029037476
372,TX,0.999004401854794,0.6272,0.6272,1000,0.019151777029037476
373,CA,0.0003218154805986167,0.5948,0.5948,1,0.031459346413612366
373,NY,0.0006524214061868336,0.591,0.591,1,0.031459346413612366
373,TX,0.9990257631132144,0.6272,0.6272,998,0.031459346413612366
374,CA,0.00031541424936803504,0.5834,0.5834,0,0.019174419343471527
374,NY,0.0006379204614745551,0.5932,0.5932,0,0.019174419343471527
374,TX,0.9990466652891574,0.62,0.62,1000,0.019174419343471527
375,CA,0.00030829367414364684,0.5882,0.5882,1,0.02553575485944748
375,NY,0.0006273783009910543,0.5932,0.5932,0,0.02553575485944748
375,TX,0.9990643280248653,0.626,0.626,999,0.02553575485944748
376,CA,0.0003011326686564001,0.5822,0.5822,0,0.01920432597398758
376,NY,0.0006147348849766426,0.5932,0.5932,0,0.01920432597398758
376,TX,0.999084132446367,0.6238,0.6238,1000,0.01920432597398758
377,CA,0.00029342363816974715,0.5948,0.5948,0,0.019067108631134033
377,NY,0.000603162040054635,0.591,0.591,0,0.019067108631134033
377,TX,0.9991034143217756,0.6272,0.6272,1000,0.019067108631134033
378,CA,0.0002875866712878767,0.5918,0.5918,1,0.025645814836025238
378,NY,0.000589754971403949,0.5926,0.5926,0,0.025645814836025238
378,TX,0.9991226583573082,0.6256,0.6256,999,0.025645814836025238
379,CA,0.0002816121318024232,0.5948,0.5948,0,0.019342243671417236
379,NY,0.0005777932017825061,0.591,0.591,0,0.019342243671417236
379,TX,0.9991405946664151,0.6272,0.6272,1000,0.019342243671417236
380,CA,0.000276009906115937,0.5948,0.5948,0,0.025641657412052155
380,NY,0.0005649495792264936,0.591,0.591,1,0.025641657412052155
380,TX,0.9991590405146576,0.6272,0.6272,999,0.025641657412052155
381,CA,0.0002705190203303662,0.5828,0.5828,0,0.019242510199546814
381,NY,0.0005523912349309925,0.595,0.595,0,0.019242510199546814
381,TX,0.9991770897447386,0.6206,0.6206,1000,0.019242510199546814
382,CA,0.00026421321943645323,0.585,0.585,2,0.025674059987068176
382,NY,0.0005436734958145579,0.5954,0.5954,0,0.025674059987068176
382,TX,0.9991921132847489,0.6246,0.6246,998,0.025674059987068176
383,CA,0.0002577771403233683,0.5918,0.5918,0,0.019260220229625702
383,NY,0.0005339103517246637,0.593,0.593,0,0.019260220229625702
383,TX,0.999208312507952,0.626,0.626,1000,0.019260220229625702
384,CA,0.0002523593622948821,0.5948,0.5948,0,0.025694124400615692
384,NY,0.0005230830369051846,0.591,0.591,1,0.025694124400615692
384,TX,0.9992245576008,0.6272,0.6272,999,0.025694124400615692
385,CA,0.00024733862883786285,0.5948,0.5948,1,0.025733567774295807
385,NY,0.0005114546326815089,0.591,0.591,0,0.025733567774295807
385,TX,0.9992412067384806,0.6272,0.6272,999,0.025733567774295807
386,CA,0.0002424176967990098,0.5948,0.5948,0,0.025761693716049194
386,NY,0.0005000845544825571,0.591,0.591,1,0.025761693716049194
386,TX,0.9992574977487184,0.6272,0.6272,999,0.025761693716049194
387,CA,0.00023759458590916826,0.5948,0.5948,0,0.025765135884284973
387,NY,0.0004889670713451289,0.591,0.591,1,0.025765135884284973
387,TX,0.9992734383427456,0.6272,0.6272,999,0.025765135884284973
388,CA,0.00023286735504525794,0.5948,0.5948,1,0.025798015296459198
388,NY,0.00047809657911047687,0.591,0.591,0,0.025798015296459198
388,TX,0.9992890360658443,0.6272,0.6272,999,0.025798015296459198
389,CA,0.00022823410146246133,0.5936,0.5936,0,0.019227944314479828
389,NY,0.00046746759763322796,0.592,0.592,0,0.019227944314479828
389,TX,0.9993042983009043,0.6264,0.6264,1000,0.019227944314479828
390,CA,0.00022363448996343282,0.591,0.591,0,0.019149132072925568
390,NY,0.0004575868171200769,0.5934,0.5934,0,0.019149132072925568
390,TX,0.9993187786929164,0.625,0.625,1000,0.019149132072925568
391,CA,0.00021895834121779214,0.5784,0.5784,0,0.20194563269615173
391,NY,0.00044869460559386897,0.5926,0.5926,1,0.20194563269615173
391,TX,0.9993323470531884,0.6188,0.6188,999,0.20194563269615173
392,CA,0.0002134965679353523,0.5948,0.5948,0,0.01915241777896881
392,NY,0.0004414381784362649,0.591,0.591,0,0.01915241777896881
392,TX,0.9993450652536284,0.6272,0.6272,1000,0.01915241777896881
393,CA,0.0002092484745446402,0.5946,0.5946,1,0.03184998035430908
393,NY,0.0004316236633054055,0.591,0.591,1,0.03184998035430908
393,TX,0.99935912786215,0.6272,0.6272,998,0.03184998035430908
394,CA,0.00020505913245018892,0.5792,0.5792,0,0.026195399463176727
394,NY,0.00042202723774528657,0.5964,0.5964,1,0.026195399463176727
394,TX,0.9993729136298045,0.616,0.616,999,0.026195399463176727
395,CA,0.00020039143053152106,0.5948,0.5948,0,0.019509799778461456
395,NY,0.0004169126714255337,0.591,0.591,0,0.019509799778461456
395,TX,0.999382695898043,0.6272,0.6272,1000,0.019509799778461456
396,CA,0.0001964039409877279,0.5948,0.5948,1,0.03184245526790619
396,NY,0.0004076431042172118,0.591,0.591,1,0.03184245526790619
396,TX,0.9993959529547951,0.6272,0.6272,998,0.03184245526790619
397,CA,0.00019249574153738978,0.5948,0.5948,0,0.01941603422164917
397,NY,0.00039857952118735064,0.591,0.591,0,0.01941603422164917
397,TX,0.9994089247372753,0.6272,0.6272,1000,0.01941603422164917
398,CA,0.00018866525777687105,0.5872,0.5872,0,0.019288673996925354
398,NY,0.000389717349981476,0.5944,0.5944,0,0.019288673996925354
398,TX,0.9994216173922417,0.6244,0.6244,1000,0.019288673996925354
399,CA,0.0001843468026642515,0.5878,0.5878,0,0.019081830978393555
399,NY,0.00038252431654147286,0.5936,0.5936,0,0.019081830978393555
399,TX,0.9994331288807943,0.6264,0.6264,1000,0.019081830978393555
400,CA,0.00017997380227516806,0.5948,0.5948,0,0.019158057868480682
400,NY,0.00037481438801029377,0.591,0.591,0,0.019158057868480682
400,TX,0.9994452118097146,0.6272,0.6272,1000,0.019158057868480682
401,CA,0.00017639235605946516,0.5948,0.5948,0,0.025650784373283386
401,NY,0.000366480334829601,0.591,0.591,2,0.025650784373283386
401,TX,0.999457127309111,0.6272,0.6272,998,0.025650784373283386
402,CA,0.00017288213559522324,0.5946,0.5946,0,0.01933389902114868
402,NY,0.00035833149855891413,0.591,0.591,0,0.01933389902114868
402,TX,0.9994687863658458,0.6272,0.6272,1000,0.01933389902114868
403,CA,0.00016942048053191899,0.5878,0.5878,0,0.01911204308271408
403,NY,0.00035036377434945827,0.5936,0.5936,0,0.01911204308271408
403,TX,0.9994802157451186,0.6264,0.6264,1000,0.01911204308271408
404,CA,0.00016540139045380305,0.5888,0.5888,0,0.01906881481409073
404,NY,0.0003433017099541833,0.5928,0.5928,0,0.01906881481409073
404,TX,0.999491296899592,0.6258,0.6258,1000,0.01906881481409073
405,CA,0.00016163891595484805,0.594,0.594,0,0.01901828497648239
405,NY,0.0003363370846944245,0.5916,0.5916,0,0.01901828497648239
405,TX,0.9995020239993507,0.6272,0.6272,1000,0.01901828497648239
406,CA,0.00015834266082577567,0.5948,0.5948,0,0.019154883921146393
406,NY,0.00032898218323176317,0.591,0.591,0,0.019154883921146393
406,TX,0.9995126751559424,0.6272,0.6272,1000,0.019154883921146393
407,CA,0.00015519144534350084,0.5926,0.5926,0,0.025496400892734528
407,NY,0.00032166674935383335,0.5924,0.5924,2,0.025496400892734528
407,TX,0.9995231418053027,0.6272,0.6272,998,0.025496400892734528
408,CA,0.00015189307507023202,0.5948,0.5948,0,0.019074171781539917
408,NY,0.00031479065004051053,0.591,0.591,0,0.019074171781539917
408,TX,0.9995333162748892,0.6272,0.6272,1000,0.019074171781539917
409,CA,0.0001488701482301276,0.592,0.592,0,0.018935486674308777
409,NY,0.0003077906504177436,0.5928,0.5928,0,0.018935486674308777
409,TX,0.9995433392013522,0.627,0.627,1000,0.018935486674308777
410,CA,0.00014566906475796127,0.5828,0.5828,0,0.018988125026226044
410,NY,0.00030132371842976657,0.595,0.595,0,0.018988125026226044
410,TX,0.9995530072168123,0.6206,0.6206,1000,0.018988125026226044
411,CA,0.00014227253891593687,0.5948,0.5948,0,0.019001908600330353
411,NY,0.0002965662418572975,0.591,0.591,0,0.019001908600330353
411,TX,0.9995611612192268,0.6272,0.6272,1000,0.019001908600330353
412,CA,0.0001394409936276734,0.5948,0.5948,0,0.019056901335716248
412,NY,0.000289971325282768,0.591,0.591,0,0.019056901335716248
412,TX,0.9995705876810895,0.6272,0.6272,1000,0.019056901335716248
413,CA,0.0001366657747379206,0.5922,0.5922,0,0.01906599849462509
413,NY,0.00028352300613344416,0.5924,0.5924,0,0.01906599849462509
413,TX,0.9995798112191286,0.6254,0.6254,1000,0.01906599849462509
414,CA,0.00013387541930864975,0.582,0.582,0,0.01904752105474472
414,NY,0.00027776909940282845,0.5926,0.5926,0,0.01904752105474472
414,TX,0.9995883554812884,0.6182,0.6182,1000,0.01904752105474472
415,CA,0.00013088152164138065,0.5908,0.5908,0,0.01925806701183319
415,NY,0.0002733767992363746,0.5926,0.5926,0,0.01925806701183319
415,TX,0.9995957416791222,0.625,0.625,1000,0.01925806701183319
416,CA,0.00012812802032571415,0.5898,0.5898,0,0.019083067774772644
416,NY,0.00026792828486198785,0.592,0.592,0,0.019083067774772644
416,TX,0.9996039436948123,0.6254,0.6254,1000,0.019083067774772644
417,CA,0.00012532276353186157,0.5896,0.5896,0,0.019123569130897522
417,NY,0.00026242486458888923,0.5922,0.5922,0,0.019123569130897522
417,TX,0.9996122523718792,0.6258,0.6258,1000,0.019123569130897522
418,CA,0.00012253333819657293,0.578,0.578,0,0.019103512167930603
418,NY,0.00025700350686692685,0.5976,0.5976,0,0.019103512167930603
418,TX,0.9996204631549365,0.617,0.617,1000,0.019103512167930603
419,CA,0.00011957871077342566,0.5932,0.5932,0,0.025713488459587097
419,NY,0.0002539216339091602,0.5922,0.5922,1,0.025713488459587097
419,TX,0.9996264996553175,0.6266,0.6266,999,0.025713488459587097
420,CA,0.0001171242425053252,0.592,0.592,1,0.027770310640335083
420,NY,0.0002485535407025159,0.5928,0.5928,0,0.027770310640335083
420,TX,0.9996343222167922,0.627,0.627,999,0.027770310640335083
421,CA,0.0001146055550612604,0.5934,0.5934,0,0.019366562366485596
421,NY,0.00024333075941563245,0.592,0.592,0,0.019366562366485596
421,TX,0.9996420636855231,0.6264,0.6264,1000,0.019366562366485596
422,CA,0.00011228102307958926,0.5818,0.5818,2,0.031486086547374725
422,NY,0.00023818584822789097,0.5946,0.5946,1,0.031486086547374725
422,TX,0.9996495331286925,0.6244,0.6244,997,0.031486086547374725
423,CA,0.00010933724535528082,0.5804,0.5804,0,0.019091151654720306
423,NY,0.00023381798300993497,0.591,0.591,0,0.019091151654720306
423,TX,0.9996568447716347,0.6234,0.6234,1000,0.019091151654720306
424,CA,0.00010644196708713268,0.5948,0.5948,0,0.01904783397912979
424,NY,0.00022915315038119183,0.591,0.591,0,0.01904783397912979
424,TX,0.9996644048825317,0.6272,0.6272,1000,0.01904783397912979
425,CA,0.00010432330032574466,0.594,0.594,0,0.025684073567390442
425,NY,0.0002240568421794005,0.5914,0.5914,1,0.025684073567390442
425,TX,0.9996716198574949,0.6272,0.6272,999,0.025684073567390442
426,CA,0.00010219549804011544,0.5874,0.5874,0,0.01923660933971405
426,NY,0.00021912891795058807,0.5944,0.5944,0,0.01923660933971405
426,TX,0.9996786755840094,0.6246,0.6246,1000,0.01923660933971405
427,CA,9.985607166430024e-05,0.5848,0.5848,0,0.019199512898921967
427,NY,0.0002150568678669225,0.5948,0.5948,0,0.019199512898921967
427,TX,0.9996850870604688,0.6244,0.6244,1000,0.019199512898921967
428,CA,9.742237612097955e-05,0.582,0.582,0,0.018912196159362793
428,NY,0.000211139418757408,0.5928,0.5928,0,0.018912196159362793
428,TX,0.9996914382051215,0.625,0.625,1000,0.018912196159362793
429,CA,9.484507148735177e-05,0.5948,0.5948,0,0.01895715296268463
429,NY,0.00020695700935980085,0.591,0.591,0,0.01895715296268463
429,TX,0.9996981979191528,0.6272,0.6272,1000,0.01895715296268463
430,CA,9.295716696419752e-05,0.5922,0.5922,0,0.019106388092041016
430,NY,0.00020235419108153188,0.5926,0.5926,0,0.019106388092041016
430,TX,0.9997046886419543,0.6266,0.6266,1000,0.019106388092041016
431,CA,9.099183464594209e-05,0.5948,0.5948,1,0.02565799653530121
431,NY,0.00019812571091946588,0.591,0.591,0,0.02565799653530121
431,TX,0.9997108824544345,0.6272,0.6272,999,0.02565799653530121
432,CA,8.918060498192748e-05,0.5924,0.5924,1,0.02591477334499359
432,NY,0.00019371925182346168,0.5934,0.5934,0,0.02591477334499359
432,TX,0.9997171001431946,0.627,0.627,999,0.02591477334499359
433,CA,8.728459301496988e-05,0.5948,0.5948,1,0.025838956236839294
433,NY,0.00018971977636377782,0.591,0.591,0,0.025838956236839294
433,TX,0.9997229956306212,0.6272,0.6272,999,0.025838956236839294
434,CA,8.554713519834713e-05,0.58,0.58,1,0.025874949991703033
434,NY,0.0001855002229486624,0.5924,0.5924,0,0.025874949991703033
434,TX,0.999728952641853,0.618,0.618,999,0.025874949991703033
435,CA,8.353840660504476e-05,0.5948,0.5948,0,0.019254744052886963
435,NY,0.00018256614059268994,0.591,0.591,0,0.019254744052886963
435,TX,0.9997338954528023,0.6272,0.6272,1000,0.019254744052886963
436,CA,8.187549998040254e-05,0.5948,0.5948,0,0.019076913595199585
436,NY,0.00017850564931123862,0.591,0.591,0,0.019076913595199585
436,TX,0.9997396188507083,0.6272,0.6272,1000,0.019076913595199585
437,CA,8.024568509202375e-05,0.5828,0.5828,0,0.019060194492340088
437,NY,0.00017453544671048652,0.595,0.595,0,0.019060194492340088
437,TX,0.9997452188681974,0.6206,0.6206,1000,0.019060194492340088
438,CA,7.83743417749589e-05,0.5872,0.5872,0,0.019209496676921844
438,NY,0.00017177917196503333,0.5946,0.5946,0,0.019209496676921844
438,TX,0.9997498464862601,0.626,0.626,1000,0.019209496676921844
439,CA,7.65045513930351e-05,0.5872,0.5872,0,0.019316263496875763
439,NY,0.00016846278509454786,0.5942,0.5942,0,0.019316263496875763
439,TX,0.9997550326635125,0.6244,0.6244,1000,0.019316263496875763
440,CA,7.475290385778346e-05,0.588,0.588,0,0.025883428752422333
440,NY,0.0001653316200835051,0.595,0.595,1,0.025883428752422333
440,TX,0.9997599154760587,0.6256,0.6256,999,0.025883428752422333
441,CA,7.30242286025955e-05,0.5948,0.5948,0,0.019355036318302155
441,NY,0.00016222023294979544,0.591,0.591,0,0.019355036318302155
441,TX,0.9997647555384476,0.6272,0.6272,1000,0.019355036318302155
442,CA,7.157056870657968e-05,0.5884,0.5884,0,0.025772564113140106
442,NY,0.00015861215420768507,0.594,0.594,1,0.025772564113140106
442,TX,0.9997698172770857,0.6254,0.6254,999,0.025772564113140106
443,CA,6.994169120586227e-05,0.5698,0.5698,0,0.019443877041339874
443,NY,0.00015554876363718306,0.6022,0.6022,0,0.019443877041339874
443,TX,0.9997745095451569,0.602,0.602,1000,0.019443877041339874
444,CA,6.853596696268159e-05,0.5948,0.5948,0,0.019209831953048706
444,NY,0.00015556839863850464,0.591,0.591,0,0.019209831953048706
444,TX,0.9997758956343988,0.6272,0.6272,1000,0.019209831953048706
445,CA,6.717163689360429e-05,0.5948,0.5948,0,0.019068695604801178
445,NY,0.00015210823292109626,0.591,0.591,0,0.019068695604801178
445,TX,0.9997807201301853,0.6272,0.6272,1000,0.019068695604801178
446,CA,6.583445937988145e-05,0.5948,0.5948,0,0.019276238977909088
446,NY,0.00014872501301868758,0.591,0.591,0,0.019276238977909088
446,TX,0.9997854405276014,0.6272,0.6272,1000,0.019276238977909088
447,CA,6.45238943200171e-05,0.5948,0.5948,0,0.019079960882663727
447,NY,0.00014541702851239525,0.591,0.591,0,0.019079960882663727
447,TX,0.9997900590771676,0.6272,0.6272,1000,0.019079960882663727
448,CA,6.323941234427883e-05,0.5902,0.5902,0,0.019061118364334106
448,NY,0.00014218260697484105,0.5922,0.5922,0,0.019061118364334106
448,TX,0.9997945779806809,0.6252,0.6252,1000,0.019061118364334106
449,CA,6.187776322970489e-05,0.5948,0.5948,0,0.01913604885339737
449,NY,0.0001392961535329568,0.591,0.591,0,0.01913604885339737
449,TX,0.9997988260832373,0.6272,0.6272,1000,0.01913604885339737
450,CA,6.0645946529356236e-05,0.5936,0.5936,0,0.01905333250761032
450,NY,0.00013619784913117462,0.592,0.592,0,0.01905333250761032
450,TX,0.9998031562043395,0.6266,0.6266,1000,0.01905333250761032
451,CA,5.9415823984306153e-05,0.5948,0.5948,0,0.019096292555332184
451,NY,0.00013330128536204945,0.591,0.591,0,0.019096292555332184
451,TX,0.9998072828906537,0.6272,0.6272,1000,0.019096292555332184
452,CA,5.823300712678202e-05,0.5948,0.5948,0,0.01907242089509964
452,NY,0.00013033629846148574,0.591,0.591,0,0.01907242089509964
452,TX,0.9998114306944118,0.6272,0.6272,1000,0.01907242089509964
453,CA,5.707373201414827e-05,0.5948,0.5948,0,0.019111372530460358
453,NY,0.00012743724961006655,0.591,0.591,0,0.019111372530460358
453,TX,0.9998154890183758,0.6272,0.6272,1000,0.019111372530460358
454,CA,5.593753030225552e-05,0.5872,0.5872,0,0.02553141862154007
454,NY,0.00012460267291303562,0.5946,0.5946,1,0.02553141862154007
454,TX,0.9998194597967848,0.626,0.626,999,0.02553141862154007
455,CA,5.4602939876979525e-05,0.5814,0.5814,0,0.019309505820274353
455,NY,0.0001221969037753293,0.5924,0.5924,0,0.019309505820274353
455,TX,0.9998232001563477,0.6242,0.6242,1000,0.019309505820274353
456,CA,5.3164277771028585e-05,0.5922,0.5922,0,0.019039884209632874
456,NY,0.00011980488554472787,0.5926,0.5926,0,0.019039884209632874
456,TX,0.9998270308366842,0.6266,0.6266,1000,0.019039884209632874
457,CA,5.204012677927358e-05,0.5626,0.5626,0,0.025545433163642883
457,NY,0.00011730109003753368,0.5834,0.5834,1,0.025545433163642883
457,TX,0.9998306587831832,0.5896,0.5896,999,0.025545433163642883
458,CA,5.11562727657149e-05,0.5752,0.5752,1,0.02591196447610855
458,NY,0.00011684373120104571,0.6,0.6,0,0.02591196447610855
458,TX,0.9998319999960332,0.607,0.607,999,0.02591196447610855
459,CA,5.014404694865078e-05,0.594,0.594,1,0.025860905647277832
459,NY,0.00011633494357365915,0.5916,0.5916,0,0.025860905647277832
459,TX,0.9998335210094776,0.6272,0.6272,999,0.025860905647277832
460,CA,4.912112589015149e-05,0.592,0.592,0,0.025659725069999695
460,NY,0.00011379016524852197,0.5928,0.5928,1,0.025659725069999695
460,TX,0.9998370887088612,0.627,0.627,999,0.025659725069999695
461,CA,4.8064598709897034e-05,0.5948,0.5948,0,0.019077815115451813
461,NY,0.00011139864797197564,0.591,0.591,0,0.019077815115451813
461,TX,0.9998405367533181,0.6272,0.6272,1000,0.019077815115451813
462,CA,4.710772206928009e-05,0.5944,0.5944,0,0.018986843526363373
462,NY,0.00010892075822405342,0.5914,0.5914,0,0.018986843526363373
462,TX,0.9998439715197066,0.6274,0.6274,1000,0.018986843526363373
463,CA,4.6152639047169634e-05,0.5896,0.5896,0,0.01912665367126465
463,NY,0.0001065116614623876,0.5922,0.5922,0,0.01912665367126465
463,TX,0.9998473356994904,0.6258,0.6258,1000,0.01912665367126465
464,CA,4.5125151872708155e-05,0.5824,0.5824,0,0.01898890733718872
464,NY,0.00010431074853087629,0.5954,0.5954,0,0.01898890733718872
464,TX,0.9998505640995964,0.6246,0.6246,1000,0.01898890733718872
465,CA,4.395313178517798e-05,0.5922,0.5922,1,0.031477220356464386
465,NY,0.00010243621524149351,0.5924,0.5924,1,0.031477220356464386
465,TX,0.9998536106529733,0.6254,0.6254,998,0.031477220356464386
466,CA,4.305548468153475e-05,0.5882,0.5882,0,0.019226402044296265
466,NY,0.00010035678284801421,0.5924,0.5924,0,0.019226402044296265
466,TX,0.9998565877324704,0.626,0.626,1000,0.019226402044296265
467,CA,4.205469312609496e-05,0.5948,0.5948,0,0.018954895436763763
467,NY,9.828329174233871e-05,0.591,0.591,0,0.018954895436763763
467,TX,0.9998596620151317,0.6272,0.6272,1000,0.018954895436763763
468,CA,4.121744555367331e-05,0.5924,0.5924,0,0.019053474068641663
468,NY,9.609709316667507e-05,0.5934,0.5934,0,0.019053474068641663
468,TX,0.9998626854612797,0.627,0.627,1000,0.019053474068641663
469,CA,4.0341025252965584e-05,0.5578,0.5578,0,0.01892027258872986
469,NY,9.411281275083026e-05,0.5834,0.5834,0,0.01892027258872986
469,TX,0.9998655461619963,0.5878,0.5878,1000,0.01892027258872986
470,CA,3.9578859697748767e-05,0.5932,0.5932,0,0.019106082618236542
470,NY,9.385210993588193e-05,0.592,0.592,0,0.019106082618236542
470,TX,0.9998665690303664,0.6266,0.6266,1000,0.019106082618236542
471,CA,3.8766270995914546e-05,0.5948,0.5948,0,0.019061535596847534
471,NY,9.185600561166782e-05,0.591,0.591,0,0.019061535596847534
471,TX,0.9998693777233925,0.6272,0.6272,1000,0.019061535596847534
472,CA,3.799448318901487e-05,0.5938,0.5938,0,0.019062504172325134
472,NY,8.98127558872115e-05,0.592,0.592,0,0.019062504172325134
472,TX,0.9998721927609239,0.6268,0.6268,1000,0.019062504172325134
473,CA,3.722385684851061e-05,0.594,0.594,0,0.01912286877632141
473,NY,8.789174592877197e-05,0.5916,0.5916,0,0.01912286877632141
473,TX,0.9998748843972227,0.6274,0.6274,1000,0.01912286877632141
474,CA,3.645999008764817e-05,0.5902,0.5902,0,0.01905643939971924
474,NY,8.595851060649938e-05,0.5922,0.5922,0,0.01905643939971924
474,TX,0.9998775814993058,0.6252,0.6252,1000,0.01905643939971924
475,CA,3.5674884911743475e-05,0.5926,0.5926,0,0.025762587785720825
475,NY,8.421331955104382e-05,0.5924,0.5924,1,0.025762587785720825
475,TX,0.9998801117955373,0.6272,0.6272,999,0.025762587785720825
476,CA,3.491640064919022e-05,0.5924,0.5924,0,0.01929297298192978
476,NY,8.241250817298448e-05,0.5934,0.5934,0,0.01929297298192978
476,TX,0.9998826710911778,0.627,0.627,1000,0.01929297298192978
477,CA,3.4173947332078234e-05,0.5832,0.5832,0,0.018912002444267273
477,NY,8.071076307503161e-05,0.5954,0.5954,0,0.018912002444267273
477,TX,0.9998851152895929,0.619,0.619,1000,0.018912002444267273
478,CA,3.341834339434978e-05,0.5866,0.5866,0,0.01901620626449585
478,NY,7.9534404082479e-05,0.5942,0.5942,0,0.01901620626449585
478,TX,0.9998870472525232,0.6246,0.6246,1000,0.01901620626449585
479,CA,3.263674996024829e-05,0.583,0.583,1,0.025666072964668274
479,NY,7.804630973963756e-05,0.5954,0.5954,0,0.025666072964668274
479,TX,0.9998893169403,0.6244,0.6244,999,0.025666072964668274
480,CA,3.180502963955528e-05,0.5822,0.5822,0,0.02583950012922287
480,NY,7.665313938791537e-05,0.5932,0.5932,1,0.02583950012922287
480,TX,0.9998915418309725,0.6238,0.6238,999,0.02583950012922287
481,CA,3.099028919141077e-05,0.5948,0.5948,0,0.01923811435699463
481,NY,7.520880501879045e-05,0.591,0.591,0,0.01923811435699463
481,TX,0.9998938009057898,0.6272,0.6272,1000,0.01923811435699463
482,CA,3.0373295472544623e-05,0.5912,0.5912,0,0.019010409712791443
482,NY,7.353581786302742e-05,0.5936,0.5936,0,0.019010409712791443
482,TX,0.9998960908866644,0.6246,0.6246,1000,0.019010409712791443
483,CA,2.9748914041098632e-05,0.5912,0.5912,0,0.019138924777507782
483,NY,7.213278158165693e-05,0.593,0.593,0,0.019138924777507782
483,TX,0.9998981183043772,0.626,0.626,1000,0.019138924777507782
484,CA,2.911228257035022e-05,0.5948,0.5948,0,0.019008733332157135
484,NY,7.066898059019625e-05,0.591,0.591,0,0.019008733332157135
484,TX,0.9999002187368394,0.6272,0.6272,1000,0.019008733332157135
485,CA,2.8532674624552765e-05,0.5948,0.5948,0,0.019186250865459442
485,NY,6.909697029187437e-05,0.591,0.591,0,0.019186250865459442
485,TX,0.9999023703550836,0.6272,0.6272,1000,0.019186250865459442
486,CA,2.7964605021824756e-05,0.5926,0.5926,0,0.019411690533161163
486,NY,6.755992574918278e-05,0.5922,0.5922,0,0.019411690533161163
486,TX,0.999904475469229,0.6268,0.6268,1000,0.019411690533161163
487,CA,2.7376764283135355e-05,0.5948,0.5948,0,0.025937803089618683
487,NY,6.612314456911443e-05,0.591,0.591,1,0.025937803089618683
487,TX,0.9999065000911477,0.6272,0.6272,999,0.025937803089618683
488,CA,2.683170581648373e-05,0.5946,0.5946,0,0.019418321549892426
488,NY,6.465224625849453e-05,0.5912,0.5912,0,0.019418321549892426
488,TX,0.9999085160479251,0.6272,0.6272,1000,0.019418321549892426
489,CA,2.6294200033251613e-05,0.5932,0.5932,0,0.01922415941953659
489,NY,6.322201124366493e-05,0.592,0.592,0,0.01922415941953659
489,TX,0.999910483788723,0.6266,0.6266,1000,0.01922415941953659
490,CA,2.5754333240033554e-05,0.5948,0.5948,0,0.019188880920410156
490,NY,6.18773094784638e-05,0.591,0.591,0,0.019188880920410156
490,TX,0.9999123683572815,0.6272,0.6272,1000,0.019188880920410156
491,CA,2.5241573410689263e-05,0.5804,0.5804,0,0.01914820820093155
491,NY,6.0500851391342755e-05,0.591,0.591,0,0.01914820820093155
491,TX,0.999914257575198,0.6228,0.6228,1000,0.01914820820093155
492,CA,2.4582114999555915e-05,0.5912,0.5912,0,0.01906757801771164
492,NY,5.9315400643336714e-05,0.593,0.593,0,0.01906757801771164
492,TX,0.9999161024843571,0.626,0.626,1000,0.01906757801771164
493,CA,2.405604492848708e-05,0.5948,0.5948,0,0.0190633162856102
493,NY,5.811168307823041e-05,0.591,0.591,0,0.0190633162856102
493,TX,0.9999178322719933,0.6272,0.6272,1000,0.0190633162856102
494,CA,2.3577094657141732e-05,0.5948,0.5948,0,0.01895909011363983
494,NY,5.681898450709004e-05,0.591,0.591,0,0.01895909011363983
494,TX,0.9999196039208357,0.6272,0.6272,1000,0.01895909011363983
495,CA,2.3107679289628135e-05,0.5948,0.5948,0,0.019023001194000244
495,NY,5.5555039981186946e-05,0.591,0.591,0,0.019023001194000244
495,TX,0.9999213372807292,0.6272,0.6272,1000,0.019023001194000244
496,CA,2.2647609042247965e-05,0.5916,0.5916,0,0.018908008933067322
496,NY,5.4319210004428506e-05,0.593,0.593,0,0.018908008933067322
496,TX,0.9999230331809533,0.626,0.626,1000,0.018908008933067322
497,CA,2.2168506494730704e-05,0.5888,0.5888,0,0.018977567553520203
497,NY,5.321687477871552e-05,0.5928,0.5928,0,0.018977567553520203
497,TX,0.9999246146187266,0.6258,0.6258,1000,0.018977567553520203
498,CA,2.1664029360223635e-05,0.5948,0.5948,0,0.01897735893726349
498,NY,5.2136777261836325e-05,0.591,0.591,0,0.01897735893726349
498,TX,0.999926199193378,0.6272,0.6272,1000,0.01897735893726349
499,CA,2.1232699730082212e-05,0.5948,0.5948,0,0.01908499002456665
499,NY,5.09769816964979e-05,0.591,0.591,0,0.01908499002456665
499,TX,0.9999277903185734,0.6272,0.6272,1000,0.01908499002456665
500,CA,2.080995713343702e-05,0.5914,0.5914,0,0.018988899886608124
500,NY,4.9842984357589656e-05,0.5938,0.5938,0,0.018988899886608124
500,TX,0.999929347058509,0.625,0.625,1000,0.018988899886608124
501,CA,2.0379699522724738e-05,0.5792,0.5792,0,0.018995046615600586
501,NY,4.888606687615574e-05,0.5964,0.5964,0,0.018995046615600586
501,TX,0.9999307342336011,0.616,0.616,1000,0.018995046615600586
502,CA,1.9915628406538053e-05,0.5832,0.5832,0,0.019175104796886444
502,NY,4.829319285434553e-05,0.5952,0.5952,0,0.019175104796886444
502,TX,0.9999317911787391,0.625,0.625,1000,0.019175104796886444
503,CA,1.9403364289301812e-05,0.589,0.589,0,0.01904597133398056
503,NY,4.740763626641984e-05,0.5926,0.5926,0,0.01904597133398056
503,TX,0.9999331889994442,0.6262,0.6262,1000,0.01904597133398056
504,CA,1.8959531263903826e-05,0.5946,0.5946,0,0.01902177929878235
504,NY,4.642818164142949e-05,0.5912,0.5912,0,0.01902177929878235
504,TX,0.9999346122870947,0.6272,0.6272,1000,0.01902177929878235
505,CA,1.857971428932449e-05,0.594,0.594,0,0.01910756528377533
505,NY,4.540107336122467e-05,0.5914,0.5914,0,0.01910756528377533
505,TX,0.9999360192123494,0.6272,0.6272,1000,0.01910756528377533
506,CA,1.8200654736222475e-05,0.5948,0.5948,0,0.018982522189617157
506,NY,4.440226628935214e-05,0.591,0.591,0,0.018982522189617157
506,TX,0.9999373970789744,0.6272,0.6272,1000,0.018982522189617157
507,CA,1.783827640434439e-05,0.5948,0.5948,0,0.019220590591430664
507,NY,4.341451637831726e-05,0.591,0.591,0,0.019220590591430664
507,TX,0.9999387472072173,0.6272,0.6272,1000,0.019220590591430664
508,CA,1.7483112580350704e-05,0.5912,0.5912,0,0.019053228199481964
508,NY,4.244873820320319e-05,0.593,0.593,0,0.019053228199481964
508,TX,0.9999400681492165,0.626,0.626,1000,0.019053228199481964
509,CA,1.710895640438071e-05,0.5814,0.5814,0,0.01912267506122589
509,NY,4.158728383501434e-05,0.5964,0.5964,0,0.01912267506122589
509,TX,0.9999413037597605,0.6242,0.6242,1000,0.01912267506122589
510,CA,1.6658130227146455e-05,0.5948,0.5948,0,0.019012734293937683
510,NY,4.087551847255882e-05,0.591,0.591,0,0.019012734293937683
510,TX,0.9999424663513002,0.6272,0.6272,1000,0.019012734293937683
511,CA,1.6326462055181455e-05,0.5948,0.5948,0,0.0189259871840477
511,NY,3.9966218410957157e-05,0.591,0.591,0,0.0189259871840477
511,TX,0.9999437073195339,0.6272,0.6272,1000,0.0189259871840477
512,CA,1.600139706270604e-05,0.5912,0.5912,0,0.019068360328674316
512,NY,3.907714521796795e-05,0.5938,0.5938,0,0.019068360328674316
512,TX,0.9999449214577193,0.6246,0.6246,1000,0.019068360328674316
513,CA,1.5672442598325365e-05,0.5898,0.5898,0,0.01914820820093155
513,NY,3.833634167046086e-05,0.5918,0.5918,0,0.01914820820093155
513,TX,0.9999459912157311,0.6254,0.6254,1000,0.01914820820093155
514,CA,1.5329197453629814e-05,0.5948,0.5948,0,0.019037097692489624
514,NY,3.754390179561059e-05,0.591,0.591,0,0.019037097692489624
514,TX,0.9999471269007508,0.6272,0.6272,1000,0.019037097692489624
515,CA,1.5023987204948282e-05,0.5796,0.5796,0,0.01918647438287735
515,NY,3.6708711823501017e-05,0.5958,0.5958,0,0.01918647438287735
515,TX,0.9999482673009716,0.617,0.617,1000,0.01918647438287735
516,CA,1.4676505786791488e-05,0.5852,0.5852,0,0.018947862088680267
516,NY,3.6227464982782276e-05,0.594,0.594,0,0.018947862088680267
516,TX,0.9999490960292304,0.624,0.624,1000,0.018947862088680267
517,CA,1.4325874815746645e-05,0.5948,0.5948,0,0.01912005990743637
517,NY,3.555827467779738e-05,0.591,0.591,0,0.01912005990743637
517,TX,0.9999501158505064,0.6272,0.6272,1000,0.01912005990743637
518,CA,1.404064020801323e-05,0.5948,0.5948,0,0.01895110309123993
518,NY,3.476725411911752e-05,0.591,0.591,0,0.01895110309123993
518,TX,0.9999511921056728,0.6272,0.6272,1000,0.01895110309123993
519,CA,1.3761084429227214e-05,0.5872,0.5872,0,0.019091784954071045
519,NY,3.3993829616303286e-05,0.5954,0.5954,0,0.019091784954071045
519,TX,0.9999522450859545,0.6252,0.6252,1000,0.019091784954071045
520,CA,1.3439339064762496e-05,0.5912,0.5912,0,0.018925003707408905
520,NY,3.3370543333075025e-05,0.593,0.593,0,0.018925003707408905
520,TX,0.9999531901176022,0.626,0.626,1000,0.018925003707408905
521,CA,1.3151720143792414e-05,0.5946,0.5946,0,0.019022032618522644
521,NY,3.269331292907789e-05,0.591,0.591,0,0.019022032618522644
521,TX,0.9999541549669271,0.6272,0.6272,1000,0.019022032618522644
522,CA,1.2888245894965931e-05,0.5766,0.5766,0,0.019001200795173645
522,NY,3.196602286577658e-05,0.602,0.602,0,0.019001200795173645
522,TX,0.9999551457312393,0.611,0.611,1000,0.019001200795173645
523,CA,1.261304636795104e-05,0.5922,0.5922,0,0.0257197767496109
523,NY,3.1787456157163e-05,0.5926,0.5926,1,0.0257197767496109
523,TX,0.9999555994974749,0.6266,0.6266,999,0.0257197767496109
524,CA,1.2346312017425951e-05,0.5948,0.5948,0,0.01909952610731125
524,NY,3.1123047963116524e-05,0.591,0.591,0,0.01909952610731125
524,TX,0.9999565306400194,0.6272,0.6272,1000,0.01909952610731125
525,CA,1.2100489724006999e-05,0.5948,0.5948,0,0.01898162066936493
525,NY,3.043068815577958e-05,0.591,0.591,0,0.01898162066936493
525,TX,0.9999574688221201,0.6272,0.6272,1000,0.01898162066936493
526,CA,1.185956165550788e-05,0.5948,0.5948,0,0.019135430455207825
526,NY,2.975372990253695e-05,0.591,0.591,0,0.019135430455207825
526,TX,0.999958386708442,0.6272,0.6272,1000,0.019135430455207825
527,CA,1.1623430379748963e-05,0.594,0.594,0,0.019052304327487946
527,NY,2.9091830621829743e-05,0.5916,0.5916,0,0.019052304327487946
527,TX,0.9999592847389984,0.6272,0.6272,1000,0.019052304327487946
528,CA,1.1386285774144926e-05,0.5926,0.5926,0,0.01904790848493576
528,NY,2.845538229408698e-05,0.5926,0.5926,0,0.01904790848493576
528,TX,0.9999601583319317,0.6272,0.6272,1000,0.01904790848493576
529,CA,1.1144182698132409e-05,0.5948,0.5948,0,0.01908944547176361
529,NY,2.7850344293182955e-05,0.591,0.591,0,0.01908944547176361
529,TX,0.9999610054730086,0.6272,0.6272,1000,0.01908944547176361
530,CA,1.0922294445905075e-05,0.594,0.594,0,0.019145995378494263
530,NY,2.7230786047392044e-05,0.592,0.592,0,0.019145995378494263
530,TX,0.9999618469195067,0.6268,0.6268,1000,0.019145995378494263
531,CA,1.0702084658494565e-05,0.5874,0.5874,0,0.01911444216966629
531,NY,2.6648294926846033e-05,0.593,0.593,0,0.01911444216966629
531,TX,0.9999626496204146,0.626,0.626,1000,0.01911444216966629
532,CA,1.0448033635250403e-05,0.5942,0.5942,0,0.019074521958827972
532,NY,2.610748312560656e-05,0.5914,0.5914,0,0.019074521958827972
532,TX,0.9999634444832391,0.6274,0.6274,1000,0.019074521958827972
533,CA,1.0234895164684315e-05,0.594,0.594,0,0.019191861152648926
533,NY,2.5529975111610773e-05,0.5916,0.5916,0,0.019191861152648926
533,TX,0.9999642351297237,0.6274,0.6274,1000,0.019191861152648926
534,CA,1.0024846676843918e-05,0.585,0.585,0,0.01919519156217575
534,NY,2.496837885178473e-05,0.5954,0.5954,0,0.01919519156217575
534,TX,0.9999650067744713,0.6246,0.6246,1000,0.01919519156217575
535,CA,9.780495504264531e-06,0.5926,0.5926,0,0.019329749047756195
535,NY,2.4519622818366566e-05,0.5924,0.5924,0,0.019329749047756195
535,TX,0.9999656998816774,0.6272,0.6272,1000,0.019329749047756195
536,CA,9.572534751454439e-06,0.5942,0.5942,0,0.019159182906150818
536,NY,2.3995253177742524e-05,0.5914,0.5914,0,0.019159182906150818
536,TX,0.9999664322120708,0.6274,0.6274,1000,0.019159182906150818
537,CA,9.377255733859846e-06,0.5948,0.5948,0,0.019251160323619843
537,NY,2.3464467023195386e-05,0.591,0.591,0,0.019251160323619843
537,TX,0.999967158277243,0.6272,0.6272,1000,0.019251160323619843
538,CA,9.190546978390238e-06,0.588,0.588,0,0.019433125853538513
538,NY,2.2942473876603263e-05,0.594,0.594,0,0.019433125853538513
538,TX,0.999967866979145,0.6254,0.6254,1000,0.019433125853538513
539,CA,8.979080937925761e-06,0.5926,0.5926,0,0.01918390393257141
539,NY,2.2499278516821045e-05,0.5922,0.5922,0,0.01918390393257141
539,TX,0.9999685216405453,0.6268,0.6268,1000,0.01918390393257141
540,CA,8.790320779541258e-06,0.5948,0.5948,0,0.01936820149421692
540,NY,2.2020761715842053e-05,0.591,0.591,0,0.01936820149421692
540,TX,0.9999691889175045,0.6272,0.6272,1000,0.01936820149421692
541,CA,8.6152979969289e-06,0.5914,0.5914,0,0.0189591646194458
541,NY,2.1530884455147913e-05,0.5938,0.5938,0,0.0189591646194458
541,TX,0.9999698538175479,0.625,0.625,1000,0.0189591646194458
542,CA,8.437165133804975e-06,0.591,0.591,0,0.019108735024929047
542,NY,2.111750396526384e-05,0.5934,0.5934,0,0.019108735024929047
542,TX,0.999970445330901,0.625,0.625,1000,0.019108735024929047
543,CA,8.260638529226373e-06,0.5924,0.5924,0,0.018932931125164032
543,NY,2.0706861893081463e-05,0.5934,0.5934,0,0.018932931125164032
543,TX,0.9999710324995777,0.627,0.627,1000,0.018932931125164032
544,CA,8.084971561090791e-06,0.5828,0.5828,0,0.018979191780090332
544,NY,2.0279246248253485e-05,0.5954,0.5954,0,0.018979191780090332
544,TX,0.9999716357821906,0.6246,0.6246,1000,0.018979191780090332
545,CA,7.876954520063771e-06,0.5936,0.5936,1,0.025677859783172607
545,NY,1.9914765472917958e-05,0.592,0.592,0,0.025677859783172607
545,TX,0.999972208280007,0.6264,0.6264,999,0.025677859783172607
546,CA,7.718102560673189e-06,0.5912,0.5912,0,0.019105739891529083
546,NY,1.9493559409575704e-05,0.593,0.593,0,0.019105739891529083
546,TX,0.9999727883380297,0.626,0.626,1000,0.019105739891529083
547,CA,7.552922313580914e-06,0.5948,0.5948,0,0.01902344822883606
547,NY,1.909794437542345e-05,0.591,0.591,0,0.01902344822883606
547,TX,0.999973349133311,0.6272,0.6272,1000,0.01902344822883606
548,CA,7.402536525884448e-06,0.5948,0.5948,0,0.01924162358045578
548,NY,1.867308688571377e-05,0.591,0.591,0,0.01924162358045578
548,TX,0.9999739243765884,0.6272,0.6272,1000,0.01924162358045578
549,CA,7.255144970378445e-06,0.5802,0.5802,0,0.019053250551223755
549,NY,1.825768065124097e-05,0.5918,0.5918,0,0.019053250551223755
549,TX,0.9999744871743783,0.6232,0.6232,1000,0.019053250551223755
550,CA,7.062953631566872e-06,0.594,0.594,0,0.01900596171617508
550,NY,1.790450462717486e-05,0.5918,0.5918,0,0.01900596171617508
550,TX,0.9999750325417412,0.627,0.627,1000,0.01900596171617508
551,CA,6.9197013291989495e-06,0.5898,0.5898,0,0.018830306828022003
551,NY,1.7517151560156564e-05,0.5918,0.5918,0,0.018830306828022003
551,TX,0.9999755631471106,0.6254,0.6254,1000,0.018830306828022003
552,CA,6.768147424637811e-06,0.5948,0.5948,0,0.018947936594486237
552,NY,1.7155048712015718e-05,0.591,0.591,0,0.018947936594486237
552,TX,0.9999760768038634,0.6272,0.6272,1000,0.018947936594486237
553,CA,6.633386852785313e-06,0.594,0.594,0,0.0190521702170372
553,NY,1.677341236205004e-05,0.5914,0.5914,0,0.0190521702170372
553,TX,0.9999765932007852,0.6272,0.6272,1000,0.0190521702170372
554,CA,6.49804816641828e-06,0.5832,0.5832,0,0.019189372658729553
554,NY,1.6404389070993706e-05,0.5954,0.5954,0,0.019189372658729553
554,TX,0.9999770975627627,0.619,0.619,1000,0.019189372658729553
555,CA,6.354363060741549e-06,0.5946,0.5946,0,0.019141212105751038
555,NY,1.6165270131360557e-05,0.5912,0.5912,0,0.019141212105751038
555,TX,0.9999774803668079,0.6272,0.6272,1000,0.019141212105751038
556,CA,6.2270601342452276e-06,0.5872,0.5872,0,0.018976300954818726
556,NY,1.5807639077470444e-05,0.5946,0.5946,0,0.018976300954818726
556,TX,0.9999779653007882,0.626,0.626,1000,0.018976300954818726
557,CA,6.078471298156382e-06,0.594,0.594,0,0.019176825881004333
557,NY,1.5502381742450142e-05,0.5918,0.5918,0,0.019176825881004333
557,TX,0.9999784191469594,0.627,0.627,1000,0.019176825881004333
558,CA,5.955186043920189e-06,0.5892,0.5892,0,0.018922872841358185
558,NY,1.5166996051848616e-05,0.5922,0.5922,0,0.018922872841358185
558,TX,0.9999788778179042,0.626,0.626,1000,0.018922872841358185
559,CA,5.820409545108481e-06,0.5948,0.5948,0,0.018968239426612854
559,NY,1.485172323626988e-05,0.591,0.591,0,0.018968239426612854
559,TX,0.9999793278672187,0.6272,0.6272,1000,0.018968239426612854
560,CA,5.704518980603834e-06,0.5948,0.5948,0,0.01902465522289276
560,NY,1.4521326336338978e-05,0.591,0.591,0,0.01902465522289276
560,TX,0.999979774154683,0.6272,0.6272,1000,0.01902465522289276
561,CA,5.590935866899054e-06,0.594,0.594,0,0.019082382321357727
561,NY,1.4198279430291626e-05,0.5918,0.5918,0,0.019082382321357727
561,TX,0.9999802107847028,0.627,0.627,1000,0.019082382321357727
562,CA,5.477538733871572e-06,0.5948,0.5948,0,0.019051797688007355
562,NY,1.3891106762476451e-05,0.591,0.591,0,0.019051797688007355
562,TX,0.9999806313545038,0.6272,0.6272,1000,0.019051797688007355
563,CA,5.3684749416879635e-06,0.5948,0.5948,0,0.01911669224500656
563,NY,1.3582079707104633e-05,0.591,0.591,0,0.01911669224500656
563,TX,0.9999810494453512,0.6272,0.6272,1000,0.01911669224500656
564,CA,5.261582681394633e-06,0.589,0.589,0,0.018988847732543945
564,NY,1.327992726969898e-05,0.5926,0.5926,0,0.018988847732543945
564,TX,0.9999814584900488,0.6262,0.6262,1000,0.018988847732543945
565,CA,5.141223823069088e-06,0.5948,0.5948,0,0.019156567752361298
565,NY,1.3005546992040973e-05,0.591,0.591,0,0.019156567752361298
565,TX,0.9999818532291849,0.6272,0.6272,1000,0.019156567752361298
566,CA,5.038856295894134e-06,0.594,0.594,0,0.01906692236661911
566,NY,1.2716220113911296e-05,0.5918,0.5918,0,0.01906692236661911
566,TX,0.9999822449235902,0.627,0.627,1000,0.01906692236661911
567,CA,4.936656402111292e-06,0.5932,0.5932,0,0.018996544182300568
567,NY,1.2441110519260737e-05,0.592,0.592,0,0.018996544182300568
567,TX,0.9999826222330787,0.6266,0.6266,1000,0.018996544182300568
568,CA,4.835290703626156e-06,0.5922,0.5922,0,0.021147415041923523
568,NY,1.2176475590734194e-05,0.5926,0.5926,0,0.021147415041923523
568,TX,0.9999829882337057,0.6266,0.6266,1000,0.021147415041923523
569,CA,4.733033693012878e-06,0.594,0.594,0,0.01904786378145218
569,NY,1.192196111184353e-05,0.5914,0.5914,0,0.01904786378145218
569,TX,0.9999833450051951,0.6272,0.6272,1000,0.01904786378145218
570,CA,4.636466576999993e-06,0.5802,0.5802,0,0.018936455249786377
570,NY,1.16596704289392e-05,0.5918,0.5918,0,0.018936455249786377
570,TX,0.9999837038629941,0.6232,0.6232,1000,0.018936455249786377
571,CA,4.513644059486551e-06,0.5828,0.5828,0,0.018832378089427948
571,NY,1.143412386309351e-05,0.595,0.595,0,0.018832378089427948
571,TX,0.9999840522320774,0.6206,0.6206,1000,0.018832378089427948
572,CA,4.4083659508086475e-06,0.5932,0.5932,0,0.019005730748176575
572,NY,1.1253506587506885e-05,0.5924,0.5924,0,0.019005730748176575
572,TX,0.9999843381274617,0.6268,0.6268,1000,0.019005730748176575
573,CA,4.317316783646674e-06,0.594,0.594,0,0.019075222313404083
573,NY,1.1015545725304668e-05,0.5918,0.5918,0,0.019075222313404083
573,TX,0.999984667137491,0.627,0.627,1000,0.019075222313404083
574,CA,4.229751195959326e-06,0.5948,0.5948,0,0.018999189138412476
574,NY,1.0777228887417251e-05,0.591,0.591,0,0.018999189138412476
574,TX,0.9999849930199166,0.6272,0.6272,1000,0.018999189138412476
575,CA,4.145531829373061e-06,0.588,0.588,0,0.019053734838962555
575,NY,1.0537473399104054e-05,0.595,0.595,0,0.019053734838962555
575,TX,0.9999853169947714,0.6256,0.6256,1000,0.019053734838962555
576,CA,4.049647196153011e-06,0.594,0.594,0,0.019084103405475616
576,NY,1.0339120950397198e-05,0.5916,0.5916,0,0.019084103405475616
576,TX,0.9999856112318535,0.6274,0.6274,1000,0.019084103405475616
577,CA,3.9665353541538e-06,0.5926,0.5926,0,0.01928822696208954
577,NY,1.0111681218559171e-05,0.5924,0.5924,0,0.01928822696208954
577,TX,0.9999859217834273,0.6272,0.6272,1000,0.01928822696208954
578,CA,3.88219401666518e-06,0.5926,0.5926,0,0.019054479897022247
578,NY,9.895431423655628e-06,0.5924,0.5924,0,0.019054479897022247
578,TX,0.9999862223745597,0.6272,0.6272,1000,0.019054479897022247
579,CA,3.799646023705902e-06,0.5948,0.5948,0,0.01893460750579834
579,NY,9.683806314233858e-06,0.591,0.591,0,0.01893460750579834
579,TX,0.9999865165476621,0.6272,0.6272,1000,0.01893460750579834
580,CA,3.723990439110203e-06,0.5942,0.5942,0,0.018847130239009857
580,NY,9.468375326179134e-06,0.5914,0.5914,0,0.018847130239009857
580,TX,0.9999868076342348,0.6274,0.6274,1000,0.018847130239009857
581,CA,3.6480196955433924e-06,0.591,0.591,0,0.01914510875940323
581,NY,9.258926382471556e-06,0.5934,0.5934,0,0.01914510875940323
581,TX,0.9999870930539221,0.625,0.625,1000,0.01914510875940323
582,CA,3.5716928145411825e-06,0.5912,0.5912,0,0.01927313208580017
582,NY,9.078878203215192e-06,0.593,0.593,0,0.01927313208580017
582,TX,0.9999873494289823,0.626,0.626,1000,0.01927313208580017
583,CA,3.4952515917144567e-06,0.5896,0.5896,0,0.01924414187669754
583,NY,8.894622846330665e-06,0.5922,0.5922,0,0.01924414187669754
583,TX,0.9999876101255619,0.6258,0.6258,1000,0.01924414187669754
584,CA,3.417427348948183e-06,0.5838,0.5838,0,0.01928068697452545
584,NY,8.710802190548339e-06,0.5946,0.5946,0,0.01928068697452545
584,TX,0.9999878717704604,0.6182,0.6182,1000,0.01928068697452545
585,CA,3.344779703422089e-06,0.5926,0.5926,0,0.019304223358631134
585,NY,8.583764643899582e-06,0.5926,0.5926,0,0.019304223358631134
585,TX,0.9999880714556527,0.6272,0.6272,1000,0.019304223358631134
586,CA,3.2736587431166716e-06,0.5918,0.5918,0,0.019274242222309113
586,NY,8.401245722284137e-06,0.593,0.593,0,0.019274242222309113
586,TX,0.9999883250955346,0.626,0.626,1000,0.019274242222309113
587,CA,3.2048039573207753e-06,0.586,0.586,0,0.019145838916301727
587,NY,8.230742705415529e-06,0.5938,0.5938,0,0.019145838916301727
587,TX,0.9999885644533373,0.6244,0.6244,1000,0.019145838916301727
588,CA,3.1290447238786406e-06,0.5948,0.5948,0,0.019685477018356323
588,NY,8.07569610420662e-06,0.591,0.591,0,0.019685477018356323
588,TX,0.999988795259172,0.6272,0.6272,1000,0.019685477018356323
589,CA,3.0667414780499865e-06,0.5932,0.5932,0,0.01910112053155899
589,NY,7.896039583721296e-06,0.592,0.592,0,0.01910112053155899
589,TX,0.9999890372189383,0.6266,0.6266,1000,0.01910112053155899
590,CA,3.0037708417202096e-06,0.5772,0.5772,0,0.019051946699619293
590,NY,7.728081839542717e-06,0.5978,0.5978,0,0.019051946699619293
590,TX,0.9999892681473187,0.6154,0.6154,1000,0.019051946699619293
591,CA,2.9327399448866897e-06,0.5948,0.5948,0,0.01900327205657959
591,NY,7.643884536330782e-06,0.591,0.591,0,0.01900327205657959
591,TX,0.9999894233755189,0.6272,0.6272,1000,0.01900327205657959
592,CA,2.8743453371336925e-06,0.5948,0.5948,0,0.01909703016281128
592,NY,7.473834240134065e-06,0.591,0.591,0,0.01909703016281128
592,TX,0.9999896518204228,0.6272,0.6272,1000,0.01909703016281128
593,CA,2.8171134268639985e-06,0.592,0.592,0,0.0190674290060997
593,NY,7.307566945477416e-06,0.5924,0.5924,0,0.0190674290060997
593,TX,0.9999898753196277,0.6254,0.6254,1000,0.0190674290060997
594,CA,2.759225729404393e-06,0.591,0.591,0,0.018953092396259308
594,NY,7.159205121225208e-06,0.5934,0.5934,0,0.018953092396259308
594,TX,0.9999900815691494,0.625,0.625,1000,0.018953092396259308
595,CA,2.7014947692806676e-06,0.5882,0.5882,0,0.018839262425899506
595,NY,7.019987499611712e-06,0.5932,0.5932,0,0.018839262425899506
595,TX,0.9999902785177311,0.626,0.626,1000,0.018839262425899506
596,CA,2.6386930317339977e-06,0.594,0.594,0,0.018977805972099304
596,NY,6.878380301699282e-06,0.5914,0.5914,0,0.018977805972099304
596,TX,0.9999904829266666,0.6272,0.6272,1000,0.018977805972099304
597,CA,2.5848559215460623e-06,0.5902,0.5902,0,0.018924713134765625
597,NY,6.72705055184013e-06,0.5922,0.5922,0,0.018924713134765625
597,TX,0.9999906880935266,0.6252,0.6252,1000,0.018924713134765625
598,CA,2.529189439281147e-06,0.5948,0.5948,0,0.019036613404750824
598,NY,6.590457757760022e-06,0.591,0.591,0,0.019036613404750824
598,TX,0.9999908803528029,0.6272,0.6272,1000,0.019036613404750824
599,CA,2.478829960841272e-06,0.5764,0.5764,0,0.019030950963497162
599,NY,6.443842402887507e-06,0.6016,0.6016,0,0.019030950963497162
599,TX,0.9999910773276363,0.611,0.611,1000,0.019030950963497162
600,CA,2.425591499211891e-06,,,0,
600,NY,6.406243904377422e-06,,,0,
600,TX,0.9999911681645964,,,0,
