t,state,p,acc,fitness,sample_count,step_seconds
0,CA,0.3333333333333333,0.4054,0.4054,353,0.06402616389095783
0,NY,0.3333333333333333,0.4092,0.4092,324,0.06402616389095783
0,TX,0.3333333333333333,0.3728,0.3728,323,0.06402616389095783
1,CA,0.33562592539523334,0.4054,0.4054,321,0.039065998047590256
1,NY,0.3365334097530687,0.4092,0.4092,363,0.039065998047590256
1,TX,0.327840664851698,0.3728,0.3728,316,0.039065998047590256
2,CA,0.33788799553981835,0.4054,0.4054,332,0.03819466009736061
2,NY,0.3397176671270195,0.4092,0.4092,342,0.03819466009736061
2,TX,0.3223943373331621,0.3728,0.3728,326,0.03819466009736061
3,CA,0.34011910529939177,0.4052,0.4052,331,0.038478096947073936
3,NY,0.34288547150732235,0.4092,0.4092,355,0.038478096947073936
3,TX,0.3169954231932859,0.3728,0.3728,314,0.038478096947073936
4,CA,0.3422868023144735,0.4052,0.4052,333,0.03951297141611576
4,NY,0.3460530676792087,0.409,0.409,373,0.03951297141611576
4,TX,0.31166013000631787,0.3728,0.3728,294,0.03951297141611576
5,CA,0.34443962018035557,0.4054,0.4054,346,0.03835093788802624
5,NY,0.3491712703520162,0.4092,0.4092,347,0.03835093788802624
5,TX,0.3063891094676282,0.3728,0.3728,307,0.03835093788802624
6,CA,0.34657555396121653,0.4052,0.4052,333,0.03766542486846447
6,NY,0.35228650959283514,0.409,0.409,343,0.03766542486846447
6,TX,0.3011379364459483,0.3728,0.3728,324,0.03766542486846447
7,CA,0.34866430933880566,0.4052,0.4052,364,0.03827134892344475
7,NY,0.3553680933218433,0.409,0.409,336,0.03827134892344475
7,TX,0.2959675973393511,0.3728,0.3728,300,0.03827134892344475
8,CA,0.3507206503528557,0.4052,0.4052,333,0.03810410015285015
8,NY,0.35843064056222856,0.409,0.409,367,0.03810410015285015
8,TX,0.2908487090849158,0.3728,0.3728,300,0.03810410015285015
9,CA,0.3527443015706114,0.4054,0.4054,346,0.037781454622745514
9,NY,0.36147365398797304,0.4092,0.4092,372,0.037781454622745514
9,TX,0.28578204444141564,0.3728,0.3728,282,0.037781454622745514
10,CA,0.3547492367169919,0.4052,0.4052,371,0.03788524307310581
10,NY,0.3645111333229038,0.409,0.409,348,0.03788524307310581
10,TX,0.28073962996010426,0.3728,0.3728,281,0.03788524307310581
11,CA,0.3567066100952379,0.4052,0.4052,351,0.03903122991323471
11,NY,0.36751353415004195,0.409,0.409,377,0.03903122991323471
11,TX,0.2757798557547202,0.3728,0.3728,272,0.03903122991323471
12,CA,0.3586306168789716,0.4052,0.4052,363,0.038821371272206306
12,NY,0.37049503732202577,0.4092,0.4092,367,0.038821371272206306
12,TX,0.2708743457990025,0.3728,0.3728,270,0.038821371272206306
13,CA,0.36050197118332805,0.4052,0.4052,381,0.0387458223849535
13,NY,0.3734884440103002,0.4092,0.4092,352,0.0387458223849535
13,TX,0.26600958480637177,0.3728,0.3728,267,0.0387458223849535
14,CA,0.3623391318603624,0.4056,0.4056,351,0.038105230778455734
14,NY,0.3764603642390394,0.4094,0.4094,402,0.038105230778455734
14,TX,0.2612005039005982,0.373,0.373,247,0.038105230778455734
15,CA,0.36417466623845035,0.4054,0.4054,341,0.03817104920744896
15,NY,0.3793903395291614,0.4092,0.4092,395,0.03817104920744896
15,TX,0.25643499423238836,0.3728,0.3728,264,0.03817104920744896
16,CA,0.3659761881970321,0.4052,0.4052,369,0.03900942951440811
16,NY,0.38229802296123383,0.409,0.409,379,0.03900942951440811
16,TX,0.2517257888417341,0.3728,0.3728,252,0.03900942951440811
17,CA,0.36773036122016356,0.4052,0.4052,359,0.038977859541773796
17,NY,0.38516921013471994,0.409,0.409,383,0.038977859541773796
17,TX,0.24710042864511636,0.3728,0.3728,258,0.038977859541773796
18,CA,0.3694504699432784,0.4052,0.4052,372,0.038988059386610985
18,NY,0.3880173541438378,0.409,0.409,371,0.038988059386610985
18,TX,0.24253217591288367,0.3728,0.3728,257,0.038988059386610985
19,CA,0.37113647771256203,0.4052,0.4052,358,0.038622623309493065
19,NY,0.39084217401577204,0.409,0.409,414,0.038622623309493065
19,TX,0.23802134827166593,0.3728,0.3728,228,0.038622623309493065
20,CA,0.3727883693592938,0.4054,0.4054,363,0.03846883587539196
20,NY,0.3936434096432303,0.4092,0.4092,407,0.03846883587539196
20,TX,0.23356822099747587,0.3728,0.3728,230,0.03846883587539196
21,CA,0.3744184186331982,0.4052,0.4052,402,0.038560954853892326
21,NY,0.39643365867633634,0.409,0.409,387,0.038560954853892326
21,TX,0.22914792269046552,0.3728,0.3728,211,0.038560954853892326
22,CA,0.3760019360680197,0.4052,0.4052,373,0.03847002610564232
22,NY,0.3991868708642928,0.409,0.409,415,0.03847002610564232
22,TX,0.22481119306768746,0.3728,0.3728,212,0.03847002610564232
23,CA,0.37755141560726796,0.4052,0.4052,355,0.03742988780140877
23,NY,0.4019158402107388,0.409,0.409,418,0.03742988780140877
23,TX,0.22053274418199328,0.3728,0.3728,227,0.03742988780140877
24,CA,0.3790669227686755,0.4052,0.4052,393,0.03790969215333462
24,NY,0.4046203874123289,0.409,0.409,381,0.03790969215333462
24,TX,0.21631268981899565,0.3728,0.3728,226,0.03790969215333462
25,CA,0.38054854179468467,0.4054,0.4054,352,0.03795447386801243
25,NY,0.4073003525275241,0.4092,0.4092,435,0.03795447386801243
25,TX,0.21215110567779133,0.3728,0.3728,213,0.03795447386801243
26,CA,0.382007745250628,0.4052,0.4052,371,0.03807507082819939
26,NY,0.40996763966722843,0.409,0.409,426,0.03807507082819939
26,TX,0.2080246150821436,0.3728,0.3728,203,0.03807507082819939
27,CA,0.38342173445463285,0.4058,0.4058,376,0.03807933069765568
27,NY,0.41259787660466735,0.4098,0.4098,414,0.03807933069765568
27,TX,0.2039803889406997,0.373,0.373,210,0.03807933069765568
28,CA,0.3848013491854905,0.4054,0.4054,381,0.03785299323499203
28,NY,0.41526068352853834,0.4092,0.4092,440,0.03785299323499203
28,TX,0.1999379672859712,0.3728,0.3728,179,0.03785299323499203
29,CA,0.3861586986974187,0.4052,0.4052,358,0.038729103282094
29,NY,0.4178522413015814,0.4092,0.4092,440,0.038729103282094
29,TX,0.19598906000099997,0.3728,0.3728,202,0.038729103282094
30,CA,0.3874487155869464,0.4054,0.4054,378,0.03885987028479576
30,NY,0.4204415539965666,0.4092,0.4092,428,0.03885987028479576
30,TX,0.19210973041648716,0.3728,0.3728,194,0.03885987028479576
31,CA,0.3887391001796709,0.4054,0.4054,387,0.037604616954922676
31,NY,0.4229824198701531,0.4092,0.4092,431,0.037604616954922676
31,TX,0.18827847995017602,0.3728,0.3728,182,0.037604616954922676
32,CA,0.38999631945743835,0.4052,0.4052,389,0.03898131102323532
32,NY,0.4254977678757112,0.409,0.409,434,0.03898131102323532
32,TX,0.18450591266685049,0.3728,0.3728,177,0.03898131102323532
33,CA,0.3912104583347325,0.4052,0.4052,383,0.03739804960787296
33,NY,0.4279766609560433,0.409,0.409,437,0.03739804960787296
33,TX,0.18081288070922438,0.3728,0.3728,180,0.03739804960787296
34,CA,0.39239222185183714,0.4052,0.4052,391,0.04068840853869915
34,NY,0.43043033565956007,0.409,0.409,440,0.04068840853869915
34,TX,0.17717744248860293,0.3728,0.3728,169,0.04068840853869915
35,CA,0.3935418485163027,0.4052,0.4052,410,0.038222240284085274
35,NY,0.43285880376302066,0.409,0.409,430,0.038222240284085274
35,TX,0.17359934772067664,0.3728,0.3728,160,0.038222240284085274
36,CA,0.394659588791232,0.4052,0.4052,422,0.038726141676306725
36,NY,0.4352620916359648,0.409,0.409,378,0.038726141676306725
36,TX,0.1700783195728033,0.3728,0.3728,200,0.038726141676306725
37,CA,0.39574570448631047,0.4052,0.4052,412,0.03801505267620087
37,NY,0.4376402397581384,0.409,0.409,417,0.03801505267620087
37,TX,0.16661405575555108,0.3728,0.3728,171,0.03801505267620087
38,CA,0.3968004681547243,0.4052,0.4052,381,0.03796762228012085
38,NY,0.43999330223404404,0.409,0.409,459,0.03796762228012085
38,TX,0.16320622961123174,0.3728,0.3728,160,0.03796762228012085
39,CA,0.3978241624969351,0.4052,0.4052,396,0.038482846692204475
39,NY,0.442321346305723,0.409,0.409,459,0.038482846692204475
39,TX,0.15985449119734188,0.3728,0.3728,145,0.038482846692204475
40,CA,0.3988170797722193,0.4052,0.4052,396,0.041188452392816544
40,NY,0.44462445186483285,0.409,0.409,439,0.041188452392816544
40,TX,0.15655846836294793,0.3728,0.3728,165,0.041188452392816544
41,CA,0.3997795212188101,0.4052,0.4052,386,0.03928334638476372
41,NY,0.44690271096502615,0.409,0.409,448,0.03928334638476372
41,TX,0.15331776781616385,0.3728,0.3728,166,0.03928334638476372
42,CA,0.4007117964834189,0.4052,0.4052,393,0.038020022213459015
42,NY,0.44915622733559263,0.4092,0.4092,461,0.038020022213459015
42,TX,0.15013197618098856,0.3728,0.3728,146,0.038020022213459015
43,CA,0.40158849260403007,0.4052,0.4052,374,0.03785431385040283
43,NY,0.45142026433269367,0.409,0.409,465,0.03785431385040283
43,TX,0.14699124306327627,0.3728,0.3728,161,0.03785431385040283
44,CA,0.4024612134403651,0.4054,0.4054,400,0.03770521469414234
44,NY,0.45362468043711174,0.4092,0.4092,431,0.03770521469414234
44,TX,0.14391410612252314,0.3728,0.3728,169,0.03770521469414234
45,CA,0.4033129016041152,0.4052,0.4052,405,0.03866180405020714
45,NY,0.4558137723569351,0.409,0.409,456,0.03866180405020714
45,TX,0.14087332603894967,0.3728,0.3728,139,0.03866180405020714
46,CA,0.40412742699863524,0.4052,0.4052,432,0.03709017299115658
46,NY,0.45796944768780634,0.409,0.409,428,0.03709017299115658
46,TX,0.1379031253135585,0.3728,0.3728,140,0.03709017299115658
47,CA,0.40491344587851,0.4052,0.4052,419,0.038119180127978325
47,NY,0.4601010568159184,0.4092,0.4092,451,0.038119180127978325
47,TX,0.13498549730557163,0.3728,0.3728,130,0.038119180127978325
48,CA,0.40564469343988396,0.4052,0.4052,417,0.038877932354807854
48,NY,0.4622440447053975,0.409,0.409,460,0.038877932354807854
48,TX,0.13211126185471866,0.3728,0.3728,123,0.038877932354807854
49,CA,0.4063745821890544,0.4052,0.4052,412,0.03828963823616505
49,NY,0.4643280430522223,0.4092,0.4092,467,0.03828963823616505
49,TX,0.12929737475872333,0.3728,0.3728,121,0.03828963823616505
50,CA,0.4070500798760617,0.4052,0.4052,404,0.03703218512237072
50,NY,0.4664238133931833,0.4092,0.4092,477,0.03703218512237072
50,TX,0.126526106730755,0.3728,0.3728,119,0.03703218512237072
51,CA,0.40769816985141083,0.4054,0.4054,408,0.03801539167761803
51,NY,0.4684962579227273,0.4092,0.4092,465,0.03801539167761803
51,TX,0.12380557222586173,0.3728,0.3728,127,0.03801539167761803
52,CA,0.40835360902850915,0.4052,0.4052,435,0.040894314646720886
52,NY,0.4705182227979132,0.409,0.409,447,0.040894314646720886
52,TX,0.1211281681735777,0.3728,0.3728,118,0.040894314646720886
53,CA,0.4089754494478047,0.4054,0.4054,440,0.038445595651865005
53,NY,0.47250905987544467,0.4092,0.4092,424,0.038445595651865005
53,TX,0.11851549067675067,0.3728,0.3728,136,0.038445595651865005
54,CA,0.4095781508276551,0.4052,0.4052,384,0.03786442242562771
54,NY,0.4744848693396708,0.409,0.409,505,0.03786442242562771
54,TX,0.11593697983267409,0.3728,0.3728,111,0.03786442242562771
55,CA,0.41014828252153135,0.4052,0.4052,409,0.03834031708538532
55,NY,0.4764302587367115,0.4092,0.4092,476,0.03834031708538532
55,TX,0.1134214587417571,0.3728,0.3728,115,0.03834031708538532
56,CA,0.4106653064683309,0.4052,0.4052,400,0.03822335973381996
56,NY,0.47838873790380454,0.409,0.409,471,0.03822335973381996
56,TX,0.11094595562786459,0.3728,0.3728,129,0.03822335973381996
57,CA,0.4111852198515261,0.4052,0.4052,390,0.038043251261115074
57,NY,0.48028970743982763,0.409,0.409,507,0.038043251261115074
57,TX,0.10852507270864614,0.3728,0.3728,103,0.038043251261115074
58,CA,0.4116806638392589,0.4052,0.4052,416,0.03682977706193924
58,NY,0.4821688008618845,0.409,0.409,480,0.03682977706193924
58,TX,0.1061505352988567,0.3728,0.3728,104,0.03682977706193924
59,CA,0.4121520153088195,0.4052,0.4052,424,0.03821001015603542
59,NY,0.4840262510507925,0.4092,0.4092,491,0.03821001015603542
59,TX,0.10382173364038795,0.3728,0.3728,85,0.03821001015603542
60,CA,0.41257119820585414,0.4052,0.4052,440,0.03850575536489487
60,NY,0.48589775015034087,0.4092,0.4092,471,0.03850575536489487
60,TX,0.10153105164380498,0.3728,0.3728,89,0.03850575536489487
61,CA,0.4129667714330501,0.4052,0.4052,417,0.03922859765589237
61,NY,0.48774809692711674,0.409,0.409,478,0.03922859765589237
61,TX,0.09928513163983313,0.3728,0.3728,105,0.03922859765589237
62,CA,0.4133678416392956,0.4054,0.4054,413,0.0403525922447443
62,NY,0.4895420637742352,0.4092,0.4092,494,0.0403525922447443
62,TX,0.09709009458646937,0.3728,0.3728,93,0.0403525922447443
63,CA,0.4137519995784881,0.4052,0.4052,402,0.038840942084789276
63,NY,0.4913218948550878,0.409,0.409,510,0.038840942084789276
63,TX,0.09492610556642402,0.3728,0.3728,88,0.038840942084789276
64,CA,0.4141081651999089,0.4054,0.4054,426,0.03849068656563759
64,NY,0.4930746308568085,0.4092,0.4092,471,0.03849068656563759
64,TX,0.09281720394328262,0.3728,0.3728,103,0.03849068656563759
65,CA,0.4144479326617707,0.4052,0.4052,406,0.03813954070210457
65,NY,0.4948134856617037,0.409,0.409,494,0.03813954070210457
65,TX,0.09073858167652571,0.3728,0.3728,100,0.03813954070210457
66,CA,0.4147606970566256,0.4052,0.4052,428,0.03838134743273258
66,NY,0.496526003071309,0.409,0.409,482,0.03838134743273258
66,TX,0.08871329987206544,0.3728,0.3728,90,0.03838134743273258
67,CA,0.4150523774199707,0.4054,0.4054,383,0.037731075659394264
67,NY,0.49821885530716115,0.409,0.409,528,0.037731075659394264
67,TX,0.08672876727286816,0.3728,0.3728,89,0.037731075659394264
68,CA,0.41535790218952284,0.4052,0.4052,412,0.21428876370191574
68,NY,0.49986275096830973,0.4092,0.4092,488,0.21428876370191574
68,TX,0.08477934684216745,0.3728,0.3728,100,0.21428876370191574
69,CA,0.41557894092520725,0.4054,0.4054,417,0.037763895466923714
69,NY,0.5015524116521914,0.4092,0.4092,489,0.037763895466923714
69,TX,0.08286864742260136,0.3728,0.3728,94,0.037763895466923714
70,CA,0.415814339873457,0.4052,0.4052,430,0.04085133597254753
70,NY,0.5031934030186487,0.4092,0.4092,497,0.04085133597254753
70,TX,0.0809922571078943,0.3728,0.3728,73,0.04085133597254753
71,CA,0.41599533144856515,0.4054,0.4054,393,0.03913736715912819
71,NY,0.5048454267494167,0.4092,0.4092,527,0.03913736715912819
71,TX,0.07915924180201823,0.3728,0.3728,80,0.03913736715912819
72,CA,0.4161914272804116,0.4052,0.4052,404,0.039523154497146606
72,NY,0.5064490786595268,0.409,0.409,524,0.039523154497146606
72,TX,0.07735949406006157,0.3728,0.3728,72,0.039523154497146606
73,CA,0.41636385771377016,0.4054,0.4054,403,0.03868429362773895
73,NY,0.5080290313186593,0.4092,0.4092,523,0.03868429362773895
73,TX,0.07560711096757047,0.3728,0.3728,74,0.03868429362773895
74,CA,0.41652220416845565,0.4052,0.4052,419,0.03699922375380993
74,NY,0.5095963987916946,0.4092,0.4092,514,0.03699922375380993
74,TX,0.07388139703984975,0.3728,0.3728,67,0.03699922375380993
75,CA,0.4166275682691215,0.4052,0.4052,459,0.03799222409725189
75,NY,0.5111762757924131,0.4092,0.4092,472,0.03799222409725189
75,TX,0.07219615593846536,0.3728,0.3728,69,0.03799222409725189
76,CA,0.41671488811279994,0.4052,0.4052,406,0.03742270916700363
76,NY,0.5127388158056146,0.409,0.409,518,0.03742270916700363
76,TX,0.07054629608158541,0.3728,0.3728,76,0.03742270916700363
77,CA,0.416814936895306,0.4052,0.4052,423,0.03853047452867031
77,NY,0.5142488213329572,0.409,0.409,506,0.03853047452867031
77,TX,0.06893624177173673,0.3728,0.3728,71,0.03853047452867031
78,CA,0.4168978265529616,0.4052,0.4052,413,0.03785114362835884
78,NY,0.515742016621164,0.409,0.409,521,0.03785114362835884
78,TX,0.06736015682587441,0.3728,0.3728,66,0.03785114362835884
79,CA,0.41696389314001947,0.4052,0.4052,437,0.03813011944293976
79,NY,0.5172186591607315,0.409,0.409,488,0.03813011944293976
79,TX,0.06581744769924902,0.3728,0.3728,75,0.03813011944293976
80,CA,0.41701346895493346,0.4052,0.4052,422,0.04252488538622856
80,NY,0.5186790053855982,0.4092,0.4092,500,0.04252488538622856
80,TX,0.06430752565946844,0.3728,0.3728,78,0.04252488538622856
81,CA,0.4170160946872843,0.4052,0.4052,388,0.039100488647818565
81,NY,0.5201587365890725,0.409,0.409,539,0.039100488647818565
81,TX,0.06282516872364312,0.3728,0.3728,73,0.039100488647818565
82,CA,0.4170335845355658,0.4052,0.4052,414,0.038187259808182716
82,NY,0.5215872460668725,0.409,0.409,526,0.038187259808182716
82,TX,0.06137916939756173,0.3728,0.3728,60,0.038187259808182716
83,CA,0.4170355591785874,0.4052,0.4052,404,0.03744256868958473
83,NY,0.5230002202662476,0.409,0.409,537,0.03744256868958473
83,TX,0.05996422055516504,0.3728,0.3728,59,0.03744256868958473
84,CA,0.4170223350445077,0.4052,0.4052,398,0.038613054901361465
84,NY,0.5243979100032309,0.409,0.409,554,0.038613054901361465
84,TX,0.05857975495226138,0.3728,0.3728,48,0.038613054901361465
85,CA,0.41699422443543105,0.4052,0.4052,404,0.038918061181902885
85,NY,0.5257805643712881,0.409,0.409,551,0.038918061181902885
85,TX,0.0572252111932808,0.3728,0.3728,45,0.038918061181902885
86,CA,0.41695153547559954,0.4052,0.4052,407,0.03840404562652111
86,NY,0.5271484306308047,0.409,0.409,526,0.03840404562652111
86,TX,0.05590003389359573,0.3728,0.3728,67,0.03840404562652111
87,CA,0.41689457206628067,0.4052,0.4052,402,0.0393217746168375
87,NY,0.5285017541055709,0.409,0.409,542,0.0393217746168375
87,TX,0.05460367382814849,0.3728,0.3728,56,0.0393217746168375
88,CA,0.416823633847059,0.4054,0.4054,424,0.0378174539655447
88,NY,0.5298407780860387,0.4092,0.4092,527,0.0378174539655447
88,TX,0.053335588066902244,0.3728,0.3728,49,0.0378174539655447
89,CA,0.41674219067280927,0.4054,0.4054,430,0.038033051416277885
89,NY,0.5311695860324457,0.4092,0.4092,518,0.038033051416277885
89,TX,0.05208822329474491,0.3728,0.3728,52,0.038033051416277885
90,CA,0.41664721374142827,0.4052,0.4052,400,0.03822370804846287
90,NY,0.5324844097669619,0.409,0.409,530,0.03822370804846287
90,TX,0.05086837649160983,0.3728,0.3728,70,0.03822370804846287
91,CA,0.4165359639695773,0.4052,0.4052,439,0.03867410309612751
91,NY,0.5337818119749448,0.409,0.409,525,0.03867410309612751
91,TX,0.04968222405547789,0.3728,0.3728,36,0.03867410309612751
92,CA,0.4164118977529636,0.4054,0.4054,380,0.037879453971982
92,NY,0.5350658687330462,0.4092,0.4092,569,0.037879453971982
92,TX,0.048522233513990265,0.3728,0.3728,51,0.037879453971982
93,CA,0.4162781859388941,0.4052,0.4052,415,0.037735097110271454
93,NY,0.5363403333723811,0.409,0.409,535,0.037735097110271454
93,TX,0.047381480688724865,0.3728,0.3728,50,0.037735097110271454
94,CA,0.41612924966388753,0.4052,0.4052,412,0.037534886971116066
94,NY,0.5375983159910197,0.4092,0.4092,540,0.037534886971116066
94,TX,0.04627243434509274,0.3728,0.3728,48,0.037534886971116066
95,CA,0.41593650566064794,0.4052,0.4052,368,0.037354059517383575
95,NY,0.53887891194006,0.409,0.409,575,0.037354059517383575
95,TX,0.04518458239929209,0.3728,0.3728,57,0.037354059517383575
96,CA,0.4157637857515266,0.4052,0.4052,393,0.03759475611150265
96,NY,0.5401117930470111,0.4092,0.4092,572,0.03759475611150265
96,TX,0.04412442120146233,0.3728,0.3728,35,0.03759475611150265
97,CA,0.41554766786554526,0.4052,0.4052,425,0.0385151170194149
97,NY,0.5413677046839191,0.409,0.409,539,0.0385151170194149
97,TX,0.043084627450535665,0.3728,0.3728,36,0.0385151170194149
98,CA,0.4153522125054615,0.4052,0.4052,435,0.03734675236046314
98,NY,0.5425763694658529,0.4092,0.4092,523,0.03734675236046314
98,TX,0.042071418028685637,0.3728,0.3728,42,0.03734675236046314
99,CA,0.4151137579716078,0.4054,0.4054,410,0.038483425974845886
99,NY,0.5438084701524338,0.4092,0.4092,553,0.038483425974845886
99,TX,0.04107777187595838,0.3728,0.3728,37,0.038483425974845886
100,CA,0.41489903522625227,0.4054,0.4054,413,0.03863098286092281
100,NY,0.5449967979927295,0.4092,0.4092,554,0.03863098286092281
100,TX,0.04010416678101831,0.3728,0.3728,33,0.03863098286092281
101,CA,0.41467373172389693,0.4052,0.4052,401,0.03904895856976509
101,NY,0.5461736401819136,0.4092,0.4092,566,0.03904895856976509
101,TX,0.03915262809418942,0.3728,0.3728,33,0.03904895856976509
102,CA,0.41440355269564383,0.4052,0.4052,417,0.04109974205493927
102,NY,0.5473714913714925,0.4092,0.4092,535,0.04109974205493927
102,TX,0.03822495593286356,0.3728,0.3728,48,0.04109974205493927
103,CA,0.4141232864233144,0.4052,0.4052,386,0.03965802118182182
103,NY,0.5485583746487083,0.4092,0.4092,582,0.03965802118182182
103,TX,0.03731833892797734,0.3728,0.3728,32,0.03965802118182182
104,CA,0.41383316754521876,0.4052,0.4052,432,0.03885021060705185
104,NY,0.5497344915228856,0.409,0.409,534,0.03885021060705185
104,TX,0.036432340931895665,0.3728,0.3728,34,0.03885021060705185
105,CA,0.4135657615446743,0.4052,0.4052,444,0.039146287366747856
105,NY,0.5508649245146366,0.4092,0.4092,522,0.039146287366747856
105,TX,0.03556931394068906,0.3728,0.3728,34,0.039146287366747856
106,CA,0.4132566678120811,0.4054,0.4054,425,0.03911633789539337
106,NY,0.5520201186974331,0.4092,0.4092,545,0.03911633789539337
106,TX,0.03472321349048589,0.3728,0.3728,30,0.03911633789539337
107,CA,0.4129728996310134,0.4052,0.4052,413,0.037475207820534706
107,NY,0.5531326250627391,0.409,0.409,557,0.037475207820534706
107,TX,0.03389447530624759,0.3728,0.3728,30,0.037475207820534706
108,CA,0.4126781269883514,0.4052,0.4052,411,0.03813081979751587
108,NY,0.5542325453842366,0.4092,0.4092,556,0.03813081979751587
108,TX,0.033089327627411964,0.3728,0.3728,33,0.03813081979751587
109,CA,0.4123421860795189,0.4052,0.4052,400,0.03785480372607708
109,NY,0.5553577493806942,0.4092,0.4092,566,0.03785480372607708
109,TX,0.03230006453978699,0.3728,0.3728,34,0.03785480372607708
110,CA,0.4119977085836143,0.4052,0.4052,410,0.038464704528450966
110,NY,0.5564733382763595,0.409,0.409,555,0.038464704528450966
110,TX,0.03152895314002621,0.3728,0.3728,35,0.038464704528450966
111,CA,0.4116774777038007,0.4054,0.4054,364,0.03748991712927818
111,NY,0.557544480305402,0.4092,0.4092,611,0.03748991712927818
111,TX,0.030778041990797332,0.3728,0.3728,25,0.03748991712927818
112,CA,0.4113510355467115,0.4052,0.4052,380,0.03788316436111927
112,NY,0.5586086969218346,0.4092,0.4092,588,0.03788316436111927
112,TX,0.030040267531453946,0.3728,0.3728,32,0.03788316436111927
113,CA,0.4109821898178284,0.4052,0.4052,397,0.03716341406106949
113,NY,0.5596965026934455,0.409,0.409,566,0.03716341406106949
113,TX,0.02932130748872608,0.3728,0.3728,37,0.03716341406106949
114,CA,0.41063828570429783,0.4054,0.4054,424,0.037392450496554375
114,NY,0.5607404444623199,0.4092,0.4092,548,0.037392450496554375
114,TX,0.02862126983338226,0.3728,0.3728,28,0.037392450496554375
115,CA,0.41028861485522095,0.4054,0.4054,401,0.037014344707131386
115,NY,0.5617778277793104,0.4092,0.4092,578,0.037014344707131386
115,TX,0.02793355736546866,0.3728,0.3728,21,0.037014344707131386
116,CA,0.4099315591074293,0.4052,0.4052,425,0.03766885586082935
116,NY,0.5628065825484145,0.409,0.409,550,0.03766885586082935
116,TX,0.027261858344156217,0.3728,0.3728,25,0.03766885586082935
117,CA,0.40956566039709125,0.4054,0.4054,399,0.037205081433057785
117,NY,0.5638248362758418,0.4092,0.4092,571,0.037205081433057785
117,TX,0.02660950332706705,0.3728,0.3728,30,0.037205081433057785
118,CA,0.40919441427525194,0.4052,0.4052,421,0.037715405225753784
118,NY,0.5648368832948233,0.409,0.409,556,0.037715405225753784
118,TX,0.025968702429924804,0.3728,0.3728,23,0.037715405225753784
119,CA,0.4088147523909355,0.4052,0.4052,407,0.037847185507416725
119,NY,0.5658388500897767,0.409,0.409,566,0.037847185507416725
119,TX,0.02534639751928779,0.3728,0.3728,27,0.037847185507416725
120,CA,0.4084284821855258,0.4052,0.4052,415,0.03771250508725643
120,NY,0.566832934112047,0.409,0.409,562,0.03771250508725643
120,TX,0.024738583702427083,0.3728,0.3728,23,0.03771250508725643
121,CA,0.40803576807410763,0.4052,0.4052,386,0.03707137331366539
121,NY,0.5678192893978291,0.4092,0.4092,594,0.03707137331366539
121,TX,0.02414494252806326,0.3728,0.3728,20,0.03707137331366539
122,CA,0.4076038620009021,0.4052,0.4052,418,0.03903931938111782
122,NY,0.5688328787785002,0.4092,0.4092,559,0.03903931938111782
122,TX,0.023563259220597727,0.3728,0.3728,23,0.03903931938111782
123,CA,0.4071657844415082,0.4054,0.4054,393,0.041894324123859406
123,NY,0.5698390004942888,0.4092,0.4092,585,0.041894324123859406
123,TX,0.022995215064202983,0.3728,0.3728,22,0.041894324123859406
124,CA,0.40675603455323034,0.4052,0.4052,400,0.03903192840516567
124,NY,0.5708047573482734,0.409,0.409,584,0.03903192840516567
124,TX,0.022439208098496217,0.3728,0.3728,16,0.03903192840516567
125,CA,0.40633904609998117,0.4054,0.4054,416,0.038827650249004364
125,NY,0.5717616047619827,0.4092,0.4092,572,0.038827650249004364
125,TX,0.021899349138036196,0.3728,0.3728,12,0.038827650249004364
126,CA,0.40591771214602834,0.4052,0.4052,407,0.03804771229624748
126,NY,0.572713102101877,0.409,0.409,572,0.03804771229624748
126,TX,0.02136918575209459,0.3728,0.3728,21,0.03804771229624748
127,CA,0.4054894987959444,0.4052,0.4052,405,0.03808432072401047
127,NY,0.5736560525280422,0.4092,0.4092,572,0.03808432072401047
127,TX,0.020854448676013573,0.3728,0.3728,23,0.03808432072401047
128,CA,0.40502286931002685,0.4054,0.4054,384,0.03825852833688259
128,NY,0.574626973091906,0.4092,0.4092,598,0.03825852833688259
128,TX,0.02035015759806708,0.3728,0.3728,18,0.03825852833688259
129,CA,0.4045852449442072,0.4052,0.4052,403,0.03876703232526779
129,NY,0.5755581228184095,0.409,0.409,581,0.03876703232526779
129,TX,0.01985663223738342,0.3728,0.3728,16,0.03876703232526779
130,CA,0.404141251550985,0.4052,0.4052,410,0.036709608510136604
130,NY,0.5764812431814178,0.4092,0.4092,568,0.036709608510136604
130,TX,0.019377505267597194,0.3728,0.3728,22,0.036709608510136604
131,CA,0.40365920059548976,0.4052,0.4052,383,0.03721969202160835
131,NY,0.5774326656091595,0.4092,0.4092,598,0.03721969202160835
131,TX,0.01890813379535085,0.3728,0.3728,19,0.03721969202160835
132,CA,0.40317227592777394,0.4052,0.4052,408,0.03829878941178322
132,NY,0.5783778417441179,0.4092,0.4092,572,0.03829878941178322
132,TX,0.01844988232810823,0.3728,0.3728,20,0.03829878941178322
133,CA,0.40268060692448526,0.4054,0.4054,411,0.037363890558481216
133,NY,0.5793168945415178,0.409,0.409,573,0.037363890558481216
133,TX,0.018002498533996922,0.3728,0.3728,16,0.037363890558481216
134,CA,0.402251662693202,0.4054,0.4054,387,0.03787308372557163
134,NY,0.5801821609351678,0.4092,0.4092,592,0.03787308372557163
134,TX,0.017566176371630295,0.3728,0.3728,21,0.03787308372557163
135,CA,0.4017850857280142,0.4054,0.4054,403,0.03790186159312725
135,NY,0.5810761098059297,0.4092,0.4092,574,0.03790186159312725
135,TX,0.01713880446605609,0.3728,0.3728,23,0.03790186159312725
136,CA,0.40131410727479744,0.4052,0.4052,391,0.04107404313981533
136,NY,0.5819642684739321,0.4092,0.4092,591,0.04107404313981533
136,TX,0.01672162425127025,0.3728,0.3728,18,0.04107404313981533
137,CA,0.40080466536395415,0.4052,0.4052,404,0.040201613679528236
137,NY,0.5828800020564276,0.409,0.409,585,0.040201613679528236
137,TX,0.01631533257961823,0.3728,0.3728,11,0.040201613679528236
138,CA,0.4003242514108669,0.4054,0.4054,396,0.03807290084660053
138,NY,0.5837557071957655,0.4092,0.4092,590,0.03807290084660053
138,TX,0.015920041393367466,0.3728,0.3728,14,0.03807290084660053
139,CA,0.39984080128120014,0.4052,0.4052,404,0.03785243444144726
139,NY,0.5846272222895104,0.409,0.409,587,0.03785243444144726
139,TX,0.015531976429289515,0.3728,0.3728,9,0.03785243444144726
140,CA,0.39935245353456916,0.4052,0.4052,402,0.03839164599776268
140,NY,0.585492226839807,0.4092,0.4092,589,0.03839164599776268
140,TX,0.015155319625623836,0.3728,0.3728,9,0.03839164599776268
141,CA,0.39882711643839724,0.4054,0.4054,390,0.03804915025830269
141,NY,0.5863864801403823,0.4092,0.4092,599,0.03804915025830269
141,TX,0.014786403421220472,0.3728,0.3728,11,0.03804915025830269
142,CA,0.3983321823606397,0.4054,0.4054,420,0.03819159045815468
142,NY,0.5872423271275231,0.4092,0.4092,567,0.03819159045815468
142,TX,0.014425490511837207,0.3728,0.3728,13,0.03819159045815468
143,CA,0.3978336165442048,0.4052,0.4052,413,0.037538208067417145
143,NY,0.5880931467341848,0.409,0.409,574,0.037538208067417145
143,TX,0.01407323672161051,0.3728,0.3728,13,0.037538208067417145
144,CA,0.39733065308610865,0.4052,0.4052,413,0.04024167358875275
144,NY,0.5889379817852078,0.4092,0.4092,573,0.04024167358875275
144,TX,0.0137313651286836,0.3728,0.3728,14,0.04024167358875275
145,CA,0.3967910782978416,0.4052,0.4052,399,0.21603915095329285
145,NY,0.5898123808593833,0.409,0.409,584,0.21603915095329285
145,TX,0.013396540842775204,0.3728,0.3728,17,0.21603915095329285
146,CA,0.3962814175506911,0.4054,0.4054,400,0.03924579732120037
146,NY,0.5906477390608894,0.4092,0.4092,581,0.03924579732120037
146,TX,0.01307084338841951,0.3728,0.3728,19,0.03924579732120037
147,CA,0.3957693583716066,0.4052,0.4052,373,0.03875340335071087
147,NY,0.5914794905513647,0.409,0.409,617,0.03875340335071087
147,TX,0.012751151077028662,0.3728,0.3728,10,0.03875340335071087
148,CA,0.3952533561926212,0.4052,0.4052,406,0.038926759734749794
148,NY,0.592305740341238,0.409,0.409,583,0.038926759734749794
148,TX,0.012440903466140928,0.3728,0.3728,11,0.038926759734749794
149,CA,0.39473432590945307,0.4052,0.4052,371,0.03822486847639084
149,NY,0.5931275834180945,0.4092,0.4092,618,0.03822486847639084
149,TX,0.012138090672452547,0.3728,0.3728,11,0.03822486847639084
150,CA,0.39417912125214855,0.4052,0.4052,413,0.03956962376832962
150,NY,0.5939793375663676,0.409,0.409,574,0.03956962376832962
150,TX,0.011841541181484063,0.3728,0.3728,13,0.03956962376832962
151,CA,0.3936542893331824,0.4052,0.4052,399,0.03747430816292763
151,NY,0.5947926054114812,0.409,0.409,589,0.03747430816292763
151,TX,0.011553105255336338,0.3728,0.3728,12,0.03747430816292763
152,CA,0.39312668174345794,0.4052,0.4052,368,0.03818497806787491
152,NY,0.5956017228317723,0.4092,0.4092,618,0.03818497806787491
152,TX,0.011271595424769763,0.3728,0.3728,14,0.03818497806787491
153,CA,0.39256314544735765,0.4052,0.4052,397,0.03754768706858158
153,NY,0.5964409357137039,0.409,0.409,587,0.03754768706858158
153,TX,0.01099591883893837,0.3728,0.3728,16,0.03754768706858158
154,CA,0.3920302254439931,0.4052,0.4052,402,0.038170209154486656
154,NY,0.5972419742042114,0.409,0.409,594,0.038170209154486656
154,TX,0.010727800351795562,0.3728,0.3728,4,0.038170209154486656
155,CA,0.3914947650345153,0.4054,0.4054,383,0.037949273362755775
155,NY,0.5980391027013454,0.4092,0.4092,608,0.037949273362755775
155,TX,0.010466132264139269,0.3728,0.3728,9,0.037949273362755775
156,CA,0.3909574967773908,0.4052,0.4052,360,0.03831864707171917
156,NY,0.5988331759416776,0.409,0.409,631,0.03831864707171917
156,TX,0.010209327280931513,0.3728,0.3728,9,0.03831864707171917
157,CA,0.3904171630176915,0.4052,0.4052,389,0.038005562499165535
157,NY,0.5996226931136939,0.409,0.409,604,0.038005562499165535
157,TX,0.009960143868614607,0.3728,0.3728,7,0.038005562499165535
158,CA,0.38987450787355193,0.4052,0.4052,401,0.03791317343711853
158,NY,0.6004085262130756,0.409,0.409,590,0.03791317343711853
158,TX,0.009716965913372363,0.3728,0.3728,9,0.03791317343711853
159,CA,0.38932960083874185,0.4054,0.4054,406,0.038121310994029045
159,NY,0.6011907471835278,0.4092,0.4092,591,0.038121310994029045
159,TX,0.009479651977730435,0.3728,0.3728,3,0.038121310994029045
160,CA,0.38878311126796566,0.4054,0.4054,409,0.037971073761582375
160,NY,0.6019701266956904,0.4092,0.4092,584,0.037971073761582375
160,TX,0.009246762036343866,0.3728,0.3728,7,0.037971073761582375
161,CA,0.3882344774319106,0.4052,0.4052,379,0.03806949034333229
161,NY,0.6027459966211776,0.409,0.409,613,0.03806949034333229
161,TX,0.009019525946911848,0.3728,0.3728,8,0.03806949034333229
162,CA,0.387683189798826,0.4052,0.4052,412,0.0380413718521595
162,NY,0.6035177617081943,0.409,0.409,576,0.0380413718521595
162,TX,0.008799048492979595,0.3728,0.3728,12,0.0380413718521595
163,CA,0.3871299129610038,0.4052,0.4052,412,0.03947828337550163
163,NY,0.6042861880119418,0.409,0.409,581,0.03947828337550163
163,TX,0.00858389902705437,0.3728,0.3728,7,0.03947828337550163
164,CA,0.3865747086022109,0.4054,0.4054,388,0.03872870281338692
164,NY,0.605051339979043,0.4092,0.4092,602,0.03872870281338692
164,TX,0.008373951418746176,0.3728,0.3728,10,0.03872870281338692
165,CA,0.38601817546032685,0.4052,0.4052,351,0.03827822953462601
165,NY,0.6058138932671621,0.409,0.409,643,0.03827822953462601
165,TX,0.00816793127251104,0.3728,0.3728,6,0.03827822953462601
166,CA,0.38545928368724003,0.4052,0.4052,382,0.039295366033911705
166,NY,0.6065726679664116,0.409,0.409,609,0.039295366033911705
166,TX,0.007968048346348271,0.3728,0.3728,9,0.039295366033911705
167,CA,0.3848986411340924,0.4052,0.4052,392,0.03921404667198658
167,NY,0.6073283536748684,0.409,0.409,596,0.03921404667198658
167,TX,0.007773005191039307,0.3728,0.3728,12,0.03921404667198658
168,CA,0.38433630384843276,0.4054,0.4054,373,0.03777475282549858
168,NY,0.6080810093424551,0.4092,0.4092,622,0.03777475282549858
168,TX,0.007582686809112205,0.3728,0.3728,5,0.03777475282549858
169,CA,0.3837728202039256,0.4052,0.4052,396,0.03777327574789524
169,NY,0.608831242096104,0.409,0.409,599,0.03777327574789524
169,TX,0.007395937699970264,0.3728,0.3728,5,0.03777327574789524
170,CA,0.38320724581378834,0.4052,0.4052,388,0.037297939881682396
170,NY,0.6095779944613036,0.4092,0.4092,603,0.037297939881682396
170,TX,0.007214759724908059,0.3728,0.3728,9,0.037297939881682396
171,CA,0.38260699127189673,0.4052,0.4052,381,0.037904463708400726
171,NY,0.6103556418786967,0.409,0.409,611,0.037904463708400726
171,TX,0.0070373668494065015,0.3728,0.3728,8,0.037904463708400726
172,CA,0.3820384085128464,0.4052,0.4052,379,0.0377892330288887
172,NY,0.6110967036482969,0.409,0.409,614,0.0377892330288887
172,TX,0.0068648878388567975,0.3728,0.3728,7,0.0377892330288887
173,CA,0.38146839257836795,0.4052,0.4052,384,0.036888014525175095
173,NY,0.6118350112928094,0.409,0.409,611,0.036888014525175095
173,TX,0.006696596128822684,0.3728,0.3728,5,0.036888014525175095
174,CA,0.38089699197572124,0.4052,0.4052,325,0.038053249940276146
174,NY,0.6125706162920453,0.409,0.409,670,0.038053249940276146
174,TX,0.00653239173223329,0.3728,0.3728,5,0.038053249940276146
175,CA,0.3803242540572463,0.4052,0.4052,370,0.036900345236063004
175,NY,0.6133035689670937,0.409,0.409,624,0.036900345236063004
175,TX,0.006372176975660048,0.3728,0.3728,6,0.036900345236063004
176,CA,0.37975022504719164,0.4054,0.4054,368,0.03742450848221779
176,NY,0.6140339185036146,0.4092,0.4092,628,0.03742450848221779
176,TX,0.0062158564491938675,0.3728,0.3728,4,0.03742450848221779
177,CA,0.3791753667085732,0.4052,0.4052,365,0.037389758974313736
177,NY,0.614762152535494,0.409,0.409,628,0.037389758974313736
177,TX,0.00606248075593281,0.3728,0.3728,7,0.037389758974313736
178,CA,0.37859888126099595,0.4052,0.4052,370,0.038730891421437263
178,NY,0.6154874265803219,0.4092,0.4092,627,0.038730891421437263
178,TX,0.005913692158682154,0.3728,0.3728,3,0.038730891421437263
179,CA,0.37798817533138196,0.4054,0.4054,370,0.03902880847454071
179,NY,0.6162438050310837,0.409,0.409,626,0.03902880847454071
179,TX,0.005768019637534323,0.3728,0.3728,4,0.03902880847454071
180,CA,0.37744286780764175,0.4052,0.4052,353,0.038090599700808525
180,NY,0.6169310371954675,0.409,0.409,638,0.038090599700808525
180,TX,0.005626094996890924,0.3728,0.3728,9,0.038090599700808525
181,CA,0.37686302321063536,0.4052,0.4052,381,0.03760606795549393
181,NY,0.6176490476539922,0.409,0.409,611,0.03760606795549393
181,TX,0.005487929135372562,0.3728,0.3728,8,0.03760606795549393
182,CA,0.3762821430140568,0.4052,0.4052,360,0.039660800248384476
182,NY,0.6183647280348783,0.409,0.409,632,0.039660800248384476
182,TX,0.005353128951064958,0.3728,0.3728,8,0.039660800248384476
183,CA,0.3757002662411144,0.4052,0.4052,354,0.03924642689526081
183,NY,0.6190781201853176,0.409,0.409,643,0.03924642689526081
183,TX,0.0052216135735680385,0.3728,0.3728,3,0.03924642689526081
184,CA,0.3751174309825348,0.4054,0.4054,410,0.038180990144610405
184,NY,0.6197892649905076,0.4092,0.4092,588,0.038180990144610405
184,TX,0.005093304026957621,0.3728,0.3728,2,0.038180990144610405
185,CA,0.37453402840982775,0.4054,0.4054,406,0.04145121946930885
185,NY,0.6204985507124444,0.4092,0.4092,593,0.04145121946930885
185,TX,0.004967420877727851,0.3728,0.3728,1,0.04145121946930885
186,CA,0.3739497268868523,0.4052,0.4052,361,0.03825475834310055
186,NY,0.6212056475307102,0.409,0.409,630,0.03825475834310055
186,TX,0.004844625582437532,0.3728,0.3728,9,0.03825475834310055
187,CA,0.3733642221747939,0.4052,0.4052,379,0.03787943348288536
187,NY,0.6219102663046363,0.409,0.409,616,0.03787943348288536
187,TX,0.0047255115205697,0.3728,0.3728,5,0.03787943348288536
188,CA,0.3727779027960899,0.4054,0.4054,358,0.038702042773365974
188,NY,0.6226127925145861,0.4092,0.4092,633,0.038702042773365974
188,TX,0.004609304689324157,0.3728,0.3728,9,0.038702042773365974
189,CA,0.37219112966173273,0.4052,0.4052,375,0.03814790956676006
189,NY,0.6233135712068446,0.409,0.409,623,0.03814790956676006
189,TX,0.004495299131422664,0.3728,0.3728,2,0.03814790956676006
190,CA,0.37160327510316044,0.4052,0.4052,377,0.038366347551345825
190,NY,0.6240120112082805,0.409,0.409,621,0.038366347551345825
190,TX,0.004384713688558977,0.3728,0.3728,2,0.038366347551345825
191,CA,0.3710147048634931,0.4054,0.4054,364,0.03780113533139229
191,NY,0.6247084654151543,0.4092,0.4092,631,0.03780113533139229
191,TX,0.004276829721352663,0.3728,0.3728,5,0.03780113533139229
192,CA,0.3704257591347095,0.4052,0.4052,348,0.03853018581867218
192,NY,0.625403249051046,0.4092,0.4092,650,0.03853018581867218
192,TX,0.004170991814244508,0.3728,0.3728,2,0.03853018581867218
193,CA,0.36980298037216747,0.4052,0.4052,394,0.03728407993912697
193,NY,0.6261290500697378,0.409,0.409,599,0.03728407993912697
193,TX,0.004067969558094603,0.3728,0.3728,7,0.03728407993912697
194,CA,0.3692124589971013,0.4052,0.4052,380,0.03731354884803295
194,NY,0.6268197136727386,0.409,0.409,617,0.03731354884803295
194,TX,0.00396782733016013,0.3728,0.3728,3,0.03731354884803295
195,CA,0.36862134342812136,0.4052,0.4052,338,0.03864865377545357
195,NY,0.6275085223819483,0.409,0.409,658,0.03864865377545357
195,TX,0.0038701341899302372,0.3728,0.3728,4,0.03864865377545357
196,CA,0.3680296621410051,0.4052,0.4052,378,0.03741338849067688
196,NY,0.6281955069848315,0.409,0.409,615,0.03741338849067688
196,TX,0.003774830874163379,0.3728,0.3728,7,0.03741338849067688
197,CA,0.36743744293189945,0.4052,0.4052,346,0.039652420207858086
197,NY,0.6288806975412085,0.4092,0.4092,652,0.039652420207858086
197,TX,0.0036818595268920274,0.3728,0.3728,2,0.039652420207858086
198,CA,0.36681193342587937,0.4054,0.4054,404,0.03794751316308975
198,NY,0.6295972237963071,0.4092,0.4092,594,0.03794751316308975
198,TX,0.0035908427778134624,0.3728,0.3728,2,0.03794751316308975
199,CA,0.3662190078165861,0.4054,0.4054,373,0.03978973813354969
199,NY,0.6302791131724915,0.4092,0.4092,625,0.03978973813354969
199,TX,0.003501879010922399,0.3728,0.3728,2,0.03978973813354969
200,CA,0.3656256143094662,0.4052,0.4052,346,0.038254888728260994
200,NY,0.6309592796758602,0.409,0.409,651,0.038254888728260994
200,TX,0.003415106014673569,0.3728,0.3728,3,0.038254888728260994
201,CA,0.3650315169878035,0.4054,0.4054,389,0.038604313507676125
201,NY,0.6316375410206606,0.4092,0.4092,608,0.038604313507676125
201,TX,0.003330941991535924,0.3728,0.3728,3,0.038604313507676125
202,CA,0.364437268506201,0.4052,0.4052,364,0.03758586756885052
202,NY,0.6323143516244385,0.409,0.409,634,0.03758586756885052
202,TX,0.0032483798693605285,0.3728,0.3728,2,0.03758586756885052
203,CA,0.3638423745647767,0.4052,0.4052,376,0.038782792165875435
203,NY,0.6329893244359973,0.4092,0.4092,622,0.038782792165875435
203,TX,0.0031683009992259236,0.3728,0.3728,2,0.038782792165875435
204,CA,0.3632144508217635,0.4052,0.4052,377,0.039035528898239136
204,NY,0.6336956421989555,0.409,0.409,621,0.039035528898239136
204,TX,0.003089906979281095,0.3728,0.3728,2,0.039035528898239136
205,CA,0.3626188778417971,0.4052,0.4052,359,0.037981072440743446
205,NY,0.6343674096174942,0.409,0.409,634,0.037981072440743446
205,TX,0.003013712540708866,0.3728,0.3728,7,0.037981072440743446
206,CA,0.3620229898888162,0.4052,0.4052,359,0.04059881903231144
206,NY,0.6350376236065071,0.409,0.409,640,0.04059881903231144
206,TX,0.0029393865046767843,0.3728,0.3728,1,0.04059881903231144
207,CA,0.36142680879375816,0.4054,0.4054,351,0.039419153705239296
207,NY,0.6357063077556009,0.4092,0.4092,646,0.039419153705239296
207,TX,0.002866883450640928,0.3728,0.3728,3,0.039419153705239296
208,CA,0.3608305875792388,0.4052,0.4052,335,0.03861965425312519
208,NY,0.6363736494959834,0.409,0.409,659,0.03861965425312519
208,TX,0.002795762924777761,0.3728,0.3728,6,0.03861965425312519
209,CA,0.3602338798073316,0.4054,0.4054,346,0.03877139277756214
209,NY,0.637039336546055,0.4092,0.4092,653,0.03877139277756214
209,TX,0.002726783646613215,0.3728,0.3728,1,0.03877139277756214
210,CA,0.35963716556104275,0.4052,0.4052,347,0.03761076740920544
210,NY,0.637703713972774,0.409,0.409,652,0.03761076740920544
210,TX,0.0026591204661833034,0.3728,0.3728,1,0.03761076740920544
211,CA,0.35904001277454445,0.4054,0.4054,375,0.039595091715455055
211,NY,0.6383664921568625,0.4092,0.4092,624,0.039595091715455055
211,TX,0.002593495068592874,0.3728,0.3728,1,0.039595091715455055
212,CA,0.35844288560983406,0.4052,0.4052,348,0.03877474181354046
212,NY,0.6390279919086799,0.4092,0.4092,647,0.03877474181354046
212,TX,0.002529122481486101,0.3728,0.3728,5,0.03877474181354046
213,CA,0.3578128761371769,0.4052,0.4052,373,0.03839431703090668
213,NY,0.639720658667591,0.409,0.409,626,0.03839431703090668
213,TX,0.0024664651952321834,0.3728,0.3728,1,0.03839431703090668
214,CA,0.3572152231831355,0.4052,0.4052,343,0.03818078897893429
214,NY,0.6403792061769361,0.409,0.409,653,0.03818078897893429
214,TX,0.0024055706399283847,0.3728,0.3728,4,0.03818078897893429
215,CA,0.35661743458109435,0.4052,0.4052,369,0.04200098104774952
215,NY,0.641036393368615,0.409,0.409,628,0.04200098104774952
215,TX,0.0023461720502906953,0.3728,0.3728,3,0.04200098104774952
216,CA,0.3560195279269221,0.4054,0.4054,347,0.03811454959213734
216,NY,0.641692239125006,0.4092,0.4092,652,0.03811454959213734
216,TX,0.002288232948071949,0.3728,0.3728,1,0.03811454959213734
217,CA,0.35542172090476964,0.4052,0.4052,352,0.037868084385991096
217,NY,0.6423468776946618,0.409,0.409,645,0.037868084385991096
217,TX,0.002231401400568673,0.3728,0.3728,3,0.037868084385991096
218,CA,0.3548236262587398,0.4052,0.4052,367,0.03750461898744106
218,NY,0.6430000906119074,0.409,0.409,632,0.03750461898744106
218,TX,0.0021762831293527193,0.3728,0.3728,1,0.03750461898744106
219,CA,0.3542254639858456,0.4052,0.4052,360,0.0382099486887455
219,NY,0.6436520161050191,0.4092,0.4092,638,0.0382099486887455
219,TX,0.002122519909135313,0.3728,0.3728,2,0.0382099486887455
220,CA,0.3535949119539172,0.4052,0.4052,361,0.03793463297188282
220,NY,0.6443351986901271,0.409,0.409,636,0.03793463297188282
220,TX,0.002069889355955715,0.3728,0.3728,3,0.03793463297188282
221,CA,0.3529966842277785,0.4052,0.4052,356,0.03850153461098671
221,NY,0.6449845734891811,0.4092,0.4092,641,0.03850153461098671
221,TX,0.002018742283040381,0.3728,0.3728,3,0.03850153461098671
222,CA,0.35236614365911884,0.4052,0.4052,361,0.037225302308797836
222,NY,0.6456651834707485,0.4092,0.4092,638,0.037225302308797836
222,TX,0.0019686728701326737,0.3728,0.3728,1,0.037225302308797836
223,CA,0.3517356438173851,0.4054,0.4054,361,0.03275521844625473
223,NY,0.6463445168150345,0.4092,0.4092,639,0.03275521844625473
223,TX,0.0019198393675804782,0.3728,0.3728,0,0.03275521844625473
224,CA,0.35113762491110356,0.4052,0.4052,360,0.0324863214045763
224,NY,0.6469902571668588,0.409,0.409,640,0.0324863214045763
224,TX,0.0018721179220376261,0.3728,0.3728,0,0.0324863214045763
225,CA,0.35053944617057026,0.4052,0.4052,335,0.03781910240650177
225,NY,0.6476347174369719,0.4092,0.4092,664,0.03781910240650177
225,TX,0.001825836392457828,0.3728,0.3728,1,0.03781910240650177
226,CA,0.34990910633769134,0.4052,0.4052,335,0.03947572223842144
226,NY,0.6483103634901294,0.409,0.409,663,0.03947572223842144
226,TX,0.001780530172179185,0.3728,0.3728,2,0.03947572223842144
227,CA,0.34931103915356226,0.4054,0.4054,347,0.03969063051044941
227,NY,0.6489524578683109,0.4092,0.4092,652,0.03969063051044941
227,TX,0.0017365029781268445,0.3728,0.3728,1,0.03969063051044941
228,CA,0.3487132073194384,0.4052,0.4052,338,0.03948091343045235
228,NY,0.649593473064602,0.409,0.409,658,0.03948091343045235
228,TX,0.0016933196159594926,0.3728,0.3728,4,0.03948091343045235
229,CA,0.3481152795303992,0.4052,0.4052,317,0.037713075056672096
229,NY,0.6502332806265986,0.409,0.409,682,0.037713075056672096
229,TX,0.0016514398430022132,0.3728,0.3728,1,0.037713075056672096
230,CA,0.34751744174986327,0.4052,0.4052,322,0.21844843216240406
230,NY,0.6508719667293282,0.4092,0.4092,676,0.21844843216240406
230,TX,0.0016105915208084773,0.3728,0.3728,2,0.21844843216240406
231,CA,0.3468876267533662,0.4052,0.4052,340,0.03791063278913498
231,NY,0.6515417690977465,0.409,0.409,659,0.03791063278913498
231,TX,0.001570604148887277,0.3728,0.3728,1,0.03791063278913498
232,CA,0.34629002973443856,0.4052,0.4052,375,0.040560727939009666
232,NY,0.6521782232308142,0.409,0.409,624,0.040560727939009666
232,TX,0.001531747034747318,0.3728,0.3728,1,0.040560727939009666
233,CA,0.34569255907903745,0.4054,0.4054,348,0.037651875987648964
233,NY,0.6528135935690162,0.4092,0.4092,651,0.037651875987648964
233,TX,0.0014938473519463037,0.3728,0.3728,1,0.037651875987648964
234,CA,0.3450953843998564,0.4054,0.4054,345,0.03793845325708389
234,NY,0.6534479406161487,0.4092,0.4092,654,0.03793845325708389
234,TX,0.0014566749839948936,0.3728,0.3728,1,0.03793845325708389
235,CA,0.34449835493310743,0.4054,0.4054,351,0.03219297528266907
235,NY,0.6540812211215592,0.4092,0.4092,649,0.03219297528266907
235,TX,0.001420423945333395,0.3728,0.3728,0,0.03219297528266907
236,CA,0.34390148182641134,0.4052,0.4052,334,0.037942782044410706
236,NY,0.6547134466481984,0.4092,0.4092,664,0.037942782044410706
236,TX,0.0013850715253903116,0.3728,0.3728,2,0.037942782044410706
237,CA,0.34327269149500683,0.4052,0.4052,327,0.03803091123700142
237,NY,0.6553766469495962,0.409,0.409,671,0.03803091123700142
237,TX,0.0013506615553969213,0.3728,0.3728,2,0.03803091123700142
238,CA,0.3426760396833745,0.4052,0.4052,353,0.03126085549592972
238,NY,0.6560067347493029,0.409,0.409,647,0.03126085549592972
238,TX,0.0013172255673227344,0.3728,0.3728,0,0.03126085549592972
239,CA,0.3420795798045873,0.4052,0.4052,333,0.03791950270533562
239,NY,0.6566358060730378,0.409,0.409,664,0.03791950270533562
239,TX,0.0012846141223749152,0.3728,0.3728,3,0.03791950270533562
240,CA,0.34148332188913016,0.4052,0.4052,332,0.03807627223432064
240,NY,0.6572638711177257,0.409,0.409,666,0.03807627223432064
240,TX,0.0012528069931442276,0.3728,0.3728,2,0.03807627223432064
241,CA,0.34088727574154815,0.4054,0.4054,332,0.03767727501690388
241,NY,0.6578909398139346,0.4092,0.4092,665,0.03767727501690388
241,TX,0.001221784444517185,0.3728,0.3728,3,0.03767727501690388
242,CA,0.34029159465174225,0.4052,0.4052,331,0.038291847333312035
242,NY,0.6585170471874335,0.4092,0.4092,667,0.038291847333312035
242,TX,0.0011913581608242565,0.3728,0.3728,2,0.038291847333312035
243,CA,0.33966421942055497,0.406,0.406,308,0.03791218250989914
243,NY,0.6591740376131257,0.4098,0.4098,690,0.03791218250989914
243,TX,0.0011617429663194404,0.3732,0.3732,2,0.03791218250989914
244,CA,0.3390693393450787,0.4054,0.4054,355,0.03208286687731743
244,NY,0.6597980067002879,0.4092,0.4092,645,0.03208286687731743
244,TX,0.0011326539546334792,0.3728,0.3728,0,0.03208286687731743
245,CA,0.3384743941536462,0.4054,0.4054,376,0.03834712877869606
245,NY,0.6604211665097269,0.4092,0.4092,622,0.03834712877869606
245,TX,0.0011044393366267803,0.3728,0.3728,2,0.03834712877869606
246,CA,0.3378797038263348,0.4054,0.4054,322,0.03743394836783409
246,NY,0.6610433711386757,0.4092,0.4092,677,0.03743394836783409
246,TX,0.0010769250349895486,0.3728,0.3728,1,0.03743394836783409
247,CA,0.33728527703133815,0.4054,0.4054,318,0.03417476825416088
247,NY,0.6616646292188952,0.409,0.409,682,0.03417476825416088
247,TX,0.0010500937497666045,0.3728,0.3728,0,0.03417476825416088
248,CA,0.3367227723179041,0.4054,0.4054,336,0.03884600102901459
248,NY,0.6622532028240631,0.4092,0.4092,663,0.03884600102901459
248,TX,0.001024024858032837,0.3728,0.3728,1,0.03884600102901459
249,CA,0.3361288715481604,0.4052,0.4052,365,0.03985774889588356
249,NY,0.6628726213696359,0.409,0.409,632,0.03985774889588356
249,TX,0.0009985070822037714,0.3728,0.3728,3,0.03985774889588356
250,CA,0.3355351271138254,0.4052,0.4052,330,0.03180822916328907
250,NY,0.6634911117115057,0.409,0.409,670,0.03180822916328907
250,TX,0.0009737611746689234,0.3728,0.3728,0,0.03180822916328907
251,CA,0.33494168149406994,0.4054,0.4054,325,0.033104563131928444
251,NY,0.6641086920896487,0.4092,0.4092,675,0.033104563131928444
251,TX,0.0009496264162814354,0.3728,0.3728,0,0.033104563131928444
252,CA,0.3343486717046364,0.4052,0.4052,328,0.031187856569886208
252,NY,0.6647253719453194,0.409,0.409,672,0.031187856569886208
252,TX,0.0009259563500442032,0.3728,0.3728,0,0.031187856569886208
253,CA,0.333755845264629,0.4052,0.4052,359,0.03222336433827877
253,NY,0.665341152299057,0.409,0.409,641,0.03222336433827877
253,TX,0.0009030024363141062,0.3728,0.3728,0,0.03222336433827877
254,CA,0.3331633401311194,0.4052,0.4052,336,0.037005795165896416
254,NY,0.6659560442613253,0.409,0.409,663,0.037005795165896416
254,TX,0.0008806156075553872,0.3728,0.3728,1,0.037005795165896416
255,CA,0.33257116346717974,0.4052,0.4052,381,0.03858977556228638
255,NY,0.6665700546178299,0.409,0.409,618,0.03858977556228638
255,TX,0.0008587819149903406,0.3728,0.3728,1,0.03858977556228638
256,CA,0.3319793222808811,0.4052,0.4052,347,0.03289750777184963
256,NY,0.6671831899683125,0.409,0.409,653,0.03289750777184963
256,TX,0.0008374877508063956,0.3728,0.3728,0,0.03289750777184963
257,CA,0.3313878234291103,0.4054,0.4054,315,0.03710719384253025
257,NY,0.6677954567309858,0.4092,0.4092,684,0.03710719384253025
257,TX,0.0008167198399039072,0.3728,0.3728,1,0.03710719384253025
258,CA,0.3307967959753323,0.4052,0.4052,317,0.033913832157850266
258,NY,0.6684068518418405,0.409,0.409,683,0.033913832157850266
258,TX,0.0007963521828272828,0.3728,0.3728,0,0.033913832157850266
259,CA,0.3302060007076404,0.4054,0.4054,312,0.031600842252373695
259,NY,0.6690173982465655,0.4092,0.4092,688,0.031600842252373695
259,TX,0.0007766010457941155,0.3728,0.3728,0,0.031600842252373695
260,CA,0.32961568773694494,0.4054,0.4054,330,0.0375684779137373
260,NY,0.6696270815780458,0.4094,0.4094,669,0.0375684779137373
260,TX,0.0007572306850091856,0.3728,0.3728,1,0.0375684779137373
261,CA,0.32899444616978435,0.4054,0.4054,329,0.031874869018793106
261,NY,0.6702672821337142,0.4092,0.4092,671,0.031874869018793106
261,TX,0.000738271696501408,0.3728,0.3728,0,0.031874869018793106
262,CA,0.3284048997844404,0.4052,0.4052,341,0.03214377537369728
262,NY,0.6708752459178609,0.409,0.409,659,0.03214377537369728
262,TX,0.0007198542976987385,0.3728,0.3728,0,0.03214377537369728
263,CA,0.3278156149042255,0.4052,0.4052,357,0.0377763956785202
263,NY,0.6714823905471076,0.409,0.409,642,0.0377763956785202
263,TX,0.0007019945486670435,0.3728,0.3728,1,0.0377763956785202
264,CA,0.3272267166209234,0.4052,0.4052,333,0.0326806977391243
264,NY,0.6720887068783672,0.409,0.409,667,0.0326806977391243
264,TX,0.0006845765007095112,0.3728,0.3728,0,0.0326806977391243
265,CA,0.326638210704651,0.4054,0.4054,331,0.03235653415322304
265,NY,0.6726942000223008,0.4092,0.4092,669,0.03235653415322304
265,TX,0.000667589273048216,0.3728,0.3728,0,0.03235653415322304
266,CA,0.3260502172667586,0.4054,0.4054,317,0.0336423572152853
266,NY,0.6732988528990715,0.4092,0.4092,683,0.0336423572152853
266,TX,0.0006509298341697687,0.3728,0.3728,0,0.0336423572152853
267,CA,0.3254626256139914,0.4052,0.4052,307,0.03845158591866493
267,NY,0.6739026895412931,0.4092,0.4092,691,0.03845158591866493
267,TX,0.0006346848447154153,0.3728,0.3728,2,0.03845158591866493
268,CA,0.32484422711896194,0.4052,0.4052,336,0.0374541487544775
268,NY,0.6745369002355566,0.4092,0.4092,663,0.0374541487544775
268,TX,0.0006188726454815744,0.3728,0.3728,1,0.0374541487544775
269,CA,0.324226301412899,0.4052,0.4052,313,0.038645463064312935
269,NY,0.6751702455111179,0.409,0.409,686,0.038645463064312935
269,TX,0.0006034530759830279,0.3728,0.3728,1,0.038645463064312935
270,CA,0.3236398952526748,0.4054,0.4054,301,0.03486674092710018
270,NY,0.6757716318788011,0.4092,0.4092,699,0.03486674092710018
270,TX,0.0005884728685240264,0.3728,0.3728,0,0.03486674092710018
271,CA,0.32305402411761147,0.4052,0.4052,317,0.03336806036531925
271,NY,0.6763721939495834,0.409,0.409,683,0.03336806036531925
271,TX,0.0005737819328051502,0.3728,0.3728,0,0.03336806036531925
272,CA,0.3224684717208268,0.4058,0.4058,328,0.03292555548250675
272,NY,0.676971992190536,0.4092,0.4092,672,0.03292555548250675
272,TX,0.000559536088637098,0.3728,0.3728,0,0.03292555548250675
273,CA,0.3219455815116232,0.4052,0.4052,338,0.0385273452848196
273,NY,0.6775089030524882,0.409,0.409,661,0.0385273452848196
273,TX,0.0005455154358885706,0.3728,0.3728,1,0.0385273452848196
274,CA,0.3213608431069853,0.4052,0.4052,338,0.038517195731401443
274,NY,0.6781071874797383,0.409,0.409,661,0.038517195731401443
274,TX,0.0005319694132762794,0.3728,0.3728,1,0.038517195731401443
275,CA,0.32077654869124406,0.4052,0.4052,322,0.038624074310064316
275,NY,0.678704692548149,0.409,0.409,677,0.038624074310064316
275,TX,0.000518758760606939,0.3728,0.3728,1,0.038624074310064316
276,CA,0.3201927028528889,0.4052,0.4052,326,0.03824144974350929
276,NY,0.6793014219423885,0.409,0.409,672,0.03824144974350929
276,TX,0.0005058752047226022,0.3728,0.3728,2,0.03824144974350929
277,CA,0.3196093100882301,0.4052,0.4052,318,0.03828655742108822
277,NY,0.6798973792361819,0.409,0.409,681,0.03828655742108822
277,TX,0.0004933106755879761,0.3728,0.3728,1,0.03828655742108822
278,CA,0.3190263748036134,0.4052,0.4052,324,0.03717073239386082
278,NY,0.6804925678950489,0.409,0.409,675,0.03717073239386082
278,TX,0.0004810573013377806,0.3728,0.3728,1,0.03717073239386082
279,CA,0.3184439013175773,0.4054,0.4054,323,0.03213728405535221
279,NY,0.6810869912789792,0.4092,0.4092,677,0.03213728405535221
279,TX,0.00046910740344350784,0.3728,0.3728,0,0.03213728405535221
280,CA,0.317861997717065,0.4054,0.4054,328,0.03843575716018677
280,NY,0.6816806137408983,0.4094,0.4094,671,0.03843575716018677
280,TX,0.0004573885420368035,0.3728,0.3728,1,0.03843575716018677
281,CA,0.31724984331152933,0.4052,0.4052,328,0.03815898858010769
281,NY,0.6823042382710975,0.409,0.409,671,0.03815898858010769
281,TX,0.00044591841737325207,0.3728,0.3728,1,0.03815898858010769
282,CA,0.31666880870204195,0.4052,0.4052,330,0.03226468339562416
282,NY,0.6828963523749972,0.4092,0.4092,670,0.03226468339562416
282,TX,0.0004348389229608508,0.3728,0.3728,0,0.03226468339562416
283,CA,0.31605758935003675,0.4054,0.4054,310,0.04692358896136284
283,NY,0.6835184178557334,0.4092,0.4092,690,0.04692358896136284
283,TX,0.0004239927942299117,0.3728,0.3728,0,0.04692358896136284
284,CA,0.3154776465672573,0.4052,0.4052,320,0.03919827751815319
284,NY,0.6841089556279042,0.4092,0.4092,679,0.03919827751815319
284,TX,0.00041339780483862123,0.3728,0.3728,1,0.03919827751815319
285,CA,0.314867486230245,0.4052,0.4052,327,0.038935570046305656
285,NY,0.68472942887828,0.409,0.409,672,0.038935570046305656
285,TX,0.00040308489147507465,0.3728,0.3728,1,0.038935570046305656
286,CA,0.3142884475912745,0.4052,0.4052,309,0.03307008370757103
286,NY,0.6853184857107655,0.409,0.409,691,0.03307008370757103
286,TX,0.0003930666979599309,0.3728,0.3728,0,0.03307008370757103
287,CA,0.3137099026625615,0.4052,0.4052,313,0.03231620229780674
287,NY,0.6859068005405863,0.409,0.409,687,0.03231620229780674
287,TX,0.0003832967968523836,0.3728,0.3728,0,0.03231620229780674
288,CA,0.31313185505747365,0.4052,0.4052,300,0.031718021258711815
288,NY,0.6864943758878085,0.4092,0.4092,700,0.031718021258711815
288,TX,0.0003737690547178997,0.3728,0.3728,0,0.031718021258711815
289,CA,0.31252382865371614,0.406,0.406,300,0.03190050832927227
289,NY,0.6871117294003923,0.4096,0.4096,700,0.03190050832927227
289,TX,0.00036444194589147774,0.373,0.373,0,0.03190050832927227
290,CA,0.31197762912839966,0.4054,0.4054,297,0.03137373551726341
290,NY,0.687667104671682,0.4092,0.4092,703,0.03137373551726341
290,TX,0.00035526619991819834,0.3728,0.3728,0,0.03137373551726341
291,CA,0.311401190533714,0.4052,0.4052,303,0.03286569565534592
291,NY,0.6882524253035003,0.409,0.409,697,0.03286569565534592
291,TX,0.0003463841627857823,0.3728,0.3728,0,0.03286569565534592
292,CA,0.310825164973939,0.4052,0.4052,301,0.032666709274053574
292,NY,0.6888370634807246,0.409,0.409,699,0.032666709274053574
292,TX,0.00033777154533632504,0.3728,0.3728,0,0.032666709274053574
293,CA,0.3102496538436119,0.4052,0.4052,326,0.03179793059825897
293,NY,0.6894209736664191,0.409,0.409,674,0.03179793059825897
293,TX,0.00032937248996894164,0.3728,0.3728,0,0.03179793059825897
294,CA,0.30967466036444385,0.4052,0.4052,294,0.032356083393096924
294,NY,0.690004157917647,0.409,0.409,706,0.032356083393096924
294,TX,0.000321181717909222,0.3728,0.3728,0,0.032356083393096924
295,CA,0.30910018769828546,0.4052,0.4052,328,0.033162932842969894
295,NY,0.6905866182213657,0.409,0.409,672,0.033162932842969894
295,TX,0.00031319408034892184,0.3728,0.3728,0,0.033162932842969894
296,CA,0.3085262389485101,0.4054,0.4054,315,0.03365122713148594
296,NY,0.6911683564962267,0.4092,0.4092,685,0.03365122713148594
296,TX,0.0003054045552632286,0.3728,0.3728,0,0.03365122713148594
297,CA,0.30795291197161223,0.4054,0.4054,281,0.03273577801883221
297,NY,0.6917493220729755,0.4092,0.4092,719,0.03273577801883221
297,TX,0.00029776595541230593,0.3728,0.3728,0,0.03273577801883221
298,CA,0.30738011408206767,0.4052,0.4052,330,0.03309882432222366
298,NY,0.6923295680167283,0.4092,0.4092,670,0.03309882432222366
298,TX,0.00029031790120404987,0.3728,0.3728,0,0.03309882432222366
299,CA,0.3067775812616251,0.4052,0.4052,313,0.03787040151655674
299,NY,0.6929393507252988,0.409,0.409,685,0.03787040151655674
299,TX,0.0002830680130762319,0.3728,0.3728,2,0.03787040151655674
300,CA,0.3062057883383903,0.4054,0.4054,292,0.03236003406345844
300,NY,0.6935181858452665,0.4092,0.4092,708,0.03236003406345844
300,TX,0.00027602581634313583,0.3728,0.3728,0,0.03236003406345844
301,CA,0.30563462723190993,0.4054,0.4054,299,0.03369808569550514
301,NY,0.694096252637551,0.4092,0.4092,701,0.03369808569550514
301,TX,0.0002691201305391744,0.3728,0.3728,0,0.03369808569550514
302,CA,0.30506400679933593,0.4054,0.4054,289,0.03306843526661396
302,NY,0.6946736064389821,0.4092,0.4092,711,0.03306843526661396
302,TX,0.00026238676168188746,0.3728,0.3728,0,0.03306843526661396
303,CA,0.30449392979394146,0.4052,0.4052,309,0.032157495617866516
303,NY,0.6952502487832601,0.409,0.409,691,0.032157495617866516
303,TX,0.00025582142279841703,0.3728,0.3728,0,0.032157495617866516
304,CA,0.3039243069652949,0.4052,0.4052,289,0.03821350820362568
304,NY,0.6958262376774322,0.409,0.409,710,0.03821350820362568
304,TX,0.00024945535727290195,0.3728,0.3728,1,0.03821350820362568
305,CA,0.3033552336709187,0.4052,0.4052,314,0.03192842751741409
305,NY,0.6964015190328664,0.4092,0.4092,686,0.03192842751741409
305,TX,0.00024324729621497462,0.3728,0.3728,0,0.03192842751741409
306,CA,0.30275676015799924,0.4052,0.4052,320,0.03786013461649418
306,NY,0.6970060699760668,0.409,0.409,679,0.03786013461649418
306,TX,0.00023716986593394816,0.3728,0.3728,1,0.03786013461649418
307,CA,0.30218882521490953,0.4054,0.4054,317,0.038322508335113525
307,NY,0.6975799080396865,0.4092,0.4092,682,0.038322508335113525
307,TX,0.0002312667454040467,0.3728,0.3728,1,0.038322508335113525
308,CA,0.3016215379942072,0.4054,0.4054,288,0.03231063485145569
308,NY,0.6981529838574092,0.4092,0.4092,712,0.03231063485145569
308,TX,0.00022547814838359207,0.3728,0.3728,0,0.03231063485145569
309,CA,0.3010548097585164,0.4052,0.4052,294,0.03223617374897003
309,NY,0.6987253561712369,0.409,0.409,706,0.03223617374897003
309,TX,0.00021983407024664053,0.3728,0.3728,0,0.03223617374897003
310,CA,0.30048855312314693,0.4052,0.4052,283,0.03306897357106209
310,NY,0.6992970855222151,0.409,0.409,717,0.03306897357106209
310,TX,0.0002143613546379089,0.3728,0.3728,0,0.03306897357106209
311,CA,0.29992286095330445,0.4052,0.4052,297,0.033619385212659836
311,NY,0.6998681145146349,0.409,0.409,703,0.033619385212659836
311,TX,0.00020902453206061563,0.3728,0.3728,0,0.033619385212659836
312,CA,0.2993577355759378,0.4054,0.4054,325,0.03204469569027424
312,NY,0.7004384441861754,0.4092,0.4092,675,0.03204469569027424
312,TX,0.0002038202378869192,0.3728,0.3728,0,0.03204469569027424
313,CA,0.2987932681180636,0.4054,0.4054,292,0.03249090164899826
313,NY,0.7010080149154193,0.4092,0.4092,708,0.03249090164899826
313,TX,0.0001987169665170602,0.3728,0.3728,0,0.03249090164899826
314,CA,0.29822937136196825,0.4052,0.4052,291,0.0324663408100605
314,NY,0.701576887487366,0.409,0.409,709,0.0324663408100605
314,TX,0.0001937411506656307,0.3728,0.3728,0,0.0324663408100605
315,CA,0.29766595931753853,0.4052,0.4052,280,0.03305228427052498
315,NY,0.702145124238012,0.409,0.409,720,0.03305228427052498
315,TX,0.00018891644444950342,0.3728,0.3728,0,0.03305228427052498
316,CA,0.2971031229962868,0.4052,0.4052,309,0.03270363807678223
316,NY,0.7027126654195471,0.4092,0.4092,691,0.03270363807678223
316,TX,0.00018421158416607325,0.3728,0.3728,0,0.03270363807678223
317,CA,0.2965112647764219,0.4052,0.4052,295,0.03195115737617016
317,NY,0.7033091295517945,0.409,0.409,705,0.03195115737617016
317,TX,0.00017960567178354676,0.3728,0.3728,0,0.03195115737617016
318,CA,0.29594961855972407,0.4052,0.4052,295,0.038378726691007614
318,NY,0.7038752493368529,0.409,0.409,704,0.038378726691007614
318,TX,0.00017513210342295362,0.3728,0.3728,1,0.038378726691007614
319,CA,0.29538855443097806,0.4052,0.4052,303,0.03160740062594414
319,NY,0.7044406758860786,0.409,0.409,697,0.03160740062594414
319,TX,0.00017076968294338279,0.3728,0.3728,0,0.03160740062594414
320,CA,0.294828074421667,0.4052,0.4052,303,0.03180624172091484
320,NY,0.705005409921815,0.409,0.409,697,0.03180624172091484
320,TX,0.0001665156565181225,0.3728,0.3728,0,0.03180624172091484
321,CA,0.2942681805298957,0.4052,0.4052,281,0.03758537583053112
321,NY,0.7055694521317752,0.409,0.409,718,0.03758537583053112
321,TX,0.00016236733832906568,0.3728,0.3728,1,0.03758537583053112
322,CA,0.2937088747210902,0.4052,0.4052,297,0.0321163572371006
322,NY,0.7061328031700158,0.4092,0.4092,703,0.0321163572371006
322,TX,0.0001583221088939187,0.3728,0.3728,0,0.0321163572371006
323,CA,0.29312075550664607,0.4052,0.4052,278,0.03794451244175434
323,NY,0.706724882564217,0.409,0.409,721,0.03794451244175434
323,TX,0.00015436192913694433,0.3728,0.3728,1,0.03794451244175434
324,CA,0.29256266427842126,0.4052,0.4052,311,0.03093644231557846
324,NY,0.7072868200717719,0.409,0.409,689,0.03093644231557846
324,TX,0.00015051564980668783,0.3728,0.3728,0,0.03093644231557846
325,CA,0.29200516689803824,0.4052,0.4052,282,0.2077731154859066
325,NY,0.7078480681282608,0.409,0.409,718,0.2077731154859066
325,TX,0.00014676497370091487,0.3728,0.3728,0,0.2077731154859066
326,CA,0.2914482652063336,0.4054,0.4054,314,0.03224008530378342
326,NY,0.7084086272626957,0.4092,0.4092,686,0.03224008530378342
326,TX,0.0001431075309706515,0.3728,0.3728,0,0.03224008530378342
327,CA,0.29089204594310714,0.4052,0.4052,270,0.03806363232433796
327,NY,0.708968432863666,0.409,0.409,729,0.03806363232433796
327,TX,0.00013952119322685632,0.3728,0.3728,1,0.03806363232433796
328,CA,0.29033634079047976,0.4052,0.4052,323,0.03283879719674587
328,NY,0.7095276153751432,0.4092,0.4092,677,0.03283879719674587
328,TX,0.00013604383437712945,0.3728,0.3728,0,0.03283879719674587
329,CA,0.2897520317258526,0.4052,0.4052,276,0.037774233147501945
329,NY,0.7101153287105612,0.409,0.409,723,0.037774233147501945
329,TX,0.00013263956358614627,0.3728,0.3728,1,0.037774233147501945
330,CA,0.2891975633699648,0.4052,0.4052,274,0.032760538160800934
330,NY,0.7106731033317255,0.409,0.409,726,0.032760538160800934
330,TX,0.00012933329830963375,0.3728,0.3728,0,0.032760538160800934
331,CA,0.2886436995357401,0.4052,0.4052,283,0.03752954863011837
331,NY,0.7112301912164264,0.4092,0.4092,716,0.03752954863011837
331,TX,0.00012610924783344084,0.3728,0.3728,1,0.03752954863011837
332,CA,0.28806133782189974,0.4052,0.4052,302,0.03278338722884655
332,NY,0.7118157092273449,0.409,0.409,698,0.03278338722884655
332,TX,0.0001229529507553205,0.3728,0.3728,0,0.03278338722884655
333,CA,0.2875087211760424,0.4052,0.4052,300,0.03853325545787811
333,NY,0.712371391260226,0.409,0.409,699,0.03853325545787811
333,TX,0.0001198875637314885,0.3728,0.3728,1,0.03853325545787811
334,CA,0.28695671404438966,0.4054,0.4054,267,0.03477258235216141
334,NY,0.7129263875381393,0.409,0.409,733,0.03477258235216141
334,TX,0.0001168984174710215,0.3728,0.3728,0,0.03477258235216141
335,CA,0.28643440555136085,0.4052,0.4052,271,0.03256917931139469
335,NY,0.713451615474085,0.409,0.409,729,0.03256917931139469
335,TX,0.00011397897455419678,0.3728,0.3728,0,0.03256917931139469
336,CA,0.2858835886810084,0.4052,0.4052,276,0.03244699165225029
336,NY,0.7140052745114946,0.409,0.409,724,0.03244699165225029
336,TX,0.00011113680749700001,0.3728,0.3728,0,0.03244699165225029
337,CA,0.28533338598808683,0.4052,0.4052,286,0.03562818095088005
337,NY,0.7145582486685346,0.409,0.409,714,0.03562818095088005
337,TX,0.0001083653433786661,0.3728,0.3728,0,0.03562818095088005
338,CA,0.2847837989957616,0.4052,0.4052,274,0.03273911774158478
338,NY,0.7151105381762821,0.409,0.409,726,0.03273911774158478
338,TX,0.00010566282795632506,0.3728,0.3728,0,0.03273911774158478
339,CA,0.28423482920400517,0.4052,0.4052,268,0.03124137595295906
339,NY,0.7156621432456105,0.409,0.409,732,0.03124137595295906
339,TX,0.0001030275503843877,0.3728,0.3728,0,0.03124137595295906
340,CA,0.28368647809003383,0.4054,0.4054,279,0.03277377784252167
340,NY,0.7162130640678215,0.4092,0.4092,721,0.03277377784252167
340,TX,0.00010045784214470022,0.3728,0.3728,0,0.03277377784252167
341,CA,0.2831388289448232,0.4054,0.4054,289,0.03253762982785702
341,NY,0.7167632328902541,0.4092,0.4092,711,0.03253762982785702
341,TX,9.79381649226819e-05,0.3728,0.3728,0,0.03253762982785702
342,CA,0.28259180097114417,0.4054,0.4054,288,0.0326293483376503
342,NY,0.7173127174901027,0.4092,0.4092,712,0.0326293483376503
342,TX,9.548153875301804e-05,0.3728,0.3728,0,0.0326293483376503
343,CA,0.282045395588589,0.4052,0.4052,269,0.0330062136054039
343,NY,0.7178615180215183,0.4092,0.4092,731,0.0330062136054039
343,TX,9.308638989259729e-05,0.3728,0.3728,0,0.0330062136054039
344,CA,0.28147083012188756,0.4052,0.4052,277,0.03165644221007824
344,NY,0.7184384150587336,0.409,0.409,723,0.03165644221007824
344,TX,9.075481937900392e-05,0.3728,0.3728,0,0.03165644221007824
345,CA,0.28092562698576673,0.4052,0.4052,287,0.03189105913043022
345,NY,0.7189858824852954,0.409,0.409,713,0.03189105913043022
345,TX,8.849052893798487e-05,0.3728,0.3728,0,0.03189105913043022
346,CA,0.2803810509912794,0.4054,0.4054,295,0.032778335735201836
346,NY,0.719532666409221,0.409,0.409,705,0.032778335735201836
346,TX,8.628259949952051e-05,0.3728,0.3728,0,0.032778335735201836
347,CA,0.2798657855439869,0.4052,0.4052,268,0.03280414640903473
347,NY,0.7200500881749272,0.409,0.409,732,0.03280414640903473
347,TX,8.412628108579491e-05,0.3728,0.3728,0,0.03280414640903473
348,CA,0.27932243371029813,0.4052,0.4052,288,0.03260799124836922
348,NY,0.720595539289439,0.409,0.409,712,0.03260799124836922
348,TX,8.202700026298273e-05,0.3728,0.3728,0,0.03260799124836922
349,CA,0.27877971290122344,0.4052,0.4052,254,0.03180702030658722
349,NY,0.7211403071156501,0.409,0.409,746,0.03180702030658722
349,TX,7.997998312648032e-05,0.3728,0.3728,0,0.03180702030658722
350,CA,0.2782376243878758,0.4052,0.4052,256,0.03177071921527386
350,NY,0.7216843916803245,0.4092,0.4092,744,0.03177071921527386
350,TX,7.798393179974395e-05,0.3728,0.3728,0,0.03177071921527386
351,CA,0.2776677039389994,0.4052,0.4052,276,0.03472396358847618
351,NY,0.7222562662747514,0.409,0.409,724,0.03472396358847618
351,TX,7.60297862492364e-05,0.3728,0.3728,0,0.03472396358847618
352,CA,0.27712691784697746,0.4052,0.4052,316,0.032081685960292816
352,NY,0.722798950063508,0.409,0.409,684,0.032081685960292816
352,TX,7.413208951455523e-05,0.3728,0.3728,0,0.032081685960292816
353,CA,0.27658676779840896,0.4052,0.4052,272,0.031088368967175484
353,NY,0.7233409505514955,0.409,0.409,728,0.031088368967175484
353,TX,7.228165009562851e-05,0.3728,0.3728,0,0.031088368967175484
354,CA,0.2760472549913847,0.4052,0.4052,260,0.03244118019938469
354,NY,0.7238822677145113,0.409,0.409,740,0.03244118019938469
354,TX,7.04772941038946e-05,0.3728,0.3728,0,0.03244118019938469
355,CA,0.2755083806066093,0.4054,0.4054,279,0.03134279511868954
355,NY,0.7244229015166603,0.4092,0.4092,721,0.03134279511868954
355,TX,6.871787673026948e-05,0.3728,0.3728,0,0.03134279511868954
356,CA,0.27497022493703505,0.4052,0.4052,285,0.03107304871082306
356,NY,0.7249627822971358,0.4092,0.4092,715,0.03107304871082306
356,TX,6.699276582911952e-05,0.3728,0.3728,0,0.03107304871082306
357,CA,0.2744043722356491,0.4054,0.4054,256,0.03150525502860546
357,NY,0.7255303143488118,0.4092,0.4092,744,0.03150525502860546
357,TX,6.531341553904571e-05,0.3728,0.3728,0,0.03150525502860546
358,CA,0.27386753302522093,0.4054,0.4054,294,0.031003421172499657
358,NY,0.7260687933989921,0.4092,0.4092,706,0.031003421172499657
358,TX,6.367357578692877e-05,0.3728,0.3728,0,0.031003421172499657
359,CA,0.2733313365158968,0.4052,0.4052,241,0.030850162729620934
359,NY,0.726606588668773,0.4092,0.4092,759,0.030850162729620934
359,TX,6.207481533002039e-05,0.3728,0.3728,0,0.030850162729620934
360,CA,0.2727675518555198,0.4054,0.4054,261,0.031434835866093636
360,NY,0.7271719296874898,0.4092,0.4092,739,0.031434835866093636
360,TX,6.051845699038219e-05,0.3728,0.3728,0,0.031434835866093636
361,CA,0.27223267867469275,0.4052,0.4052,278,0.03164171241223812
361,NY,0.7277083225877969,0.409,0.409,722,0.03164171241223812
361,TX,5.8998737510352126e-05,0.3728,0.3728,0,0.03164171241223812
362,CA,0.27169837333094954,0.4052,0.4052,281,0.032143734395504
362,NY,0.7282441014038334,0.409,0.409,719,0.032143734395504
362,TX,5.752526521703445e-05,0.3728,0.3728,0,0.032143734395504
363,CA,0.2711647153497948,0.4052,0.4052,258,0.03164219111204147
363,NY,0.7287791961408474,0.409,0.409,742,0.03164219111204147
363,TX,5.608850935780341e-05,0.3728,0.3728,0,0.03164219111204147
364,CA,0.27063170576663137,0.4052,0.4052,265,0.032236604019999504
364,NY,0.7293136066761219,0.4092,0.4092,735,0.032236604019999504
364,TX,5.468755724671877e-05,0.3728,0.3728,0,0.032236604019999504
365,CA,0.2700713667707346,0.4052,0.4052,244,0.032605430111289024
365,NY,0.7298753172338668,0.409,0.409,756,0.032605430111289024
365,TX,5.331599539857893e-05,0.3728,0.3728,0,0.032605430111289024
366,CA,0.2695396917172025,0.4052,0.4052,256,0.032289931550621986
366,NY,0.7304083241460788,0.409,0.409,744,0.032289931550621986
366,TX,5.198413671868516e-05,0.3728,0.3728,0,0.032289931550621986
367,CA,0.26900866811898705,0.4054,0.4054,287,0.032876187935471535
367,NY,0.7309406464069836,0.4092,0.4092,713,0.032876187935471535
367,TX,5.0685474029389594e-05,0.3728,0.3728,0,0.032876187935471535
368,CA,0.2684783742133324,0.4052,0.4052,278,0.03209306485950947
368,NY,0.7314722136232759,0.409,0.409,722,0.03209306485950947
368,TX,4.9412163391695865e-05,0.3728,0.3728,0,0.03209306485950947
369,CA,0.26794865629831005,0.4052,0.4052,282,0.032281482592225075
369,NY,0.732003166089384,0.4092,0.4092,718,0.032281482592225075
369,TX,4.817761230595485e-05,0.3728,0.3728,0,0.032281482592225075
370,CA,0.26739178954647186,0.4052,0.4052,287,0.03191057965159416
370,NY,0.732561241499786,0.409,0.409,713,0.03191057965159416
370,TX,4.6968953742265924e-05,0.3728,0.3728,0,0.03191057965159416
371,CA,0.2668634161394892,0.4052,0.4052,250,0.0321855153888464
371,NY,0.733090788552021,0.409,0.409,750,0.0321855153888464
371,TX,4.579530848978994e-05,0.3728,0.3728,0,0.0321855153888464
372,CA,0.26633569897437354,0.4054,0.4054,260,0.0316948015242815
372,NY,0.7336196501007362,0.4092,0.4092,740,0.0316948015242815
372,TX,4.465092489026109e-05,0.3728,0.3728,0,0.0316948015242815
373,CA,0.26580871550237445,0.4054,0.4054,266,0.03129657730460167
373,NY,0.7341477556053684,0.4092,0.4092,734,0.03129657730460167
373,TX,4.3528892257148646e-05,0.3728,0.3728,0,0.03129657730460167
374,CA,0.26528238979919166,0.4052,0.4052,272,0.03178809955716133
374,NY,0.734675175207214,0.409,0.409,728,0.03178809955716133
374,TX,4.243499359433806e-05,0.3728,0.3728,0,0.03178809955716133
375,CA,0.26475664648636793,0.4052,0.4052,254,0.03142201341688633
375,NY,0.7352019791125082,0.409,0.409,746,0.03142201341688633
375,TX,4.137440112383612e-05,0.3728,0.3728,0,0.03142201341688633
376,CA,0.26423156297649486,0.4052,0.4052,259,0.03247616998851299
376,NY,0.735728096765437,0.4092,0.4092,741,0.03247616998851299
376,TX,4.0340258068166714e-05,0.3728,0.3728,0,0.03247616998851299
377,CA,0.2636795837013379,0.4056,0.4056,245,0.032837605103850365
377,NY,0.7362810885023202,0.4094,0.4094,755,0.032837605103850365
377,TX,3.932779634170035e-05,0.3728,0.3728,0,0.032837605103850365
378,CA,0.2631560091748711,0.4052,0.4052,280,0.032020896673202515
378,NY,0.7368056570208198,0.4092,0.4092,720,0.032020896673202515
378,TX,3.833380430920804e-05,0.3728,0.3728,0,0.032020896673202515
379,CA,0.2626054607858185,0.406,0.406,266,0.03083254210650921
379,NY,0.7373571676296439,0.4094,0.4094,734,0.03083254210650921
379,TX,3.7371584537548165e-05,0.373,0.373,0,0.03083254210650921
380,CA,0.2621382764751616,0.4052,0.4052,283,0.031895119696855545
380,NY,0.737825294007645,0.409,0.409,717,0.031895119696855545
380,TX,3.64295171935343e-05,0.3728,0.3728,0,0.031895119696855545
381,CA,0.2616165038801195,0.4054,0.4054,258,0.03173882141709328
381,NY,0.7383479774050903,0.4092,0.4092,742,0.03173882141709328
381,TX,3.551871479014322e-05,0.3728,0.3728,0,0.03173882141709328
382,CA,0.2610954713875133,0.4052,0.4052,250,0.031566692516207695
382,NY,0.7388699028962403,0.409,0.409,750,0.031566692516207695
382,TX,3.4625716246378066e-05,0.3728,0.3728,0,0.031566692516207695
383,CA,0.2605750289991862,0.4054,0.4054,274,0.03203308954834938
383,NY,0.7393912110853337,0.4092,0.4092,726,0.03203308954834938
383,TX,3.37599154800575e-05,0.3728,0.3728,0,0.03203308954834938
384,CA,0.2600553280165457,0.4052,0.4052,280,0.032192476093769073
384,NY,0.7399117609414178,0.409,0.409,720,0.032192476093769073
384,TX,3.2911042036547044e-05,0.3728,0.3728,0,0.032192476093769073
385,CA,0.25953621893961865,0.4054,0.4054,264,0.0322919636964798
385,NY,0.7404316930359305,0.4092,0.4092,736,0.0322919636964798
385,TX,3.208802445091879e-05,0.3728,0.3728,0,0.0322919636964798
386,CA,0.25901785252992365,0.4052,0.4052,253,0.03121599555015564
386,NY,0.74095086636938,0.409,0.409,747,0.03121599555015564
386,TX,3.12811006963888e-05,0.3728,0.3728,0,0.03121599555015564
387,CA,0.2585000797795313,0.4054,0.4054,260,0.0348092932254076
387,NY,0.7414694214635364,0.4092,0.4092,740,0.0348092932254076
387,TX,3.049875693233137e-05,0.3728,0.3728,0,0.0348092932254076
388,CA,0.2579830509171089,0.4052,0.4052,231,0.03487036190927029
388,NY,0.7419872173684463,0.409,0.409,769,0.03487036190927029
388,TX,2.9731714444806454e-05,0.3728,0.3728,0,0.03487036190927029
389,CA,0.25746661742097965,0.4052,0.4052,242,0.032060908153653145
389,NY,0.7425043945401307,0.409,0.409,758,0.032060908153653145
389,TX,2.898803888972282e-05,0.3728,0.3728,0,0.032060908153653145
390,CA,0.25695085468547013,0.4052,0.4052,247,0.038091231137514114
390,NY,0.7430208823896663,0.409,0.409,752,0.038091231137514114
390,TX,2.8262924863528686e-05,0.3728,0.3728,1,0.038091231137514114
391,CA,0.2564357634099657,0.4052,0.4052,259,0.0319529976695776
391,NY,0.7435366806798843,0.409,0.409,741,0.0319529976695776
391,TX,2.7555910149980352e-05,0.3728,0.3728,0,0.0319529976695776
392,CA,0.25592134428351415,0.4052,0.4052,272,0.27163058146834373
392,NY,0.7440517891724714,0.4092,0.4092,728,0.27163058146834373
392,TX,2.6866544014384122e-05,0.3728,0.3728,0,0.27163058146834373
393,CA,0.25538060752781555,0.4052,0.4052,259,0.035997796803712845
393,NY,0.7445932008533838,0.409,0.409,741,0.035997796803712845
393,TX,2.6191618800742042e-05,0.3728,0.3728,0,0.035997796803712845
394,CA,0.2548675703621003,0.4052,0.4052,240,0.032085465267300606
394,NY,0.745106893328376,0.409,0.409,760,0.032085465267300606
394,TX,2.553630952369131e-05,0.3728,0.3728,0,0.032085465267300606
395,CA,0.254355207380095,0.4052,0.4052,251,0.03255448117852211
395,NY,0.7456198952588381,0.409,0.409,749,0.03255448117852211
395,TX,2.4897361066935528e-05,0.3728,0.3728,0,0.03255448117852211
396,CA,0.25384351923026244,0.4052,0.4052,230,0.032777756452560425
396,NY,0.7461322064038513,0.4092,0.4092,770,0.032777756452560425
396,TX,2.4274365886444682e-05,0.3728,0.3728,0,0.032777756452560425
397,CA,0.25330566068786026,0.4054,0.4054,240,0.03251064196228981
397,NY,0.7466706748935791,0.409,0.409,760,0.03251064196228981
397,TX,2.366441856062574e-05,0.3728,0.3728,0,0.03251064196228981
398,CA,0.25282224330073827,0.4054,0.4054,243,0.03233093395829201
398,NY,0.7471546853207217,0.4092,0.4092,757,0.03233093395829201
398,TX,2.3071378540093083e-05,0.3728,0.3728,0,0.03233093395829201
399,CA,0.2523126565310452,0.4054,0.4054,255,0.03207964822649956
399,NY,0.7476648526835469,0.4092,0.4092,745,0.03207964822649956
399,TX,2.249078540780437e-05,0.3728,0.3728,0,0.03207964822649956
400,CA,0.2518037468537154,0.4052,0.4052,251,0.03230179287493229
400,NY,0.7481743283738125,0.409,0.409,749,0.03230179287493229
400,TX,2.1924772472109382e-05,0.3728,0.3728,0,0.03230179287493229
401,CA,0.25129544189835024,0.4052,0.4052,249,0.032370153814554214
401,NY,0.7486831820914714,0.409,0.409,751,0.032370153814554214
401,TX,2.1376010178343472e-05,0.3728,0.3728,0,0.032370153814554214
402,CA,0.2507878154653889,0.4052,0.4052,281,0.03294038586318493
402,NY,0.7491913435804596,0.409,0.409,719,0.03294038586318493
402,TX,2.0840954151580652e-05,0.3728,0.3728,0,0.03294038586318493
403,CA,0.2502808681368028,0.4054,0.4054,255,0.03203172795474529
403,NY,0.7496988126003736,0.4092,0.4092,745,0.03203172795474529
403,TX,2.0319262823591683e-05,0.3728,0.3728,0,0.03203172795474529
404,CA,0.24977467310657667,0.4054,0.4054,261,0.031892288476228714
404,NY,0.7502055191037587,0.4092,0.4092,739,0.031892288476228714
404,TX,1.9807789664704193e-05,0.3728,0.3728,0,0.031892288476228714
405,CA,0.24926915808496938,0.4052,0.4052,238,0.03349291905760765
405,NY,0.7507115327504361,0.409,0.409,762,0.03349291905760765
405,TX,1.9309164594610718e-05,0.3728,0.3728,0,0.03349291905760765
406,CA,0.2487642512391333,0.4054,0.4054,222,0.032913366332650185
406,NY,0.7512169230217015,0.4092,0.4092,778,0.032913366332650185
406,TX,1.8825739165291654e-05,0.3728,0.3728,0,0.032913366332650185
407,CA,0.24826009800987908,0.4052,0.4052,219,0.03194603882730007
407,NY,0.7517215502051932,0.409,0.409,781,0.03194603882730007
407,TX,1.8351784927858616e-05,0.3728,0.3728,0,0.03194603882730007
408,CA,0.24775655427198892,0.4052,0.4052,233,0.03423321805894375
408,NY,0.7522255534486614,0.409,0.409,767,0.03423321805894375
408,TX,1.7892279349694612e-05,0.3728,0.3728,0,0.03423321805894375
409,CA,0.24725369294302477,0.4052,0.4052,263,0.031647080555558205
409,NY,0.7527288628016747,0.409,0.409,737,0.031647080555558205
409,TX,1.7444255300594255e-05,0.3728,0.3728,0,0.031647080555558205
410,CA,0.2467515145428578,0.4054,0.4054,256,0.03145899437367916
410,NY,0.7532314780306107,0.4092,0.4092,744,0.03145899437367916
410,TX,1.7007426531445124e-05,0.3728,0.3728,0,0.03145899437367916
411,CA,0.24625009139944035,0.4052,0.4052,263,0.03211321868002415
411,NY,0.7537333294414978,0.4092,0.4092,737,0.03211321868002415
411,TX,1.6579159061840066e-05,0.3728,0.3728,0,0.03211321868002415
412,CA,0.24572297327721318,0.4052,0.4052,242,0.03183215856552124
412,NY,0.7542608645037225,0.4092,0.4092,758,0.03183215856552124
412,TX,1.6162219064277354e-05,0.3728,0.3728,0,0.03183215856552124
413,CA,0.24519661372646032,0.4054,0.4054,254,0.031421106308698654
413,NY,0.7547876305328426,0.4092,0.4092,746,0.031421106308698654
413,TX,1.5755740697146305e-05,0.3728,0.3728,0,0.031421106308698654
414,CA,0.24469731570353734,0.4052,0.4052,269,0.03187967836856842
414,NY,0.7552873253692175,0.409,0.409,731,0.03187967836856842
414,TX,1.5358927245201984e-05,0.3728,0.3728,0,0.03187967836856842
415,CA,0.2441986315457803,0.4052,0.4052,238,0.031058987602591515
415,NY,0.7557863942402967,0.409,0.409,762,0.031058987602591515
415,TX,1.4974213923059277e-05,0.3728,0.3728,0,0.031058987602591515
416,CA,0.243700633301984,0.4054,0.4054,243,0.031062418594956398
416,NY,0.756284767580835,0.409,0.409,757,0.031062418594956398
416,TX,1.4599117181072302e-05,0.3728,0.3728,0,0.031062418594956398
417,CA,0.24322951686356992,0.4052,0.4052,228,0.033149873837828636
417,NY,0.7567562502319358,0.409,0.409,772,0.033149873837828636
417,TX,1.4232904494191725e-05,0.3728,0.3728,0,0.033149873837828636
418,CA,0.24273285548747342,0.4052,0.4052,209,0.03180527873337269
418,NY,0.7572532681718916,0.409,0.409,791,0.03180527873337269
418,TX,1.3876340634873932e-05,0.3728,0.3728,0,0.03180527873337269
419,CA,0.24223688136406757,0.4054,0.4054,264,0.03231159411370754
419,NY,0.7577495899447478,0.4092,0.4092,736,0.03231159411370754
419,TX,1.3528691184624146e-05,0.3728,0.3728,0,0.03231159411370754
420,CA,0.2417416657342836,0.4052,0.4052,196,0.03304443322122097
420,NY,0.7582451464051002,0.4092,0.4092,804,0.03304443322122097
420,TX,1.3187860616097163e-05,0.3728,0.3728,0,0.03304443322122097
421,CA,0.24122108801848266,0.4054,0.4054,216,0.03182279132306576
421,NY,0.7587660559407936,0.4092,0.4092,784,0.03182279132306576
421,TX,1.2856040723790204e-05,0.3728,0.3728,0,0.03182279132306576
422,CA,0.2407272850147559,0.4052,0.4052,241,0.03138553537428379
422,NY,0.7592601828634615,0.4092,0.4092,759,0.03138553537428379
422,TX,1.2532121782532898e-05,0.3728,0.3728,0,0.03138553537428379
423,CA,0.24020819553315306,0.4052,0.4052,244,0.03100229799747467
423,NY,0.7597795877013126,0.409,0.409,756,0.03100229799747467
423,TX,1.2216765534465527e-05,0.3728,0.3728,0,0.03100229799747467
424,CA,0.23971573653504905,0.4054,0.4054,235,0.032962216064333916
424,NY,0.7602723528525346,0.4092,0.4092,765,0.032962216064333916
424,TX,1.1910612416371553e-05,0.3728,0.3728,0,0.032962216064333916
425,CA,0.23922403757680805,0.4052,0.4052,250,0.031789761036634445
425,NY,0.7607643519562866,0.409,0.409,750,0.031789761036634445
425,TX,1.1610466905370099e-05,0.3728,0.3728,0,0.031789761036634445
426,CA,0.23873295845179576,0.4052,0.4052,234,0.03218408487737179
426,NY,0.7612557220707653,0.4092,0.4092,766,0.03218408487737179
426,TX,1.1319477438908126e-05,0.3728,0.3728,0,0.03218408487737179
427,CA,0.2382168125080226,0.4052,0.4052,264,0.03226429410278797
427,NY,0.761772152918858,0.409,0.409,736,0.03226429410278797
427,TX,1.10345731193877e-05,0.3728,0.3728,0,0.03226429410278797
428,CA,0.2377271513078993,0.4052,0.4052,238,0.031144248321652412
428,NY,0.762262090704405,0.409,0.409,762,0.031144248321652412
428,TX,1.0757987695552897e-05,0.3728,0.3728,0,0.031144248321652412
429,CA,0.2372381814368374,0.4052,0.4052,242,0.03134453669190407
429,NY,0.762751330242115,0.409,0.409,758,0.03134453669190407
429,TX,1.048832104756532e-05,0.3728,0.3728,0,0.03134453669190407
430,CA,0.23674990325500567,0.4052,0.4052,260,0.032312652096152306
430,NY,0.7632398713445209,0.409,0.409,740,0.032312652096152306
430,TX,1.0225400473398048e-05,0.3728,0.3728,0,0.032312652096152306
431,CA,0.23626231711526605,0.4052,0.4052,231,0.031777771189808846
431,NY,0.7637277138271619,0.409,0.409,769,0.031777771189808846
431,TX,9.969057572038273e-06,0.3728,0.3728,0,0.031777771189808846
432,CA,0.2357754233632231,0.4054,0.4054,208,0.031922878697514534
432,NY,0.7642148575086404,0.4092,0.4092,792,0.031922878697514534
432,TX,9.719128136636484e-06,0.3728,0.3728,0,0.031922878697514534
433,CA,0.2352892917097857,0.4052,0.4052,205,0.031716639176011086
433,NY,0.7647012341838055,0.409,0.409,795,0.031716639176011086
433,TX,9.474106408740185e-06,0.3728,0.3728,0,0.031716639176011086
434,CA,0.2348037836338529,0.4052,0.4052,234,0.03195912763476372
434,NY,0.7651869798048634,0.409,0.409,766,0.03195912763476372
434,TX,9.23656128372658e-06,0.3728,0.3728,0,0.03195912763476372
435,CA,0.23431896893956347,0.4052,0.4052,267,0.03147282637655735
435,NY,0.7656720261001411,0.409,0.409,733,0.03147282637655735
435,TX,9.00496029558253e-06,0.3728,0.3728,0,0.03147282637655735
436,CA,0.23383484794396805,0.4054,0.4054,234,0.03148395195603371
436,NY,0.7661563729010132,0.409,0.409,766,0.03148395195603371
436,TX,8.779155018664953e-06,0.3728,0.3728,0,0.03148395195603371
437,CA,0.2333768824705912,0.4054,0.4054,256,0.031251946464180946
437,NY,0.7666145588129404,0.4092,0.4092,744,0.031251946464180946
437,TX,8.5587164682895e-06,0.3728,0.3728,0,0.031251946464180946
438,CA,0.23289418196728243,0.4054,0.4054,246,0.032780757173895836
438,NY,0.7670974751379445,0.4092,0.4092,754,0.032780757173895836
438,TX,8.34289477301136e-06,0.3728,0.3728,0,0.032780757173895836
439,CA,0.23241217584561688,0.4052,0.4052,233,0.03084809146821499
439,NY,0.7675796916496546,0.4092,0.4092,767,0.03084809146821499
439,TX,8.132504728652744e-06,0.3728,0.3728,0,0.03084809146821499
440,CA,0.23190551292013897,0.4054,0.4054,206,0.03086475096642971
440,NY,0.7680865594082829,0.4092,0.4092,794,0.03086475096642971
440,TX,7.927671578109854e-06,0.3728,0.3728,0,0.03086475096642971
441,CA,0.23142493313038265,0.4052,0.4052,228,0.032965146005153656
441,NY,0.7685673391377367,0.4092,0.4092,772,0.032965146005153656
441,TX,7.727731880624721e-06,0.3728,0.3728,0,0.032965146005153656
442,CA,0.23091977246786455,0.4052,0.4052,214,0.034896260127425194
442,NY,0.7690726944596064,0.409,0.409,786,0.034896260127425194
442,TX,7.533072529038155e-06,0.3728,0.3728,0,0.034896260127425194
443,CA,0.23044055186344667,0.4052,0.4052,230,0.03209283575415611
443,NY,0.7695521040283987,0.4092,0.4092,770,0.03209283575415611
443,TX,7.344108154549897e-06,0.3728,0.3728,0,0.03209283575415611
444,CA,0.2299368947531946,0.4054,0.4054,230,0.03197891637682915
444,NY,0.7700559461547184,0.4092,0.4092,770,0.03197891637682915
444,TX,7.159092086928502e-06,0.3728,0.3728,0,0.03197891637682915
445,CA,0.22945917114136113,0.4052,0.4052,242,0.03180824965238571
445,NY,0.7705338503595115,0.4092,0.4092,758,0.03180824965238571
445,TX,6.978499127350857e-06,0.3728,0.3728,0,0.03180824965238571
446,CA,0.22895701859051315,0.4052,0.4052,232,0.03235664218664169
446,NY,0.7710361787348671,0.409,0.409,768,0.03235664218664169
446,TX,6.8026746198865e-06,0.3728,0.3728,0,0.03235664218664169
447,CA,0.2284806567339962,0.4052,0.4052,207,0.03251107037067413
447,NY,0.771512711269246,0.409,0.409,793,0.03251107037067413
447,TX,6.631996757795244e-06,0.3728,0.3728,0,0.03251107037067413
448,CA,0.22800499187844836,0.4052,0.4052,235,0.03148580342531204
448,NY,0.7719885425287195,0.4092,0.4092,765,0.03148580342531204
448,TX,6.4655928320484094e-06,0.3728,0.3728,0,0.03148580342531204
449,CA,0.22750507898460828,0.4052,0.4052,241,0.20583298988640308
449,NY,0.772488618350419,0.409,0.409,759,0.20583298988640308
449,TX,6.30266497264874e-06,0.3728,0.3728,0,0.20583298988640308
450,CA,0.22703084551838637,0.4052,0.4052,237,0.03241565264761448
450,NY,0.7729630099735071,0.4092,0.4092,763,0.03241565264761448
450,TX,6.1445081066071835e-06,0.3728,0.3728,0,0.03241565264761448
451,CA,0.22653243981982835,0.4052,0.4052,238,0.03179836831986904
451,NY,0.7734615705254642,0.409,0.409,762,0.03179836831986904
451,TX,5.989654707555749e-06,0.3728,0.3728,0,0.03179836831986904
452,CA,0.22605963864298512,0.4052,0.4052,217,0.03284582681953907
452,NY,0.7739345220199774,0.409,0.409,783,0.03284582681953907
452,TX,5.839337037516433e-06,0.3728,0.3728,0,0.03284582681953907
453,CA,0.2255875355617104,0.4052,0.4052,219,0.03283860720694065
453,NY,0.7744067716538028,0.4092,0.4092,781,0.03283860720694065
453,TX,5.692784486814176e-06,0.3728,0.3728,0,0.03283860720694065
454,CA,0.22509137301065085,0.4052,0.4052,243,0.03261633962392807
454,NY,0.774903077696773,0.4092,0.4092,757,0.03261633962392807
454,TX,5.549292576180612e-06,0.3728,0.3728,0,0.03261633962392807
455,CA,0.2245959843852226,0.4052,0.4052,218,0.032777536660432816
455,NY,0.7753986062049085,0.409,0.409,782,0.032777536660432816
455,TX,5.409409868882123e-06,0.3728,0.3728,0,0.032777536660432816
456,CA,0.22412605026826754,0.4052,0.4052,255,0.03170515038073063
456,NY,0.7758686761052207,0.4092,0.4092,745,0.03170515038073063
456,TX,5.273626511688743e-06,0.3728,0.3728,0,0.03170515038073063
457,CA,0.22363217140687175,0.4052,0.4052,218,0.03255144879221916
457,NY,0.7763626879146568,0.4092,0.4092,782,0.03255144879221916
457,TX,5.140678471400048e-06,0.3728,0.3728,0,0.03255144879221916
458,CA,0.2231390670673075,0.4052,0.4052,236,0.031639302149415016
458,NY,0.77685592185769,0.409,0.409,764,0.031639302149415016
458,TX,5.011075002518744e-06,0.3728,0.3728,0,0.031639302149415016
459,CA,0.22267130359840998,0.4052,0.4052,227,0.03172435984015465
459,NY,0.7773238111304687,0.4092,0.4092,773,0.03172435984015465
459,TX,4.885271121393825e-06,0.3728,0.3728,0,0.03172435984015465
460,CA,0.2221797101249559,0.4052,0.4052,210,0.03467264398932457
460,NY,0.7778155277812542,0.409,0.409,790,0.03467264398932457
460,TX,4.762093789945816e-06,0.3728,0.3728,0,0.03467264398932457
461,CA,0.22171338233167834,0.4052,0.4052,232,0.031976887956261635
461,NY,0.7782819751397463,0.409,0.409,768,0.031976887956261635
461,TX,4.642528575326267e-06,0.3728,0.3728,0,0.031976887956261635
462,CA,0.22124775420110315,0.4052,0.4052,217,0.032236453145742416
462,NY,0.7787477198392382,0.409,0.409,783,0.032236453145742416
462,TX,4.525959658602237e-06,0.3728,0.3728,0,0.032236453145742416
463,CA,0.22078282587159254,0.4052,0.4052,224,0.0341641791164875
463,NY,0.7792127618163025,0.4092,0.4092,776,0.0341641791164875
463,TX,4.41231210503101e-06,0.3728,0.3728,0,0.0341641791164875
464,CA,0.22029421729710685,0.4052,0.4052,213,0.03205084800720215
464,NY,0.7797014816660434,0.4092,0.4092,787,0.03205084800720215
464,TX,4.301036849877777e-06,0.3728,0.3728,0,0.03205084800720215
465,CA,0.2198063843740391,0.4052,0.4052,217,0.03252379968762398
465,NY,0.7801894230639167,0.409,0.409,783,0.03252379968762398
465,TX,4.19256204412871e-06,0.3728,0.3728,0,0.03252379968762398
466,CA,0.2193436298844454,0.4054,0.4054,204,0.032626839354634285
466,NY,0.7806522828453308,0.4092,0.4092,796,0.032626839354634285
466,TX,4.0872702237397705e-06,0.3728,0.3728,0,0.032626839354634285
467,CA,0.21888164144218,0.4052,0.4052,246,0.03204233571887016
467,NY,0.7811143745059564,0.409,0.409,754,0.03204233571887016
467,TX,3.984051863606269e-06,0.3728,0.3728,0,0.03204233571887016
468,CA,0.21842028756690152,0.4052,0.4052,218,0.03254109062254429
468,NY,0.7815758284462527,0.409,0.409,782,0.03254109062254429
468,TX,3.8839868456344175e-06,0.3728,0.3728,0,0.03254109062254429
469,CA,0.21795963420648284,0.4052,0.4052,229,0.03168993070721626
469,NY,0.7820365793631409,0.409,0.409,771,0.03168993070721626
469,TX,3.786430376341054e-06,0.3728,0.3728,0,0.03168993070721626
470,CA,0.21749968145720744,0.4052,0.4052,229,0.03262932971119881
470,NY,0.7824966272230981,0.4092,0.4092,771,0.03262932971119881
470,TX,3.6913196945557635e-06,0.3728,0.3728,0,0.03262932971119881
471,CA,0.21701631099695348,0.4052,0.4052,238,0.03211258538067341
471,NY,0.7829800908093307,0.409,0.409,762,0.03211258538067341
471,TX,3.598193715655613e-06,0.3728,0.3728,0,0.03211258538067341
472,CA,0.2165577965949487,0.4052,0.4052,217,0.03185727819800377
472,NY,0.7834386956026802,0.409,0.409,783,0.03185727819800377
472,TX,3.507802371195612e-06,0.3728,0.3728,0,0.03185727819800377
473,CA,0.2160999830614585,0.4052,0.4052,212,0.03227097541093826
473,NY,0.7838965972610048,0.409,0.409,788,0.03227097541093826
473,TX,3.419677536678144e-06,0.3728,0.3728,0,0.03227097541093826
474,CA,0.21564287046940106,0.4052,0.4052,226,0.03718552365899086
474,NY,0.784353795768105,0.409,0.409,773,0.03718552365899086
474,TX,3.333762493907834e-06,0.3728,0.3728,1,0.03718552365899086
475,CA,0.21518645888599242,0.4052,0.4052,215,0.033769456669688225
475,NY,0.7848102911120666,0.409,0.409,785,0.033769456669688225
475,TX,3.2500019410183937e-06,0.3728,0.3728,0,0.033769456669688225
476,CA,0.2147307483727736,0.4052,0.4052,221,0.03262126073241234
476,NY,0.7852660832852693,0.409,0.409,779,0.03262126073241234
476,TX,3.1683419571850033e-06,0.3728,0.3728,0,0.03262126073241234
477,CA,0.21427573898563695,0.4052,0.4052,212,0.032441820949316025
477,NY,0.785721172284395,0.4092,0.4092,788,0.032441820949316025
477,TX,3.0887299682137454e-06,0.3728,0.3728,0,0.032441820949316025
478,CA,0.21379757237516692,0.4052,0.4052,224,0.0323678832501173
478,NY,0.7861994168461033,0.409,0.409,776,0.0323678832501173
478,TX,3.010778729927691e-06,0.3728,0.3728,0,0.0323678832501173
479,CA,0.21334400226195357,0.4052,0.4052,223,0.03446502611041069
479,NY,0.7866530626195646,0.4092,0.4092,777,0.03446502611041069
479,TX,2.9351184818501467e-06,0.3728,0.3728,0,0.03446502611041069
480,CA,0.2128673507032966,0.4054,0.4054,225,0.03162449225783348
480,NY,0.7871297882603018,0.4092,0.4092,775,0.03162449225783348
480,TX,2.86103640177297e-06,0.3728,0.3728,0,0.03162449225783348
481,CA,0.21241528431679566,0.4054,0.4054,197,0.031631072983145714
481,NY,0.7875819269471412,0.4092,0.4092,803,0.031631072983145714
481,TX,2.7887360630403117e-06,0.3728,0.3728,0,0.031631072983145714
482,CA,0.21196391904951303,0.4052,0.4052,215,0.03215852566063404
482,NY,0.7880333626910044,0.4092,0.4092,785,0.03215852566063404
482,TX,2.718259482503099e-06,0.3728,0.3728,0,0.03215852566063404
483,CA,0.21148952069593369,0.4052,0.4052,209,0.032580310478806496
483,NY,0.7885078296635665,0.409,0.409,791,0.032580310478806496
483,TX,2.6496404999189148e-06,0.3728,0.3728,0,0.032580310478806496
484,CA,0.21103953072474452,0.4052,0.4052,207,0.03151570446789265
484,NY,0.7889578862357863,0.409,0.409,793,0.03151570446789265
484,TX,2.58303946913219e-06,0.3728,0.3728,0,0.03151570446789265
485,CA,0.21059024212646402,0.4052,0.4052,201,0.03300095535814762
485,NY,0.7894072397640844,0.409,0.409,799,0.03300095535814762
485,TX,2.5181094514574107e-06,0.3728,0.3728,0,0.03300095535814762
486,CA,0.21014165490648745,0.4052,0.4052,205,0.03185896761715412
486,NY,0.7898558902849092,0.409,0.409,795,0.03185896761715412
486,TX,2.4548086032186444e-06,0.3728,0.3728,0,0.03185896761715412
487,CA,0.2096937690648167,0.4054,0.4054,194,0.031533004716038704
487,NY,0.790303837839057,0.4092,0.4092,806,0.031533004716038704
487,TX,2.3930961263620496e-06,0.3728,0.3728,0,0.031533004716038704
488,CA,0.2092466481695347,0.4054,0.4054,224,0.03286329656839371
488,NY,0.7907510192295096,0.4092,0.4092,776,0.03286329656839371
488,TX,2.332600955596685e-06,0.3728,0.3728,0,0.03286329656839371
489,CA,0.20880022843326468,0.4052,0.4052,196,0.03195093758404255
489,NY,0.791197497934437,0.409,0.409,804,0.03195093758404255
489,TX,2.2736322982205955e-06,0.3728,0.3728,0,0.03195093758404255
490,CA,0.20835444646984141,0.4052,0.4052,225,0.032551249489188194
490,NY,0.7916433370637026,0.409,0.409,775,0.032551249489188194
490,TX,2.216466455992497e-06,0.3728,0.3728,0,0.032551249489188194
491,CA,0.207909365831386,0.4052,0.4052,212,0.031081868335604668
491,NY,0.7920884734332844,0.4092,0.4092,788,0.031081868335604668
491,TX,2.1607353297708543e-06,0.3728,0.3728,0,0.031081868335604668
492,CA,0.20744165017701502,0.4052,0.4052,206,0.031636450439691544
492,NY,0.7925562436569383,0.409,0.409,794,0.031636450439691544
492,TX,2.1061660466572422e-06,0.3728,0.3728,0,0.031636450439691544
493,CA,0.20699800897337156,0.4052,0.4052,219,0.032106995582580566
493,NY,0.792999937823363,0.409,0.409,781,0.032106995582580566
493,TX,2.0532032653749044e-06,0.3728,0.3728,0,0.032106995582580566
494,CA,0.20655506899665202,0.4052,0.4052,203,0.03255319036543369
494,NY,0.7934429294334323,0.4092,0.4092,797,0.03255319036543369
494,TX,2.0015699157042468e-06,0.3728,0.3728,0,0.03255319036543369
495,CA,0.20608960642967503,0.4054,0.4054,184,0.03273015841841698
495,NY,0.7939084425574887,0.409,0.409,816,0.03273015841841698
495,TX,1.9510128362106177e-06,0.3728,0.3728,0,0.03273015841841698
496,CA,0.20567135530543268,0.4052,0.4052,203,0.03283347561955452
496,NY,0.7943267428055608,0.409,0.409,797,0.03283347561955452
496,TX,1.9018890065852645e-06,0.3728,0.3728,0,0.03283347561955452
497,CA,0.20523051863226988,0.4054,0.4054,204,0.03289174661040306
497,NY,0.7947676273135114,0.4092,0.4092,796,0.03289174661040306
497,TX,1.8540542186628388e-06,0.3728,0.3728,0,0.03289174661040306
498,CA,0.2047904455394043,0.4052,0.4052,205,0.031290777027606964
498,NY,0.7952077472968739,0.409,0.409,795,0.031290777027606964
498,TX,1.8071637219014032e-06,0.3728,0.3728,0,0.031290777027606964
499,CA,0.20435101075352965,0.4052,0.4052,215,0.03187229670584202
499,NY,0.795647227539274,0.409,0.409,785,0.03187229670584202
499,TX,1.7617071963962048e-06,0.3728,0.3728,0,0.03187229670584202
500,CA,0.20391227686208066,0.4052,0.4052,207,0.031622521579265594
500,NY,0.7960860057458954,0.409,0.409,793,0.031622521579265594
500,TX,1.7173920239616473e-06,0.3728,0.3728,0,0.031622521579265594
501,CA,0.20347424379175086,0.4054,0.4054,224,0.031294187530875206
501,NY,0.796524082018648,0.4092,0.4092,776,0.031294187530875206
501,TX,1.6741896013268656e-06,0.3728,0.3728,0,0.031294187530875206
502,CA,0.20303697361470338,0.4054,0.4054,201,0.032655268907547
502,NY,0.7969613945450137,0.4092,0.4092,799,0.032655268907547
502,TX,1.6318402828010975e-06,0.3728,0.3728,0,0.032655268907547
503,CA,0.20260040389528164,0.4054,0.4054,199,0.03130212612450123
503,NY,0.797398005544389,0.4092,0.4092,801,0.03130212612450123
503,TX,1.5905603295618427e-06,0.3728,0.3728,0,0.03130212612450123
504,CA,0.20216453454524905,0.4052,0.4052,203,0.03191600739955902
504,NY,0.7978339151319613,0.409,0.409,797,0.03191600739955902
504,TX,1.550322789575132e-06,0.3728,0.3728,0,0.03191600739955902
505,CA,0.20172930362335184,0.4054,0.4054,189,0.032406751066446304
505,NY,0.7982691850606499,0.4092,0.4092,811,0.032406751066446304
505,TX,1.5113159981749926e-06,0.3728,0.3728,0,0.032406751066446304
506,CA,0.20129483482820848,0.4052,0.4052,205,0.0320218987762928
506,NY,0.798703692092098,0.409,0.409,795,0.0320218987762928
506,TX,1.4730796934618028e-06,0.3728,0.3728,0,0.0320218987762928
507,CA,0.2008610044612715,0.4054,0.4054,215,0.03225923515856266
507,NY,0.7991375595257297,0.4092,0.4092,785,0.03225923515856266
507,TX,1.4360129988347883e-06,0.3728,0.3728,0,0.03225923515856266
508,CA,0.2004279358083641,0.4052,0.4052,191,0.03456750512123108
508,NY,0.7995706645130571,0.409,0.409,809,0.03456750512123108
508,TX,1.3996785787501922e-06,0.3728,0.3728,0,0.03456750512123108
509,CA,0.19999550556386989,0.4052,0.4052,199,0.032917845994234085
509,NY,0.8000031299804685,0.409,0.409,801,0.032917845994234085
509,TX,1.3644556615781822e-06,0.3728,0.3728,0,0.032917845994234085
510,CA,0.19956377525644858,0.4052,0.4052,168,0.032439591363072395
510,NY,0.8004348946259754,0.409,0.409,832,0.032439591363072395
510,TX,1.3301175759789027e-06,0.3728,0.3728,0,0.032439591363072395
511,CA,0.19913274476329199,0.4054,0.4054,183,0.032290754839777946
511,NY,0.8008659585945722,0.4092,0.4092,817,0.032290754839777946
511,TX,1.2966421358244566e-06,0.3728,0.3728,0,0.032290754839777946
512,CA,0.19870247510064265,0.4054,0.4054,208,0.032156335189938545
512,NY,0.8012962610711369,0.4092,0.4092,792,0.032156335189938545
512,TX,1.2638282203540451e-06,0.3728,0.3728,0,0.032156335189938545
513,CA,0.19827290479136014,0.4054,0.4054,183,0.034293847158551216
513,NY,0.8017258633653495,0.409,0.409,817,0.034293847158551216
513,TX,1.2318432903432526e-06,0.3728,0.3728,0,0.034293847158551216
514,CA,0.1978665598981679,0.4054,0.4054,203,0.03298601508140564
514,NY,0.8021322392986847,0.4092,0.4092,797,0.03298601508140564
514,TX,1.2008031474461042e-06,0.3728,0.3728,0,0.03298601508140564
515,CA,0.19743835112873806,0.4052,0.4052,189,0.03215612657368183
515,NY,0.8025604784606493,0.409,0.409,811,0.03215612657368183
515,TX,1.1704106127120815e-06,0.3728,0.3728,0,0.03215612657368183
516,CA,0.19701078054730725,0.4052,0.4052,202,0.03226894326508045
516,NY,0.8029880785046788,0.4092,0.4092,798,0.03226894326508045
516,TX,1.140948013961176e-06,0.3728,0.3728,0,0.03226894326508045
517,CA,0.19656149298964837,0.4054,0.4054,207,0.03190113045275211
517,NY,0.8034373949113864,0.4092,0.4092,793,0.03190113045275211
517,TX,1.1120989651522987e-06,0.3728,0.3728,0,0.03190113045275211
518,CA,0.19613541749585492,0.4054,0.4054,199,0.03184694983065128
518,NY,0.8038634985564156,0.4092,0.4092,801,0.03184694983065128
518,TX,1.0839477294202263e-06,0.3728,0.3728,0,0.03184694983065128
519,CA,0.19571004046155838,0.4052,0.4052,215,0.03162771090865135
519,NY,0.804288903030554,0.409,0.409,785,0.03162771090865135
519,TX,1.056507887718418e-06,0.3728,0.3728,0,0.03162771090865135
520,CA,0.1952853013793283,0.4052,0.4052,176,0.03168836049735546
520,NY,0.80471366871293,0.409,0.409,824,0.03168836049735546
520,TX,1.0299077417568137e-06,0.3728,0.3728,0,0.03168836049735546
521,CA,0.19486126062115475,0.4052,0.4052,207,0.032270753756165504
521,NY,0.8051377354026777,0.4092,0.4092,793,0.032270753756165504
521,TX,1.0039761675733232e-06,0.3728,0.3728,0,0.032270753756165504
522,CA,0.19441568753444927,0.4052,0.4052,207,0.030955947935581207
522,NY,0.805583333881055,0.409,0.409,793,0.030955947935581207
522,TX,9.785844957711098e-07,0.3728,0.3728,0,0.030955947935581207
523,CA,0.19399307957966722,0.4052,0.4052,173,0.033024564385414124
523,NY,0.8060059664774065,0.409,0.409,827,0.033024564385414124
523,TX,9.539429263118171e-07,0.3728,0.3728,0,0.033024564385414124
524,CA,0.19357116940064978,0.4052,0.4052,203,0.031993066892027855
524,NY,0.8064279006785592,0.409,0.409,797,0.031993066892027855
524,TX,9.299207909907775e-07,0.3728,0.3728,0,0.031993066892027855
525,CA,0.1931499568085595,0.4054,0.4054,171,0.032264914363622665
525,NY,0.8068491366888934,0.4092,0.4092,829,0.032264914363622665
525,TX,9.065025471033806e-07,0.3728,0.3728,0,0.032264914363622665
526,CA,0.19272950134732994,0.4052,0.4052,205,0.03153465315699577
526,NY,0.807269615105109,0.409,0.409,795,0.03153465315699577
526,TX,8.835475610815079e-07,0.3728,0.3728,0,0.03153465315699577
527,CA,0.19230968324466635,0.4054,0.4054,185,0.031236816197633743
527,NY,0.8076894554601541,0.4092,0.4092,815,0.031236816197633743
527,TX,8.612951795347677e-07,0.3728,0.3728,0,0.031236816197633743
528,CA,0.19189062167314555,0.4054,0.4054,191,0.03158736228942871
528,NY,0.8081085388437977,0.4092,0.4092,809,0.03158736228942871
528,TX,8.394830567150461e-07,0.3728,0.3728,0,0.03158736228942871
529,CA,0.19147225668868464,0.4052,0.4052,186,0.031133117154240608
529,NY,0.8085269250889195,0.409,0.409,814,0.031133117154240608
529,TX,8.182223958536577e-07,0.3728,0.3728,0,0.031133117154240608
530,CA,0.19105452874139753,0.4052,0.4052,197,0.03462767414748669
530,NY,0.8089446736460636,0.4092,0.4092,803,0.03462767414748669
530,TX,7.976125388285608e-07,0.3728,0.3728,0,0.03462767414748669
531,CA,0.19061559836420508,0.4052,0.4052,156,0.03214981593191624
531,NY,0.8093836242041719,0.4092,0.4092,844,0.03214981593191624
531,TX,7.774316230517875e-07,0.3728,0.3728,0,0.03214981593191624
532,CA,0.19017743921984706,0.4052,0.4052,180,0.03239845298230648
532,NY,0.8098218030197802,0.409,0.409,820,0.03239845298230648
532,TX,7.577603728047827e-07,0.3728,0.3728,0,0.03239845298230648
533,CA,0.18976187283166235,0.4052,0.4052,191,0.03346498869359493
533,NY,0.8102373884974514,0.409,0.409,809,0.03346498869359493
533,TX,7.386708860833851e-07,0.3728,0.3728,0,0.03346498869359493
534,CA,0.18934700210415878,0.4052,0.4052,189,0.032587649300694466
534,NY,0.8106522778343475,0.409,0.409,811,0.032587649300694466
534,TX,7.200614936099664e-07,0.3728,0.3728,0,0.032587649300694466
535,CA,0.18893282680346066,0.4052,0.4052,195,0.03169754147529602
535,NY,0.8110664712763965,0.409,0.409,805,0.03169754147529602
535,TX,7.019201428873709e-07,0.3728,0.3728,0,0.03169754147529602
536,CA,0.18851934669134252,0.4052,0.4052,180,0.03261921741068363
536,NY,0.811479969073574,0.409,0.409,820,0.03261921741068363
536,TX,6.842350834082219e-07,0.3728,0.3728,0,0.03261921741068363
537,CA,0.18810656152524852,0.4054,0.4054,216,0.033357299864292145
537,NY,0.8118927714798923,0.4092,0.4092,784,0.033357299864292145
537,TX,6.669948591037127e-07,0.3728,0.3728,0,0.033357299864292145
538,CA,0.18769452959150273,0.4054,0.4054,180,0.032251253724098206
538,NY,0.8123048203125207,0.4092,0.4092,820,0.032251253724098206
538,TX,6.50095976562939e-07,0.3728,0.3728,0,0.032251253724098206
539,CA,0.18728319190744627,0.4054,0.4054,182,0.04867906682193279
539,NY,0.8127161744680167,0.4092,0.4092,818,0.04867906682193279
539,TX,6.336245369607594e-07,0.3728,0.3728,0,0.04867906682193279
540,CA,0.1868725482177969,0.4052,0.4052,170,0.031868718564510345
540,NY,0.8131268342124556,0.409,0.409,830,0.031868718564510345
540,TX,6.175697475381683e-07,0.3728,0.3728,0,0.031868718564510345
541,CA,0.18646254002712354,0.406,0.406,200,0.03188101761043072
541,NY,0.8135368579663064,0.4096,0.4096,800,0.03188101761043072
541,TX,6.020065700395049e-07,0.3732,0.3732,0,0.03188101761043072
542,CA,0.18607494394130322,0.4052,0.4052,197,0.030760422348976135
542,NY,0.8139244693182789,0.4092,0.4092,803,0.030760422348976135
542,TX,5.867404180099017e-07,0.3728,0.3728,0,0.030760422348976135
543,CA,0.18564482727399453,0.4058,0.4058,202,0.03182046115398407
543,NY,0.814354600839181,0.4096,0.4096,798,0.03182046115398407
543,TX,5.718868246475511e-07,0.373,0.373,0,0.03182046115398407
544,CA,0.185237072655753,0.4052,0.4052,166,0.030962860211730003
544,NY,0.8147623700274328,0.4092,0.4092,834,0.030962860211730003
544,TX,5.573168141631572e-07,0.3728,0.3728,0,0.030962860211730003
545,CA,0.1848084528471328,0.4052,0.4052,186,0.03144073486328125
545,NY,0.8151910039460679,0.4092,0.4092,814,0.03144073486328125
545,TX,5.432067993558709e-07,0.3728,0.3728,0,0.03144073486328125
546,CA,0.18438060031252732,0.4052,0.4052,170,0.03240601159632206
546,NY,0.8156188702340988,0.409,0.409,830,0.03240601159632206
546,TX,5.294533738716978e-07,0.3728,0.3728,0,0.03240601159632206
547,CA,0.18397482211512486,0.4054,0.4054,206,0.03220411390066147
547,NY,0.8160246617775576,0.4092,0.4092,794,0.03220411390066147
547,TX,5.161073173992323e-07,0.3728,0.3728,0,0.03220411390066147
548,CA,0.18356979341863222,0.4054,0.4054,178,0.03195103816688061
548,NY,0.8164297035556778,0.4092,0.4092,822,0.03195103816688061
548,TX,5.030256899024792e-07,0.3728,0.3728,0,0.03195103816688061
549,CA,0.1831654561986674,0.4052,0.4052,183,0.03132851421833038
549,NY,0.8168340535262297,0.409,0.409,817,0.03132851421833038
549,TX,4.902751028474661e-07,0.3728,0.3728,0,0.03132851421833038
550,CA,0.1827617528214152,0.4052,0.4052,186,0.031679172068834305
550,NY,0.8172377692635299,0.409,0.409,814,0.031679172068834305
550,TX,4.779150548483968e-07,0.3728,0.3728,0,0.031679172068834305
551,CA,0.18235874051893605,0.4052,0.4052,198,0.031786030158400536
551,NY,0.8176407936149626,0.409,0.409,802,0.031786030158400536
551,TX,4.6586610140215903e-07,0.3728,0.3728,0,0.031786030158400536
552,CA,0.181956418985585,0.4054,0.4054,185,0.0321823637932539
552,NY,0.8180431268939888,0.4092,0.4092,815,0.0321823637932539
552,TX,4.5412042612728926e-07,0.3728,0.3728,0,0.0321823637932539
553,CA,0.18155484495266866,0.4052,0.4052,183,0.031924160197377205
553,NY,0.8184447124397792,0.4092,0.4092,817,0.031924160197377205
553,TX,4.4260755207746797e-07,0.3728,0.3728,0,0.031924160197377205
554,CA,0.18113285071829263,0.4052,0.4052,194,0.0318097285926342
554,NY,0.8188667178845009,0.409,0.409,806,0.0318097285926342
554,TX,4.3139720653841627e-07,0.3728,0.3728,0,0.0318097285926342
555,CA,0.1807326357689155,0.4052,0.4052,180,0.03188594803214073
555,NY,0.8192669437118957,0.409,0.409,820,0.03188594803214073
555,TX,4.205191888523431e-07,0.3728,0.3728,0,0.03188594803214073
556,CA,0.180333110308982,0.4056,0.4056,183,0.031739721074700356
556,NY,0.8196664797759919,0.4094,0.4094,817,0.031739721074700356
556,TX,4.099150261067176e-07,0.373,0.373,0,0.031739721074700356
557,CA,0.1799343872714492,0.4052,0.4052,180,0.03101452998816967
557,NY,0.8200652132059767,0.409,0.409,820,0.03101452998816967
557,TX,3.9952257412359713e-07,0.3728,0.3728,0,0.03101452998816967
558,CA,0.1795362396130872,0.4054,0.4054,169,0.03094352036714554
558,NY,0.8204633709398722,0.4092,0.4092,831,0.03094352036714554
558,TX,3.8944704050024373e-07,0.3728,0.3728,0,0.03094352036714554
559,CA,0.17913883690153043,0.4052,0.4052,171,0.031673792749643326
559,NY,0.8208607835271805,0.409,0.409,829,0.031673792749643326
559,TX,3.7957128897719514e-07,0.3728,0.3728,0,0.031673792749643326
560,CA,0.17874206580835683,0.4052,0.4052,206,0.03533452749252319
560,NY,0.8212575641935321,0.409,0.409,794,0.03533452749252319
560,TX,3.699981110792679e-07,0.3728,0.3728,0,0.03533452749252319
561,CA,0.17834598253667594,0.4052,0.4052,151,0.032638197764754295
561,NY,0.8216536567973317,0.409,0.409,849,0.032638197764754295
561,TX,3.6066599235032275e-07,0.3728,0.3728,0,0.032638197764754295
562,CA,0.17795058674121614,0.4052,0.4052,153,0.03188321925699711
562,NY,0.8220490616899108,0.4092,0.4092,847,0.03188321925699711
562,TX,3.515688731681189e-07,0.3728,0.3728,0,0.03188321925699711
563,CA,0.177535152355101,0.4054,0.4054,189,0.03274507820606232
563,NY,0.8224645049840557,0.4092,0.4092,811,0.03274507820606232
563,TX,3.4266084321790834e-07,0.3728,0.3728,0,0.03274507820606232
564,CA,0.17714122249945358,0.4052,0.4052,173,0.20899583771824837
564,NY,0.8228584435308353,0.409,0.409,827,0.20899583771824837
564,TX,3.3396971112445135e-07,0.3728,0.3728,0,0.20899583771824837
565,CA,0.17674792299293424,0.4052,0.4052,176,0.03220048546791077
565,NY,0.823251751462169,0.409,0.409,824,0.03220048546791077
565,TX,3.255448967829436e-07,0.3728,0.3728,0,0.03220048546791077
566,CA,0.17635530952427636,0.4054,0.4054,184,0.03169669024646282
566,NY,0.8236443731434513,0.4092,0.4092,816,0.03169669024646282
566,TX,3.173322723629851e-07,0.3728,0.3728,0,0.03169669024646282
567,CA,0.1759634373875403,0.4054,0.4054,175,0.03198474831879139
567,NY,0.824036253329879,0.4092,0.4092,825,0.03198474831879139
567,TX,3.092825807893881e-07,0.3728,0.3728,0,0.03198474831879139
568,CA,0.175572250360785,0.4052,0.4052,189,0.032478559762239456
568,NY,0.82442744820245,0.409,0.409,811,0.032478559762239456
568,TX,3.014367650643545e-07,0.3728,0.3728,0,0.032478559762239456
569,CA,0.1751816926087539,0.4052,0.4052,187,0.032567599788308144
569,NY,0.8248180135598542,0.409,0.409,813,0.032567599788308144
569,TX,2.9383139184788643e-07,0.3728,0.3728,0,0.032567599788308144
570,CA,0.17479181941432886,0.4052,0.4052,181,0.033064622431993484
570,NY,0.8252078941680678,0.409,0.409,819,0.033064622431993484
570,TX,2.864176034304122e-07,0.3728,0.3728,0,0.033064622431993484
571,CA,0.17440263039813544,0.4052,0.4052,185,0.032034315168857574
571,NY,0.8255970904112827,0.409,0.409,815,0.032034315168857574
571,TX,2.791905818006247e-07,0.3728,0.3728,0,0.032034315168857574
572,CA,0.17401412517712286,0.4052,0.4052,180,0.03168636001646519
572,NY,0.8259856026772472,0.409,0.409,820,0.03168636001646519
572,TX,2.721456298924549e-07,0.3728,0.3728,0,0.03168636001646519
573,CA,0.17362630336458182,0.4054,0.4054,167,0.03234929218888283
573,NY,0.8263734313572497,0.4092,0.4092,833,0.03234929218888283
573,TX,2.6527816855488173e-07,0.3728,0.3728,0,0.03234929218888283
574,CA,0.1732392195469033,0.4052,0.4052,179,0.03155924193561077
574,NY,0.8267605219060797,0.409,0.409,821,0.03155924193561077
574,TX,2.585470170503877e-07,0.3728,0.3728,0,0.03155924193561077
575,CA,0.17285276327947044,0.4054,0.4054,198,0.03212442621588707
575,NY,0.8271469846983467,0.4092,0.4092,802,0.03212442621588707
575,TX,2.520221829989041e-07,0.3728,0.3728,0,0.03212442621588707
576,CA,0.17246704402116148,0.4054,0.4054,169,0.03226839192211628
576,NY,0.8275327103519631,0.4092,0.4092,831,0.03226839192211628
576,TX,2.456268753575907e-07,0.3728,0.3728,0,0.03226839192211628
577,CA,0.1720820063942578,0.4052,0.4052,163,0.03226224333047867
577,NY,0.8279177542121365,0.4092,0.4092,837,0.03226224333047867
577,TX,2.393936057052958e-07,0.3728,0.3728,0,0.03226224333047867
578,CA,0.1716774107680852,0.4054,0.4054,175,0.03264656849205494
578,NY,0.8283223559079386,0.4092,0.4092,825,0.03264656849205494
578,TX,2.333239762825096e-07,0.3728,0.3728,0,0.03264656849205494
579,CA,0.17129377106048102,0.4054,0.4054,198,0.03245026245713234
579,NY,0.8287060015370864,0.4092,0.4092,802,0.03245026245713234
579,TX,2.2740243261646705e-07,0.3728,0.3728,0,0.03245026245713234
580,CA,0.1709108117381809,0.4054,0.4054,172,0.03225754201412201
580,NY,0.8290889666308764,0.4092,0.4092,828,0.03225754201412201
580,TX,2.2163094275497008e-07,0.3728,0.3728,0,0.03225754201412201
581,CA,0.17052853238586077,0.4052,0.4052,179,0.03508777916431427
581,NY,0.8294712516084288,0.409,0.409,821,0.03508777916431427
581,TX,2.160057105163589e-07,0.3728,0.3728,0,0.03508777916431427
582,CA,0.17014687838851197,0.4052,0.4052,176,0.03266485035419464
582,NY,0.8298529110585561,0.4092,0.4092,824,0.03266485035419464
582,TX,2.1055293194936904e-07,0.3728,0.3728,0,0.03266485035419464
583,CA,0.16974589962549905,0.4052,0.4052,185,0.032548220828175545
583,NY,0.8302538951610947,0.409,0.409,815,0.032548220828175545
583,TX,2.0521340635456586e-07,0.3728,0.3728,0,0.032548220828175545
584,CA,0.16936563951649003,0.4054,0.4054,151,0.03280649706721306
584,NY,0.8306341604508671,0.4092,0.4092,849,0.03280649706721306
584,TX,2.0003264277428237e-07,0.3728,0.3728,0,0.03280649706721306
585,CA,0.16898611175295436,0.4052,0.4052,155,0.03236643224954605
585,NY,0.8310136932922597,0.4092,0.4092,845,0.03236643224954605
585,TX,1.949547858782204e-07,0.3728,0.3728,0,0.03236643224954605
586,CA,0.1685873127231611,0.4054,0.4054,175,0.03233803249895573
586,NY,0.8314124972666432,0.4092,0.4092,825,0.03233803249895573
586,TX,1.9001019567033752e-07,0.3728,0.3728,0,0.03233803249895573
587,CA,0.1682091758513127,0.4052,0.4052,152,0.031883399933576584
587,NY,0.8317906389623162,0.4092,0.4092,848,0.031883399933576584
587,TX,1.85186371113512e-07,0.3728,0.3728,0,0.031883399933576584
588,CA,0.16781184005300995,0.4052,0.4052,175,0.031836528331041336
588,NY,0.8321879794578536,0.4092,0.4092,825,0.031836528331041336
588,TX,1.8048913652915862e-07,0.3728,0.3728,0,0.031836528331041336
589,CA,0.16741525389555187,0.4052,0.4052,177,0.03333010897040367
589,NY,0.8325845701935998,0.4092,0.4092,823,0.03333010897040367
589,TX,1.759108483362952e-07,0.3728,0.3728,0,0.03333010897040367
590,CA,0.16701941685764657,0.4052,0.4052,159,0.03271818719804287
590,NY,0.8329804116938535,0.409,0.409,841,0.03271818719804287
590,TX,1.7144849990806548e-07,0.3728,0.3728,0,0.03271818719804287
591,CA,0.16664403847062986,0.4054,0.4054,166,0.03249994106590748
591,NY,0.8333557944104434,0.4092,0.4092,834,0.03249994106590748
591,TX,1.6711892669453388e-07,0.3728,0.3728,0,0.03249994106590748
592,CA,0.16626938853754267,0.4052,0.4052,172,0.03139697574079037
592,NY,0.8337304485870642,0.409,0.409,828,0.03139697574079037
592,TX,1.6287539310778672e-07,0.3728,0.3728,0,0.03139697574079037
593,CA,0.16589536009042294,0.4054,0.4054,154,0.03184555098414421
593,NY,0.8341044811475827,0.4092,0.4092,846,0.03184555098414421
593,TX,1.5876199445099923e-07,0.3728,0.3728,0,0.03184555098414421
594,CA,0.16552205898780933,0.4052,0.4052,163,0.03298150561749935
594,NY,0.8344777862818407,0.4092,0.4092,837,0.03298150561749935
594,TX,1.5473035002527619e-07,0.3728,0.3728,0,0.03298150561749935
595,CA,0.1651298103353244,0.4052,0.4052,170,0.032724566757678986
595,NY,0.834870038860197,0.409,0.409,830,0.032724566757678986
595,TX,1.5080447859442516e-07,0.3728,0.3728,0,0.032724566757678986
596,CA,0.1647578387644879,0.4054,0.4054,156,0.03160442225635052
596,NY,0.8352420142400346,0.4092,0.4092,844,0.03160442225635052
596,TX,1.4699547742445754e-07,0.3728,0.3728,0,0.03160442225635052
597,CA,0.16438659282021906,0.4054,0.4054,164,0.032302092760801315
597,NY,0.8356132639175855,0.4092,0.4092,836,0.032302092760801315
597,TX,1.4326219538720975e-07,0.3728,0.3728,0,0.032302092760801315
598,CA,0.164016019114482,0.4052,0.4052,173,0.03226946294307709
598,NY,0.8359838412619294,0.409,0.409,827,0.03226946294307709
598,TX,1.3962358862511084e-07,0.3728,0.3728,0,0.03226946294307709
599,CA,0.16364606463864334,0.4052,0.4052,158,0.03239375166594982
599,NY,0.8363537992647726,0.409,0.409,842,0.03239375166594982
599,TX,1.3609658398021956e-07,0.3728,0.3728,0,0.03239375166594982
600,CA,0.16327678163600484,,,0,
600,NY,0.8367230857054532,,,0,
600,TX,1.326585418915788e-07,,,0,
