t,state,p,acc,fitness,sample_count,step_seconds
0,CA,0.3333333333333333,0.7344,0.7344,353,0.061557967215776443
0,NY,0.3333333333333333,0.6974,0.6974,324,0.061557967215776443
0,TX,0.3333333333333333,0.6986,0.6986,323,0.061557967215776443
1,CA,0.33806330890378916,0.7298,0.7298,324,0.03953167051076889
1,NY,0.33085139560268206,0.692,0.692,319,0.03953167051076889
1,TX,0.3310852954935287,0.6896,0.6896,357,0.03953167051076889
2,CA,0.3431850575456723,0.74,0.74,337,0.038657378405332565
2,NY,0.32852450461767146,0.7,0.7,331,0.038657378405332565
2,TX,0.3282904378366563,0.7066,0.7066,332,0.038657378405332565
3,CA,0.34800632128211734,0.737,0.737,338,0.03851417824625969
3,NY,0.32548142196161695,0.6936,0.6936,323,0.03851417824625969
3,TX,0.32651225675626583,0.6982,0.6982,339,0.03851417824625969
4,CA,0.3534586951994874,0.7116,0.7116,343,0.038946934044361115
4,NY,0.32232112372640576,0.677,0.677,306,0.038946934044361115
4,TX,0.32422018107410694,0.673,0.673,351,0.038946934044361115
5,CA,0.35841468703086804,0.7196,0.7196,360,0.03864815831184387
5,NY,0.3202334403656429,0.6742,0.6742,320,0.03864815831184387
5,TX,0.321351872603489,0.6726,0.6726,320,0.03864815831184387
6,CA,0.36470133902287133,0.694,0.694,352,0.038856130093336105
6,NY,0.3172474517537342,0.6568,0.6568,341,0.038856130093336105
6,TX,0.3180512092233945,0.6452,0.6452,307,0.038856130093336105
7,CA,0.3706800325001607,0.7096,0.7096,386,0.03958849981427193
7,NY,0.31536729774954503,0.678,0.678,297,0.03958849981427193
7,TX,0.31395266975029423,0.6732,0.6732,317,0.03958849981427193
8,CA,0.37537740642307665,0.7028,0.7028,357,0.038975927978754044
8,NY,0.3134606581255602,0.668,0.668,322,0.038975927978754044
8,TX,0.3111619354513631,0.662,0.662,321,0.038975927978754044
9,CA,0.38065394744954145,0.724,0.724,374,0.03819699212908745
9,NY,0.3113706364657011,0.6866,0.6866,322,0.03819699212908745
9,TX,0.3079754160847574,0.6828,0.6828,304,0.03819699212908745
10,CA,0.3861037092468146,0.7194,0.7194,402,0.037779975682497025
10,NY,0.30897698064855095,0.6766,0.6766,294,0.037779975682497025
10,TX,0.3049193101046344,0.6796,0.6796,304,0.037779975682497025
11,CA,0.3918837329565095,0.7228,0.7228,386,0.039460569620132446
11,NY,0.30579608909396777,0.6834,0.6834,315,0.039460569620132446
11,TX,0.3023201779495229,0.6842,0.6842,299,0.039460569620132446
12,CA,0.3973541390281104,0.7304,0.7304,402,0.03898489102721214
12,NY,0.3029736726013514,0.6928,0.6928,300,0.03898489102721214
12,TX,0.2996721883705382,0.6946,0.6946,298,0.03898489102721214
13,CA,0.40249937488799836,0.7374,0.7374,423,0.03842682018876076
13,NY,0.3002282151208217,0.6868,0.6868,281,0.03842682018876076
13,TX,0.29727240999117993,0.6952,0.6952,296,0.03842682018876076
14,CA,0.4090292567946437,0.7476,0.7476,398,0.03878510370850563
14,NY,0.29621322353562923,0.6986,0.6986,321,0.03878510370850563
14,TX,0.29475751966972713,0.7046,0.7046,281,0.03878510370850563
15,CA,0.41549347105077394,0.7366,0.7366,392,0.03970000892877579
15,NY,0.2924578997266894,0.693,0.693,306,0.03970000892877579
15,TX,0.2920486292225366,0.6966,0.6966,302,0.03970000892877579
16,CA,0.4214226813233928,0.7174,0.7174,424,0.03844669461250305
16,NY,0.2891839732520115,0.682,0.682,290,0.03844669461250305
16,TX,0.2893933454245957,0.6776,0.6776,286,0.03844669461250305
17,CA,0.42682949506607837,0.7244,0.7244,418,0.03876430168747902
17,NY,0.2868568796967434,0.6812,0.6812,283,0.03876430168747902
17,TX,0.28631362523717824,0.6816,0.6816,299,0.03876430168747902
18,CA,0.4330185261969113,0.7218,0.7218,436,0.03906024619936943
18,NY,0.2837257103607253,0.6856,0.6856,268,0.03906024619936943
18,TX,0.2832557634423634,0.6856,0.6856,296,0.03906024619936943
19,CA,0.4382426002828553,0.7172,0.7172,424,0.03884745389223099
19,NY,0.2811115083109308,0.6744,0.6744,303,0.03884745389223099
19,TX,0.2806458914062138,0.6758,0.6758,273,0.03884745389223099
20,CA,0.44436263000869963,0.7324,0.7324,432,0.03831576183438301
20,NY,0.277932860770986,0.6928,0.6928,291,0.03831576183438301
20,TX,0.2777045092203143,0.6964,0.6964,277,0.03831576183438301
21,CA,0.4498161716789266,0.7268,0.7268,479,0.0389367900788784
21,NY,0.27491276726806824,0.6744,0.6744,251,0.0389367900788784
21,TX,0.27527106105300503,0.6718,0.6718,270,0.0389367900788784
22,CA,0.45764644655519643,0.7254,0.7254,455,0.037665970623493195
22,NY,0.2712108840510745,0.6822,0.6822,288,0.037665970623493195
22,TX,0.2711426693937291,0.682,0.682,257,0.037665970623493195
23,CA,0.46396128448051405,0.7252,0.7252,440,0.037625059485435486
23,NY,0.26806900157904406,0.689,0.689,281,0.037625059485435486
23,TX,0.2679697139404419,0.6932,0.6932,279,0.037625059485435486
24,CA,0.468929767891174,0.7154,0.7154,483,0.039140790700912476
24,NY,0.2652545594120236,0.67,0.67,272,0.039140790700912476
24,TX,0.2658156726968024,0.6702,0.6702,245,0.039140790700912476
25,CA,0.47559976075945604,0.7286,0.7286,504,0.04050467163324356
25,NY,0.2619073869902913,0.6838,0.6838,237,0.04050467163324356
25,TX,0.26249285225025265,0.6896,0.6896,259,0.04050467163324356
26,CA,0.4817225000442867,0.721,0.721,470,0.039629433304071426
26,NY,0.2584038906540189,0.6804,0.6804,255,0.039629433304071426
26,TX,0.25987360930169434,0.6834,0.6834,275,0.039629433304071426
27,CA,0.48746170181616383,0.746,0.746,479,0.03807014599442482
27,NY,0.2553138764705819,0.7042,0.7042,263,0.03807014599442482
27,TX,0.25722442171325427,0.7168,0.7168,258,0.03807014599442482
28,CA,0.49259161554976233,0.7286,0.7286,489,0.03818720951676369
28,NY,0.25182408015560814,0.6894,0.6894,274,0.03818720951676369
28,TX,0.2555843042946295,0.6904,0.6904,237,0.03818720951676369
29,CA,0.49825115150371924,0.7246,0.7246,468,0.038586534559726715
29,NY,0.2489410592331668,0.6776,0.6776,273,0.038586534559726715
29,TX,0.252807789263114,0.6772,0.6772,259,0.038586534559726715
30,CA,0.5051887288068778,0.7304,0.7304,505,0.038846854120492935
30,NY,0.24552849979859798,0.6866,0.6866,240,0.038846854120492935
30,TX,0.24928277139452426,0.69,0.69,255,0.038846854120492935
31,CA,0.5113426813149581,0.7318,0.7318,496,0.03793114796280861
31,NY,0.2422288635980133,0.6874,0.6874,252,0.03793114796280861
31,TX,0.24642845508702863,0.6978,0.6978,252,0.03793114796280861
32,CA,0.5170552880578256,0.706,0.706,516,0.038955941796302795
32,NY,0.23865533153143378,0.6726,0.6726,239,0.038955941796302795
32,TX,0.2442893804107405,0.6688,0.6688,245,0.038955941796302795
33,CA,0.5222776522146506,0.7076,0.7076,525,0.03834623843431473
33,NY,0.23634622258155302,0.6702,0.6702,230,0.03834623843431473
33,TX,0.24137612520379634,0.6656,0.6656,245,0.03834623843431473
34,CA,0.528147132913799,0.711,0.711,527,0.039832815527915955
34,NY,0.2337676882772791,0.6758,0.6758,234,0.039832815527915955
34,TX,0.23808517880892177,0.67,0.67,239,0.039832815527915955
35,CA,0.5337592842190483,0.727,0.727,540,0.03866952285170555
35,NY,0.2313913790323012,0.6842,0.6842,207,0.03866952285170555
35,TX,0.23484933674865066,0.6892,0.6892,253,0.03866952285170555
36,CA,0.5396276508538077,0.7424,0.7424,511,0.03826604783535004
36,NY,0.22813780182946972,0.69,0.69,261,0.03826604783535004
36,TX,0.23223454731672266,0.7002,0.7002,228,0.03826604783535004
37,CA,0.5464503515472932,0.7076,0.7076,530,0.03907265514135361
37,NY,0.2240745895071045,0.658,0.658,240,0.03907265514135361
37,TX,0.22947505894560244,0.649,0.649,230,0.03907265514135361
38,CA,0.5544249466291483,0.7238,0.7238,584,0.039006274193525314
38,NY,0.2207410190934027,0.6744,0.6744,197,0.039006274193525314
38,TX,0.224834034277449,0.6734,0.6734,219,0.039006274193525314
39,CA,0.5616702391086204,0.731,0.731,566,0.040931764990091324
39,NY,0.21721711017923845,0.686,0.686,229,0.040931764990091324
39,TX,0.22111265071214117,0.6818,0.6818,205,0.040931764990091324
40,CA,0.5684527614319943,0.7012,0.7012,565,0.041856687515974045
40,NY,0.21412506203368004,0.6638,0.6638,216,0.041856687515974045
40,TX,0.21742217653432566,0.6582,0.6582,219,0.041856687515974045
41,CA,0.5743125013589174,0.717,0.717,576,0.04136103019118309
41,NY,0.21157635799906785,0.6694,0.6694,193,0.04136103019118309
41,TX,0.21411114064201484,0.668,0.668,231,0.04136103019118309
42,CA,0.5812737301062662,0.7176,0.7176,565,0.03821277618408203
42,NY,0.20820429163489212,0.6748,0.6748,210,0.03821277618408203
42,TX,0.21052197825884184,0.6724,0.6724,225,0.03821277618408203
43,CA,0.5875773710834651,0.7282,0.7282,587,0.038672853261232376
43,NY,0.20521776986699788,0.6874,0.6874,203,0.038672853261232376
43,TX,0.20720485904953703,0.6836,0.6836,210,0.038672853261232376
44,CA,0.5936277651799299,0.734,0.734,595,0.03881310671567917
44,NY,0.20243618839308325,0.691,0.691,193,0.03881310671567917
44,TX,0.2039360464269869,0.698,0.698,212,0.03881310671567917
45,CA,0.599172513763391,0.7262,0.7262,598,0.03888268768787384
45,NY,0.19926009950872506,0.6806,0.6806,196,0.03888268768787384
45,TX,0.201567386727884,0.6824,0.6824,206,0.03888268768787384
46,CA,0.6054560802350978,0.7146,0.7146,606,0.03787318617105484
46,NY,0.19603081804183986,0.6728,0.6728,190,0.03787318617105484
46,TX,0.1985131017230623,0.6728,0.6728,204,0.03787318617105484
47,CA,0.6113362377137022,0.7402,0.7402,639,0.0384424664080143
47,NY,0.1931092368869902,0.6958,0.6958,156,0.0384424664080143
47,TX,0.1955545253993076,0.7064,0.7064,205,0.0384424664080143
48,CA,0.6167172903068424,0.7372,0.7372,614,0.03915004804730415
48,NY,0.18983858968893658,0.696,0.696,196,0.03915004804730415
48,TX,0.19344412000422104,0.6998,0.6998,190,0.03915004804730415
49,CA,0.6221090549037319,0.7186,0.7186,611,0.038330212235450745
49,NY,0.18695665288291022,0.675,0.675,185,0.038330212235450745
49,TX,0.19093429221335792,0.6714,0.6714,204,0.038330212235450745
50,CA,0.6283846410722631,0.7304,0.7304,607,0.03914329409599304
50,NY,0.18405175671689744,0.69,0.69,200,0.03914329409599304
50,TX,0.1875636022108394,0.686,0.686,193,0.03914329409599304
51,CA,0.6341616968765643,0.7126,0.7126,617,0.0387241430580616
51,NY,0.1814072379517479,0.6688,0.6688,182,0.0387241430580616
51,TX,0.18443106517168775,0.6676,0.6676,201,0.0387241430580616
52,CA,0.6402347058547392,0.6996,0.6996,640,0.03819806128740311
52,NY,0.17846052561637557,0.6588,0.6588,171,0.03819806128740311
52,TX,0.18130476852888514,0.6586,0.6586,189,0.03819806128740311
53,CA,0.645826096502921,0.7374,0.7374,662,0.04029235988855362
53,NY,0.17569760816896196,0.6904,0.6904,166,0.04029235988855362
53,TX,0.17847629532811707,0.6942,0.6942,172,0.04029235988855362
54,CA,0.6518167643568348,0.7122,0.7122,672,0.039033327251672745
54,NY,0.17253032972474225,0.6628,0.6628,157,0.039033327251672745
54,TX,0.1756529059184229,0.6524,0.6524,171,0.039033327251672745
55,CA,0.6591415594607275,0.7258,0.7258,631,0.03983457386493683
55,NY,0.1694353969695642,0.682,0.682,185,0.03983457386493683
55,TX,0.17142304356970825,0.6866,0.6866,184,0.03983457386493683
56,CA,0.6645871280450498,0.7082,0.7082,678,0.03850031644105911
56,NY,0.1664994877151525,0.6644,0.6644,151,0.03850031644105911
56,TX,0.16891338423979765,0.6582,0.6582,171,0.03850031644105911
57,CA,0.6707671810245162,0.7222,0.7222,701,0.03900182992219925
57,NY,0.16373886334432694,0.6736,0.6736,146,0.03900182992219925
57,TX,0.16549395563115696,0.6684,0.6684,153,0.03900182992219925
58,CA,0.6773992920185069,0.7224,0.7224,665,0.03837480768561363
58,NY,0.16069145622106887,0.679,0.679,170,0.03837480768561363
58,TX,0.16190925176042426,0.6736,0.6736,165,0.03837480768561363
59,CA,0.6833004869828798,0.7304,0.7304,714,0.039417799562215805
59,NY,0.1580070473608414,0.6928,0.6928,142,0.039417799562215805
59,TX,0.15869246565627884,0.693,0.693,144,0.039417799562215805
60,CA,0.688022555959602,0.7364,0.7364,684,0.03927728161215782
60,NY,0.15564190850556514,0.693,0.693,158,0.03927728161215782
60,TX,0.1563355355348328,0.6912,0.6912,158,0.03927728161215782
61,CA,0.6935429505641889,0.7258,0.7258,715,0.04328574612736702
61,NY,0.15296934742814536,0.6902,0.6902,154,0.04328574612736702
61,TX,0.15348770200766568,0.6926,0.6926,131,0.04328574612736702
62,CA,0.6978052721588041,0.7212,0.7212,695,0.03888677433133125
62,NY,0.15073459253789723,0.681,0.681,167,0.03888677433133125
62,TX,0.1514601353032987,0.6904,0.6904,138,0.03888677433133125
63,CA,0.7021804383617111,0.7196,0.7196,680,0.04009735956788063
63,NY,0.14813708262358474,0.6826,0.6826,164,0.04009735956788063
63,TX,0.14968247901470427,0.68,0.68,156,0.04009735956788063
64,CA,0.7068700907087112,0.7146,0.7146,715,0.03874640539288521
64,NY,0.14591774690577347,0.6678,0.6678,128,0.03874640539288521
64,TX,0.14721216238551524,0.6658,0.6658,157,0.03874640539288521
65,CA,0.7126947278599657,0.7212,0.7212,728,0.03877684101462364
65,NY,0.1431044719045902,0.6768,0.6768,149,0.03877684101462364
65,TX,0.1442008002354442,0.6738,0.6738,123,0.03877684101462364
66,CA,0.7181980293682354,0.7182,0.7182,700,0.03881322965025902
66,NY,0.14048947716146906,0.675,0.675,147,0.03881322965025902
66,TX,0.14131249347029556,0.678,0.678,153,0.03881322965025902
67,CA,0.7231432431532484,0.7174,0.7174,743,0.03932171314954758
67,NY,0.13790023821998607,0.674,0.674,119,0.03932171314954758
67,TX,0.13895651862676547,0.668,0.668,138,0.03932171314954758
68,CA,0.7285944748266899,0.7206,0.7206,716,0.21380040422081947
68,NY,0.13542865096843032,0.672,0.672,139,0.21380040422081947
68,TX,0.13597687420487958,0.675,0.675,145,0.21380040422081947
69,CA,0.7340477327115854,0.718,0.718,728,0.03918229043483734
69,NY,0.13258834051664556,0.674,0.674,135,0.03918229043483734
69,TX,0.13336392677176906,0.677,0.677,137,0.03918229043483734
70,CA,0.7389086194004725,0.7318,0.7318,755,0.0388549342751503
70,NY,0.13004811457743223,0.686,0.686,116,0.0388549342751503
70,TX,0.13104326602209523,0.6844,0.6844,129,0.0388549342751503
71,CA,0.744136937406665,0.7246,0.7246,756,0.03769110143184662
71,NY,0.12750465048290752,0.6782,0.6782,126,0.03769110143184662
71,TX,0.1283584121104274,0.6786,0.6786,118,0.03769110143184662
72,CA,0.749272579546096,0.7332,0.7332,752,0.038798872381448746
72,NY,0.1249304593899872,0.6894,0.6894,126,0.038798872381448746
72,TX,0.1257969610639167,0.6888,0.6888,122,0.038798872381448746
73,CA,0.7540834243432457,0.7184,0.7184,717,0.03936446085572243
73,NY,0.12255518831087052,0.6806,0.6806,144,0.03936446085572243
73,TX,0.12336138734588376,0.6804,0.6804,139,0.03936446085572243
74,CA,0.758195753348302,0.6932,0.6932,749,0.038835179060697556
74,NY,0.12051295895995201,0.653,0.653,116,0.038835179060697556
74,TX,0.1212912876917459,0.646,0.646,135,0.038835179060697556
75,CA,0.7629584170558278,0.7372,0.7372,753,0.0383748896420002
75,NY,0.11839077528673084,0.7022,0.7022,110,0.0383748896420002
75,TX,0.11865080765744139,0.7106,0.7106,137,0.0383748896420002
76,CA,0.7661779294489365,0.7174,0.7174,768,0.03753463923931122
76,NY,0.11649503038800219,0.6782,0.6782,100,0.03753463923931122
76,TX,0.11732704016306128,0.667,0.667,132,0.03753463923931122
77,CA,0.7708819919555185,0.7064,0.7064,766,0.038497406989336014
77,NY,0.11453492089318842,0.668,0.668,121,0.038497406989336014
77,TX,0.11458308715129309,0.6732,0.6732,113,0.038497406989336014
78,CA,0.7746053540475857,0.7138,0.7138,789,0.038820039480924606
78,NY,0.1124982373893263,0.6724,0.6724,124,0.038820039480924606
78,TX,0.1128964085630881,0.6696,0.6696,87,0.038820039480924606
79,CA,0.7789905043605864,0.7192,0.7192,761,0.03984236344695091
79,NY,0.11040211864878233,0.681,0.681,122,0.03984236344695091
79,TX,0.11060737699063138,0.679,0.679,117,0.03984236344695091
80,CA,0.7829360509709173,0.7134,0.7134,792,0.04299053177237511
80,NY,0.10849577986486444,0.67,0.67,93,0.04299053177237511
80,TX,0.10856816916421826,0.6698,0.6698,115,0.04299053177237511
81,CA,0.7872746025858676,0.7222,0.7222,775,0.03885507211089134
81,NY,0.1063335969002992,0.6778,0.6778,128,0.03885507211089134
81,TX,0.10639180051383318,0.6784,0.6784,97,0.03885507211089134
82,CA,0.7915865349306704,0.6876,0.6876,802,0.03718025982379913
82,NY,0.10415959120818329,0.6518,0.6518,111,0.03718025982379913
82,TX,0.10425387386114632,0.6516,0.6516,87,0.03718025982379913
83,CA,0.7951116995057382,0.7272,0.7272,790,0.0385303869843483
83,NY,0.1024040086274253,0.6898,0.6898,113,0.0385303869843483
83,TX,0.10248429186683645,0.6906,0.6906,97,0.0385303869843483
84,CA,0.7986169003822993,0.7046,0.7046,790,0.03868599236011505
84,NY,0.10062826543290217,0.6644,0.6644,106,0.03868599236011505
84,TX,0.10075483418479851,0.6602,0.6602,104,0.03868599236011505
85,CA,0.802628049318499,0.7164,0.7164,783,0.0397636741399765
85,NY,0.09874862247971854,0.6804,0.6804,98,0.0397636741399765
85,TX,0.09862332820178252,0.6792,0.6792,119,0.0397636741399765
86,CA,0.8060203120386464,0.7124,0.7124,799,0.03717080131173134
86,NY,0.09708605772581243,0.6732,0.6732,101,0.03717080131173134
86,TX,0.09689363023554118,0.6656,0.6656,100,0.03717080131173134
87,CA,0.8099653196255683,0.7132,0.7132,821,0.03862914815545082
87,NY,0.09532788133954083,0.6812,0.6812,95,0.03862914815545082
87,TX,0.0947067990348909,0.6798,0.6798,84,0.03862914815545082
88,CA,0.8129137211036008,0.7216,0.7216,813,0.03817909583449364
88,NY,0.09388782677484575,0.6812,0.6812,105,0.03817909583449364
88,TX,0.09319845212155342,0.6804,0.6804,82,0.03817909583449364
89,CA,0.8165338861384479,0.7268,0.7268,841,0.03800833597779274
89,NY,0.09209290496660416,0.6866,0.6866,76,0.03800833597779274
89,TX,0.09137320889494786,0.6774,0.6774,83,0.03800833597779274
90,CA,0.8204374595809993,0.7336,0.7336,800,0.03766820207238197
90,NY,0.09037899277702646,0.6882,0.6882,101,0.03766820207238197
90,TX,0.08918354764197423,0.6952,0.6952,99,0.03766820207238197
91,CA,0.8240156030783246,0.721,0.721,836,0.03784463554620743
91,NY,0.08839596653250738,0.6782,0.6782,74,0.03784463554620743
91,TX,0.087588430389168,0.6724,0.6724,90,0.03784463554620743
92,CA,0.8278832973395963,0.719,0.719,818,0.038427554070949554
92,NY,0.08660221114298804,0.6722,0.6722,83,0.038427554070949554
92,TX,0.0855144915174156,0.6762,0.6762,99,0.038427554070949554
93,CA,0.8316146801904492,0.6938,0.6938,838,0.03704113885760307
93,NY,0.0846241558476014,0.6528,0.6528,77,0.03704113885760307
93,TX,0.08376116396194952,0.6428,0.6428,85,0.03704113885760307
94,CA,0.8354329757302428,0.7178,0.7178,847,0.03717600926756859
94,NY,0.08295488993910176,0.6796,0.6796,64,0.03717600926756859
94,TX,0.0816121343306554,0.6746,0.6746,89,0.03717600926756859
95,CA,0.8387015197608222,0.7164,0.7164,831,0.03742096573114395
95,NY,0.08142749517875525,0.6766,0.6766,87,0.03742096573114395
95,TX,0.07987098506042264,0.6716,0.6716,82,0.03742096573114395
96,CA,0.842046862662007,0.7096,0.7096,856,0.03847276791930199
96,NY,0.07985660882220177,0.6694,0.6694,74,0.03847276791930199
96,TX,0.07809652851579121,0.6726,0.6726,70,0.03847276791930199
97,CA,0.8450620214289045,0.7462,0.7462,842,0.038015369325876236
97,NY,0.0782580614511045,0.7026,0.7026,84,0.038015369325876236
97,TX,0.07667991711999095,0.7078,0.7078,74,0.038015369325876236
98,CA,0.8481494760647996,0.7134,0.7134,842,0.03800549730658531
98,NY,0.0765828535982357,0.6716,0.6716,76,0.03800549730658531
98,TX,0.0752676703369647,0.6692,0.6692,82,0.03800549730658531
99,CA,0.8513932547047489,0.7316,0.7316,855,0.038250651210546494
99,NY,0.07500029155555113,0.6858,0.6858,73,0.038250651210546494
99,TX,0.07360645373970003,0.6854,0.6854,72,0.038250651210546494
100,CA,0.8547675188481464,0.7098,0.7098,846,0.03849835693836212
100,NY,0.07330595054875888,0.6716,0.6716,92,0.03849835693836212
100,TX,0.0719265306030947,0.667,0.667,62,0.03849835693836212
101,CA,0.8577165743832471,0.7046,0.7046,863,0.037672482430934906
101,NY,0.07191542826348829,0.6648,0.6648,70,0.037672482430934906
101,TX,0.07036799735326453,0.658,0.658,67,0.037672482430934906
102,CA,0.8608179544794805,0.7108,0.7108,854,0.03782704845070839
102,NY,0.07049026909168857,0.6692,0.6692,74,0.03782704845070839
102,TX,0.06869177642883088,0.6708,0.6708,72,0.03782704845070839
103,CA,0.863685496471709,0.713,0.713,859,0.03861849755048752
103,NY,0.06900532615859517,0.6748,0.6748,77,0.03861849755048752
103,TX,0.06730917736969579,0.6746,0.6746,64,0.03861849755048752
104,CA,0.8663257802409347,0.712,0.712,883,0.04078724980354309
104,NY,0.06767274823947626,0.6702,0.6702,58,0.04078724980354309
104,TX,0.06600147151958913,0.666,0.666,59,0.04078724980354309
105,CA,0.8693037491009691,0.723,0.723,870,0.03911570832133293
105,NY,0.06624740135021016,0.6762,0.6762,73,0.03911570832133293
105,TX,0.06444884954882087,0.6724,0.6724,57,0.03911570832133293
106,CA,0.8725252003402936,0.7184,0.7184,862,0.038447409868240356
106,NY,0.06468682457452404,0.6826,0.6826,73,0.038447409868240356
106,TX,0.06278797508518237,0.69,0.69,65,0.038447409868240356
107,CA,0.8746114452702994,0.702,0.702,875,0.03718617931008339
107,NY,0.06349062907971181,0.6536,0.6536,62,0.03718617931008339
107,TX,0.06189792564998879,0.6464,0.6464,63,0.03718617931008339
108,CA,0.8779719168866967,0.7108,0.7108,874,0.03790514916181564
108,NY,0.061922147053161694,0.6686,0.6686,64,0.03790514916181564
108,TX,0.06010593606014163,0.6704,0.6704,62,0.03790514916181564
109,CA,0.8805667756846577,0.703,0.703,879,0.038083095103502274
109,NY,0.0605732219289745,0.663,0.663,67,0.038083095103502274
109,TX,0.05886000238636776,0.6542,0.6542,54,0.038083095103502274
110,CA,0.883313344385152,0.7268,0.7268,910,0.03852895647287369
110,NY,0.05933497615309703,0.6774,0.6774,45,0.03852895647287369
110,TX,0.05735167946175107,0.678,0.678,45,0.03852895647287369
111,CA,0.8862541344199616,0.705,0.705,886,0.03698720410466194
111,NY,0.0578294222674365,0.669,0.669,57,0.03698720410466194
111,TX,0.05591644331260193,0.6638,0.6638,57,0.03698720410466194
112,CA,0.8885396442571174,0.7136,0.7136,884,0.03728694096207619
112,NY,0.05675437460145344,0.6696,0.6696,62,0.03728694096207619
112,TX,0.05470598114142912,0.6702,0.6702,54,0.03728694096207619
113,CA,0.8910727911795684,0.7182,0.7182,905,0.03810642659664154
113,NY,0.05545474314217463,0.679,0.679,51,0.03810642659664154
113,TX,0.05347246567825701,0.682,0.682,44,0.03810642659664154
114,CA,0.8932091367850012,0.7224,0.7224,877,0.038328662514686584
114,NY,0.054319486235544626,0.6838,0.6838,58,0.038328662514686584
114,TX,0.052471376979454074,0.6784,0.6784,65,0.038328662514686584
115,CA,0.8954996030553679,0.7244,0.7244,903,0.03780027851462364
115,NY,0.05323832496144419,0.686,0.686,46,0.03780027851462364
115,TX,0.05126207198318793,0.6822,0.6822,51,0.03780027851462364
116,CA,0.8976900057735328,0.7222,0.7222,903,0.03782617673277855
116,NY,0.0521801029146739,0.6796,0.6796,42,0.03782617673277855
116,TX,0.05012989131179346,0.6744,0.6744,55,0.03782617673277855
117,CA,0.9001041587101957,0.7064,0.7064,901,0.038254495710134506
117,NY,0.051026242720575744,0.662,0.662,41,0.038254495710134506
117,TX,0.04886959856922869,0.6494,0.6494,58,0.038254495710134506
118,CA,0.9027764766994356,0.7202,0.7202,906,0.04047287255525589
118,NY,0.04984610564675406,0.679,0.679,39,0.04047287255525589
118,TX,0.04737741765381037,0.6828,0.6828,55,0.04047287255525589
119,CA,0.9047886478463744,0.708,0.708,904,0.03736863657832146
119,NY,0.04876069589511542,0.659,0.659,48,0.03736863657832146
119,TX,0.04645065625851027,0.6614,0.6614,48,0.03736863657832146
120,CA,0.907207447040194,0.7078,0.7078,908,0.038444679230451584
120,NY,0.04748843728463926,0.6742,0.6742,49,0.038444679230451584
120,TX,0.04530411567516679,0.673,0.673,43,0.038444679230451584
121,CA,0.9088956974975371,0.7084,0.7084,900,0.038825131952762604
121,NY,0.046640763136444593,0.6658,0.6658,51,0.038825131952762604
121,TX,0.0444635393660183,0.6586,0.6586,49,0.038825131952762604
122,CA,0.9111363017528695,0.7196,0.7196,913,0.03838746249675751
122,NY,0.04558985862212686,0.6706,0.6706,38,0.03838746249675751
122,TX,0.0432738396250037,0.6708,0.6708,49,0.03838746249675751
123,CA,0.9134447025404216,0.7166,0.7166,909,0.037101324647665024
123,NY,0.04440298813081853,0.6788,0.6788,49,0.037101324647665024
123,TX,0.0421523093287598,0.6764,0.6764,42,0.037101324647665024
124,CA,0.9152430681483897,0.7038,0.7038,923,0.03708045184612274
124,NY,0.04351071664773612,0.6582,0.6582,42,0.03708045184612274
124,TX,0.04124621520387413,0.6494,0.6494,35,0.03708045184612274
125,CA,0.9175198414455313,0.7016,0.7016,915,0.037189729511737823
125,NY,0.042451549783927796,0.6632,0.6632,49,0.037189729511737823
125,TX,0.0400286087705409,0.657,0.657,36,0.037189729511737823
126,CA,0.9193651717367707,0.7126,0.7126,923,0.04139850661158562
126,NY,0.041576998309564454,0.676,0.676,36,0.04139850661158562
126,TX,0.039057829953664865,0.6756,0.6756,41,0.04139850661158562
127,CA,0.9209606168098888,0.7334,0.7334,938,0.039206527173519135
127,NY,0.04075906546772481,0.686,0.686,32,0.039206527173519135
127,TX,0.038280317722386305,0.6822,0.6822,30,0.039206527173519135
128,CA,0.9230330651172678,0.705,0.705,924,0.037232570350170135
128,NY,0.039733717147027565,0.666,0.666,36,0.037232570350170135
128,TX,0.0372332177357047,0.6614,0.6614,40,0.037232570350170135
129,CA,0.9247540205593275,0.7194,0.7194,934,0.03862820565700531
129,NY,0.03889723932919524,0.678,0.678,37,0.03862820565700531
129,TX,0.03634874011147723,0.6822,0.6822,29,0.03862820565700531
130,CA,0.9263501178472808,0.7102,0.7102,929,0.037184230983257294
130,NY,0.038026184064853634,0.6668,0.6668,39,0.037184230983257294
130,TX,0.03562369808786563,0.6668,0.6668,32,0.037184230983257294
131,CA,0.9280847305046754,0.7118,0.7118,923,0.03761870414018631
131,NY,0.03713058588786622,0.6692,0.6692,41,0.03761870414018631
131,TX,0.03478468360745841,0.6646,0.6646,36,0.03761870414018631
132,CA,0.9298357636809438,0.727,0.727,917,0.0383923202753067
132,NY,0.03627486249074763,0.6842,0.6842,43,0.0383923202753067
132,TX,0.033889373828308596,0.689,0.689,40,0.0383923202753067
133,CA,0.9313675641862849,0.7064,0.7064,926,0.03888741135597229
133,NY,0.035434145424178304,0.6722,0.6722,43,0.03888741135597229
133,TX,0.03319829038953685,0.6718,0.6718,31,0.03888741135597229
134,CA,0.9326577344996432,0.7262,0.7262,927,0.03812113776803017
134,NY,0.03477206853366981,0.6858,0.6858,42,0.03812113776803017
134,TX,0.03257019696668703,0.6818,0.6818,31,0.03812113776803017
135,CA,0.9342006149887471,0.713,0.713,924,0.038330093026161194
135,NY,0.03401443933609237,0.672,0.672,36,0.038330093026161194
135,TX,0.031784945675160575,0.6722,0.6722,40,0.038330093026161194
136,CA,0.9356707147044837,0.7232,0.7232,928,0.039449889212846756
136,NY,0.0332525622345113,0.6754,0.6754,43,0.039449889212846756
136,TX,0.031076723061004907,0.6746,0.6746,29,0.039449889212846756
137,CA,0.9373568916032877,0.7048,0.7048,937,0.03767344728112221
137,NY,0.03238842877122553,0.663,0.663,30,0.03767344728112221
137,TX,0.030254679625486725,0.6576,0.6576,33,0.03767344728112221
138,CA,0.9388889510762191,0.7314,0.7314,941,0.03737412393093109
138,NY,0.03164593589934936,0.6866,0.6866,22,0.03737412393093109
138,TX,0.02946511302443155,0.6844,0.6844,37,0.03737412393093109
139,CA,0.9404111843733277,0.7336,0.7336,937,0.038350481539964676
139,NY,0.030877077238177338,0.6896,0.6896,26,0.038350481539964676
139,TX,0.028711738388494893,0.6898,0.6898,37,0.038350481539964676
140,CA,0.9418324982440361,0.7246,0.7246,938,0.03719782456755638
140,NY,0.030138877477094574,0.6836,0.6836,30,0.03719782456755638
140,TX,0.028028624278869253,0.6812,0.6812,32,0.03719782456755638
141,CA,0.9431735570915939,0.716,0.716,952,0.03826360031962395
141,NY,0.02946426099007695,0.6816,0.6816,23,0.03826360031962395
141,TX,0.027362181918329165,0.679,0.679,25,0.03826360031962395
142,CA,0.9442884179553661,0.7242,0.7242,947,0.036814134567976
142,NY,0.028907731652593756,0.6852,0.6852,27,0.036814134567976
142,TX,0.02680385039204001,0.6876,0.6876,26,0.036814134567976
143,CA,0.9454445463134437,0.7246,0.7246,955,0.038178250193595886
143,NY,0.02828845458410908,0.6872,0.6872,23,0.038178250193595886
143,TX,0.026266999102447276,0.6786,0.6786,22,0.038178250193595886
144,CA,0.9466885751135959,0.7004,0.7004,954,0.037084631621837616
144,NY,0.02771140095987498,0.656,0.656,32,0.037084631621837616
144,TX,0.02560002392652906,0.6518,0.6518,14,0.037084631621837616
145,CA,0.9480682739194605,0.739,0.739,951,0.21316290274262428
145,NY,0.02702714652068413,0.6956,0.6956,29,0.21316290274262428
145,TX,0.0249045795598554,0.6974,0.6974,20,0.21316290274262428
146,CA,0.9492741133359757,0.7192,0.7192,953,0.04020168259739876
146,NY,0.026386151165687363,0.6726,0.6726,25,0.04020168259739876
146,TX,0.024339735498336946,0.671,0.671,22,0.04020168259739876
147,CA,0.9506026844811021,0.7116,0.7116,952,0.038341112434864044
147,NY,0.025706866056067805,0.6642,0.6642,28,0.038341112434864044
147,TX,0.02369044946283005,0.6586,0.6586,20,0.038341112434864044
148,CA,0.9519787594731162,0.7272,0.7272,943,0.038466308265924454
148,NY,0.02503113812288497,0.6918,0.6918,31,0.038466308265924454
148,TX,0.02299010240399881,0.695,0.695,26,0.038466308265924454
149,CA,0.9528760162547534,0.7224,0.7224,950,0.03784854710102081
149,NY,0.024541218684326634,0.6788,0.6788,20,0.03784854710102081
149,TX,0.022582765060920114,0.6756,0.6756,30,0.03784854710102081
150,CA,0.9540541105306268,0.7102,0.7102,957,0.038252562284469604
150,NY,0.023949567787626865,0.6716,0.6716,18,0.038252562284469604
150,TX,0.021996321681746245,0.6682,0.6682,25,0.038252562284469604
151,CA,0.9550863201701306,0.7144,0.7144,951,0.03832182660698891
151,NY,0.02343434170277356,0.6696,0.6696,26,0.03832182660698891
151,TX,0.021479338127095775,0.6634,0.6634,23,0.03832182660698891
152,CA,0.9562829594479497,0.7064,0.7064,952,0.037831827998161316
152,NY,0.022850558982582498,0.6636,0.6636,30,0.037831827998161316
152,TX,0.020866481569467802,0.653,0.653,18,0.037831827998161316
153,CA,0.9574569293717633,0.7156,0.7156,968,0.03772072494029999
153,NY,0.022304768877356086,0.6746,0.6746,16,0.03772072494029999
153,TX,0.02023830175088061,0.6708,0.6708,16,0.03772072494029999
154,CA,0.9584743845929705,0.7144,0.7144,953,0.03692149743437767
154,NY,0.021794857854241113,0.6748,0.6748,31,0.03692149743437767
154,TX,0.019730757552788296,0.6718,0.6718,16,0.03692149743437767
155,CA,0.9594277720905195,0.717,0.717,961,0.038436587899923325
155,NY,0.021312608630378344,0.6736,0.6736,24,0.038436587899923325
155,TX,0.01925961927910214,0.671,0.671,15,0.038436587899923325
156,CA,0.9604407432376051,0.708,0.708,967,0.037562593817710876
156,NY,0.0207958306203962,0.6708,0.6708,20,0.037562593817710876
156,TX,0.018763426141998638,0.6664,0.6664,13,0.037562593817710876
157,CA,0.96131547470845,0.7146,0.7146,956,0.038018908351659775
157,NY,0.020361427861272267,0.6766,0.6766,21,0.038018908351659775
157,TX,0.018323097430277775,0.6748,0.6748,23,0.038018908351659775
158,CA,0.9621588892608822,0.712,0.712,959,0.03656858205795288
158,NY,0.019927633883782353,0.6692,0.6692,22,0.03656858205795288
158,TX,0.01791347685533547,0.668,0.668,19,0.03656858205795288
159,CA,0.96308208428348,0.7144,0.7144,950,0.03787985444068909
159,NY,0.019448085659339337,0.6792,0.6792,23,0.03787985444068909
159,TX,0.01746983005718069,0.68,0.68,27,0.03787985444068909
160,CA,0.963804788767065,0.7072,0.7072,964,0.037855230271816254
160,NY,0.019063072609548246,0.6674,0.6674,20,0.037855230271816254
160,TX,0.01713213862338676,0.6606,0.6606,16,0.037855230271816254
161,CA,0.9646846385399375,0.7156,0.7156,961,0.037375714629888535
161,NY,0.01863565150236471,0.6766,0.6766,24,0.037375714629888535
161,TX,0.016679709957697773,0.6682,0.6682,15,0.037375714629888535
162,CA,0.9655386352100234,0.7138,0.7138,951,0.03773416578769684
162,NY,0.01822813758609477,0.6726,0.6726,26,0.03773416578769684
162,TX,0.016233227203881952,0.6704,0.6704,23,0.03773416578769684
163,CA,0.9663593591328179,0.731,0.731,966,0.03773428872227669
163,NY,0.01780505225804127,0.6824,0.6824,19,0.03773428872227669
163,TX,0.01583558860914073,0.6864,0.6864,15,0.03773428872227669
164,CA,0.9672375240783475,0.7206,0.7206,959,0.03744147717952728
164,NY,0.01732087884880039,0.6812,0.6812,22,0.03744147717952728
164,TX,0.015441597072852161,0.6762,0.6762,19,0.03744147717952728
165,CA,0.9680071868607986,0.7248,0.7248,960,0.03775334730744362
165,NY,0.016937715421561115,0.6872,0.6872,17,0.03775334730744362
165,TX,0.015055097717640385,0.6914,0.6914,23,0.03775334730744362
166,CA,0.9686472411718423,0.697,0.697,970,0.03656307980418205
166,NY,0.0165794347251182,0.6506,0.6506,17,0.03656307980418205
166,TX,0.014773324103039427,0.6464,0.6464,13,0.03656307980418205
167,CA,0.96951381396913,0.7118,0.7118,977,0.036876462399959564
167,NY,0.016140540475457616,0.6684,0.6684,9,0.036876462399959564
167,TX,0.0143456455554124,0.6648,0.6648,14,0.036876462399959564
168,CA,0.9702930553116187,0.7234,0.7234,967,0.03780923783779144
168,NY,0.015743966389264466,0.6788,0.6788,16,0.03780923783779144
168,TX,0.013962978299116848,0.6794,0.6794,17,0.03780923783779144
169,CA,0.9710348551423547,0.709,0.709,968,0.03922075405716896
169,NY,0.015348252028185252,0.6712,0.6712,19,0.03922075405716896
169,TX,0.013616892829460134,0.6656,0.6656,13,0.03922075405716896
170,CA,0.9717007385602503,0.6844,0.6844,973,0.0418233796954155
170,NY,0.01501906856497283,0.6484,0.6484,12,0.0418233796954155
170,TX,0.013280192874776922,0.6368,0.6368,15,0.0418233796954155
171,CA,0.9723777913206377,0.706,0.706,982,0.03712724149227142
171,NY,0.01470831327484533,0.6612,0.6612,10,0.03712724149227142
171,TX,0.012913895404516918,0.6524,0.6524,8,0.03712724149227142
172,CA,0.9731485051020154,0.7054,0.7054,974,0.03726563975214958
172,NY,0.014333420952030005,0.671,0.671,14,0.03726563975214958
172,TX,0.012518073945954548,0.6674,0.6674,12,0.03726563975214958
173,CA,0.9737016186020869,0.7098,0.7098,976,0.03755412995815277
173,NY,0.014052280784015912,0.6678,0.6678,13,0.03755412995815277
173,TX,0.012246100613897058,0.6618,0.6618,11,0.03755412995815277
174,CA,0.9743729367216841,0.7216,0.7216,978,0.0382162407040596
174,NY,0.013716547024357192,0.6802,0.6802,13,0.0382162407040596
174,TX,0.01191051625395864,0.6802,0.6802,9,0.0382162407040596
175,CA,0.9749737781418024,0.7134,0.7134,975,0.03769269213080406
175,NY,0.013394954592804311,0.675,0.675,10,0.03769269213080406
175,TX,0.011631267265393298,0.6758,0.6758,15,0.03769269213080406
176,CA,0.9755156248086735,0.7228,0.7228,979,0.036977630108594894
176,NY,0.013102029981234293,0.6758,0.6758,13,0.036977630108594894
176,TX,0.01138234521009226,0.6766,0.6766,8,0.036977630108594894
177,CA,0.9761625051483676,0.7074,0.7074,973,0.037865687161684036
177,NY,0.012753042418081598,0.6726,0.6726,15,0.037865687161684036
177,TX,0.011084452433550957,0.6712,0.6712,12,0.037865687161684036
178,CA,0.9766458876930368,0.6916,0.6916,974,0.03767901286482811
178,NY,0.012499298022400135,0.6466,0.6466,12,0.03767901286482811
178,TX,0.010854814284563032,0.6408,0.6408,14,0.03767901286482811
179,CA,0.9772894179713807,0.7094,0.7094,979,0.03739742562174797
179,NY,0.012174808203496198,0.6776,0.6776,15,0.03739742562174797
179,TX,0.010535773825123286,0.6854,0.6854,6,0.03739742562174797
180,CA,0.9776554625357178,0.7088,0.7088,981,0.037776559591293335
180,NY,0.011952795273199581,0.6586,0.6586,12,0.037776559591293335
180,TX,0.010391742191082602,0.6526,0.6526,7,0.037776559591293335
181,CA,0.9783333604353414,0.7142,0.7142,979,0.03786594793200493
181,NY,0.0116096984198379,0.6764,0.6764,12,0.03786594793200493
181,TX,0.010056941144820761,0.6766,0.6766,9,0.03786594793200493
182,CA,0.9787998563711254,0.7058,0.7058,982,0.036842502653598785
182,NY,0.011359105518158672,0.6644,0.6644,12,0.036842502653598785
182,TX,0.009841038110715926,0.6602,0.6602,6,0.036842502653598785
183,CA,0.9793274797042895,0.6994,0.6994,981,0.036913976073265076
183,NY,0.011089393000114994,0.6568,0.6568,12,0.036913976073265076
183,TX,0.00958312729559552,0.651,0.651,7,0.036913976073265076
184,CA,0.9798673070795755,0.7232,0.7232,988,0.03741033375263214
184,NY,0.01081736723701093,0.6798,0.6798,8,0.03741033375263214
184,TX,0.009315325683413499,0.6786,0.6786,4,0.03741033375263214
185,CA,0.980370769606349,0.7334,0.7334,986,0.037083420902490616
185,NY,0.010550342314176044,0.6936,0.6936,9,0.037083420902490616
185,TX,0.009078888079474916,0.6998,0.6998,5,0.037083420902490616
186,CA,0.9807809584476201,0.6982,0.6982,980,0.03645947948098183
186,NY,0.010312412467217258,0.6578,0.6578,11,0.03645947948098183
186,TX,0.008906629085162586,0.641,0.641,9,0.03645947948098183
187,CA,0.981316100273903,0.715,0.715,979,0.03727103769779205
187,NY,0.010072574139755368,0.6706,0.6706,9,0.03727103769779205
187,TX,0.008611325586341608,0.6642,0.6642,12,0.03727103769779205
188,CA,0.9818225705166597,0.7208,0.7208,980,0.038280144333839417
188,NY,0.00981686712573397,0.6724,0.6724,14,0.038280144333839417
188,TX,0.008360562357606419,0.676,0.676,6,0.038280144333839417
189,CA,0.9823076103374837,0.7046,0.7046,984,0.037762049585580826
189,NY,0.009545466797178232,0.6632,0.6632,10,0.037762049585580826
189,TX,0.008146922865337969,0.659,0.659,6,0.037762049585580826
190,CA,0.9827496239800602,0.728,0.728,981,0.03695693612098694
190,NY,0.009317824818555382,0.6872,0.6872,10,0.03695693612098694
190,TX,0.007932551201384388,0.6912,0.6912,9,0.03695693612098694
191,CA,0.983132001529683,0.7066,0.7066,984,0.03768543154001236
191,NY,0.009101360487832897,0.6682,0.6682,7,0.03768543154001236
191,TX,0.007766637982483954,0.6614,0.6614,9,0.03768543154001236
192,CA,0.9835357342921245,0.7072,0.7072,986,0.03973017632961273
192,NY,0.008900225341469843,0.6706,0.6706,3,0.03973017632961273
192,TX,0.00756404036640557,0.6656,0.6656,11,0.03973017632961273
193,CA,0.9839048209695426,0.7126,0.7126,982,0.03769361972808838
193,NY,0.008712685195910256,0.6726,0.6726,8,0.03769361972808838
193,TX,0.007382493834547122,0.6728,0.6728,10,0.03769361972808838
194,CA,0.984273984440557,0.7034,0.7034,980,0.03701699152588844
194,NY,0.008512381771868539,0.657,0.657,7,0.03701699152588844
194,TX,0.007213633787574378,0.6468,0.6468,13,0.03701699152588844
195,CA,0.9847383539499899,0.7052,0.7052,979,0.0365084707736969
195,NY,0.008284414222030318,0.6644,0.6644,9,0.0365084707736969
195,TX,0.006977231827979871,0.6574,0.6574,12,0.0365084707736969
196,CA,0.9851263013217014,0.7174,0.7174,987,0.03758739307522774
196,NY,0.008089380235537815,0.6734,0.6734,9,0.03758739307522774
196,TX,0.006784318442760847,0.6748,0.6748,4,0.03758739307522774
197,CA,0.9854963902176038,0.7018,0.7018,989,0.03801344335079193
197,NY,0.00788509044684427,0.6668,0.6668,7,0.03801344335079193
197,TX,0.006618519335551922,0.66,0.66,4,0.03801344335079193
198,CA,0.9858165183314478,0.72,0.72,985,0.03746577352285385
198,NY,0.007725430766935805,0.685,0.685,9,0.03746577352285385
198,TX,0.006458050901616342,0.6834,0.6834,6,0.03746577352285385
199,CA,0.9861070499718925,0.706,0.706,983,0.03703102096915245
199,NY,0.007570457678836253,0.6664,0.6664,11,0.03703102096915245
199,TX,0.006322492349271256,0.6584,0.6584,6,0.03703102096915245
200,CA,0.9864544142007323,0.7034,0.7034,989,0.03697788342833519
200,NY,0.00739733561373424,0.6528,0.6528,6,0.03697788342833519
200,TX,0.006148250185533416,0.6414,0.6414,5,0.03697788342833519
201,CA,0.9868921233331008,0.7248,0.7248,986,0.03646095097064972
201,NY,0.007180780414606289,0.6842,0.6842,8,0.03646095097064972
201,TX,0.0059270962522928,0.6826,0.6826,6,0.03646095097064972
202,CA,0.9872021482763085,0.7082,0.7082,989,0.036580126732587814
202,NY,0.007013954994905568,0.6568,0.6568,8,0.036580126732587814
202,TX,0.0057838967287859745,0.6554,0.6554,3,0.036580126732587814
203,CA,0.9875871390400319,0.7126,0.7126,989,0.037057217210531235
203,NY,0.0068055570213385215,0.6744,0.6744,5,0.037057217210531235
203,TX,0.005607303938629499,0.6676,0.6676,6,0.037057217210531235
204,CA,0.9878826506748659,0.7206,0.7206,987,0.03688640519976616
204,NY,0.006655748232341415,0.6832,0.6832,8,0.03688640519976616
204,TX,0.005461601092792651,0.68,0.68,5,0.03688640519976616
205,CA,0.9881529575377677,0.7038,0.7038,992,0.03777547553181648
205,NY,0.006512856448153909,0.6596,0.6596,7,0.03777547553181648
205,TX,0.005334186014078529,0.6496,0.6496,1,0.03777547553181648
206,CA,0.9884877026713335,0.7124,0.7124,990,0.03836231678724289
206,NY,0.006346048897678415,0.6772,0.6772,4,0.03836231678724289
206,TX,0.005166248430988101,0.6666,0.6666,6,0.03836231678724289
207,CA,0.9887533074808961,0.7144,0.7144,990,0.039033226668834686
207,NY,0.006217269986516756,0.6752,0.6752,4,0.039033226668834686
207,TX,0.005029422532587162,0.665,0.665,6,0.039033226668834686
208,CA,0.9890372405830157,0.7196,0.7196,990,0.03786836564540863
208,NY,0.006076855768951969,0.674,0.674,6,0.03786836564540863
208,TX,0.004885903648032484,0.6772,0.6772,4,0.03786836564540863
209,CA,0.9893158477917087,0.7098,0.7098,986,0.03820483386516571
209,NY,0.005917377382792636,0.6672,0.6672,8,0.03820483386516571
209,TX,0.004766774825498794,0.6554,0.6554,6,0.03820483386516571
210,CA,0.9896118358572049,0.7266,0.7266,990,0.03694036230444908
210,NY,0.005771671051448987,0.687,0.687,5,0.03694036230444908
210,TX,0.004616493091346109,0.6836,0.6836,5,0.03694036230444908
211,CA,0.9898566728156406,0.712,0.712,987,0.03684871643781662
211,NY,0.00564069154357348,0.667,0.667,6,0.03684871643781662
211,TX,0.004502635640785966,0.6672,0.6672,7,0.03684871643781662
212,CA,0.9901201356847533,0.715,0.715,987,0.03690473362803459
212,NY,0.0054938875813133736,0.6688,0.6688,8,0.03690473362803459
212,TX,0.004385976733933363,0.667,0.667,5,0.03690473362803459
213,CA,0.9903882880719352,0.7042,0.7042,990,0.03780946135520935
213,NY,0.005347336794209663,0.665,0.665,6,0.03780946135520935
213,TX,0.0042643751338550554,0.6638,0.6638,4,0.03780946135520935
214,CA,0.9906102751955345,0.7138,0.7138,993,0.039928920567035675
214,NY,0.005225508370480647,0.6724,0.6724,5,0.039928920567035675
214,TX,0.004164216433984875,0.6698,0.6698,2,0.039928920567035675
215,CA,0.9908412835386948,0.7248,0.7248,987,0.03776402026414871
215,NY,0.005100465718800502,0.6794,0.6794,7,0.03776402026414871
215,TX,0.004058250742504718,0.679,0.679,6,0.03776402026414871
216,CA,0.991081140934899,0.709,0.709,991,0.037304170429706573
216,NY,0.004967414002174384,0.6628,0.6628,6,0.037304170429706573
216,TX,0.003951445062926607,0.6592,0.6592,3,0.037304170429706573
217,CA,0.9913284083400304,0.7132,0.7132,989,0.03867930546402931
217,NY,0.004834333976442089,0.6736,0.6736,7,0.03867930546402931
217,TX,0.0038372576835274167,0.6686,0.6686,4,0.03867930546402931
218,CA,0.9915382573059028,0.7152,0.7152,994,0.03785611316561699
218,NY,0.004723589790092215,0.6792,0.6792,4,0.03785611316561699
218,TX,0.003738152904004925,0.6778,0.6778,2,0.03785611316561699
219,CA,0.9917174141044492,0.7098,0.7098,996,0.037882816046476364
219,NY,0.004625282852066768,0.6638,0.6638,2,0.037882816046476364
219,TX,0.0036573030434839974,0.6508,0.6508,2,0.037882816046476364
220,CA,0.9919660402515962,0.7312,0.7312,990,0.03684363514184952
220,NY,0.004501973858148299,0.6884,0.6884,5,0.03684363514184952
220,TX,0.0035319858902555295,0.6864,0.6864,5,0.03684363514184952
221,CA,0.9921671543729029,0.726,0.726,994,0.03770316392183304
221,NY,0.004391562926384526,0.682,0.682,2,0.03770316392183304
221,TX,0.0034412827007125626,0.6804,0.6804,4,0.03770316392183304
222,CA,0.9923684748084489,0.6842,0.6842,994,0.03771863132715225
222,NY,0.0042804795234513,0.6386,0.6386,4,0.03771863132715225
222,TX,0.003351045668099712,0.624,0.624,2,0.03771863132715225
223,CA,0.9926024057795708,0.7076,0.7076,993,0.037896767258644104
223,NY,0.004165566533383112,0.6578,0.6578,4,0.037896767258644104
223,TX,0.0032320276870462018,0.6516,0.6516,3,0.037896767258644104
224,CA,0.9928282508126277,0.7332,0.7332,995,0.037701141089200974
224,NY,0.004045003182875729,0.6858,0.6858,4,0.037701141089200974
224,TX,0.0031267460044965595,0.6842,0.6842,1,0.037701141089200974
225,CA,0.9930258841081003,0.7066,0.7066,994,0.03704412654042244
225,NY,0.003935162575150417,0.6696,0.6696,5,0.03704412654042244
225,TX,0.0030389533167492363,0.6612,0.6612,1,0.03704412654042244
226,CA,0.9931909131990119,0.7324,0.7324,993,0.03767548128962517
226,NY,0.0038504859462262556,0.6936,0.6936,1,0.03767548128962517
226,TX,0.0029586008547619076,0.6932,0.6932,6,0.03767548128962517
227,CA,0.993343077491726,0.7112,0.7112,993,0.0368678979575634
227,NY,0.0037648245743742686,0.6738,0.6738,3,0.0368678979575634
227,TX,0.002892097933899759,0.665,0.665,4,0.0368678979575634
228,CA,0.9935024021159379,0.6918,0.6918,994,0.03718251734972
228,NY,0.003683131191623079,0.6544,0.6544,3,0.03718251734972
228,TX,0.0028144666924391007,0.6494,0.6494,3,0.03718251734972
229,CA,0.9936533956692267,0.7192,0.7192,995,0.2125585563480854
229,NY,0.003602256957456583,0.6806,0.6806,3,0.2125585563480854
229,TX,0.0027443473733166344,0.6806,0.6806,2,0.2125585563480854
230,CA,0.9937950073692792,0.7238,0.7238,994,0.03691631555557251
230,NY,0.0035218798447228415,0.6776,0.6776,2,0.03691631555557251
230,TX,0.002683112785997976,0.6682,0.6682,4,0.03691631555557251
231,CA,0.9939748499984281,0.7106,0.7106,994,0.037998467683792114
231,NY,0.003428109309142884,0.6682,0.6682,3,0.037998467683792114
231,TX,0.0025970406924289337,0.6652,0.6652,3,0.037998467683792114
232,CA,0.994127844031603,0.7032,0.7032,998,0.037482645362615585
232,NY,0.0033436526312902123,0.6594,0.6594,1,0.037482645362615585
232,TX,0.0025285033371067345,0.6534,0.6534,1,0.037482645362615585
233,CA,0.9942868478784226,0.7226,0.7226,996,0.03762127086520195
233,NY,0.003258187302470415,0.6812,0.6812,3,0.03762127086520195
233,TX,0.002454964819107143,0.6794,0.6794,1,0.03762127086520195
234,CA,0.9944259401815636,0.7214,0.7214,996,0.037437956780195236
234,NY,0.0031803266990311054,0.682,0.682,1,0.037437956780195236
234,TX,0.002393733119405329,0.6844,0.6844,3,0.037437956780195236
235,CA,0.9945495066298066,0.7086,0.7086,996,0.03738658130168915
235,NY,0.0031079204182791515,0.6642,0.6642,3,0.03738658130168915
235,TX,0.0023425729519141953,0.6562,0.6562,1,0.03738658130168915
236,CA,0.9947013039457689,0.7032,0.7032,994,0.03905403986573219
236,NY,0.003027619448163167,0.6586,0.6586,2,0.03905403986573219
236,TX,0.0022710766060680316,0.6508,0.6508,4,0.03905403986573219
237,CA,0.9948496880907111,0.7082,0.7082,995,0.03845825046300888
237,NY,0.002948778013860511,0.6604,0.6604,3,0.03845825046300888
237,TX,0.002201533895428333,0.6498,0.6498,2,0.03845825046300888
238,CA,0.995006681044344,0.6928,0.6928,996,0.037485796958208084
238,NY,0.002866715639130645,0.6544,0.6544,3,0.037485796958208084
238,TX,0.002126603316525341,0.6398,0.6398,1,0.037485796958208084
239,CA,0.9951376525500766,0.7196,0.7196,998,0.0322209857404232
239,NY,0.0028020549553418863,0.6734,0.6734,2,0.0322209857404232
239,TX,0.00206029249458157,0.6706,0.6706,0,0.0322209857404232
240,CA,0.9952710089514434,0.7194,0.7194,992,0.03795113041996956
240,NY,0.002727138357891683,0.6722,0.6722,5,0.03795113041996956
240,TX,0.0020018526906649334,0.6744,0.6744,3,0.03795113041996956
241,CA,0.9953976794725808,0.7218,0.7218,995,0.03689918667078018
241,NY,0.002652612053619988,0.677,0.677,3,0.03689918667078018
241,TX,0.001949708473799141,0.6802,0.6802,2,0.03689918667078018
242,CA,0.9955132839542596,0.726,0.726,996,0.037302516400814056
242,NY,0.002583893048053477,0.6796,0.6796,2,0.037302516400814056
242,TX,0.0019028229976867576,0.6746,0.6746,2,0.037302516400814056
243,CA,0.9956388623608097,0.7356,0.7356,996,0.03783980756998062
243,NY,0.002514747519328516,0.6948,0.6948,1,0.03783980756998062
243,TX,0.0018463901198618737,0.697,0.697,3,0.03783980756998062
244,CA,0.9957386154262818,0.7244,0.7244,1000,0.025093629956245422
244,NY,0.002455877566824173,0.6804,0.6804,0,0.025093629956245422
244,TX,0.0018055070068939952,0.6744,0.6744,0,0.025093629956245422
245,CA,0.9958531546880651,0.709,0.709,996,0.037033699452877045
245,NY,0.0023934883862961444,0.6662,0.6662,3,0.037033699452877045
245,TX,0.0017533569256387264,0.6584,0.6584,1,0.037033699452877045
246,CA,0.9959645588681408,0.7192,0.7192,998,0.031921397894620895
246,NY,0.0023338071869769346,0.673,0.673,0,0.031921397894620895
246,TX,0.0017016339448822694,0.6688,0.6688,2,0.031921397894620895
247,CA,0.9960767184524663,0.7068,0.7068,994,0.03764976188540459
247,NY,0.0022713466267621145,0.6662,0.6662,4,0.03764976188540459
247,TX,0.0016519349207715353,0.6494,0.6494,2,0.03764976188540459
248,CA,0.9961858843500156,0.6942,0.6942,999,0.031434666365385056
248,NY,0.002217560649776035,0.6486,0.6486,1,0.031434666365385056
248,TX,0.0015965550002083443,0.6318,0.6318,0,0.031434666365385056
249,CA,0.9963039364267555,0.6994,0.6994,997,0.031343791633844376
249,NY,0.002158129927242612,0.6528,0.6528,3,0.031343791633844376
249,TX,0.0015379336460019275,0.6436,0.6436,0,0.031343791633844376
250,CA,0.9964132203082098,0.7102,0.7102,997,0.03701901435852051
250,NY,0.002099181123207664,0.6684,0.6684,1,0.03701901435852051
250,TX,0.0014875985685825653,0.6678,0.6678,2,0.03701901435852051
251,CA,0.9965011002324111,0.72,0.72,998,0.031103763729333878
251,NY,0.0020480544225387675,0.6772,0.6772,2,0.031103763729333878
251,TX,0.001450845345050155,0.6752,0.6752,0,0.031103763729333878
252,CA,0.9965895502207212,0.6878,0.6878,995,0.03743109479546547
252,NY,0.0019972684707575583,0.6414,0.6414,3,0.03743109479546547
252,TX,0.0014131813085211913,0.6288,0.6288,2,0.03743109479546547
253,CA,0.9966935132756465,0.7114,0.7114,998,0.037166379392147064
253,NY,0.0019425633712742342,0.6696,0.6696,1,0.037166379392147064
253,TX,0.001363923353079242,0.6712,0.6712,1,0.037166379392147064
254,CA,0.9967727407311151,0.7202,0.7202,997,0.03127516061067581
254,NY,0.0018952679769991734,0.6842,0.6842,3,0.03127516061067581
254,TX,0.0013319912918857474,0.6836,0.6836,0,0.03127516061067581
255,CA,0.9968405299021262,0.7136,0.7136,995,0.037431541830301285
255,NY,0.0018557303866895201,0.6678,0.6678,3,0.037431541830301285
255,TX,0.001303739711184296,0.665,0.665,2,0.037431541830301285
256,CA,0.99692683842526,0.719,0.719,998,0.031492654234170914
256,NY,0.0018062879956433056,0.6768,0.6768,2,0.031492654234170914
256,TX,0.001266873579096815,0.678,0.678,0,0.031492654234170914
257,CA,0.9970011739803002,0.725,0.725,998,0.03768810257315636
257,NY,0.0017620765278981265,0.6808,0.6808,1,0.03768810257315636
257,TX,0.001236749491801638,0.6762,0.6762,1,0.03768810257315636
258,CA,0.9970810775479465,0.706,0.706,998,0.030724920332431793
258,NY,0.0017170641102338638,0.6654,0.6654,2,0.030724920332431793
258,TX,0.0012018583418197545,0.6496,0.6496,0,0.030724920332431793
259,CA,0.9971614452612243,0.701,0.701,993,0.038028646260499954
259,NY,0.001676335909361192,0.6612,0.6612,5,0.038028646260499954
259,TX,0.0011622188294144822,0.6444,0.6444,2,0.038028646260499954
260,CA,0.9972391254139176,0.7228,0.7228,998,0.03920934721827507
260,NY,0.0016372405329807204,0.6794,0.6794,1,0.03920934721827507
260,TX,0.0011236340531016167,0.6832,0.6832,1,0.03920934721827507
261,CA,0.9973060170160274,0.7244,0.7244,999,0.03153403475880623
261,NY,0.0015961029627426355,0.6882,0.6882,0,0.03153403475880623
261,TX,0.0010978800212299393,0.6888,0.6888,1,0.03153403475880623
262,CA,0.9973620411021974,0.7056,0.7056,999,0.031208321452140808
262,NY,0.001562684057457997,0.6592,0.6592,1,0.031208321452140808
262,TX,0.0010752748403446502,0.6544,0.6544,0,0.031208321452140808
263,CA,0.9974366398493686,0.6974,0.6974,996,0.0374768041074276
263,NY,0.0015202857174903598,0.6538,0.6538,2,0.0374768041074276
263,TX,0.0010430744331411156,0.6428,0.6428,2,0.0374768041074276
264,CA,0.9975090619934097,0.6688,0.6688,997,0.036279674619436264
264,NY,0.0014813426857598574,0.6256,0.6256,1,0.036279674619436264
264,TX,0.0010095953208304454,0.6134,0.6134,2,0.036279674619436264
265,CA,0.9975807515038413,0.705,0.705,999,0.031241420656442642
265,NY,0.0014430990738683966,0.6768,0.6768,1,0.031241420656442642
265,TX,0.0009761494222903642,0.6778,0.6778,0,0.031241420656442642
266,CA,0.9976200984937218,0.7108,0.7108,994,0.03727542236447334
266,NY,0.001419286785545947,0.672,0.672,5,0.03727542236447334
266,TX,0.0009606147207322759,0.6582,0.6582,1,0.03727542236447334
267,CA,0.9976816789558605,0.7122,0.7122,995,0.038082096725702286
267,NY,0.0013871837663125774,0.6718,0.6718,1,0.038082096725702286
267,TX,0.0009311372778269113,0.6686,0.6686,4,0.038082096725702286
268,CA,0.9977379931770753,0.704,0.704,996,0.03760410472750664
268,NY,0.0013545290982101056,0.666,0.666,2,0.03760410472750664
268,TX,0.0009074777247146368,0.6628,0.6628,2,0.03760410472750664
269,CA,0.9977900259289995,0.7126,0.7126,998,0.036572426557540894
269,NY,0.0013243915277571388,0.6614,0.6614,1,0.036572426557540894
269,TX,0.0008855825432434103,0.6544,0.6544,1,0.036572426557540894
270,CA,0.9978595659791991,0.6998,0.6998,999,0.03053891286253929
270,NY,0.0012848869760337402,0.6544,0.6544,1,0.03053891286253929
270,TX,0.0008555470447670253,0.6476,0.6476,0,0.03053891286253929
271,CA,0.9979200314465276,0.7006,0.7006,998,0.031529322266578674
271,NY,0.0012506446766256231,0.664,0.664,2,0.031529322266578674
271,TX,0.0008293238768468082,0.656,0.656,0,0.031529322266578674
272,CA,0.9979685986100978,0.7212,0.7212,999,0.03096597269177437
272,NY,0.0012237880891271527,0.6742,0.6742,0,0.03096597269177437
272,TX,0.0008076133007750839,0.6714,0.6714,1,0.03096597269177437
273,CA,0.9980252708028118,0.7238,0.7238,996,0.03782438486814499
273,NY,0.0011904382807926238,0.6742,0.6742,1,0.03782438486814499
273,TX,0.000784290916395513,0.666,0.666,3,0.03782438486814499
274,CA,0.9980857058555861,0.703,0.703,996,0.030873127281665802
274,NY,0.001156255051054611,0.6654,0.6654,4,0.030873127281665802
274,TX,0.0007580390933592659,0.664,0.664,0,0.030873127281665802
275,CA,0.998128513855362,0.7042,0.7042,999,0.03257058933377266
275,NY,0.0011307749573550745,0.6606,0.6606,0,0.03257058933377266
275,TX,0.0007407111872829117,0.6526,0.6526,1,0.03257058933377266
276,CA,0.998179777307416,0.706,0.706,998,0.03069543093442917
276,NY,0.0011019019688902863,0.6588,0.6588,2,0.03069543093442917
276,TX,0.000718320723693695,0.652,0.652,0,0.03069543093442917
277,CA,0.998232906640088,0.715,0.715,999,0.03230491280555725
277,NY,0.001071472611216542,0.671,0.671,0,0.03230491280555725
277,TX,0.0006956207486953985,0.6566,0.6566,1,0.03230491280555725
278,CA,0.9982839961063221,0.701,0.701,1000,0.02475835010409355
278,NY,0.0010440363658421607,0.6606,0.6606,0,0.02475835010409355
278,TX,0.0006719675278356111,0.6638,0.6638,0,0.02475835010409355
279,CA,0.9983234221116022,0.7208,0.7208,998,0.030949484556913376
279,NY,0.0010192799885574693,0.6802,0.6802,2,0.030949484556913376
279,TX,0.000657297899840274,0.6752,0.6752,0,0.030949484556913376
280,CA,0.9983648208056135,0.717,0.717,999,0.0303865447640419
280,NY,0.0009952726958429984,0.6652,0.6652,1,0.0303865447640419
280,TX,0.0006399064985435324,0.6676,0.6676,0,0.0303865447640419
281,CA,0.9984131810481782,0.7256,0.7256,998,0.03170016035437584
281,NY,0.0009652931701681063,0.681,0.681,2,0.03170016035437584
281,TX,0.0006215257816536176,0.6766,0.6766,0,0.03170016035437584
282,CA,0.9984557131083562,0.7102,0.7102,1000,0.02386109158396721
282,NY,0.0009403841815721655,0.6706,0.6706,0,0.02386109158396721
282,TX,0.000603902710071598,0.6664,0.6664,0,0.02386109158396721
283,CA,0.9984928983292407,0.708,0.708,1000,0.02531876042485237
283,NY,0.0009186436219662288,0.669,0.669,0,0.02531876042485237
283,TX,0.0005884580487931562,0.6704,0.6704,0,0.02531876042485237
284,CA,0.9985267787426583,0.739,0.739,997,0.03290726989507675
284,NY,0.000897698026619783,0.6974,0.6974,3,0.03290726989507675
284,TX,0.0005755232307220025,0.6964,0.6964,0,0.03290726989507675
285,CA,0.9985623006456242,0.7176,0.7176,999,0.03289886936545372
285,NY,0.000876254650279239,0.6748,0.6748,1,0.03289886936545372
285,TX,0.0005614447040965081,0.6724,0.6724,0,0.03289886936545372
286,CA,0.9985988591543108,0.709,0.709,1000,0.024964507669210434
286,NY,0.0008544509880181382,0.6696,0.6696,0,0.024964507669210434
286,TX,0.0005466898576710253,0.6678,0.6678,0,0.024964507669210434
287,CA,0.9986316924528735,0.7064,0.7064,1000,0.024571891874074936
287,NY,0.0008347795640822412,0.6674,0.6674,0,0.024571891874074936
287,TX,0.0005335279830443579,0.6584,0.6584,0,0.024571891874074936
288,CA,0.9986657337899547,0.7172,0.7172,999,0.031034015119075775
288,NY,0.0008157283711908836,0.6708,0.6708,1,0.031034015119075775
288,TX,0.0005185378388543633,0.6632,0.6632,0,0.031034015119075775
289,CA,0.9987040318910106,0.731,0.731,995,0.037831999361515045
289,NY,0.0007937172312671259,0.6908,0.6908,3,0.037831999361515045
289,TX,0.0005022508777222372,0.6938,0.6938,2,0.037831999361515045
290,CA,0.998733221421654,0.7262,0.7262,1000,0.024537552148103714
290,NY,0.0007753069429856756,0.6832,0.6832,0,0.024537552148103714
290,TX,0.0004914716353603085,0.682,0.682,0,0.024537552148103714
291,CA,0.9987650794036758,0.7094,0.7094,1000,0.0255640409886837
291,NY,0.0007560180012314632,0.6672,0.6672,0,0.0255640409886837
291,TX,0.0004789025950927341,0.6544,0.6544,0,0.0255640409886837
292,CA,0.9987991110278026,0.7108,0.7108,1000,0.026962164789438248
292,NY,0.0007373792905576809,0.6694,0.6694,0,0.026962164789438248
292,TX,0.00046350968163976663,0.672,0.672,0,0.026962164789438248
293,CA,0.9988274339148309,0.7134,0.7134,1000,0.025451816618442535
293,NY,0.0007195557017253312,0.6748,0.6748,0,0.025451816618442535
293,TX,0.0004530103834438085,0.6698,0.6698,0,0.025451816618442535
294,CA,0.9988551400500434,0.6882,0.6882,999,0.03053472936153412
294,NY,0.0007033648403404318,0.6456,0.6456,1,0.03053472936153412
294,TX,0.00044149510961622433,0.6356,0.6356,0,0.03053472936153412
295,CA,0.9988866095253396,0.6808,0.6808,999,0.031173020601272583
295,NY,0.000685637748834981,0.6338,0.6338,1,0.031173020601272583
295,TX,0.000427752725825341,0.6172,0.6172,0,0.031173020601272583
296,CA,0.9989219295977947,0.7178,0.7178,998,0.03659222647547722
296,NY,0.0006664889121337082,0.679,0.679,1,0.03659222647547722
296,TX,0.0004115814900715554,0.676,0.676,1,0.03659222647547722
297,CA,0.9989469724017451,0.699,0.699,1000,0.02457617223262787
297,NY,0.0006514512384956923,0.6612,0.6612,0,0.02457617223262787
297,TX,0.000401576359759296,0.6668,0.6668,0,0.02457617223262787
298,CA,0.9989690541544193,0.7238,0.7238,999,0.031358953565359116
298,NY,0.0006369715828422348,0.6724,0.6724,1,0.031358953565359116
298,TX,0.00039397426273852967,0.6668,0.6668,0,0.031358953565359116
299,CA,0.9990010426293071,0.7244,0.7244,998,0.031723182648420334
299,NY,0.0006179982519526449,0.6832,0.6832,2,0.031723182648420334
299,TX,0.0003809591187402383,0.6786,0.6786,0,0.031723182648420334
300,CA,0.9990259020920813,0.7152,0.7152,998,0.03728489577770233
300,NY,0.0006032478211101246,0.6764,0.6764,1,0.03728489577770233
300,TX,0.000370850086808574,0.6806,0.6806,1,0.03728489577770233
301,CA,0.9990470091901028,0.7282,0.7282,999,0.0319356732070446
301,NY,0.0005896140469950218,0.6838,0.6838,1,0.0319356732070446
301,TX,0.0003633767629022506,0.686,0.686,0,0.0319356732070446
302,CA,0.9990710080313827,0.7182,0.7182,1000,0.025956865400075912
302,NY,0.0005744797945368077,0.6794,0.6794,0,0.025956865400075912
302,TX,0.00035451217408042686,0.6754,0.6754,0,0.025956865400075912
303,CA,0.9990927918460706,0.7294,0.7294,998,0.037521470338106155
303,NY,0.0005615192661541446,0.6846,0.6846,1,0.037521470338106155
303,TX,0.00034568888777522917,0.688,0.688,1,0.037521470338106155
304,CA,0.9991155932093637,0.6918,0.6918,1000,0.023824315518140793
304,NY,0.0005469856273643821,0.6542,0.6542,0,0.023824315518140793
304,TX,0.0003374211632718749,0.655,0.655,0,0.023824315518140793
305,CA,0.9991350725980863,0.7004,0.7004,1000,0.0243610218167305
305,NY,0.0005348393816048617,0.6644,0.6644,0,0.0243610218167305
305,TX,0.00033008802030882176,0.6556,0.6556,0,0.0243610218167305
306,CA,0.9991550757726341,0.7088,0.7088,999,0.0315801165997982
306,NY,0.0005235265165355919,0.6642,0.6642,0,0.0315801165997982
306,TX,0.00032139771083034447,0.6592,0.6592,1,0.0315801165997982
307,CA,0.9991780499733465,0.729,0.729,999,0.0314200185239315
307,NY,0.0005098741000014529,0.6928,0.6928,1,0.0314200185239315
307,TX,0.0003120759266520069,0.6916,0.6916,0,0.0314200185239315
308,CA,0.9991954616807356,0.726,0.726,1000,0.024132706224918365
308,NY,0.0004992075865522314,0.684,0.684,0,0.024132706224918365
308,TX,0.00030533073271211183,0.6842,0.6842,0,0.024132706224918365
309,CA,0.9992149883697152,0.722,0.722,998,0.03734968230128288
309,NY,0.00048706952745460947,0.6746,0.6746,1,0.03734968230128288
309,TX,0.0002979421028301193,0.6788,0.6788,1,0.03734968230128288
310,CA,0.9992358540591085,0.715,0.715,1000,0.02524515986442566
310,NY,0.00047367227820869416,0.6706,0.6706,0,0.02524515986442566
310,TX,0.00029047366268272225,0.6602,0.6602,0,0.02524515986442566
311,CA,0.9992573826695432,0.723,0.723,999,0.034772057086229324
311,NY,0.0004614192168844295,0.684,0.684,1,0.034772057086229324
311,TX,0.0002811981135723638,0.6844,0.6844,0,0.034772057086229324
312,CA,0.9992741143324183,0.719,0.719,999,0.03150131553411484
312,NY,0.00045098257219888566,0.67,0.67,1,0.03150131553411484
312,TX,0.0002749030953828828,0.6636,0.6636,0,0.03150131553411484
313,CA,0.999295813862272,0.7174,0.7174,1000,0.024655599147081375
313,NY,0.0004381368529651604,0.682,0.682,0,0.024655599147081375
313,TX,0.00026604928476292925,0.6816,0.6816,0,0.024655599147081375
314,CA,0.9993103808499532,0.7024,0.7024,1000,0.024619724601507187
314,NY,0.00042911198866789845,0.6636,0.6636,0,0.024619724601507187
314,TX,0.0002605071613789833,0.6588,0.6588,0,0.024619724601507187
315,CA,0.9993268216413345,0.7172,0.7172,998,0.0314888171851635
315,NY,0.0004193388445997465,0.6784,0.6784,2,0.0314888171851635
315,TX,0.00025383951406579016,0.6706,0.6706,0,0.0314888171851635
316,CA,0.9993431743155744,0.7132,0.7132,999,0.030907735228538513
316,NY,0.00040987062301473995,0.6666,0.6666,1,0.030907735228538513
316,TX,0.00024695506141095584,0.6638,0.6638,0,0.030907735228538513
317,CA,0.9993614322913994,0.6952,0.6952,1000,0.024019822478294373
317,NY,0.00039872919703550647,0.6544,0.6544,0,0.024019822478294373
317,TX,0.00023983851156507627,0.642,0.642,0,0.024019822478294373
318,CA,0.9993785450336912,0.7184,0.7184,1000,0.025304902344942093
318,NY,0.00038913926341368576,0.6778,0.6778,0,0.025304902344942093
318,TX,0.00023231570289515842,0.6816,0.6816,0,0.025304902344942093
319,CA,0.9993927055815213,0.7218,0.7218,1000,0.025209423154592514
319,NY,0.0003799505978212113,0.6748,0.6748,0,0.025209423154592514
319,TX,0.00022734382065739783,0.672,0.672,0,0.025209423154592514
320,CA,0.999409642609104,0.7114,0.7114,999,0.031644195318222046
320,NY,0.0003695853441222502,0.6774,0.6774,1,0.031644195318222046
320,TX,0.00022077204677379007,0.6828,0.6828,0,0.031644195318222046
321,CA,0.9994206681113021,0.7188,0.7188,999,0.032004255801439285
321,NY,0.00036224687124293396,0.675,0.675,0,0.032004255801439285
321,TX,0.00021708501745483667,0.6718,0.6718,1,0.032004255801439285
322,CA,0.9994358267691555,0.7116,0.7116,999,0.03232207149267197
322,NY,0.00035302112659062825,0.6738,0.6738,1,0.03232207149267197
322,TX,0.00021115210425384963,0.6756,0.6756,0,0.03232207149267197
323,CA,0.999448057496855,0.7036,0.7036,1000,0.025325510650873184
323,NY,0.0003452290212327906,0.6654,0.6654,0,0.025325510650873184
323,TX,0.00020671348191225982,0.6644,0.6644,0,0.025325510650873184
324,CA,0.9994605483583728,0.7224,0.7224,999,0.0323433056473732
324,NY,0.00033749213282349846,0.6736,0.6736,1,0.0323433056473732
324,TX,0.00020195950880366588,0.6778,0.6778,0,0.0323433056473732
325,CA,0.9994753321735185,0.7068,0.7068,1000,0.025728963315486908
325,NY,0.0003279349676590308,0.6646,0.6646,0,0.025728963315486908
325,TX,0.00019673285882247822,0.6618,0.6618,0,0.025728963315486908
326,CA,0.9994886203327285,0.7188,0.7188,999,0.032172057777643204
326,NY,0.0003198311487700076,0.678,0.678,0,0.032172057777643204
326,TX,0.00019154851850154274,0.6792,0.6792,1,0.032172057777643204
327,CA,0.9995006194761825,0.7054,0.7054,1000,0.02570345252752304
327,NY,0.00031224290818663745,0.656,0.656,0,0.02570345252752304
327,TX,0.00018713761563080803,0.652,0.652,0,0.02570345252752304
328,CA,0.9995155166462109,0.7256,0.7256,1000,0.025220584124326706
328,NY,0.00030320274583605115,0.6772,0.6772,0,0.025220584124326706
328,TX,0.00018128060795310352,0.6824,0.6824,0,0.025220584124326706
329,CA,0.9995285531115681,0.7186,0.7186,998,0.030692651867866516
329,NY,0.0002947022936861496,0.6758,0.6758,2,0.030692651867866516
329,TX,0.00017674459474582103,0.6732,0.6732,0,0.030692651867866516
330,CA,0.9995405558934897,0.713,0.713,1000,0.02564011514186859
330,NY,0.0002873664810161196,0.663,0.663,0,0.02564011514186859
330,TX,0.00017207762549417994,0.6608,0.6608,0,0.02564011514186859
331,CA,0.9995541813259996,0.7214,0.7214,1000,0.02505488321185112
331,NY,0.00027898247074548604,0.6786,0.6786,0,0.02505488321185112
331,TX,0.00016683620325485225,0.6848,0.6848,0,0.02505488321185112
332,CA,0.9995646604699319,0.7226,0.7226,1000,0.024409856647253036
332,NY,0.0002720488468484938,0.6748,0.6748,0,0.024409856647253036
332,TX,0.00016329068321968462,0.676,0.676,0,0.024409856647253036
333,CA,0.9995766217804527,0.7082,0.7082,999,0.03106256201863289
333,NY,0.0002645029960387585,0.669,0.669,0,0.03106256201863289
333,TX,0.00015887522350851774,0.6654,0.6654,1,0.03106256201863289
334,CA,0.9995866681923333,0.7206,0.7206,1000,0.02518003061413765
334,NY,0.0002584357436547055,0.6834,0.6834,0,0.02518003061413765
334,TX,0.00015489606401188964,0.6854,0.6854,0,0.02518003061413765
335,CA,0.9995954209853524,0.7208,0.7208,1000,0.02492620423436165
335,NY,0.00025285048259439266,0.6722,0.6722,0,0.02492620423436165
335,TX,0.0001517285320531393,0.6694,0.6694,0,0.02492620423436165
336,CA,0.9996070896786712,0.7008,0.7008,999,0.0310516320168972
336,NY,0.0002457121761437684,0.6608,0.6608,1,0.0310516320168972
336,TX,0.00014719814518513984,0.6584,0.6584,0,0.0310516320168972
337,CA,0.9996165343671872,0.7062,0.7062,1000,0.024018462747335434
337,NY,0.00023993569957167155,0.6648,0.6648,0,0.024018462747335434
337,TX,0.00014352993324102736,0.6596,0.6596,0,0.024018462747335434
338,CA,0.9996262727453489,0.7398,0.7398,1000,0.02477600798010826
338,NY,0.0002341160731949099,0.69,0.69,0,0.02477600798010826
338,TX,0.00013961118145617825,0.6888,0.6888,0,0.02477600798010826
339,CA,0.9996370626838734,0.704,0.704,1000,0.024068262428045273
339,NY,0.0002274171941609142,0.669,0.669,0,0.024068262428045273
339,TX,0.00013552012196573575,0.6646,0.6646,0,0.024068262428045273
340,CA,0.9996448645451532,0.7484,0.7484,999,0.03167090192437172
340,NY,0.00022274780481144023,0.701,0.701,1,0.03167090192437172
340,TX,0.000132387650035238,0.7032,0.7032,0,0.03167090192437172
341,CA,0.9996543225922111,0.7176,0.7176,1000,0.027257688343524933
341,NY,0.00021671105059185974,0.6782,0.6782,0,0.027257688343524933
341,TX,0.00012896635719693983,0.6746,0.6746,0,0.027257688343524933
342,CA,0.9996625196204423,0.7238,0.7238,1000,0.026212669909000397
342,NY,0.00021174165537151665,0.6788,0.6788,0,0.026212669909000397
342,TX,0.00012573872418622376,0.6748,0.6748,0,0.026212669909000397
343,CA,0.9996716183672862,0.7346,0.7346,1000,0.025267165154218674
343,NY,0.0002062159916918126,0.6876,0.6876,0,0.025267165154218674
343,TX,0.00012216564102198946,0.6892,0.6892,0,0.025267165154218674
344,CA,0.9996804005657787,0.7248,0.7248,999,0.031762830913066864
344,NY,0.00020063021150519168,0.6852,0.6852,0,0.031762830913066864
344,TX,0.00011896922271617637,0.6856,0.6856,1,0.031762830913066864
345,CA,0.9996877084347272,0.7186,0.7186,999,0.03226136416196823
345,NY,0.00019602533860378806,0.6806,0.6806,1,0.03226136416196823
345,TX,0.00011626622666912583,0.6814,0.6814,0,0.03226136416196823
346,CA,0.9996945573060156,0.6894,0.6894,1000,0.023493263870477676
346,NY,0.0001916923315813951,0.6364,0.6364,0,0.023493263870477676
346,TX,0.00011375036240300208,0.6176,0.6176,0,0.023493263870477676
347,CA,0.9997054023223004,0.7278,0.7278,1000,0.024331677705049515
347,NY,0.00018568055780853094,0.6878,0.6878,0,0.024331677705049515
347,TX,0.00010891711989099129,0.683,0.683,0,0.024331677705049515
348,CA,0.9997125230373068,0.716,0.716,1000,0.024431083351373672
348,NY,0.0001813831911676358,0.6696,0.6696,0,0.024431083351373672
348,TX,0.0001060937715254898,0.6638,0.6638,0,0.024431083351373672
349,CA,0.999720652627548,0.7046,0.7046,1000,0.027686744928359985
349,NY,0.0001764800924389375,0.664,0.664,0,0.027686744928359985
349,TX,0.00010286728001306408,0.656,0.656,0,0.027686744928359985
350,CA,0.9997277869289921,0.7094,0.7094,1000,0.02445625513792038
350,NY,0.00017227793586957368,0.6714,0.6714,0,0.02445625513792038
350,TX,9.993513513829958e-05,0.666,0.666,0,0.02445625513792038
351,CA,0.9997341522343672,0.7134,0.7134,999,0.031451497226953506
351,NY,0.00016844926604159532,0.6668,0.6668,1,0.031451497226953506
351,TX,9.739849959107237e-05,0.669,0.669,0,0.031451497226953506
352,CA,0.9997412557006723,0.7104,0.7104,1000,0.02463478595018387
352,NY,0.00016386905078645425,0.677,0.677,0,0.02463478595018387
352,TX,9.487524854121571e-05,0.6718,0.6718,0,0.02463478595018387
353,CA,0.9997465954433846,0.6958,0.6958,1000,0.02386157587170601
353,NY,0.00016066994033840412,0.6504,0.6504,0,0.02386157587170601
353,TX,9.273461627691056e-05,0.6368,0.6368,0,0.02386157587170601
354,CA,0.9997541214599113,0.704,0.704,1000,0.023700933903455734
354,NY,0.0001563696578085021,0.6542,0.6542,0,0.023700933903455734
354,TX,8.950888228018994e-05,0.6396,0.6396,0,0.023700933903455734
355,CA,0.9997620723734573,0.7154,0.7154,1000,0.1998286247253418
355,NY,0.00015180090674243215,0.6786,0.6786,0,0.1998286247253418
355,TX,8.612671980036219e-05,0.6732,0.6732,0,0.1998286247253418
356,CA,0.9997674464416682,0.7242,0.7242,1000,0.024920977652072906
356,NY,0.00014854516250798188,0.6794,0.6794,0,0.024920977652072906
356,TX,8.400839582391375e-05,0.6766,0.6766,0,0.024920977652072906
357,CA,0.9997736239217726,0.7192,0.7192,999,0.03056953474879265
357,NY,0.00014468639795280736,0.678,0.678,0,0.03056953474879265
357,TX,8.168968027457605e-05,0.6712,0.6712,1,0.03056953474879265
358,CA,0.9997793707830746,0.7108,0.7108,1000,0.024343889206647873
358,NY,0.0001412198530278141,0.6674,0.6674,0,0.024343889206647873
358,TX,7.940936389764811e-05,0.6638,0.6638,0,0.024343889206647873
359,CA,0.9997851336208627,0.708,0.708,1000,0.025159340351819992
359,NY,0.00013763814602136274,0.6608,0.6608,0,0.025159340351819992
359,TX,7.722823311582181e-05,0.6578,0.6578,0,0.025159340351819992
360,CA,0.9997912057589735,0.7112,0.7112,998,0.03128383308649063
360,NY,0.0001338353754316106,0.67,0.67,2,0.03128383308649063
360,TX,7.495886559487194e-05,0.668,0.668,0,0.03128383308649063
361,CA,0.999796319397239,0.702,0.702,1000,0.023847084492444992
361,NY,0.00013061373313089623,0.6586,0.6586,0,0.023847084492444992
361,TX,7.306686963011872e-05,0.6512,0.6512,0,0.023847084492444992
362,CA,0.9998018297227808,0.7196,0.7196,1000,0.024613630026578903
362,NY,0.0001272838611919129,0.6742,0.6742,0,0.024613630026578903
362,TX,7.088641602733716e-05,0.6712,0.6712,0,0.024613630026578903
363,CA,0.999807184348322,0.7068,0.7068,1000,0.0247800312936306
363,NY,0.00012392404146144046,0.655,0.655,0,0.0247800312936306
363,TX,6.889161021653812e-05,0.6498,0.6498,0,0.0247800312936306
364,CA,0.9998132449031296,0.7268,0.7268,999,0.03165952488780022
364,NY,0.00012016377539464149,0.6816,0.6816,1,0.03165952488780022
364,TX,6.659132147577847e-05,0.6792,0.6792,0,0.03165952488780022
365,CA,0.9998182249738244,0.6974,0.6974,1000,0.02468274161219597
365,NY,0.00011701900115911414,0.6576,0.6576,0,0.02468274161219597
365,TX,6.475602501643656e-05,0.653,0.653,0,0.02468274161219597
366,CA,0.9998226618702266,0.7048,0.7048,1000,0.024642881006002426
366,NY,0.00011427569053004674,0.6672,0.6672,0,0.024642881006002426
366,TX,6.30624392432493e-05,0.6686,0.6686,0,0.024642881006002426
367,CA,0.999826520671749,0.7292,0.7292,999,0.03441232442855835
367,NY,0.00011175572886122873,0.6882,0.6882,0,0.03441232442855835
367,TX,6.172359938966533e-05,0.6894,0.6894,1,0.03441232442855835
368,CA,0.9998305904102034,0.7354,0.7354,1000,0.02482401207089424
368,NY,0.00010910640146779619,0.6926,0.6926,0,0.02482401207089424
368,TX,6.030318832868697e-05,0.6918,0.6918,0,0.02482401207089424
369,CA,0.9998347956465593,0.7104,0.7104,1000,0.02441442757844925
369,NY,0.00010641596856728856,0.6674,0.6674,0,0.02441442757844925
369,TX,5.878838487340451e-05,0.6648,0.6648,0,0.02441442757844925
370,CA,0.9998390376185852,0.703,0.703,1000,0.024393148720264435
370,NY,0.00010374107740904908,0.6616,0.6616,0,0.024393148720264435
370,TX,5.722130400577385e-05,0.6522,0.6522,0,0.024393148720264435
371,CA,0.9998432658006708,0.7302,0.7302,1000,0.02430230751633644
371,NY,0.00010121955559486916,0.6812,0.6812,0,0.02430230751633644
371,TX,5.551464373424414e-05,0.6836,0.6836,0,0.02430230751633644
372,CA,0.9998476269096189,0.7182,0.7182,1000,0.025040168315172195
372,NY,9.835340371848412e-05,0.6722,0.6722,0,0.025040168315172195
372,TX,5.401968666254604e-05,0.6654,0.6654,0,0.025040168315172195
373,CA,0.999851919427202,0.7278,0.7278,1000,0.02512841299176216
373,NY,9.572067732583237e-05,0.6862,0.6862,0,0.02512841299176216
373,TX,5.2359895472218076e-05,0.6866,0.6866,0,0.02512841299176216
374,CA,0.9998554721072479,0.7152,0.7152,1000,0.02450493723154068
374,NY,9.341635583357188e-05,0.6766,0.6766,0,0.02450493723154068
374,TX,5.1111536918504874e-05,0.6718,0.6718,0,0.02450493723154068
375,CA,0.9998588672157275,0.6906,0.6906,1000,0.02488110587000847
375,NY,9.131436218262745e-05,0.6526,0.6526,0,0.02488110587000847
375,TX,4.981842208980191e-05,0.6492,0.6492,0,0.02488110587000847
376,CA,0.9998621392290558,0.73,0.73,1000,0.024648241698741913
376,NY,8.926216064091214e-05,0.6794,0.6794,0,0.024648241698741913
376,TX,4.859861030334496e-05,0.6878,0.6878,0,0.024648241698741913
377,CA,0.9998659349783088,0.707,0.707,1000,0.024316728115081787
377,NY,8.665170038595508e-05,0.6658,0.6658,0,0.024316728115081787
377,TX,4.7413321305340144e-05,0.6636,0.6636,0,0.024316728115081787
378,CA,0.9998692314354046,0.7222,0.7222,1000,0.02405570074915886
378,NY,8.45605614480691e-05,0.6868,0.6868,0,0.02405570074915886
378,TX,4.620800314728691e-05,0.6808,0.6808,0,0.02405570074915886
379,CA,0.9998720800172023,0.7272,0.7272,1000,0.0239066444337368
379,NY,8.282264627581403e-05,0.6844,0.6844,0,0.0239066444337368
379,TX,4.509733652190302e-05,0.6868,0.6868,0,0.0239066444337368
380,CA,0.9998751868211717,0.7054,0.7054,1000,0.02449541538953781
380,NY,8.077055283792941e-05,0.6596,0.6596,0,0.02449541538953781
380,TX,4.404262599035523e-05,0.6576,0.6576,0,0.02449541538953781
381,CA,0.9998785900251793,0.7364,0.7364,1000,0.02385658770799637
381,NY,7.860165693409896e-05,0.688,0.688,0,0.02385658770799637
381,TX,4.280831788655371e-05,0.6868,0.6868,0,0.02385658770799637
382,CA,0.9998820033592754,0.7208,0.7208,1000,0.025685612112283707
382,NY,7.641099391818809e-05,0.6762,0.6762,0,0.025685612112283707
382,TX,4.1585646806409555e-05,0.677,0.677,0,0.025685612112283707
383,CA,0.9998850419346469,0.702,0.702,999,0.030441485345363617
383,NY,7.443078639740592e-05,0.6634,0.6634,1,0.030441485345363617
383,TX,4.0527278955693905e-05,0.6568,0.6568,0,0.030441485345363617
384,CA,0.9998878059378822,0.7154,0.7154,1000,0.02475930005311966
384,NY,7.274295672089988e-05,0.6666,0.6666,0,0.02475930005311966
384,TX,3.945110539704772e-05,0.6644,0.6644,0,0.02475930005311966
385,CA,0.9998910478970091,0.7156,0.7156,1000,0.024816911667585373
385,NY,7.067378147890765e-05,0.667,0.667,0,0.024816911667585373
385,TX,3.827832151195841e-05,0.6634,0.6634,0,0.024816911667585373
386,CA,0.9998942143107667,0.7144,0.7144,1000,0.02548588067293167
386,NY,6.86719321586063e-05,0.6752,0.6752,0,0.02548588067293167
386,TX,3.7113757074704775e-05,0.675,0.675,0,0.02548588067293167
387,CA,0.9998966371947946,0.713,0.713,1000,0.023953113704919815
387,NY,6.71019012530776e-05,0.671,0.671,0,0.023953113704919815
387,TX,3.626090395238397e-05,0.668,0.668,0,0.023953113704919815
388,CA,0.9998992347266817,0.7128,0.7128,999,0.030894890427589417
388,NY,6.545684079286517e-05,0.6658,0.6658,1,0.030894890427589417
388,TX,3.530843252529253e-05,0.6648,0.6648,0,0.030894890427589417
389,CA,0.9999020201124768,0.7094,0.7094,1000,0.025036517530679703
389,NY,6.366085306881886e-05,0.6634,0.6634,0,0.025036517530679703
389,TX,3.431903445452008e-05,0.6592,0.6592,0,0.025036517530679703
390,CA,0.9999047408166417,0.7118,0.7118,1000,0.025332599878311157
390,NY,6.19479063576052e-05,0.6742,0.6742,0,0.025332599878311157
390,TX,3.331127700061035e-05,0.671,0.671,0,0.025332599878311157
391,CA,0.9999068952727574,0.7022,0.7022,1000,0.024758540093898773
391,NY,6.0587339812300045e-05,0.6576,0.6576,0,0.024758540093898773
391,TX,3.251738743033389e-05,0.6572,0.6572,0,0.024758540093898773
392,CA,0.9999093421651065,0.7216,0.7216,999,0.43686671182513237
392,NY,5.9000011888208006e-05,0.6798,0.6798,1,0.43686671182513237
392,TX,3.165782300523318e-05,0.6776,0.6776,0,0.43686671182513237
393,CA,0.9999115835704838,0.7002,0.7002,1000,0.027975041419267654
393,NY,5.756763599654373e-05,0.6648,0.6648,0,0.027975041419267654
393,TX,3.084879351971276e-05,0.6594,0.6594,0,0.027975041419267654
394,CA,0.9999135223071113,0.6906,0.6906,1000,0.02514970675110817
394,NY,5.636912494370113e-05,0.653,0.653,0,0.02514970675110817
394,TX,3.0108567945101163e-05,0.645,0.645,0,0.02514970675110817
395,CA,0.9999155879258222,0.699,0.699,1000,0.02424807846546173
395,NY,5.511555425242037e-05,0.6588,0.6588,0,0.02424807846546173
395,TX,2.9296519925310852e-05,0.6518,0.6518,0,0.02424807846546173
396,CA,0.9999177057274058,0.7092,0.7092,1000,0.02400445193052292
396,NY,5.381158036004303e-05,0.6594,0.6594,0,0.02400445193052292
396,TX,2.848269223420636e-05,0.6514,0.6514,0,0.02400445193052292
397,CA,0.9999202366022286,0.692,0.692,1000,0.024540763348340988
397,NY,5.2243834812989374e-05,0.6544,0.6544,0,0.024540763348340988
397,TX,2.7519562958342278e-05,0.6502,0.6502,0,0.024540763348340988
398,CA,0.9999220772897085,0.7238,0.7238,1000,0.025246325880289078
398,NY,5.108295474111675e-05,0.6798,0.6798,0,0.025246325880289078
398,TX,2.683975555039312e-05,0.6784,0.6784,0,0.025246325880289078
399,CA,0.9999240879126265,0.7118,0.7118,1000,0.024283021688461304
399,NY,4.9779162267903025e-05,0.6748,0.6748,0,0.024283021688461304
399,TX,2.6132925105620807e-05,0.6708,0.6708,0,0.024283021688461304
400,CA,0.9999257896667669,0.7068,0.7068,1000,0.02395615726709366
400,NY,4.870328476021582e-05,0.6662,0.6662,0,0.02395615726709366
400,TX,2.5507048472729406e-05,0.661,0.661,0,0.02395615726709366
401,CA,0.9999276325004581,0.7012,0.7012,1000,0.02515687420964241
401,NY,4.754485740768843e-05,0.6592,0.6592,0,0.02515687420964241
401,TX,2.4822642134236823e-05,0.6562,0.6562,0,0.02515687420964241
402,CA,0.99992946278688,0.706,0.706,999,0.030751235783100128
402,NY,4.637113320364633e-05,0.6676,0.6676,1,0.030751235783100128
402,TX,2.4166079916264712e-05,0.6608,0.6608,0,0.030751235783100128
403,CA,0.9999311467027737,0.7238,0.7238,1000,0.024877268821001053
403,NY,4.5327451321382964e-05,0.6794,0.6794,0,0.024877268821001053
403,TX,2.3525845904869482e-05,0.6748,0.6748,0,0.024877268821001053
404,CA,0.9999329828166837,0.7112,0.7112,999,0.03126045688986778
404,NY,4.4160031052970393e-05,0.6708,0.6708,0,0.03126045688986778
404,TX,2.285715226322098e-05,0.6664,0.6664,1,0.03126045688986778
405,CA,0.9999346237014985,0.7104,0.7104,1000,0.027123410254716873
405,NY,4.3117520430184706e-05,0.661,0.661,0,0.027123410254716873
405,TX,2.2258778071261178e-05,0.6596,0.6596,0,0.027123410254716873
406,CA,0.9999365300067343,0.6994,0.6994,1000,0.024552464485168457
406,NY,4.187227430403141e-05,0.66,0.66,0,0.024552464485168457
406,TX,2.1597718961563465e-05,0.6586,0.6586,0,0.024552464485168457
407,CA,0.9999380192368572,0.7274,0.7274,1000,0.024638965725898743
407,NY,4.0901541052508664e-05,0.6858,0.6858,0,0.024638965725898743
407,TX,2.1079222090268352e-05,0.6754,0.6754,0,0.024638965725898743
408,CA,0.9999396386966165,0.7086,0.7086,1000,0.024564925581216812
408,NY,3.9916596953765786e-05,0.6716,0.6716,0,0.024564925581216812
408,TX,2.0444706429680418e-05,0.666,0.666,0,0.024564925581216812
409,CA,0.9999410127573021,0.703,0.703,1000,0.023517608642578125
409,NY,3.905225047236115e-05,0.6588,0.6588,0,0.023517608642578125
409,TX,1.993499222544196e-05,0.6516,0.6516,0,0.023517608642578125
410,CA,0.9999426279130591,0.7086,0.7086,1000,0.024878695607185364
410,NY,3.803874205479143e-05,0.6724,0.6724,0,0.024878695607185364
410,TX,1.9333344886134923e-05,0.6662,0.6662,0,0.024878695607185364
411,CA,0.9999439135346665,0.7194,0.7194,1000,0.0247967392206192
411,NY,3.7232865505805845e-05,0.6756,0.6756,0,0.0247967392206192
411,TX,1.8853599827733148e-05,0.6736,0.6736,0,0.0247967392206192
412,CA,0.9999453641326096,0.7112,0.7112,1000,0.02552979439496994
412,NY,3.6284448031652394e-05,0.6714,0.6714,0,0.02552979439496994
412,TX,1.8351419358809113e-05,0.6628,0.6628,0,0.02552979439496994
413,CA,0.999946727039037,0.7144,0.7144,1000,0.023965973407030106
413,NY,3.5440573339882304e-05,0.673,0.673,0,0.023965973407030106
413,TX,1.7832387623209194e-05,0.6718,0.6718,0,0.023965973407030106
414,CA,0.9999480259096085,0.732,0.732,1000,0.025295738130807877
414,NY,3.458478547273845e-05,0.6856,0.6856,0,0.025295738130807877
414,TX,1.738930491875564e-05,0.689,0.689,0,0.025295738130807877
415,CA,0.9999493840822903,0.697,0.697,1000,0.025108464062213898
415,NY,3.365831037710928e-05,0.6576,0.6576,0,0.025108464062213898
415,TX,1.695760733262777e-05,0.6566,0.6566,0,0.025108464062213898
416,CA,0.9999505691885653,0.7166,0.7166,1000,0.024830840528011322
416,NY,3.28768894542785e-05,0.6668,0.6668,0,0.024830840528011322
416,TX,1.6553921980488516e-05,0.665,0.665,0,0.024830840528011322
417,CA,0.9999520205062457,0.706,0.706,1000,0.02527911216020584
417,NY,3.1923149759623525e-05,0.67,0.67,0,0.02527911216020584
417,TX,1.605634399459117e-05,0.67,0.67,0,0.02527911216020584
418,CA,0.9999530329216331,0.7272,0.7272,1000,0.025212090462446213
418,NY,3.124953931694375e-05,0.6886,0.6886,0,0.025212090462446213
418,TX,1.5717539049983387e-05,0.687,0.687,0,0.025212090462446213
419,CA,0.9999540970676001,0.7048,0.7048,1000,0.024673085659742355
419,NY,3.055119745602905e-05,0.6718,0.6718,0,0.024673085659742355
419,TX,1.5351734943838178e-05,0.6666,0.6666,0,0.024673085659742355
420,CA,0.9999550323996533,0.7044,0.7044,1000,0.024419479072093964
420,NY,2.9959842610116777e-05,0.666,0.666,0,0.024419479072093964
420,TX,1.5007757736484195e-05,0.6638,0.6638,0,0.024419479072093964
421,CA,0.9999560648425098,0.719,0.719,1000,0.024118982255458832
421,NY,2.9284879912692553e-05,0.6752,0.6752,0,0.024118982255458832
421,TX,1.4650277577519454e-05,0.6696,0.6696,0,0.024118982255458832
422,CA,0.9999572319836633,0.7186,0.7186,1000,0.02497580274939537
422,NY,2.8538736526995345e-05,0.6786,0.6786,0,0.02497580274939537
422,TX,1.4229279809816266e-05,0.6826,0.6826,0,0.02497580274939537
423,CA,0.9999581942403813,0.7192,0.7192,1000,0.0248519629240036
423,NY,2.7874531149314856e-05,0.6784,0.6784,0,0.0248519629240036
423,TX,1.3931228469400516e-05,0.6736,0.6736,0,0.0248519629240036
424,CA,0.9999592252272438,0.7216,0.7216,1000,0.024702705442905426
424,NY,2.721304171553517e-05,0.6808,0.6808,0,0.024702705442905426
424,TX,1.356173104069669e-05,0.6794,0.6794,0,0.024702705442905426
425,CA,0.9999602025333478,0.7324,0.7324,1000,0.02556825429201126
425,NY,2.6568148942241665e-05,0.6896,0.6896,0,0.02556825429201126
425,TX,1.3229317709896794e-05,0.6912,0.6912,0,0.02556825429201126
426,CA,0.9999611734981088,0.714,0.714,1000,0.024728618562221527
426,NY,2.5911791757510967e-05,0.6746,0.6746,0,0.024728618562221527
426,TX,1.2914710133714208e-05,0.671,0.671,0,0.024728618562221527
427,CA,0.9999620930998474,0.6906,0.6906,1000,0.024540651589632034
427,NY,2.531617641886317e-05,0.646,0.646,0,0.024540651589632034
427,TX,1.2590723733754092e-05,0.6386,0.6386,0,0.024540651589632034
428,CA,0.9999631482006196,0.694,0.694,1000,0.02460324391722679
428,NY,2.464833216231784e-05,0.6494,0.6494,0,0.02460324391722679
428,TX,1.2203467218092626e-05,0.6382,0.6382,0,0.02460324391722679
429,CA,0.9999641990892558,0.7042,0.7042,1000,0.025194305926561356
429,NY,2.3999410740221988e-05,0.662,0.662,0,0.025194305926561356
429,TX,1.1801500003851801e-05,0.6536,0.6536,0,0.025194305926561356
430,CA,0.9999651437406568,0.7174,0.7174,1000,0.025403469800949097
430,NY,2.3405150998079966e-05,0.6736,0.6736,0,0.025403469800949097
430,TX,1.1451108345184857e-05,0.6724,0.6724,0,0.025403469800949097
431,CA,0.9999660406739145,0.7352,0.7352,1000,0.024691101163625717
431,NY,2.2808254247850823e-05,0.687,0.687,0,0.024691101163625717
431,TX,1.1151071837722993e-05,0.6898,0.6898,0,0.024691101163625717
432,CA,0.9999669659640691,0.734,0.734,1000,0.024336237460374832
432,NY,2.2174712148575616e-05,0.6994,0.6994,0,0.024336237460374832
432,TX,1.0859323782442332e-05,0.7034,0.7034,0,0.024336237460374832
433,CA,0.9999676000498378,0.725,0.725,1000,0.025017645210027695
433,NY,2.1732254740934454e-05,0.681,0.681,0,0.025017645210027695
433,TX,1.0667695421322839e-05,0.6776,0.6776,0,0.025017645210027695
434,CA,0.9999684474827919,0.693,0.693,1000,0.025167211890220642
434,NY,2.1177942712386653e-05,0.6558,0.6558,0,0.025167211890220642
434,TX,1.0374574495692386e-05,0.6474,0.6474,0,0.025167211890220642
435,CA,0.999969192232479,0.6976,0.6976,1000,0.024589724838733673
435,NY,2.071261881849513e-05,0.6626,0.6626,0,0.024589724838733673
435,TX,1.0095148702408328e-05,0.6602,0.6602,0,0.024589724838733673
436,CA,0.9999698416592996,0.713,0.713,1000,0.025117237120866776
436,NY,2.0285592844309956e-05,0.6764,0.6764,0,0.025117237120866776
436,TX,9.872747856058549e-06,0.673,0.673,0,0.025117237120866776
437,CA,0.9999705055992101,0.7228,0.7228,1000,0.024906117469072342
437,NY,1.9852183551274114e-05,0.6796,0.6796,0,0.024906117469072342
437,TX,9.642217238694303e-06,0.6804,0.6804,0,0.024906117469072342
438,CA,0.9999712406862301,0.7374,0.7374,1000,0.02542845532298088
438,NY,1.935439517296507e-05,0.6954,0.6954,0,0.02542845532298088
438,TX,9.404918596881727e-06,0.6962,0.6962,0,0.02542845532298088
439,CA,0.9999719315654468,0.7256,0.7256,1000,0.02398337423801422
439,NY,1.8886534043410722e-05,0.6828,0.6828,0,0.02398337423801422
439,TX,9.181900509775176e-06,0.6852,0.6852,0,0.02398337423801422
440,CA,0.9999726149568138,0.7168,0.7168,1000,0.02530267834663391
440,NY,1.8418104548321147e-05,0.669,0.669,0,0.02530267834663391
440,TX,8.966938637990294e-06,0.6726,0.6726,0,0.02530267834663391
441,CA,0.9999733586020092,0.708,0.708,1000,0.02504807710647583
441,NY,1.790531183090101e-05,0.666,0.666,0,0.02504807710647583
441,TX,8.736086159991948e-06,0.6642,0.6642,0,0.02504807710647583
442,CA,0.9999740229077441,0.7262,0.7262,1000,0.02521573007106781
442,NY,1.7465028880102373e-05,0.6812,0.6812,0,0.02521573007106781
442,TX,8.512063375753907e-06,0.6868,0.6868,0,0.02521573007106781
443,CA,0.9999746724693227,0.7238,0.7238,1000,0.025738146156072617
443,NY,1.7009747205587313e-05,0.6868,0.6868,0,0.025738146156072617
443,TX,8.317783471767802e-06,0.6854,0.6854,0,0.025738146156072617
444,CA,0.9999752228464106,0.716,0.716,1000,0.024793338030576706
444,NY,1.6644655631875476e-05,0.6772,0.6772,0,0.024793338030576706
444,TX,8.132497957497935e-06,0.6842,0.6842,0,0.024793338030576706
445,CA,0.999975749888451,0.7276,0.7276,1000,0.024262279272079468
445,NY,1.6268316514726793e-05,0.6842,0.6842,0,0.024262279272079468
445,TX,7.981795034359886e-06,0.6776,0.6776,0,0.024262279272079468
446,CA,0.999976389566962,0.7126,0.7126,1000,0.024981550872325897
446,NY,1.5859641237058662e-05,0.6756,0.6756,0,0.024981550872325897
446,TX,7.7507918009441e-06,0.6724,0.6724,0,0.024981550872325897
447,CA,0.9999769141306756,0.7092,0.7092,1000,0.02401953935623169
447,NY,1.5517008523367027e-05,0.6634,0.6634,0,0.02401953935623169
447,TX,7.568860800932405e-06,0.6618,0.6618,0,0.02401953935623169
448,CA,0.9999775398146052,0.741,0.741,1000,0.027172952890396118
448,NY,1.510122169884416e-05,0.6948,0.6948,0,0.027172952890396118
448,TX,7.358963695870365e-06,0.6952,0.6952,0,0.027172952890396118
449,CA,0.9999781341249757,0.689,0.689,1000,0.025489795953035355
449,NY,1.4700497269417126e-05,0.6442,0.6442,0,0.025489795953035355
449,TX,7.16537775495547e-06,0.637,0.637,0,0.025489795953035355
450,CA,0.9999787446400751,0.7082,0.7082,1000,0.025885384529829025
450,NY,1.4310581626517875e-05,0.6708,0.6708,0,0.025885384529829025
450,TX,6.944778298515056e-06,0.6674,0.6674,0,0.025885384529829025
451,CA,0.9999792238261778,0.7134,0.7134,1000,0.02411516010761261
451,NY,1.3997266853545668e-05,0.675,0.675,0,0.02411516010761261
451,TX,6.778906968683084e-06,0.67,0.67,0,0.02411516010761261
452,CA,0.9999797092252287,0.7054,0.7054,1000,0.02503659576177597
452,NY,1.3683572639378438e-05,0.6726,0.6726,0,0.02503659576177597
452,TX,6.6072021319646225e-06,0.6746,0.6746,0,0.02503659576177597
453,CA,0.9999800917220164,0.7174,0.7174,1000,0.025067944079637527
453,NY,1.3420401284778302e-05,0.6774,0.6774,0,0.025067944079637527
453,TX,6.487876698944061e-06,0.674,0.674,0,0.025067944079637527
454,CA,0.9999805682411715,0.6944,0.6944,1000,0.024867326021194458
454,NY,1.310783267870327e-05,0.6548,0.6548,0,0.024867326021194458
454,TX,6.3239261496853644e-06,0.653,0.653,0,0.024867326021194458
455,CA,0.9999810290921529,0.7116,0.7116,1000,0.024883247911930084
455,NY,1.2801494046953504e-05,0.6658,0.6658,0,0.024883247911930084
455,TX,6.1694138001688965e-06,0.6588,0.6588,0,0.024883247911930084
456,CA,0.9999815619483456,0.7218,0.7218,1000,0.024343468248844147
456,NY,1.245895077509027e-05,0.6764,0.6764,0,0.024343468248844147
456,TX,5.979100879282487e-06,0.6756,0.6756,0,0.024343468248844147
457,CA,0.999982050887662,0.712,0.712,1000,0.024136606603860855
457,NY,1.2130442148697108e-05,0.6762,0.6762,0,0.024136606603860855
457,TX,5.818670189275416e-06,0.6746,0.6746,0,0.024136606603860855
458,CA,0.9999824316567283,0.7112,0.7112,1000,0.02454223483800888
458,NY,1.187678438783904e-05,0.6732,0.6732,0,0.02454223483800888
458,TX,5.691558883890237e-06,0.6656,0.6656,0,0.02454223483800888
459,CA,0.9999828470615311,0.7262,0.7262,1000,0.024971116334199905
459,NY,1.1613045753213791e-05,0.6864,0.6864,0,0.024971116334199905
459,TX,5.53989271567107e-06,0.6822,0.6822,0,0.024971116334199905
460,CA,0.999983256019172,0.7186,0.7186,1000,0.02666744589805603
460,NY,1.1345295080223528e-05,0.6742,0.6742,0,0.02666744589805603
460,TX,5.398685747612312e-06,0.675,0.675,0,0.02666744589805603
461,CA,0.9999836860795366,0.7052,0.7052,1000,0.025182880461215973
461,NY,1.1052194339659952e-05,0.6738,0.6738,0,0.025182880461215973
461,TX,5.261726123743172e-06,0.669,0.669,0,0.025182880461215973
462,CA,0.9999840012946366,0.716,0.716,1000,0.024721380323171616
462,NY,1.0848679754300632e-05,0.6784,0.6784,0,0.024721380323171616
462,TX,5.1500256091573235e-06,0.6764,0.6764,0,0.024721380323171616
463,CA,0.9999843578458033,0.733,0.733,1000,0.02505805343389511
463,NY,1.0610973538436424e-05,0.687,0.687,0,0.02505805343389511
463,TX,5.03118065823201e-06,0.6838,0.6838,0,0.02505805343389511
464,CA,0.9999847823280171,0.7174,0.7174,1000,0.024432875216007233
464,NY,1.0329324845929092e-05,0.6778,0.6778,0,0.024432875216007233
464,TX,4.8883471369816665e-06,0.676,0.676,0,0.024432875216007233
465,CA,0.9999851383369542,0.7022,0.7022,1000,0.02494153380393982
465,NY,1.0091153718656856e-05,0.6582,0.6582,0,0.02494153380393982
465,TX,4.770509327099412e-06,0.6476,0.6476,0,0.02494153380393982
466,CA,0.9999855521957222,0.7262,0.7262,1000,0.0242806077003479
466,NY,9.830312549371998e-06,0.6802,0.6802,0,0.0242806077003479
466,TX,4.617491728505587e-06,0.6804,0.6804,0,0.0242806077003479
467,CA,0.9999859366622759,0.6988,0.6988,1000,0.023951545357704163
467,NY,9.568356792804308e-06,0.6614,0.6614,0,0.023951545357704163
467,TX,4.4949809314039506e-06,0.6498,0.6498,0,0.023951545357704163
468,CA,0.9999862769628858,0.7406,0.7406,1000,0.023931093513965607
468,NY,9.357707431925493e-06,0.7006,0.7006,0,0.023931093513965607
468,TX,4.365329682289641e-06,0.7086,0.7086,0,0.023931093513965607
469,CA,0.9999865722587293,0.6966,0.6966,1000,0.024483803659677505
469,NY,9.142664574314342e-06,0.6552,0.6552,0,0.024483803659677505
469,TX,4.285076696360198e-06,0.6524,0.6524,0,0.024483803659677505
470,CA,0.9999869069865778,0.717,0.717,1000,0.025773122906684875
470,NY,8.919570593474612e-06,0.6718,0.6718,0,0.025773122906684875
470,TX,4.173442828711393e-06,0.6714,0.6714,0,0.025773122906684875
471,CA,0.9999872526278234,0.7262,0.7262,1000,0.023950371891260147
471,NY,8.684766029324447e-06,0.6856,0.6856,0,0.023950371891260147
471,TX,4.062606147325365e-06,0.6844,0.6844,0,0.023950371891260147
472,CA,0.9999875552647927,0.7182,0.7182,1000,0.02715945988893509
472,NY,8.48050402583765e-06,0.6718,0.6718,0,0.02715945988893509
472,TX,3.964231181521437e-06,0.6746,0.6746,0,0.02715945988893509
473,CA,0.9999878848707786,0.7154,0.7154,1000,0.025581229478120804
473,NY,8.251490689972361e-06,0.6786,0.6786,0,0.025581229478120804
473,TX,3.863638531424091e-06,0.6784,0.6784,0,0.025581229478120804
474,CA,0.9999881452206612,0.7108,0.7108,1000,0.02527615800499916
474,NY,8.074475853051818e-06,0.6688,0.6688,0,0.02527615800499916
474,TX,3.780303485753514e-06,0.6676,0.6676,0,0.02527615800499916
475,CA,0.9999884389027326,0.7076,0.7076,1000,0.023859895765781403
475,NY,7.876250444758757e-06,0.6708,0.6708,0,0.023859895765781403
475,TX,3.68484682268313e-06,0.6688,0.6688,0,0.023859895765781403
476,CA,0.999988692365592,0.7322,0.7322,1000,0.02513870596885681
476,NY,7.706513573800236e-06,0.685,0.685,0,0.02513870596885681
476,TX,3.6011208341085664e-06,0.6848,0.6848,0,0.02513870596885681
477,CA,0.9999890008950286,0.7258,0.7258,1000,0.024863306432962418
477,NY,7.496524291825483e-06,0.6866,0.6866,0,0.024863306432962418
477,TX,3.5025806796139723e-06,0.6836,0.6836,0,0.024863306432962418
478,CA,0.9999892568157099,0.7078,0.7078,1000,0.025035884231328964
478,NY,7.326249337348978e-06,0.6692,0.6692,0,0.025035884231328964
478,TX,3.4169349526971966e-06,0.6568,0.6568,0,0.025035884231328964
479,CA,0.9999895244419654,0.6992,0.6992,1000,0.024587970227003098
479,NY,7.160662060389372e-06,0.6582,0.6582,0,0.024587970227003098
479,TX,3.3148959741918354e-06,0.6534,0.6534,0,0.024587970227003098
480,CA,0.9999897865681606,0.6984,0.6984,1000,0.024469934403896332
480,NY,6.98788426377522e-06,0.658,0.658,0,0.024469934403896332
480,TX,3.2255475755755214e-06,0.6586,0.6586,0,0.024469934403896332
481,CA,0.999990028374109,0.7058,0.7058,1000,0.02479628473520279
481,NY,6.821664455317e-06,0.66,0.66,0,0.02479628473520279
481,TX,3.1499614357623486e-06,0.6532,0.6532,0,0.02479628473520279
482,CA,0.9999903086622846,0.72,0.72,1000,0.02498748153448105
482,NY,6.638507544747802e-06,0.68,0.68,0,0.02498748153448105
482,TX,3.052830170724644e-06,0.6738,0.6738,0,0.02498748153448105
483,CA,0.9999905450443842,0.6952,0.6952,1000,0.02468997985124588
483,NY,6.484125181103934e-06,0.6438,0.6438,0,0.02468997985124588
483,TX,2.970830434675746e-06,0.6292,0.6292,0,0.02468997985124588
484,CA,0.9999908573107854,0.713,0.713,1000,0.024342216551303864
484,NY,6.287522593826295e-06,0.672,0.672,0,0.024342216551303864
484,TX,2.8551666208007462e-06,0.6726,0.6726,0,0.024342216551303864
485,CA,0.9999910751355534,0.711,0.711,1000,0.0240478552877903
485,NY,6.137034481513817e-06,0.6674,0.6674,0,0.0240478552877903
485,TX,2.787829965087144e-06,0.6598,0.6598,0,0.0240478552877903
486,CA,0.9999913149415346,0.72,0.72,1000,0.024924956262111664
486,NY,5.980650934194376e-06,0.6836,0.6836,0,0.024924956262111664
486,TX,2.704407531093756e-06,0.6768,0.6768,0,0.024924956262111664
487,CA,0.9999915094318015,0.723,0.723,1000,0.025381579995155334
487,NY,5.854084808810353e-06,0.6834,0.6834,0,0.025381579995155334
487,TX,2.6364833895991368e-06,0.6828,0.6828,0,0.025381579995155334
488,CA,0.9999917054884404,0.7158,0.7158,1000,0.025243278592824936
488,NY,5.719540510307676e-06,0.6702,0.6702,0,0.025243278592824936
488,TX,2.5749710492537747e-06,0.6718,0.6718,0,0.025243278592824936
489,CA,0.9999919235247804,0.7048,0.7048,1000,0.02400854229927063
489,NY,5.567536218198854e-06,0.6576,0.6576,0,0.02400854229927063
489,TX,2.5089390014926345e-06,0.6502,0.6502,0,0.02400854229927063
490,CA,0.9999921580230463,0.7086,0.7086,1000,0.024454493075609207
490,NY,5.413391717168764e-06,0.6598,0.6598,0,0.024454493075609207
490,TX,2.4285852364809357e-06,0.6514,0.6514,0,0.024454493075609207
491,CA,0.9999923939387231,0.6864,0.6864,1000,0.025129932910203934
491,NY,5.258778937089142e-06,0.6454,0.6454,0,0.025129932910203934
491,TX,2.347282339744439e-06,0.6436,0.6436,0,0.025129932910203934
492,CA,0.9999925813623924,0.7192,0.7192,1000,0.027127467095851898
492,NY,5.130927706853281e-06,0.6728,0.6728,0,0.027127467095851898
492,TX,2.2877099007878987e-06,0.672,0.672,0,0.027127467095851898
493,CA,0.9999927826493021,0.7088,0.7088,1000,0.02485566958785057
493,NY,4.992448578225759e-06,0.6634,0.6634,0,0.02485566958785057
493,TX,2.224902119622944e-06,0.654,0.654,0,0.02485566958785057
494,CA,0.9999929866400308,0.71,0.71,1000,0.024221200495958328
494,NY,4.859808438121202e-06,0.6646,0.6646,0,0.024221200495958328
494,TX,2.1535515312179433e-06,0.657,0.657,0,0.024221200495958328
495,CA,0.9999931824126926,0.7208,0.7208,1000,0.025729741901159286
495,NY,4.730782871249972e-06,0.6802,0.6802,0,0.025729741901159286
495,TX,2.086804436160835e-06,0.674,0.674,0,0.025729741901159286
496,CA,0.9999933507822334,0.7188,0.7188,1000,0.02485812082886696
496,NY,4.619167084260689e-06,0.6852,0.6852,0,0.02485812082886696
496,TX,2.0300506824176854e-06,0.6832,0.6832,0,0.02485812082886696
497,CA,0.9999934831259243,0.7212,0.7212,1000,0.02549402043223381
497,NY,4.5288697932251684e-06,0.6814,0.6814,0,0.02549402043223381
497,TX,1.988004282560143e-06,0.6752,0.6752,0,0.02549402043223381
498,CA,0.9999936409782871,0.7074,0.7074,1000,0.025057751685380936
498,NY,4.424147613500686e-06,0.6708,0.6708,0,0.025057751685380936
498,TX,1.9348740993752352e-06,0.6664,0.6664,0,0.025057751685380936
499,CA,0.9999937822762494,0.7114,0.7114,1000,0.024132460355758667
499,NY,4.329311747158935e-06,0.6682,0.6682,0,0.024132460355758667
499,TX,1.8884120035054252e-06,0.6634,0.6634,0,0.024132460355758667
500,CA,0.9999939445225752,0.6848,0.6848,1000,0.025189965963363647
500,NY,4.220029816750262e-06,0.647,0.647,0,0.025189965963363647
500,TX,1.8354476079699318e-06,0.6382,0.6382,0,0.025189965963363647
501,CA,0.9999940899686444,0.6964,0.6964,1000,0.02505817636847496
501,NY,4.12535026062475e-06,0.6534,0.6534,0,0.02505817636847496
501,TX,1.784681094913719e-06,0.6472,0.6472,0,0.02505817636847496
502,CA,0.9999942462966598,0.7046,0.7046,1000,0.024648062884807587
502,NY,4.0207823551130935e-06,0.6666,0.6666,0,0.024648062884807587
502,TX,1.73292098508974e-06,0.6592,0.6592,0,0.024648062884807587
503,CA,0.9999943820839657,0.7166,0.7166,1000,0.026341352611780167
503,NY,3.931149115893655e-06,0.6718,0.6718,0,0.026341352611780167
503,TX,1.6867669182724928e-06,0.6678,0.6678,0,0.026341352611780167
504,CA,0.9999945326305655,0.7086,0.7086,1000,0.02541203796863556
504,NY,3.828554166004392e-06,0.664,0.664,0,0.02541203796863556
504,TX,1.638815268445422e-06,0.6596,0.6596,0,0.02541203796863556
505,CA,0.9999946795661434,0.7242,0.7242,1000,0.025568168610334396
505,NY,3.7286170363578305e-06,0.6842,0.6842,0,0.025568168610334396
505,TX,1.5918168202893204e-06,0.6864,0.6864,0,0.025568168610334396
506,CA,0.9999948009640491,0.74,0.74,1000,0.02585369348526001
506,NY,3.642116677290809e-06,0.699,0.699,0,0.02585369348526001
506,TX,1.5569192736475025e-06,0.7014,0.7014,0,0.02585369348526001
507,CA,0.9999949213219824,0.6942,0.6942,1000,0.02373826503753662
507,NY,3.5562971146497586e-06,0.6462,0.6462,0,0.02373826503753662
507,TX,1.5223809028774467e-06,0.6396,0.6396,0,0.02373826503753662
508,CA,0.9999950711407806,0.718,0.718,1000,0.02483338862657547
508,NY,3.455540778678143e-06,0.6768,0.6768,0,0.02483338862657547
508,TX,1.473318440751873e-06,0.6786,0.6786,0,0.02483338862657547
509,CA,0.9999951877973942,0.7088,0.7088,1000,0.023768145591020584
509,NY,3.3726725574089155e-06,0.6644,0.6644,0,0.023768145591020584
509,TX,1.4395300484007136e-06,0.6602,0.6602,0,0.023768145591020584
510,CA,0.999995316371126,0.7122,0.7122,1000,0.02386043593287468
510,NY,3.2850403360840685e-06,0.6738,0.6738,0,0.02386043593287468
510,TX,1.3985885379422438e-06,0.6712,0.6712,0,0.02386043593287468
511,CA,0.9999954235354989,0.7046,0.7046,1000,0.02387179434299469
511,NY,3.2113661393433194e-06,0.6614,0.6614,0,0.02387179434299469
511,TX,1.3650983618080876e-06,0.6568,0.6568,0,0.02387179434299469
512,CA,0.999995543200998,0.7194,0.7194,1000,0.024709083139896393
512,NY,3.1299802548204114e-06,0.6802,0.6802,0,0.024709083139896393
512,TX,1.326818747208574e-06,0.6798,0.6798,0,0.024709083139896393
513,CA,0.999995645118228,0.7186,0.7186,1000,0.02449376881122589
513,NY,3.0586212400451466e-06,0.6746,0.6746,0,0.02449376881122589
513,TX,1.296260531996098e-06,0.6634,0.6634,0,0.02449376881122589
514,CA,0.999995765060066,0.7046,0.7046,1000,0.027316294610500336
514,NY,2.9803140596534558e-06,0.6636,0.6636,0,0.027316294610500336
514,TX,1.254625874282555e-06,0.66,0.66,0,0.027316294610500336
515,CA,0.9999958695704817,0.697,0.697,1000,0.02385314553976059
515,NY,2.9086301700161906e-06,0.6602,0.6602,0,0.02385314553976059
515,TX,1.2217993482175325e-06,0.6524,0.6524,0,0.02385314553976059
516,CA,0.9999959647556257,0.7108,0.7108,1000,0.024462133646011353
516,NY,2.8455558443742275e-06,0.6684,0.6684,0,0.024462133646011353
516,TX,1.1896885298555393e-06,0.6712,0.6712,0,0.024462133646011353
517,CA,0.9999960628165172,0.7172,0.7172,1000,0.02389804646372795
517,NY,2.775032637539403e-06,0.6776,0.6776,0,0.02389804646372795
517,TX,1.1621508452541274e-06,0.6728,0.6728,0,0.02389804646372795
518,CA,0.9999961568592433,0.7338,0.7338,1000,0.02414727956056595
518,NY,2.711038429154344e-06,0.69,0.69,0,0.02414727956056595
518,TX,1.1321023274896363e-06,0.6914,0.6914,0,0.02414727956056595
519,CA,0.9999962530318106,0.7254,0.7254,1000,0.024030622094869614
519,NY,2.6425512665255818e-06,0.6852,0.6852,0,0.024030622094869614
519,TX,1.1044169228697389e-06,0.6882,0.6882,0,0.024030622094869614
520,CA,0.9999963384116245,0.7178,0.7178,1000,0.02517559751868248
520,NY,2.58098282981689e-06,0.6736,0.6736,0,0.02517559751868248
520,TX,1.0806055455998372e-06,0.6664,0.6664,0,0.02517559751868248
521,CA,0.9999964371553444,0.7186,0.7186,1000,0.025167956948280334
521,NY,2.5145728783967004e-06,0.673,0.673,0,0.025167956948280334
521,TX,1.0482717772721606e-06,0.674,0.674,0,0.025167956948280334
522,CA,0.9999965310788196,0.7246,0.7246,1000,0.025243934243917465
522,NY,2.447853381056626e-06,0.6896,0.6896,0,0.025243934243917465
522,TX,1.0210677993551446e-06,0.689,0.689,0,0.025243934243917465
523,CA,0.9999966018340483,0.712,0.712,1000,0.024974454194307327
523,NY,2.398175440838658e-06,0.6706,0.6706,0,0.024974454194307327
523,TX,9.999905109211198e-07,0.67,0.67,0,0.024974454194307327
524,CA,0.9999966843595133,0.7046,0.7046,1000,0.023624781519174576
524,NY,2.340182372719357e-06,0.67,0.67,0,0.023624781519174576
524,TX,9.754581139339705e-07,0.6628,0.6628,0,0.023624781519174576
525,CA,0.9999967557804124,0.729,0.729,1000,0.024847980588674545
525,NY,2.2926814745762014e-06,0.687,0.687,0,0.024847980588674545
525,TX,9.515381131607997e-07,0.7012,0.7012,0,0.024847980588674545
526,CA,0.9999968267723105,0.7188,0.7188,1000,0.02461203932762146
526,NY,2.2369889659861857e-06,0.6818,0.6818,0,0.02461203932762146
526,TX,9.362387235558887e-07,0.6852,0.6852,0,0.02461203932762146
527,CA,0.9999968932290582,0.6914,0.6914,1000,0.02376430481672287
527,NY,2.1888342407597236e-06,0.6518,0.6518,0,0.02376430481672287
527,TX,9.179367010640078e-07,0.645,0.645,0,0.02376430481672287
528,CA,0.9999969696566963,0.738,0.738,1000,0.025372862815856934
528,NY,2.1375881962948734e-06,0.6864,0.6864,0,0.025372862815856934
528,TX,8.927551074002802e-07,0.6866,0.6866,0,0.025372862815856934
529,CA,0.999997059522464,0.6974,0.6974,1000,0.023885145783424377
529,NY,2.0741248896336926e-06,0.6526,0.6526,0,0.023885145783424377
529,TX,8.663526464064873e-07,0.6462,0.6462,0,0.023885145783424377
530,CA,0.999997140397719,0.7126,0.7126,1000,0.023803602904081345
530,NY,2.019382037130594e-06,0.6688,0.6688,0,0.023803602904081345
530,TX,8.402202438188737e-07,0.6642,0.6642,0,0.023803602904081345
531,CA,0.9999972157890735,0.7256,0.7256,1000,0.024866066873073578
531,NY,1.967736189202943e-06,0.6914,0.6914,0,0.024866066873073578
531,TX,8.1647473734847e-07,0.6922,0.6922,0,0.024866066873073578
532,CA,0.9999972705912152,0.7386,0.7386,1000,0.024107281118631363
532,NY,1.9287373509576046e-06,0.6896,0.6896,0,0.024107281118631363
532,TX,8.006714338537572e-07,0.6924,0.6924,0,0.024107281118631363
533,CA,0.9999973462260947,0.726,0.726,1000,0.02496524155139923
533,NY,1.8743787384431039e-06,0.6816,0.6816,0,0.02496524155139923
533,TX,7.793951668836425e-07,0.6768,0.6768,0,0.02496524155139923
534,CA,0.999997416659666,0.716,0.716,1000,0.025527186691761017
534,NY,1.826161940075307e-06,0.6674,0.6674,0,0.025527186691761017
534,TX,7.571783939047816e-07,0.672,0.672,0,0.025527186691761017
535,CA,0.999997487794289,0.704,0.704,1000,0.025452468544244766
535,NY,1.7744420952697885e-06,0.665,0.665,0,0.025452468544244766
535,TX,7.377636157725071e-07,0.6612,0.6612,0,0.025452468544244766
536,CA,0.9999975469370573,0.7148,0.7148,1000,0.024414796382188797
536,NY,1.7338299667598344e-06,0.678,0.678,0,0.024414796382188797
536,TX,7.192329759420459e-07,0.672,0.672,0,0.024414796382188797
537,CA,0.999997602096777,0.7148,0.7148,1000,0.025113355368375778
537,NY,1.6966216729083546e-06,0.6736,0.6736,0,0.025113355368375778
537,TX,7.012815500979707e-07,0.672,0.672,0,0.025113355368375778
538,CA,0.9999976603632975,0.7144,0.7144,1000,0.024402551352977753
538,NY,1.6558585241577004e-06,0.6676,0.6676,0,0.024402551352977753
538,TX,6.837781782621632e-07,0.6636,0.6636,0,0.024402551352977753
539,CA,0.9999977258263489,0.7048,0.7048,1000,0.025162342935800552
539,NY,1.6106567053485541e-06,0.669,0.669,0,0.025162342935800552
539,TX,6.635169457673326e-07,0.6666,0.6666,0,0.025162342935800552
540,CA,0.9999977745169123,0.7104,0.7104,1000,0.024324551224708557
540,NY,1.5768337471353396e-06,0.6676,0.6676,0,0.024324551224708557
540,TX,6.486493404850001e-07,0.6662,0.6662,0,0.024324551224708557
541,CA,0.9999978307368472,0.7064,0.7064,1000,0.025270551443099976
541,NY,1.5373761135144482e-06,0.6688,0.6688,0,0.025270551443099976
541,TX,6.318870392174914e-07,0.6574,0.6574,0,0.025270551443099976
542,CA,0.9999978827572521,0.7174,0.7174,1000,0.025068674236536026
542,NY,1.5035005811623067e-06,0.6712,0.6712,0,0.025068674236536026
542,TX,6.137421667133241e-07,0.672,0.672,0,0.025068674236536026
543,CA,0.9999979394274633,0.6794,0.6794,1000,0.02556607499718666
543,NY,1.463054800064728e-06,0.6426,0.6426,0,0.02556607499718666
543,TX,5.975177366358815e-07,0.639,0.639,0,0.02556607499718666
544,CA,0.9999979858606991,0.7194,0.7194,1000,0.02401382103562355
544,NY,1.430995549705577e-06,0.6762,0.6762,0,0.02401382103562355
544,TX,5.831437512324861e-07,0.6762,0.6762,0,0.02401382103562355
545,CA,0.9999980364659375,0.719,0.719,1000,0.024044785648584366
545,NY,1.3950417946959493e-06,0.6838,0.6838,0,0.024044785648584366
545,TX,5.684922678148599e-07,0.6762,0.6762,0,0.024044785648584366
546,CA,0.9999980791865886,0.7242,0.7242,1000,0.025460049510002136
546,NY,1.3664755522157202e-06,0.6822,0.6822,0,0.025460049510002136
546,TX,5.543378592321958e-07,0.678,0.678,0,0.025460049510002136
547,CA,0.999998127326147,0.707,0.707,1000,0.024499278515577316
547,NY,1.3331894702442791e-06,0.6578,0.6578,0,0.024499278515577316
547,TX,5.394843826528902e-07,0.6554,0.6554,0,0.024499278515577316
548,CA,0.9999981820596832,0.7034,0.7034,1000,0.024728741496801376
548,NY,1.2947636934628865e-06,0.6616,0.6616,0,0.024728741496801376
548,TX,5.23176623271325e-07,0.6564,0.6564,0,0.024728741496801376
549,CA,0.9999982282674349,0.7206,0.7206,1000,0.02418259158730507
549,NY,1.2629913422968863e-06,0.6838,0.6838,0,0.02418259158730507
549,TX,5.087412227485382e-07,0.6808,0.6808,0,0.02418259158730507
550,CA,0.9999982670480152,0.7,0.7,1000,0.024647746235132217
550,NY,1.2359786729230428e-06,0.6584,0.6584,0,0.024647746235132217
550,TX,4.969733118428311e-07,0.6528,0.6528,0,0.024647746235132217
551,CA,0.9999983110913838,0.719,0.719,1000,0.024364247918128967
551,NY,1.2057336008549968e-06,0.6796,0.6796,0,0.024364247918128967
551,TX,4.831750152888273e-07,0.6798,0.6798,0,0.024364247918128967
552,CA,0.9999983497454007,0.7212,0.7212,1000,0.024084221571683884
552,NY,1.1780978675255225e-06,0.679,0.679,0,0.024084221571683884
552,TX,4.7215673185297876e-07,0.6726,0.6726,0,0.024084221571683884
553,CA,0.9999983919615465,0.7048,0.7048,1000,0.025380749255418777
553,NY,1.1492135737160922e-06,0.6656,0.6656,0,0.025380749255418777
553,TX,4.588248797563774e-07,0.6612,0.6612,0,0.025380749255418777
554,CA,0.9999984301207644,0.7216,0.7216,1000,0.026086941361427307
554,NY,1.1227887150535836e-06,0.6786,0.6786,0,0.026086941361427307
554,TX,4.4709052049289805e-07,0.6778,0.6778,0,0.026086941361427307
555,CA,0.9999984695389659,0.7126,0.7126,1000,0.02409292384982109
555,NY,1.094745127428592e-06,0.6692,0.6692,0,0.02409292384982109
555,TX,4.3571590662857003e-07,0.6646,0.6646,0,0.02409292384982109
556,CA,0.999998509493538,0.7262,0.7262,1000,0.02516978606581688
556,NY,1.0670025923828375e-06,0.6748,0.6748,0,0.02516978606581688
556,TX,4.2350386964423765e-07,0.668,0.668,0,0.02516978606581688
557,CA,0.9999985555436735,0.7022,0.7022,1000,0.024715758860111237
557,NY,1.035231157464503e-06,0.6676,0.6676,0,0.024715758860111237
557,TX,4.0922516921368197e-07,0.6726,0.6726,0,0.024715758860111237
558,CA,0.9999985837025237,0.695,0.695,1000,0.023834623396396637
558,NY,1.0141884189871626e-06,0.6622,0.6622,0,0.023834623396396637
558,TX,4.021090572792393e-07,0.6552,0.6552,0,0.023834623396396637
559,CA,0.9999986127699292,0.703,0.703,1000,0.02345835417509079
559,NY,9.945628548919751e-07,0.659,0.659,0,0.02345835417509079
559,TX,3.926672159026807e-07,0.6518,0.6518,0,0.02345835417509079
560,CA,0.9999986502715386,0.7004,0.7004,1000,0.024904176592826843
560,NY,9.688666107708571e-07,0.6614,0.6614,0,0.024904176592826843
560,TX,3.808618505883234e-07,0.654,0.654,0,0.024904176592826843
561,CA,0.9999986828860498,0.7078,0.7078,1000,0.02451365441083908
561,NY,9.466449303890471e-07,0.6614,0.6614,0,0.02451365441083908
561,TX,3.7046901988854333e-07,0.6612,0.6612,0,0.02451365441083908
562,CA,0.9999987187146613,0.7192,0.7192,1000,0.02459368109703064
562,NY,9.209251339138639e-07,0.6734,0.6734,0,0.02459368109703064
562,TX,3.603602048768203e-07,0.676,0.676,0,0.02459368109703064
563,CA,0.9999987523034584,0.715,0.715,1000,0.023611459881067276
563,NY,8.963914441917282e-07,0.676,0.676,0,0.023611459881067276
563,TX,3.513050975220982e-07,0.6692,0.6692,0,0.023611459881067276
564,CA,0.9999987820696259,0.7168,0.7168,1000,0.02407464012503624
564,NY,8.760070584167088e-07,0.676,0.676,0,0.02407464012503624
564,TX,3.419233155911039e-07,0.6734,0.6734,0,0.02407464012503624
565,CA,0.9999988115317064,0.6926,0.6926,1000,0.024415146559476852
565,NY,8.551886493256784e-07,0.6538,0.6538,0,0.024415146559476852
565,TX,3.332796442029498e-07,0.645,0.645,0,0.024415146559476852
566,CA,0.9999988405080587,0.7066,0.7066,1000,0.023997832089662552
566,NY,8.355849162450838e-07,0.6682,0.6682,0,0.023997832089662552
566,TX,3.239070250502256e-07,0.663,0.663,0,0.023997832089662552
567,CA,0.9999988675845586,0.726,0.726,1000,0.02388802543282509
567,NY,8.167835433157403e-07,0.685,0.685,0,0.02388802543282509
567,TX,3.156318980683809e-07,0.6802,0.6802,0,0.02388802543282509
568,CA,0.9999988953620866,0.7214,0.7214,1000,0.024264607578516006
568,NY,7.973814071359963e-07,0.6678,0.6678,0,0.024264607578516006
568,TX,3.072565062952607e-07,0.6642,0.6642,0,0.024264607578516006
569,CA,0.9999989304002247,0.7162,0.7162,1000,0.02425721287727356
569,NY,7.725530134877017e-07,0.6674,0.6674,0,0.02425721287727356
569,TX,2.9704676175953516e-07,0.6608,0.6608,0,0.02425721287727356
570,CA,0.9999989619565244,0.728,0.728,1000,0.025749504566192627
570,NY,7.505855584074345e-07,0.689,0.689,0,0.025749504566192627
570,TX,2.874579171996784e-07,0.6946,0.6946,0,0.025749504566192627
571,CA,0.9999989844529895,0.7188,0.7188,1000,0.02513967826962471
571,NY,7.336452758505978e-07,0.6754,0.6754,0,0.02513967826962471
571,TX,2.8190173463264096e-07,0.6772,0.6772,0,0.02513967826962471
572,CA,0.9999990098004842,0.7226,0.7226,1000,0.02470669522881508
572,NY,7.151206227111813e-07,0.6834,0.6834,0,0.02470669522881508
572,TX,2.750788930127501e-07,0.683,0.683,0,0.02470669522881508
573,CA,0.9999990323976136,0.7292,0.7292,1000,0.025221504271030426
573,NY,6.988471400645673e-07,0.6812,0.6812,0,0.025221504271030426
573,TX,2.6875524637291625e-07,0.6802,0.6802,0,0.025221504271030426
574,CA,0.9999990594122018,0.7172,0.7172,1000,0.029544491320848465
574,NY,6.794482093546553e-07,0.678,0.678,0,0.029544491320848465
574,TX,2.611395889165871e-07,0.681,0.681,0,0.029544491320848465
575,CA,0.9999990804275696,0.7026,0.7026,1000,0.0254204161465168
575,NY,6.63937875178809e-07,0.673,0.673,0,0.0254204161465168
575,TX,2.556345552026708e-07,0.6674,0.6674,0,0.0254204161465168
576,CA,0.9999990972552871,0.6916,0.6916,1000,0.023667756468057632
576,NY,6.523952096005262e-07,0.6494,0.6494,0,0.023667756468057632
576,TX,2.503495034169337e-07,0.639,0.639,0,0.023667756468057632
577,CA,0.999999121315009,0.714,0.714,1000,0.02464427426457405
577,NY,6.361200547439416e-07,0.6766,0.6766,0,0.02464427426457405
577,TX,2.4256493613893154e-07,0.6754,0.6754,0,0.02464427426457405
578,CA,0.9999991406579893,0.7136,0.7136,1000,0.024078618735074997
578,NY,6.222397341968287e-07,0.6692,0.6692,0,0.024078618735074997
578,TX,2.3710227646909587e-07,0.665,0.665,0,0.024078618735074997
579,CA,0.9999991635049676,0.7026,0.7026,1000,0.024648990482091904
579,NY,6.061172899458513e-07,0.653,0.653,0,0.024648990482091904
579,TX,2.3037774237889522e-07,0.6428,0.6428,0,0.024648990482091904
580,CA,0.9999991892538053,0.733,0.733,1000,0.025063343346118927
580,NY,5.884599471858218e-07,0.6884,0.6884,0,0.025063343346118927
580,TX,2.2228624745981417e-07,0.6882,0.6882,0,0.025063343346118927
581,CA,0.9999992101445779,0.7036,0.7036,1000,0.02528567984700203
581,NY,5.733155196680359e-07,0.662,0.662,0,0.02528567984700203
581,TX,2.1653990236653902e-07,0.6576,0.6576,0,0.02528567984700203
582,CA,0.9999992299912174,0.7252,0.7252,1000,0.02406095340847969
582,NY,5.593158092270303e-07,0.6778,0.6778,0,0.02406095340847969
582,TX,2.1069297328390752e-07,0.6714,0.6714,0,0.02406095340847969
583,CA,0.9999992519288612,0.7096,0.7096,1000,0.024722173810005188
583,NY,5.439485771550269e-07,0.6652,0.6652,0,0.024722173810005188
583,TX,2.0412256159988364e-07,0.6656,0.6656,0,0.024722173810005188
584,CA,0.999999271309234,0.7194,0.7194,1000,0.02440953627228737
584,NY,5.298217057984203e-07,0.6714,0.6714,0,0.02440953627228737
584,TX,1.9886906012508012e-07,0.6702,0.6702,0,0.02440953627228737
585,CA,0.9999992917906664,0.7256,0.7256,1000,0.02488013729453087
585,NY,5.150308347148438e-07,0.6762,0.6762,0,0.02488013729453087
585,TX,1.9317849890883106e-07,0.6762,0.6762,0,0.02488013729453087
586,CA,0.9999993120650735,0.7236,0.7236,1000,0.025232411921024323
586,NY,5.002866844296602e-07,0.6784,0.6784,0,0.025232411921024323
586,TX,1.8764824202361956e-07,0.6766,0.6766,0,0.025232411921024323
587,CA,0.999999330301558,0.6824,0.6824,1000,0.02385779470205307
587,NY,4.871670842768536e-07,0.6404,0.6404,0,0.02385779470205307
587,TX,1.8253135780587372e-07,0.6278,0.6278,0,0.02385779470205307
588,CA,0.9999993483871558,0.7228,0.7228,1000,0.02414960041642189
588,NY,4.7500528976512457e-07,0.6852,0.6852,0,0.02414960041642189
588,TX,1.7660755445202084e-07,0.6892,0.6892,0,0.02414960041642189
589,CA,0.999999362198508,0.7028,0.7028,1000,0.024371296167373657
589,NY,4.6463833606216127e-07,0.6538,0.6538,0,0.024371296167373657
589,TX,1.7316315596739877e-07,0.644,0.644,0,0.024371296167373657
590,CA,0.9999993815485501,0.7178,0.7178,1000,0.024271667003631592
590,NY,4.5126785004025686e-07,0.677,0.677,0,0.024271667003631592
590,TX,1.6718359990543902e-07,0.6638,0.6638,0,0.024271667003631592
591,CA,0.9999993975222525,0.708,0.708,1000,0.02458801493048668
591,NY,4.4054965456166953e-07,0.663,0.663,0,0.02458801493048668
591,TX,1.619280928896952e-07,0.6618,0.6618,0,0.02458801493048668
592,CA,0.9999994135092527,0.7286,0.7286,1000,0.025689207017421722
592,NY,4.2894267403318774e-07,0.6848,0.6848,0,0.025689207017421722
592,TX,1.575480732236965e-07,0.685,0.685,0,0.025689207017421722
593,CA,0.9999994283517671,0.7084,0.7084,1000,0.025127094238996506
593,NY,4.1807394882422083e-07,0.6752,0.6752,0,0.025127094238996506
593,TX,1.5357428399985595e-07,0.6738,0.6738,0,0.025127094238996506
594,CA,0.9999994395866738,0.716,0.716,1000,0.02578754350543022
594,NY,4.0994936018426026e-07,0.6746,0.6746,0,0.02578754350543022
594,TX,1.5046396596050275e-07,0.6676,0.6676,0,0.02578754350543022
595,CA,0.9999994537209083,0.727,0.727,1000,0.02428663894534111
595,NY,4.000589791770027e-07,0.6898,0.6898,0,0.02428663894534111
595,TX,1.462201125770452e-07,0.6866,0.6866,0,0.02428663894534111
596,CA,0.9999994657588211,0.7242,0.7242,1000,0.025462839752435684
596,NY,3.914416161848114e-07,0.6844,0.6844,0,0.025462839752435684
596,TX,1.427995627337429e-07,0.6936,0.6936,0,0.025462839752435684
597,CA,0.9999994773288434,0.7076,0.7076,1000,0.024496104568243027
597,NY,3.824059076269158e-07,0.6604,0.6604,0,0.024496104568243027
597,TX,1.4026524895257187e-07,0.6556,0.6556,0,0.024496104568243027
598,CA,0.9999994921703396,0.7102,0.7102,1000,0.024516049772500992
598,NY,3.7183578030410867e-07,0.6706,0.6706,0,0.024516049772500992
598,TX,1.3599388007286176e-07,0.6652,0.6652,0,0.024516049772500992
599,CA,0.9999995043586282,0.7078,0.7078,1000,0.02508440986275673
599,NY,3.6322585788052676e-07,0.6682,0.6682,0,0.02508440986275673
599,TX,1.324155138916233e-07,0.6688,0.6688,0,0.02508440986275673
600,CA,0.999999515804898,,,0,
600,NY,3.54803479946115e-07,,,0,
600,TX,1.293916220351808e-07,,,0,
