t,state,p,acc,fitness,sample_count,step_seconds
0,CA,0.3333333333333333,0.7768,0.7768,336,0.6095262840390205
0,NY,0.3333333333333333,0.7518,0.7518,334,0.6095262840390205
0,TX,0.3333333333333333,0.7698,0.7698,330,0.6095262840390205
1,CA,0.33534651970406165,0.7732,0.7732,356,0.044633835554122925
1,NY,0.3306281141476672,0.747,0.747,319,0.044633835554122925
1,TX,0.33402536614827116,0.7628,0.7628,325,0.044633835554122925
2,CA,0.33765755073310927,0.7732,0.7732,340,0.03960704058408737
2,NY,0.32798775087265103,0.754,0.754,314,0.03960704058408737
2,TX,0.33435469839423965,0.7612,0.7612,346,0.03960704058408737
3,CA,0.33963221772567287,0.773,0.773,311,0.039400964975357056
3,NY,0.3263336858309987,0.7512,0.7512,343,0.039400964975357056
3,TX,0.33403409644332854,0.7648,0.7648,346,0.039400964975357056
4,CA,0.34153021534985206,0.7794,0.7794,350,0.03944775462150574
4,NY,0.32412249263577775,0.7542,0.7542,321,0.03944775462150574
4,TX,0.33434729201437013,0.7714,0.7714,329,0.03944775462150574
5,CA,0.34362406760494124,0.776,0.776,316,0.04062198847532272
5,NY,0.32149123207819413,0.7526,0.7526,331,0.04062198847532272
5,TX,0.33488470031686457,0.7676,0.7676,353,0.04062198847532272
6,CA,0.3456355901222581,0.7736,0.7736,370,0.03876174986362457
6,NY,0.3191125320705927,0.7528,0.7528,320,0.03876174986362457
6,TX,0.3352518778071492,0.7704,0.7704,310,0.03876174986362457
7,CA,0.3471447275807668,0.7702,0.7702,325,0.039101265370845795
7,NY,0.3167471111009024,0.7514,0.7514,306,0.039101265370845795
7,TX,0.33610816131833077,0.7752,0.7752,369,0.039101265370845795
8,CA,0.3479849681458131,0.7762,0.7762,347,0.03908036649227142
8,NY,0.31414169458873226,0.7606,0.7606,317,0.03908036649227142
8,TX,0.3378733372654546,0.7678,0.7678,336,0.03908036649227142
9,CA,0.34950774250006694,0.7786,0.7786,343,0.03984616696834564
9,NY,0.3127452560176243,0.7582,0.7582,313,0.03984616696834564
9,TX,0.33774700148230874,0.771,0.771,344,0.03984616696834564
10,CA,0.35127475771245,0.7738,0.7738,345,0.0394987016916275
10,NY,0.31072118205010024,0.7528,0.7528,320,0.0394987016916275
10,TX,0.3380040602374498,0.762,0.762,335,0.0394987016916275
11,CA,0.35336923296335254,0.7746,0.7746,356,0.03875010460615158
11,NY,0.30887329798102975,0.758,0.758,304,0.03875010460615158
11,TX,0.3377574690556176,0.7714,0.7714,340,0.03875010460615158
12,CA,0.35460977181503583,0.775,0.775,356,0.03882317990064621
12,NY,0.307058217237154,0.752,0.752,294,0.03882317990064621
12,TX,0.3383320109478101,0.766,0.766,350,0.03882317990064621
13,CA,0.35664057913257824,0.7762,0.7762,343,0.03904206305742264
13,NY,0.30481513400698823,0.7508,0.7508,314,0.03904206305742264
13,TX,0.33854428686043353,0.7724,0.7724,343,0.03904206305742264
14,CA,0.35846271536512575,0.7738,0.7738,344,0.03896843641996384
14,NY,0.30199130020521747,0.7568,0.7568,318,0.03896843641996384
14,TX,0.3395459844296568,0.768,0.768,338,0.03896843641996384
15,CA,0.35990395821490045,0.7764,0.7764,356,0.039422228932380676
15,NY,0.30029958839010545,0.7594,0.7594,293,0.039422228932380676
15,TX,0.33979645339499415,0.769,0.769,351,0.039422228932380676
16,CA,0.3614543595047084,0.7734,0.7734,344,0.038615211844444275
16,NY,0.2987070027788639,0.7524,0.7524,299,0.038615211844444275
16,TX,0.3398386377164277,0.7646,0.7646,357,0.038615211844444275
17,CA,0.3633523452671934,0.7752,0.7752,376,0.038896918296813965
17,NY,0.29671974364227915,0.7584,0.7584,287,0.038896918296813965
17,TX,0.3399279110905275,0.769,0.769,337,0.038896918296813965
18,CA,0.3648098677029764,0.767,0.767,343,0.03900256007909775
18,NY,0.2950906440442397,0.7498,0.7498,290,0.03900256007909775
18,TX,0.3400994882527839,0.7732,0.7732,367,0.03900256007909775
19,CA,0.36542344453198955,0.7768,0.7768,354,0.03868255764245987
19,NY,0.2927097123720134,0.7586,0.7586,303,0.03868255764245987
19,TX,0.34186684309599696,0.7726,0.7726,343,0.03868255764245987
20,CA,0.36681969587121965,0.7748,0.7748,379,0.042104221880435944
20,NY,0.2908184100011004,0.7562,0.7562,289,0.042104221880435944
20,TX,0.34236189412768,0.771,0.771,332,0.042104221880435944
21,CA,0.3682118381980717,0.7792,0.7792,390,0.038437530398368835
21,NY,0.2888627551369335,0.76,0.76,277,0.038437530398368835
21,TX,0.34292540666499494,0.7696,0.7696,333,0.038437530398368835
22,CA,0.37005007709803706,0.7776,0.7776,372,0.0385056808590889
22,NY,0.28717207016992247,0.7554,0.7554,290,0.0385056808590889
22,TX,0.34277785273204037,0.766,0.766,338,0.0385056808590889
23,CA,0.3722176003269936,0.7724,0.7724,363,0.038817279040813446
23,NY,0.28524671868802176,0.7532,0.7532,288,0.038817279040813446
23,TX,0.34253568098498466,0.7678,0.7678,349,0.038817279040813446
24,CA,0.3737045753722104,0.7772,0.7772,353,0.03824730962514877
24,NY,0.2832838969075158,0.7508,0.7508,286,0.03824730962514877
24,TX,0.3430115277202739,0.7668,0.7668,361,0.03824730962514877
25,CA,0.376041826989249,0.778,0.778,396,0.03934323042631149
25,NY,0.2808211802891857,0.7614,0.7614,290,0.03934323042631149
25,TX,0.3431369927215652,0.7642,0.7642,314,0.03934323042631149
26,CA,0.3780398082185175,0.773,0.773,423,0.0391789972782135
26,NY,0.2796774658712893,0.747,0.747,263,0.0391789972782135
26,TX,0.34228272591019315,0.7688,0.7688,314,0.0391789972782135
27,CA,0.37990595459923376,0.7622,0.7622,374,0.03846197575330734
27,NY,0.27693650803460074,0.7466,0.7466,268,0.03846197575330734
27,TX,0.34315753736616555,0.7614,0.7614,358,0.03846197575330734
28,CA,0.38089910558287804,0.776,0.776,405,0.03892558068037033
28,NY,0.27520246708298013,0.7536,0.7536,265,0.03892558068037033
28,TX,0.34389842733414194,0.7638,0.7638,330,0.03892558068037033
29,CA,0.3831340750805558,0.7768,0.7768,385,0.039110518991947174
29,NY,0.2733258606153045,0.7532,0.7532,261,0.039110518991947174
29,TX,0.3435400643041397,0.7704,0.7704,354,0.039110518991947174
30,CA,0.38500822672516927,0.7758,0.7758,406,0.03878506273031235
30,NY,0.27101471457731335,0.755,0.755,269,0.03878506273031235
30,TX,0.3439770586975175,0.77,0.77,325,0.03878506273031235
31,CA,0.3866700878615004,0.7758,0.7758,368,0.0395314022898674
31,NY,0.2689964248988497,0.7554,0.7554,287,0.0395314022898674
31,TX,0.3443334872396499,0.766,0.766,345,0.0395314022898674
32,CA,0.3886094136725753,0.7762,0.7762,403,0.03879409283399582
32,NY,0.2672398935311538,0.7542,0.7542,258,0.03879409283399582
32,TX,0.3441506927962709,0.7734,0.7734,339,0.03879409283399582
33,CA,0.3901123410351781,0.7734,0.7734,392,0.041159242391586304
33,NY,0.2649505976638132,0.7432,0.7432,297,0.041159242391586304
33,TX,0.3449370613010086,0.7694,0.7694,311,0.041159242391586304
34,CA,0.39218700371550214,0.771,0.771,406,0.03903063386678696
34,NY,0.2618236815768812,0.7506,0.7506,234,0.03903063386678696
34,TX,0.3459893147076168,0.771,0.771,360,0.03903063386678696
35,CA,0.39337338833598623,0.7736,0.7736,393,0.039006806910037994
35,NY,0.2595906625755221,0.752,0.752,275,0.039006806910037994
35,TX,0.34703594908849167,0.7656,0.7656,332,0.039006806910037994
36,CA,0.39524161493609933,0.779,0.779,391,0.03929026424884796
36,NY,0.2576470517325933,0.7564,0.7564,259,0.03929026424884796
36,TX,0.3471113333313075,0.7602,0.7602,350,0.03929026424884796
37,CA,0.398004269383539,0.7774,0.7774,402,0.038654714822769165
37,NY,0.2561519834971333,0.7576,0.7576,257,0.038654714822769165
37,TX,0.34584374711932775,0.7696,0.7696,341,0.038654714822769165
38,CA,0.3997516682888343,0.772,0.772,405,0.03901757299900055
38,NY,0.2544105666899397,0.7506,0.7506,276,0.03901757299900055
38,TX,0.3458377650212261,0.7606,0.7606,319,0.03901757299900055
39,CA,0.4018805777263865,0.773,0.773,409,0.03813621401786804
39,NY,0.25267663522278627,0.7564,0.7564,265,0.03813621401786804
39,TX,0.3454427870508272,0.7666,0.7666,326,0.03813621401786804
40,CA,0.4033377042216136,0.7752,0.7752,390,0.03818883001804352
40,NY,0.25121847900896976,0.7596,0.7596,263,0.03818883001804352
40,TX,0.34544381676941666,0.767,0.767,347,0.03818883001804352
41,CA,0.4048775818362893,0.7752,0.7752,419,0.038133494555950165
41,NY,0.24996151855766047,0.7484,0.7484,242,0.038133494555950165
41,TX,0.3451608996060503,0.763,0.763,339,0.038133494555950165
42,CA,0.40738124426282224,0.7686,0.7686,423,0.03851648420095444
42,NY,0.2477102415820538,0.7558,0.7558,232,0.03851648420095444
42,TX,0.34490851415512397,0.7724,0.7724,345,0.03851648420095444
43,CA,0.40781013867414817,0.7762,0.7762,382,0.03872781991958618
43,NY,0.24617637666338227,0.7532,0.7532,248,0.03872781991958618
43,TX,0.3460134846624696,0.7638,0.7638,370,0.03872781991958618
44,CA,0.41010810722414226,0.7774,0.7774,403,0.03906586766242981
44,NY,0.2443578568890262,0.7568,0.7568,255,0.03906586766242981
44,TX,0.34553403588683157,0.7692,0.7692,342,0.03906586766242981
45,CA,0.41193140334747336,0.7724,0.7724,401,0.03938060253858566
45,NY,0.24259955570318206,0.7554,0.7554,237,0.03938060253858566
45,TX,0.34546904094934455,0.7582,0.7582,362,0.03938060253858566
46,CA,0.41404081863592235,0.774,0.774,417,0.038764141499996185
46,NY,0.24150304504385614,0.7548,0.7548,243,0.038764141499996185
46,TX,0.34445613632022143,0.767,0.767,340,0.038764141499996185
47,CA,0.4156923525000374,0.7738,0.7738,426,0.03896847367286682
47,NY,0.23984214385870245,0.7578,0.7578,240,0.03896847367286682
47,TX,0.34446550364126016,0.7676,0.7676,334,0.03896847367286682
48,CA,0.41709690019275125,0.7744,0.7744,435,0.0387456938624382
48,NY,0.23848179642753844,0.7536,0.7536,217,0.0387456938624382
48,TX,0.34442130337971033,0.7704,0.7704,348,0.0387456938624382
49,CA,0.4185920993241378,0.7758,0.7758,419,0.038598984479904175
49,NY,0.23653113037022053,0.7568,0.7568,249,0.038598984479904175
49,TX,0.3448767703056417,0.7694,0.7694,332,0.038598984479904175
50,CA,0.420177716008292,0.7734,0.7734,408,0.03876921534538269
50,NY,0.23488677624019974,0.7604,0.7604,248,0.03876921534538269
50,TX,0.3449355077515081,0.7688,0.7688,344,0.03876921534538269
51,CA,0.4212800261565079,0.7738,0.7738,419,0.04096809774637222
51,NY,0.2337766203416054,0.755,0.755,249,0.04096809774637222
51,TX,0.34494335350188665,0.7702,0.7702,332,0.04096809774637222
52,CA,0.4226230412057197,0.776,0.776,409,0.039042599499225616
52,NY,0.23203625541777964,0.7524,0.7524,238,0.039042599499225616
52,TX,0.3453407033765007,0.7646,0.7646,353,0.039042599499225616
53,CA,0.42487491164522734,0.7832,0.7832,428,0.039181776344776154
53,NY,0.23017282483248622,0.7612,0.7612,232,0.039181776344776154
53,TX,0.3449522635222865,0.7694,0.7694,340,0.039181776344776154
54,CA,0.4272286326774802,0.775,0.775,412,0.03813839703798294
54,NY,0.22859247664975282,0.7464,0.7464,238,0.03813839703798294
54,TX,0.34417889067276697,0.7676,0.7676,350,0.03813839703798294
55,CA,0.429426490346667,0.7776,0.7776,435,0.038416095077991486
55,NY,0.22606627516499989,0.7566,0.7566,238,0.038416095077991486
55,TX,0.34450723448833304,0.7664,0.7664,327,0.038416095077991486
56,CA,0.43151558137195284,0.7734,0.7734,427,0.03890802711248398
56,NY,0.2244823840000262,0.7508,0.7508,216,0.03890802711248398
56,TX,0.3440020346280209,0.768,0.768,357,0.03890802711248398
57,CA,0.4332086746257948,0.7736,0.7736,444,0.03867780417203903
57,NY,0.22249116090945598,0.754,0.754,233,0.03867780417203903
57,TX,0.3443001644647492,0.7696,0.7696,323,0.03867780417203903
58,CA,0.43461475908743574,0.7808,0.7808,427,0.03824242204427719
58,NY,0.22074658671673553,0.7546,0.7546,218,0.03824242204427719
58,TX,0.34463865419582873,0.7658,0.7658,355,0.03824242204427719
59,CA,0.43730448133305216,0.7758,0.7758,465,0.03922393172979355
59,NY,0.21884490115569716,0.7594,0.7594,217,0.03922393172979355
59,TX,0.3438506175112506,0.7676,0.7676,318,0.03922393172979355
60,CA,0.4388883724375522,0.77,0.77,438,0.038905441761016846
60,NY,0.21760913155535777,0.7566,0.7566,199,0.038905441761016846
60,TX,0.3435024960070901,0.77,0.77,363,0.038905441761016846
61,CA,0.4396126062307723,0.7714,0.7714,442,0.037740565836429596
61,NY,0.2163180654391892,0.7426,0.7426,215,0.037740565836429596
61,TX,0.3440693283300385,0.75,0.75,343,0.037740565836429596
62,CA,0.4430121111875511,0.7752,0.7752,427,0.03918170928955078
62,NY,0.21444667716699284,0.7556,0.7556,213,0.03918170928955078
62,TX,0.34254121164545615,0.7632,0.7632,360,0.03918170928955078
63,CA,0.44509659578190813,0.7706,0.7706,462,0.039921924471855164
63,NY,0.21307685483513414,0.7552,0.7552,212,0.039921924471855164
63,TX,0.3418265493829577,0.7686,0.7686,326,0.039921924471855164
64,CA,0.4460955708716004,0.7698,0.7698,427,0.03859902173280716
64,NY,0.21169766441180377,0.758,0.758,226,0.03859902173280716
64,TX,0.3422067647165959,0.7684,0.7684,347,0.03859902173280716
65,CA,0.4468472483118017,0.7724,0.7724,427,0.03860204666852951
65,NY,0.21064052240392878,0.75,0.75,212,0.03860204666852951
65,TX,0.34251222928426955,0.763,0.763,361,0.03860204666852951
66,CA,0.4488575249261275,0.7742,0.7742,449,0.03875260055065155
66,NY,0.20891405221842296,0.7514,0.7514,197,0.03875260055065155
66,TX,0.3422284228554496,0.7656,0.7656,354,0.03875260055065155
67,CA,0.45081568532152305,0.7732,0.7732,468,0.039283670485019684
67,NY,0.2071290108581124,0.751,0.751,210,0.039283670485019684
67,TX,0.3420553038203646,0.7654,0.7654,322,0.039283670485019684
68,CA,0.4526706586633183,0.781,0.781,449,0.22232240438461304
68,NY,0.20537741426535255,0.7554,0.7554,204,0.22232240438461304
68,TX,0.34195192707132926,0.7676,0.7676,347,0.22232240438461304
69,CA,0.455185505581797,0.7708,0.7708,445,0.04135487973690033
69,NY,0.20354991975856696,0.7558,0.7558,213,0.04135487973690033
69,TX,0.34126457465963606,0.7648,0.7648,342,0.04135487973690033
70,CA,0.45650046725388016,0.7718,0.7718,462,0.03885716199874878
70,NY,0.202408743487148,0.7594,0.7594,197,0.03885716199874878
70,TX,0.3410907892589717,0.7634,0.7634,341,0.03885716199874878
71,CA,0.45788954645538016,0.7744,0.7744,443,0.03808717429637909
71,NY,0.20160377573397517,0.7588,0.7588,198,0.03808717429637909
71,TX,0.34050667781064464,0.7732,0.7732,359,0.03808717429637909
72,CA,0.45880841137840844,0.7746,0.7746,457,0.03855440020561218
72,NY,0.200232344346824,0.7544,0.7544,200,0.03855440020561218
72,TX,0.3409592442747676,0.764,0.764,343,0.03855440020561218
73,CA,0.4607971307136751,0.7704,0.7704,501,0.038396283984184265
73,NY,0.19881116424143733,0.7516,0.7516,185,0.038396283984184265
73,TX,0.3403917050448874,0.7596,0.7596,314,0.038396283984184265
74,CA,0.46273491952128365,0.7764,0.7764,462,0.03752615302801132
74,NY,0.19752715656377323,0.761,0.761,200,0.03752615302801132
74,TX,0.33973792391494323,0.7678,0.7678,338,0.03752615302801132
75,CA,0.4642936289143385,0.7738,0.7738,455,0.038046061992645264
75,NY,0.19647434686343726,0.756,0.756,201,0.038046061992645264
75,TX,0.33923202422222415,0.7724,0.7724,344,0.038046061992645264
76,CA,0.4653356807788527,0.7808,0.7808,482,0.03831971436738968
76,NY,0.1949392742586042,0.7578,0.7578,180,0.03831971436738968
76,TX,0.33972504496254313,0.7638,0.7638,338,0.03831971436738968
77,CA,0.4680319445494664,0.779,0.779,504,0.03848819434642792
77,NY,0.19353646290296603,0.7584,0.7584,170,0.03848819434642792
77,TX,0.3384315925475676,0.7722,0.7722,326,0.03848819434642792
78,CA,0.46969215343488424,0.7738,0.7738,470,0.037809260189533234
78,NY,0.19197396535310746,0.7522,0.7522,192,0.037809260189533234
78,TX,0.3383338812120083,0.7658,0.7658,338,0.037809260189533234
79,CA,0.47151390920031294,0.7748,0.7748,476,0.03961589187383652
79,NY,0.19037177734235064,0.756,0.756,181,0.03961589187383652
79,TX,0.33811431345733645,0.7672,0.7672,343,0.03961589187383652
80,CA,0.47315311179155,0.774,0.774,457,0.03866070508956909
80,NY,0.1890100287783417,0.7512,0.7512,198,0.03866070508956909
80,TX,0.3378368594301082,0.7668,0.7668,345,0.03866070508956909
81,CA,0.47495812778623253,0.7778,0.7778,444,0.03783398121595383
81,NY,0.18729259398467127,0.7536,0.7536,202,0.03783398121595383
81,TX,0.33774927822909623,0.7616,0.7616,354,0.03783398121595383
82,CA,0.4776459323885109,0.7722,0.7722,460,0.03878764808177948
82,NY,0.18578857309140245,0.755,0.755,174,0.03878764808177948
82,TX,0.3365654945200868,0.7664,0.7664,366,0.03878764808177948
83,CA,0.47903737440576144,0.7752,0.7752,476,0.038161516189575195
83,NY,0.1845213836159425,0.7594,0.7594,184,0.038161516189575195
83,TX,0.33644124197829606,0.7676,0.7676,340,0.038161516189575195
84,CA,0.4805186644908943,0.7792,0.7792,479,0.03819748014211655
84,NY,0.18344457120855892,0.757,0.757,176,0.03819748014211655
84,TX,0.3360367643005468,0.766,0.766,345,0.03819748014211655
85,CA,0.48282755136930916,0.7696,0.7696,475,0.03833521902561188
85,NY,0.18202608911405402,0.7512,0.7512,191,0.03833521902561188
85,TX,0.33514635951663685,0.7718,0.7718,334,0.03833521902561188
86,CA,0.4835412660515944,0.7724,0.7724,497,0.038461774587631226
86,NY,0.18039968561673378,0.7542,0.7542,163,0.038461774587631226
86,TX,0.3360590483316718,0.7674,0.7674,340,0.038461774587631226
87,CA,0.48489921627169225,0.7742,0.7742,484,0.03870701044797897
87,NY,0.17904866226102975,0.7446,0.7446,189,0.03870701044797897
87,TX,0.3360521214672781,0.7646,0.7646,327,0.03870701044797897
88,CA,0.4872406574766865,0.7738,0.7738,486,0.03776458650827408
88,NY,0.17691164150457062,0.7514,0.7514,182,0.03776458650827408
88,TX,0.3358477010187429,0.7708,0.7708,332,0.03776458650827408
89,CA,0.48860979066611204,0.7712,0.7712,498,0.038198523223400116
89,NY,0.17516839530656544,0.7506,0.7506,183,0.038198523223400116
89,TX,0.33622181402732254,0.7582,0.7582,319,0.038198523223400116
90,CA,0.49082096586576934,0.7754,0.7754,513,0.03895503282546997
90,NY,0.17391458820705416,0.7596,0.7596,156,0.03895503282546997
90,TX,0.33526444592717647,0.7714,0.7714,331,0.03895503282546997
91,CA,0.4919539807943263,0.7742,0.7742,467,0.03848978132009506
91,NY,0.17276474518743318,0.76,0.76,176,0.03848978132009506
91,TX,0.3352812740182405,0.7732,0.7732,357,0.03848978132009506
92,CA,0.4927284105119009,0.7756,0.7756,522,0.037796877324581146
92,NY,0.171651792092635,0.7552,0.7552,170,0.037796877324581146
92,TX,0.33561979739546405,0.765,0.765,308,0.037796877324581146
93,CA,0.4946951738733836,0.7736,0.7736,492,0.03809373080730438
93,NY,0.1703569613969794,0.7564,0.7564,176,0.03809373080730438
93,TX,0.33494786472963706,0.7664,0.7664,332,0.03809373080730438
94,CA,0.4961896077725913,0.7752,0.7752,460,0.03763428330421448
94,NY,0.16921451910541194,0.75,0.75,157,0.03763428330421448
94,TX,0.33459587312199673,0.767,0.767,383,0.03763428330421448
95,CA,0.4981561606078364,0.78,0.78,517,0.0380733385682106
95,NY,0.16747354945288945,0.7568,0.7568,159,0.0380733385682106
95,TX,0.33437028993927415,0.7722,0.7722,324,0.0380733385682106
96,CA,0.4999800977255346,0.7722,0.7722,520,0.038093119859695435
96,NY,0.16589593974792013,0.7532,0.7532,152,0.038093119859695435
96,TX,0.3341239625265452,0.7666,0.7666,328,0.038093119859695435
97,CA,0.5014012676013121,0.775,0.775,516,0.038656845688819885
97,NY,0.16458384238241475,0.7526,0.7526,151,0.038656845688819885
97,TX,0.3340148900162731,0.7678,0.7678,333,0.038656845688819885
98,CA,0.5031279418340823,0.7706,0.7706,481,0.038324251770973206
98,NY,0.16306646503497377,0.7504,0.7504,174,0.038324251770973206
98,TX,0.3338055931309441,0.7662,0.7662,345,0.038324251770973206
99,CA,0.5044849417076962,0.7748,0.7748,501,0.03742724657058716
99,NY,0.16164090447561472,0.7484,0.7484,145,0.03742724657058716
99,TX,0.3338741538166891,0.7664,0.7664,354,0.03742724657058716
100,CA,0.5065031526544249,0.7794,0.7794,507,0.038366109132766724
100,NY,0.15987354131730297,0.7562,0.7562,156,0.038366109132766724
100,TX,0.3336233060282722,0.7704,0.7704,337,0.038366109132766724
101,CA,0.5084208529987234,0.7756,0.7756,508,0.04201380908489227
101,NY,0.15838650790799627,0.7524,0.7524,161,0.04201380908489227
101,TX,0.3331926390932803,0.7704,0.7704,331,0.04201380908489227
102,CA,0.5099738574384632,0.775,0.775,516,0.04014745354652405
102,NY,0.15679450936155823,0.7532,0.7532,175,0.04014745354652405
102,TX,0.33323163319997845,0.7596,0.7596,309,0.04014745354652405
103,CA,0.5124422085429247,0.7724,0.7724,489,0.04014487564563751
103,NY,0.15561839638748212,0.7458,0.7458,171,0.04014487564563751
103,TX,0.33193939506959325,0.762,0.762,340,0.04014487564563751
104,CA,0.514646564594123,0.7754,0.7754,519,0.0392206534743309
104,NY,0.15394226327700583,0.7566,0.7566,152,0.0392206534743309
104,TX,0.33141117212887133,0.7642,0.7642,329,0.0392206534743309
105,CA,0.5165686164066012,0.7768,0.7768,533,0.03886228799819946
105,NY,0.15288098410136974,0.7536,0.7536,158,0.03886228799819946
105,TX,0.33055039949202913,0.7666,0.7666,309,0.03886228799819946
106,CA,0.5185878790240228,0.7756,0.7756,529,0.03821185976266861
106,NY,0.1514745967945384,0.757,0.757,133,0.03821185976266861
106,TX,0.32993752418143873,0.7716,0.7716,338,0.03821185976266861
107,CA,0.5197990194036542,0.7734,0.7734,491,0.03846949338912964
107,NY,0.15023790688816033,0.7518,0.7518,147,0.03846949338912964
107,TX,0.32996307370818545,0.763,0.763,362,0.03846949338912964
108,CA,0.521763430402361,0.772,0.772,512,0.03992653638124466
108,NY,0.1489688699093524,0.7488,0.7488,158,0.03992653638124466
108,TX,0.3292676996882867,0.7614,0.7614,330,0.03992653638124466
109,CA,0.523816814604012,0.7784,0.7784,505,0.03891146183013916
109,NY,0.1475970742251427,0.7562,0.7562,164,0.03891146183013916
109,TX,0.32858611117084535,0.764,0.764,331,0.03891146183013916
110,CA,0.5261862787124718,0.7718,0.7718,519,0.03776123374700546
110,NY,0.14641391564886477,0.746,0.746,140,0.03776123374700546
110,TX,0.3273998056386634,0.7646,0.7646,341,0.03776123374700546
111,CA,0.5280144991518178,0.7718,0.7718,531,0.03872860223054886
111,NY,0.14478321857826348,0.753,0.753,143,0.03872860223054886
111,TX,0.3272022822699187,0.7604,0.7604,326,0.03872860223054886
112,CA,0.5299442975406996,0.7734,0.7734,515,0.03867536038160324
112,NY,0.1437705124182879,0.7504,0.7504,159,0.03867536038160324
112,TX,0.3262851900410125,0.7678,0.7678,326,0.03867536038160324
113,CA,0.5314829183667832,0.7784,0.7784,536,0.03873399645090103
113,NY,0.1423178941334916,0.7556,0.7556,143,0.03873399645090103
113,TX,0.3261991874997251,0.7578,0.7578,321,0.03873399645090103
114,CA,0.5344776495466147,0.7724,0.7724,534,0.03820469230413437
114,NY,0.14128493924795826,0.7522,0.7522,156,0.03820469230413437
114,TX,0.32423741120542704,0.7692,0.7692,310,0.03820469230413437
115,CA,0.5356537411909424,0.7704,0.7704,531,0.03850884735584259
115,NY,0.13998206551928247,0.7532,0.7532,138,0.03850884735584259
115,TX,0.3243641932897751,0.7608,0.7608,331,0.03850884735584259
116,CA,0.5373295842023039,0.7768,0.7768,569,0.03794921934604645
116,NY,0.139055787395604,0.751,0.751,135,0.03794921934604645
116,TX,0.323614628402092,0.7628,0.7628,296,0.03794921934604645
117,CA,0.5397959254300954,0.7754,0.7754,544,0.03866761177778244
117,NY,0.13766562747604955,0.7514,0.7514,133,0.03866761177778244
117,TX,0.32253844709385504,0.7686,0.7686,323,0.03866761177778244
118,CA,0.541472506723056,0.771,0.771,537,0.03886908292770386
118,NY,0.13622645544928963,0.7474,0.7474,135,0.03886908292770386
118,TX,0.3223010378276544,0.7636,0.7636,328,0.03886908292770386
119,CA,0.5431900952830552,0.779,0.779,555,0.04065043479204178
119,NY,0.13483748979295662,0.754,0.754,125,0.04065043479204178
119,TX,0.32197241492398826,0.7702,0.7702,320,0.04065043479204178
120,CA,0.5450911103340662,0.7706,0.7706,553,0.03849625587463379
120,NY,0.13340790276205514,0.748,0.748,136,0.03849625587463379
120,TX,0.3215009869038787,0.7648,0.7648,311,0.03849625587463379
121,CA,0.5465975178822393,0.775,0.775,544,0.0394425243139267
121,NY,0.13206905829923668,0.7556,0.7556,125,0.0394425243139267
121,TX,0.32133342381852403,0.7694,0.7694,331,0.0394425243139267
122,CA,0.547943949495387,0.7754,0.7754,557,0.03905761241912842
122,NY,0.1309473688440573,0.755,0.755,133,0.03905761241912842
122,TX,0.32110868166055573,0.7686,0.7686,310,0.03905761241912842
123,CA,0.5494464212750791,0.7758,0.7758,541,0.03867858648300171
123,NY,0.1297976695567324,0.755,0.755,137,0.03867858648300171
123,TX,0.3207559091681886,0.766,0.766,322,0.03867858648300171
124,CA,0.5512603214890449,0.7752,0.7752,536,0.03855958580970764
124,NY,0.1287008304380982,0.7522,0.7522,128,0.03855958580970764
124,TX,0.32003884807285704,0.766,0.766,336,0.03855958580970764
125,CA,0.5530999822871875,0.7746,0.7746,570,0.038436196744441986
125,NY,0.12745728008616347,0.7522,0.7522,129,0.038436196744441986
125,TX,0.31944273762664893,0.7696,0.7696,301,0.038436196744441986
126,CA,0.5544911334753538,0.7812,0.7812,549,0.03900700807571411
126,NY,0.12616497522317627,0.7534,0.7534,135,0.03900700807571411
126,TX,0.31934389130147,0.7742,0.7742,316,0.03900700807571411
127,CA,0.5562846591618424,0.7718,0.7718,537,0.038294799625873566
127,NY,0.1245975778817434,0.7576,0.7576,131,0.038294799625873566
127,TX,0.3191177629564142,0.7704,0.7704,332,0.038294799625873566
128,CA,0.5569812945958256,0.7732,0.7732,556,0.03920438885688782
128,NY,0.123753780058651,0.7568,0.7568,127,0.03920438885688782
128,TX,0.3192649253455233,0.7678,0.7678,317,0.03920438885688782
129,CA,0.5581628397679835,0.7766,0.7766,560,0.038551345467567444
129,NY,0.12286929962758715,0.753,0.753,121,0.038551345467567444
129,TX,0.3189678606044294,0.762,0.762,319,0.038551345467567444
130,CA,0.560547088358191,0.7768,0.7768,545,0.038242191076278687
130,NY,0.1217550049233552,0.7534,0.7534,124,0.038242191076278687
130,TX,0.3176979067184537,0.768,0.768,331,0.038242191076278687
131,CA,0.5623335953190026,0.7698,0.7698,555,0.03881771117448807
131,NY,0.12053445495943958,0.7578,0.7578,127,0.03881771117448807
131,TX,0.3171319497215578,0.7696,0.7696,318,0.03881771117448807
132,CA,0.5628137391834175,0.7718,0.7718,589,0.03800017386674881
132,NY,0.11981939938503361,0.7568,0.7568,112,0.03800017386674881
132,TX,0.3173668614315489,0.7678,0.7678,299,0.03800017386674881
133,CA,0.5637895866104122,0.7706,0.7706,576,0.03814107924699783
133,NY,0.11901100510416909,0.7448,0.7448,137,0.03814107924699783
133,TX,0.31719940828541865,0.761,0.761,287,0.03814107924699783
134,CA,0.5657436478684872,0.776,0.776,580,0.03835491091012955
134,NY,0.11768333089255585,0.7556,0.7556,102,0.03835491091012955
134,TX,0.31657302123895686,0.7716,0.7716,318,0.03835491091012955
135,CA,0.5669547030959905,0.7756,0.7756,585,0.038257673382759094
135,NY,0.11658058725822956,0.7498,0.7498,92,0.038257673382759094
135,TX,0.31646470964577994,0.7652,0.7652,323,0.038257673382759094
136,CA,0.5689731581679902,0.772,0.772,556,0.03866918385028839
136,NY,0.11529565234133048,0.7512,0.7512,113,0.03866918385028839
136,TX,0.3157311894906794,0.7624,0.7624,331,0.03866918385028839
137,CA,0.5707217726990317,0.7706,0.7706,585,0.03988032788038254
137,NY,0.11429247151355501,0.7492,0.7492,116,0.03988032788038254
137,TX,0.3149857557874133,0.765,0.765,299,0.03988032788038254
138,CA,0.5720819549369306,0.775,0.775,619,0.038681335747241974
138,NY,0.11318019586421213,0.7424,0.7424,106,0.038681335747241974
138,TX,0.3147378491988573,0.757,0.757,275,0.038681335747241974
139,CA,0.5751130292435479,0.7698,0.7698,593,0.03805282711982727
139,NY,0.11169015760397057,0.7512,0.7512,104,0.03805282711982727
139,TX,0.3131968131524816,0.7652,0.7652,303,0.03805282711982727
140,CA,0.576258559584852,0.7736,0.7736,597,0.03841521590948105
140,NY,0.11073646209991608,0.7544,0.7544,104,0.03841521590948105
140,TX,0.31300497831523194,0.7714,0.7714,299,0.03841521590948105
141,CA,0.5771745511608894,0.775,0.775,574,0.03861264884471893
141,NY,0.10971180679334482,0.756,0.756,107,0.03861264884471893
141,TX,0.31311364204576575,0.7698,0.7698,319,0.03861264884471893
142,CA,0.5783843406663527,0.773,0.773,595,0.03869223594665527
142,NY,0.10876492728746208,0.755,0.755,107,0.03869223594665527
142,TX,0.3128507320461853,0.7656,0.7656,298,0.03869223594665527
143,CA,0.579781592757925,0.775,0.775,593,0.038647159934043884
143,NY,0.1079207999447946,0.7546,0.7546,116,0.038647159934043884
143,TX,0.3122976072972805,0.7584,0.7584,291,0.038647159934043884
144,CA,0.5822041276015606,0.773,0.773,580,0.03878644108772278
144,NY,0.10712621991032915,0.7496,0.7496,103,0.03878644108772278
144,TX,0.31066965248811024,0.758,0.758,317,0.03878644108772278
145,CA,0.5845670572187815,0.7762,0.7762,566,0.21847624331712723
145,NY,0.10614141481664172,0.7562,0.7562,98,0.21847624331712723
145,TX,0.30929152796457665,0.7692,0.7692,336,0.21847624331712723
146,CA,0.5859816572514689,0.7706,0.7706,576,0.03741654008626938
146,NY,0.10520022378025783,0.7512,0.7512,108,0.03741654008626938
146,TX,0.3088181189682733,0.7608,0.7608,316,0.03741654008626938
147,CA,0.5876634986427937,0.779,0.779,580,0.03827054798603058
147,NY,0.10434620218758864,0.7552,0.7552,117,0.03827054798603058
147,TX,0.3079902991696176,0.7692,0.7692,303,0.03827054798603058
148,CA,0.589486547770345,0.7762,0.7762,603,0.038995303213596344
148,NY,0.10326959923203144,0.7578,0.7578,101,0.038995303213596344
148,TX,0.3072438529976236,0.762,0.762,296,0.038995303213596344
149,CA,0.5915724796736059,0.7726,0.7726,606,0.03878875821828842
149,NY,0.10256144931920663,0.7502,0.7502,86,0.03878875821828842
149,TX,0.30586607100718743,0.7582,0.7582,308,0.03878875821828842
150,CA,0.5938175858074533,0.7784,0.7784,596,0.03913149982690811
150,NY,0.1016497176712685,0.7588,0.7588,105,0.03913149982690811
150,TX,0.30453269652127823,0.7656,0.7656,299,0.03913149982690811
151,CA,0.5957909432969923,0.7776,0.7776,606,0.038619138300418854
151,NY,0.10086349811465609,0.7528,0.7528,104,0.038619138300418854
151,TX,0.30334555858835155,0.7682,0.7682,290,0.038619138300418854
152,CA,0.5975904594208457,0.778,0.778,622,0.03875382989645004
152,NY,0.09975670763110145,0.7498,0.7498,92,0.03875382989645004
152,TX,0.30265283294805284,0.7718,0.7718,286,0.03875382989645004
153,CA,0.5991708100809429,0.7708,0.7708,633,0.03791564702987671
153,NY,0.09843414086199702,0.7514,0.7514,96,0.03791564702987671
153,TX,0.3023950490570602,0.768,0.768,271,0.03791564702987671
154,CA,0.6001048998824913,0.773,0.773,612,0.04198811948299408
154,NY,0.09750752036374932,0.754,0.754,105,0.04198811948299408
154,TX,0.3023875797537594,0.7658,0.7658,283,0.04198811948299408
155,CA,0.601471979357026,0.7712,0.7712,610,0.03879848122596741
155,NY,0.09668234883386828,0.7468,0.7468,96,0.03879848122596741
155,TX,0.3018456718091057,0.765,0.765,294,0.03879848122596741
156,CA,0.6029120283634292,0.7768,0.7768,608,0.03896767646074295
156,NY,0.09557874441179633,0.755,0.755,84,0.03896767646074295
156,TX,0.30150922722477447,0.7668,0.7668,308,0.03896767646074295
157,CA,0.6046471249853219,0.7694,0.7694,595,0.03816068917512894
157,NY,0.09467775255646917,0.7542,0.7542,75,0.03816068917512894
157,TX,0.3006751224582088,0.765,0.765,330,0.03816068917512894
158,CA,0.6055924681685796,0.7768,0.7768,621,0.037810638546943665
158,NY,0.09401117848640676,0.7588,0.7588,102,0.037810638546943665
158,TX,0.3003963533450136,0.7708,0.7708,277,0.037810638546943665
159,CA,0.6067858840904575,0.778,0.778,611,0.038167282938957214
159,NY,0.09324217858629417,0.7554,0.7554,80,0.038167282938957214
159,TX,0.2999719373232483,0.7664,0.7664,309,0.038167282938957214
160,CA,0.6086985765074936,0.7752,0.7752,615,0.03857514262199402
160,NY,0.09234716483204262,0.7528,0.7528,86,0.03857514262199402
160,TX,0.29895425866046377,0.7636,0.7636,299,0.03857514262199402
161,CA,0.6106029083936169,0.7762,0.7762,632,0.03790867328643799
161,NY,0.09146716625424149,0.755,0.755,90,0.03790867328643799
161,TX,0.29792992535214174,0.765,0.765,278,0.03790867328643799
162,CA,0.6124220103950138,0.7716,0.7716,633,0.037979088723659515
162,NY,0.09064469702934652,0.7516,0.7516,99,0.037979088723659515
162,TX,0.29693329257563966,0.7578,0.7578,268,0.037979088723659515
163,CA,0.6144720681097204,0.7748,0.7748,620,0.03839351236820221
163,NY,0.08992139213313952,0.753,0.753,87,0.03839351236820221
163,TX,0.2956065397571401,0.7654,0.7654,293,0.03839351236820221
164,CA,0.6161171953837704,0.7744,0.7744,611,0.038359202444553375
164,NY,0.08905467061581797,0.7576,0.7576,87,0.038359202444553375
164,TX,0.29482813400041175,0.7658,0.7658,302,0.038359202444553375
165,CA,0.6175202723051084,0.7722,0.7722,588,0.037057094275951385
165,NY,0.08841238504250282,0.7546,0.7546,96,0.037057094275951385
165,TX,0.2940673426523887,0.767,0.767,316,0.037057094275951385
166,CA,0.6185971829674158,0.7718,0.7718,640,0.03807695955038071
166,NY,0.08768700115502588,0.7552,0.7552,87,0.03807695955038071
166,TX,0.2937158158775582,0.7642,0.7642,273,0.03807695955038071
167,CA,0.6198874236131449,0.7772,0.7772,628,0.03760843724012375
167,NY,0.08704664121083468,0.7492,0.7492,86,0.03760843724012375
167,TX,0.2930659351760205,0.7594,0.7594,286,0.03760843724012375
168,CA,0.6225686443234812,0.7714,0.7714,630,0.03830878436565399
168,NY,0.08604578487707165,0.7428,0.7428,84,0.03830878436565399
168,TX,0.291385570799447,0.7602,0.7602,286,0.03830878436565399
169,CA,0.6245870498201321,0.7722,0.7722,594,0.038146018981933594
169,NY,0.08493100105606984,0.7518,0.7518,83,0.038146018981933594
169,TX,0.29048194912379793,0.761,0.761,323,0.038146018981933594
170,CA,0.6263492500542758,0.7756,0.7756,641,0.03809697926044464
170,NY,0.08419021512353017,0.7538,0.7538,81,0.03809697926044464
170,TX,0.28946053482219414,0.7668,0.7668,278,0.03809697926044464
171,CA,0.6278990529435864,0.7698,0.7698,634,0.04038921743631363
171,NY,0.08336232425974759,0.75,0.75,87,0.04038921743631363
171,TX,0.28873862279666596,0.7586,0.7586,279,0.04038921743631363
172,CA,0.6296367788000198,0.7762,0.7762,621,0.03893936425447464
172,NY,0.08265781735175004,0.7588,0.7588,69,0.03893936425447464
172,TX,0.28770540384823023,0.768,0.768,310,0.03893936425447464
173,CA,0.6309857961416822,0.7746,0.7746,638,0.03792843222618103
173,NY,0.0820234475205093,0.7572,0.7572,74,0.03792843222618103
173,TX,0.28699075633780846,0.7696,0.7696,288,0.03792843222618103
174,CA,0.632005124951646,0.7752,0.7752,608,0.038702741265296936
174,NY,0.08135041137175854,0.7526,0.7526,95,0.038702741265296936
174,TX,0.2866444636765956,0.766,0.766,297,0.038702741265296936
175,CA,0.633602568788781,0.775,0.775,662,0.03878256678581238
175,NY,0.08051774452546638,0.7486,0.7486,85,0.03878256678581238
175,TX,0.28587968668575275,0.764,0.764,253,0.03878256678581238
176,CA,0.6354894694951674,0.7764,0.7764,682,0.03915857523679733
176,NY,0.07955640438084187,0.7552,0.7552,70,0.03915857523679733
176,TX,0.2849541261239909,0.7674,0.7674,248,0.03915857523679733
177,CA,0.6370139362582682,0.777,0.777,615,0.03887801617383957
177,NY,0.07879552756657887,0.7544,0.7544,88,0.03887801617383957
177,TX,0.28419053617515294,0.7676,0.7676,297,0.03887801617383957
178,CA,0.6386139462918451,0.776,0.776,643,0.03769080340862274
178,NY,0.07798879737982832,0.7586,0.7586,70,0.03769080340862274
178,TX,0.28339725632832663,0.7708,0.7708,287,0.03769080340862274
179,CA,0.6396334235776023,0.774,0.774,647,0.03928471356630325
179,NY,0.07734799875802632,0.754,0.754,78,0.03928471356630325
179,TX,0.28301857766437133,0.7694,0.7694,275,0.03928471356630325
180,CA,0.6406622554491683,0.7776,0.7776,639,0.03882365673780441
180,NY,0.07659899013797095,0.7604,0.7604,70,0.03882365673780441
180,TX,0.2827387544128607,0.7666,0.7666,291,0.03882365673780441
181,CA,0.6422619954305537,0.7742,0.7742,650,0.038557156920433044
181,NY,0.07604723851941758,0.7564,0.7564,82,0.038557156920433044
181,TX,0.28169076605002863,0.761,0.761,268,0.038557156920433044
182,CA,0.6441033129639473,0.7722,0.7722,642,0.03877595067024231
182,NY,0.0755001145404923,0.7518,0.7518,90,0.03877595067024231
182,TX,0.28039657249556044,0.7644,0.7644,268,0.03877595067024231
183,CA,0.6454608478807898,0.7712,0.7712,645,0.0387144610285759
183,NY,0.07478831893934366,0.7468,0.7468,76,0.0387144610285759
183,TX,0.27975083317986654,0.7624,0.7624,279,0.0387144610285759
184,CA,0.6470267762669141,0.775,0.775,640,0.03881623595952988
184,NY,0.07393697883089372,0.7526,0.7526,83,0.03881623595952988
184,TX,0.27903624490219225,0.7636,0.7636,277,0.03881623595952988
185,CA,0.6487948616129807,0.7766,0.7766,632,0.03827916085720062
185,NY,0.07320340773748321,0.7572,0.7572,93,0.03827916085720062
185,TX,0.2780017306495361,0.7622,0.7622,275,0.03827916085720062
186,CA,0.650781481806745,0.7684,0.7684,628,0.038659125566482544
186,NY,0.07262574831467604,0.7546,0.7546,74,0.038659125566482544
186,TX,0.27659276987857895,0.765,0.765,298,0.038659125566482544
187,CA,0.6514971747899696,0.7774,0.7774,663,0.037470996379852295
187,NY,0.07213824780237417,0.7536,0.7536,83,0.037470996379852295
187,TX,0.2763645774076562,0.759,0.759,254,0.037470996379852295
188,CA,0.6539999918135446,0.766,0.766,637,0.04021588712930679
188,NY,0.07144571000342619,0.7502,0.7502,88,0.04021588712930679
188,TX,0.27455429818302923,0.7666,0.7666,275,0.04021588712930679
189,CA,0.6543572240372921,0.7706,0.7706,643,0.03878811001777649
189,NY,0.07084517789744865,0.752,0.752,77,0.03878811001777649
189,TX,0.2747975980652593,0.7636,0.7636,280,0.03878811001777649
190,CA,0.6555573032072274,0.7752,0.7752,675,0.037889204919338226
190,NY,0.07022951929441756,0.7518,0.7518,65,0.037889204919338226
190,TX,0.27421317749835505,0.7616,0.7616,260,0.037889204919338226
191,CA,0.65754738041635,0.779,0.779,659,0.038733452558517456
191,NY,0.06951416661509016,0.7602,0.7602,65,0.038733452558517456
191,TX,0.2729384529685599,0.7704,0.7704,276,0.038733452558517456
192,CA,0.6589007889439431,0.7748,0.7748,614,0.03864128887653351
192,NY,0.06892112609034995,0.7538,0.7538,75,0.03864128887653351
192,TX,0.272178084965707,0.7704,0.7704,311,0.03864128887653351
193,CA,0.6598841930827107,0.7692,0.7692,636,0.0383552610874176
193,NY,0.06820727643645691,0.7534,0.7534,77,0.0383552610874176
193,TX,0.2719085304808325,0.7678,0.7678,287,0.0383552610874176
194,CA,0.6604285826276997,0.775,0.775,658,0.03806523233652115
194,NY,0.0676539121509401,0.7572,0.7572,73,0.03806523233652115
194,TX,0.2719175052213602,0.7706,0.7706,269,0.03806523233652115
195,CA,0.6613230179705017,0.7714,0.7714,664,0.03910437971353531
195,NY,0.06706617387598986,0.7536,0.7536,64,0.03910437971353531
195,TX,0.27161080815350847,0.7652,0.7652,272,0.03910437971353531
196,CA,0.6623991323300379,0.782,0.782,676,0.03763557970523834
196,NY,0.06650029056753956,0.761,0.761,50,0.03763557970523834
196,TX,0.2711005771024226,0.7656,0.7656,274,0.03763557970523834
197,CA,0.6645780516313087,0.7758,0.7758,658,0.03775772452354431
197,NY,0.06593278769089153,0.755,0.755,64,0.03775772452354431
197,TX,0.2694891606777998,0.763,0.763,278,0.03775772452354431
198,CA,0.6663871299163936,0.7718,0.7718,671,0.03814274072647095
198,NY,0.06533789133690848,0.7542,0.7542,56,0.03814274072647095
198,TX,0.2682749787466979,0.7656,0.7656,273,0.03814274072647095
199,CA,0.667446897472659,0.774,0.774,695,0.03898274898529053
199,NY,0.06479173973290843,0.7526,0.7526,69,0.03898274898529053
199,TX,0.26776136279443263,0.7666,0.7666,236,0.03898274898529053
200,CA,0.6687164701341889,0.7726,0.7726,694,0.037697382271289825
200,NY,0.06413190408908272,0.7498,0.7498,43,0.037697382271289825
200,TX,0.2671516257767284,0.7534,0.7534,263,0.037697382271289825
201,CA,0.6712124134528825,0.7778,0.7778,655,0.03779592365026474
201,NY,0.06354329945680934,0.7536,0.7536,62,0.03779592365026474
201,TX,0.2652442870903081,0.7638,0.7638,283,0.03779592365026474
202,CA,0.6732008771797864,0.7722,0.7722,668,0.03792840987443924
202,NY,0.06286401136453687,0.7512,0.7512,58,0.03792840987443924
202,TX,0.2639351114556767,0.7628,0.7628,274,0.03792840987443924
203,CA,0.6746479075898679,0.7758,0.7758,654,0.03827900439500809
203,NY,0.06225261666696991,0.756,0.756,69,0.03827900439500809
203,TX,0.2630994757431621,0.7658,0.7658,277,0.03827900439500809
204,CA,0.6761189351814586,0.7738,0.7738,656,0.03804605454206467
204,NY,0.06169273042499439,0.752,0.752,60,0.03804605454206467
204,TX,0.26218833439354705,0.7684,0.7684,284,0.03804605454206467
205,CA,0.6771728779661754,0.7764,0.7764,657,0.04251214861869812
205,NY,0.061029512352100475,0.7574,0.7574,71,0.04251214861869812
205,TX,0.2617976096817241,0.763,0.763,272,0.04251214861869812
206,CA,0.6789568974904558,0.7734,0.7734,715,0.03840995579957962
206,NY,0.06053581678358624,0.7524,0.7524,54,0.03840995579957962
206,TX,0.2605072857259579,0.7662,0.7662,231,0.03840995579957962
207,CA,0.6801638506634524,0.7746,0.7746,683,0.038231924176216125
207,NY,0.05992530989370568,0.752,0.752,64,0.038231924176216125
207,TX,0.25991083944284193,0.7648,0.7648,253,0.038231924176216125
208,CA,0.6816624779888644,0.7752,0.7752,683,0.03824722021818161
208,NY,0.059292499130305265,0.7556,0.7556,57,0.03824722021818161
208,TX,0.25904502288083037,0.7648,0.7648,260,0.03824722021818161
209,CA,0.6831464517277197,0.777,0.777,671,0.038846418261528015
209,NY,0.05876550421488567,0.7498,0.7498,53,0.038846418261528015
209,TX,0.2580880440573947,0.7648,0.7648,276,0.038846418261528015
210,CA,0.6849763043857767,0.7766,0.7766,695,0.03900689631700516
210,NY,0.05802099634569325,0.7548,0.7548,62,0.03900689631700516
210,TX,0.2570026992685301,0.7624,0.7624,243,0.03900689631700516
211,CA,0.6868762894336025,0.7738,0.7738,683,0.03911425918340683
211,NY,0.057468005843486214,0.7562,0.7562,67,0.03911425918340683
211,TX,0.25565570472291127,0.7692,0.7692,250,0.03911425918340683
212,CA,0.6877243923113562,0.7762,0.7762,702,0.03872162848711014
212,NY,0.056968049837686316,0.7558,0.7558,52,0.03872162848711014
212,TX,0.2553075578509575,0.7684,0.7684,246,0.03872162848711014
213,CA,0.6889475815324977,0.7712,0.7712,692,0.0383550226688385
213,NY,0.05641392065348387,0.7534,0.7534,54,0.0383550226688385
213,TX,0.2546384978140185,0.7624,0.7624,254,0.0383550226688385
214,CA,0.6902121078532563,0.7738,0.7738,705,0.038833312690258026
214,NY,0.05594948272005073,0.7574,0.7574,61,0.038833312690258026
214,TX,0.253838409426693,0.7628,0.7628,234,0.038833312690258026
215,CA,0.6916586695831638,0.7722,0.7722,699,0.03868872672319412
215,NY,0.05554836730922227,0.7522,0.7522,51,0.03868872672319412
215,TX,0.2527929631076139,0.7702,0.7702,250,0.03868872672319412
216,CA,0.6922901580836154,0.7712,0.7712,667,0.0385223925113678
216,NY,0.05497162496300775,0.756,0.756,62,0.0385223925113678
216,TX,0.25273821695337695,0.7732,0.7732,271,0.0385223925113678
217,CA,0.6924192017957979,0.7712,0.7712,652,0.03860851377248764
217,NY,0.054510030925160255,0.7486,0.7486,61,0.03860851377248764
217,TX,0.25307076727904176,0.7612,0.7612,287,0.03860851377248764
218,CA,0.6938932683392395,0.778,0.778,680,0.03859446942806244
218,NY,0.053929062454697835,0.7558,0.7558,66,0.03859446942806244
218,TX,0.25217766920606266,0.7678,0.7678,254,0.03859446942806244
219,CA,0.6953674776675204,0.7766,0.7766,699,0.039335399866104126
219,NY,0.053368851745999125,0.7586,0.7586,55,0.039335399866104126
219,TX,0.25126367058648047,0.7654,0.7654,246,0.039335399866104126
220,CA,0.69684809058295,0.7768,0.7768,721,0.038143984973430634
220,NY,0.05294061833077998,0.7478,0.7478,49,0.038143984973430634
220,TX,0.25021129108627005,0.763,0.763,230,0.038143984973430634
221,CA,0.6988099317203065,0.7738,0.7738,702,0.038505345582962036
221,NY,0.05222316071722092,0.757,0.757,58,0.038505345582962036
221,TX,0.24896690756247253,0.767,0.767,240,0.038505345582962036
222,CA,0.6998240113810622,0.7722,0.7722,702,0.042114533483982086
222,NY,0.051803611144927424,0.7536,0.7536,63,0.042114533483982086
222,TX,0.2483723774740104,0.762,0.762,235,0.042114533483982086
223,CA,0.7012076502928266,0.7734,0.7734,706,0.038893923163414
223,NY,0.051361257203906184,0.755,0.755,44,0.038893923163414
223,TX,0.2474310925032672,0.7682,0.7682,250,0.038893923163414
224,CA,0.7020911785601651,0.768,0.768,710,0.03875183314085007
224,NY,0.05089240013134326,0.7468,0.7468,32,0.03875183314085007
224,TX,0.24701642130849163,0.759,0.759,258,0.03875183314085007
225,CA,0.7034049172116622,0.7766,0.7766,692,0.03846043348312378
225,NY,0.050376238828538374,0.758,0.758,52,0.03846043348312378
225,TX,0.2462188439597994,0.7666,0.7666,256,0.03846043348312378
226,CA,0.704753328777682,0.7744,0.7744,677,0.037790119647979736
226,NY,0.04994438711363806,0.7506,0.7506,65,0.037790119647979736
226,TX,0.24530228410867988,0.764,0.764,258,0.037790119647979736
227,CA,0.7062418417868256,0.7768,0.7768,707,0.038196586072444916
227,NY,0.04937855669710271,0.7588,0.7588,50,0.038196586072444916
227,TX,0.24437960151607158,0.77,0.77,243,0.038196586072444916
228,CA,0.7072571089331648,0.7748,0.7748,710,0.037179455161094666
228,NY,0.04894858935239731,0.753,0.753,42,0.037179455161094666
228,TX,0.2437943017144379,0.7612,0.7612,248,0.037179455161094666
229,CA,0.7090079293712482,0.7762,0.7762,699,0.220737487077713
229,NY,0.048467034438879016,0.7506,0.7506,48,0.220737487077713
229,TX,0.24252503618987276,0.7586,0.7586,253,0.220737487077713
230,CA,0.7112138843300126,0.7726,0.7726,688,0.03898819535970688
230,NY,0.04791711253679371,0.7576,0.7576,60,0.03898819535970688
230,TX,0.24086900313319365,0.7648,0.7648,252,0.03898819535970688
231,CA,0.7122576133254432,0.778,0.778,684,0.03811474144458771
231,NY,0.047581355764103314,0.7582,0.7582,47,0.03811474144458771
231,TX,0.24016103091045352,0.7648,0.7648,269,0.03811474144458771
232,CA,0.7139087728751197,0.7728,0.7728,696,0.03776383399963379
232,NY,0.04716055966084784,0.7532,0.7532,54,0.03776383399963379
232,TX,0.23893066746403255,0.7598,0.7598,250,0.03776383399963379
233,CA,0.7155355368017534,0.7706,0.7706,719,0.03837154060602188
233,NY,0.046745429891580176,0.7552,0.7552,46,0.03837154060602188
233,TX,0.23771903330666638,0.7618,0.7618,235,0.03837154060602188
234,CA,0.7166736527369012,0.7704,0.7704,721,0.03702961653470993
234,NY,0.046412561683494655,0.755,0.755,54,0.03702961653470993
234,TX,0.23691378557960405,0.7662,0.7662,225,0.03702961653470993
235,CA,0.717366460559193,0.7784,0.7784,724,0.03831318020820618
235,NY,0.046053314116933815,0.7582,0.7582,43,0.03831318020820618
235,TX,0.2365802253238732,0.7648,0.7648,233,0.03831318020820618
236,CA,0.7190434879866323,0.7778,0.7778,692,0.03756392002105713
236,NY,0.04563665493578459,0.7564,0.7564,51,0.03756392002105713
236,TX,0.23531985707758304,0.766,0.766,257,0.03756392002105713
237,CA,0.7205647878848835,0.7796,0.7796,699,0.03831149637699127
237,NY,0.045182703020197564,0.7558,0.7558,57,0.03831149637699127
237,TX,0.23425250909491882,0.7642,0.7642,244,0.03831149637699127
238,CA,0.7224658836090527,0.7744,0.7744,716,0.038231752812862396
238,NY,0.04469605208364805,0.755,0.755,53,0.038231752812862396
238,TX,0.23283806430729914,0.7618,0.7618,231,0.038231752812862396
239,CA,0.7240167676027093,0.7716,0.7716,716,0.04094197601079941
239,NY,0.04430227586161935,0.7564,0.7564,47,0.04094197601079941
239,TX,0.23168095653567136,0.7638,0.7638,237,0.04094197601079941
240,CA,0.7250319211756794,0.7772,0.7772,738,0.03855195641517639
240,NY,0.043983754398518114,0.7514,0.7514,52,0.03855195641517639
240,TX,0.23098432442580255,0.7668,0.7668,210,0.03855195641517639
241,CA,0.7264777712970119,0.7762,0.7762,737,0.03897997736930847
241,NY,0.04343167119586837,0.7488,0.7488,41,0.03897997736930847
241,TX,0.23009055750711976,0.7596,0.7596,222,0.03897997736930847
242,CA,0.7285324983367539,0.7758,0.7758,728,0.0389987975358963
242,NY,0.04288263059148205,0.7558,0.7558,45,0.0389987975358963
242,TX,0.22858487107176403,0.7708,0.7708,227,0.0389987975358963
243,CA,0.7293541726011016,0.7722,0.7722,749,0.03882429748773575
243,NY,0.04244748409253001,0.7436,0.7436,31,0.03882429748773575
243,TX,0.2281983433063684,0.7598,0.7598,220,0.03882429748773575
244,CA,0.731022157722553,0.775,0.775,727,0.037920691072940826
244,NY,0.041857968939090544,0.7556,0.7556,39,0.037920691072940826
244,TX,0.22711987333835648,0.7668,0.7668,234,0.037920691072940826
245,CA,0.732125265320334,0.7762,0.7762,737,0.038192130625247955
245,NY,0.04146295207389447,0.7474,0.7474,31,0.038192130625247955
245,TX,0.22641178260577158,0.7618,0.7618,232,0.038192130625247955
246,CA,0.7339659498935699,0.7762,0.7762,743,0.03795401006937027
246,NY,0.04089321007343714,0.7514,0.7514,40,0.03795401006937027
246,TX,0.22514084003299292,0.7596,0.7596,217,0.03795401006937027
247,CA,0.7359346390897942,0.7736,0.7736,730,0.038431212306022644
247,NY,0.04043039789206222,0.7518,0.7518,49,0.038431212306022644
247,TX,0.22363496301814367,0.7606,0.7606,221,0.038431212306022644
248,CA,0.737510055207057,0.7784,0.7784,710,0.03837557137012482
248,NY,0.040018937902507726,0.7562,0.7562,42,0.03837557137012482
248,TX,0.22247100689043522,0.7648,0.7648,248,0.03837557137012482
249,CA,0.7391367987591311,0.7688,0.7688,744,0.038202978670597076
249,NY,0.03960654509458782,0.739,0.739,44,0.038202978670597076
249,TX,0.22125665614628118,0.7576,0.7576,212,0.038202978670597076
250,CA,0.7406686989361135,0.774,0.774,724,0.03879296034574509
250,NY,0.03901997434800413,0.7528,0.7528,36,0.03879296034574509
250,TX,0.22031132671588227,0.7662,0.7662,240,0.03879296034574509
251,CA,0.7417330699214284,0.7744,0.7744,764,0.038044556975364685
251,NY,0.03860907344682865,0.7478,0.7478,29,0.038044556975364685
251,TX,0.21965785663174298,0.7626,0.7626,207,0.038044556975364685
252,CA,0.7432489576958737,0.7716,0.7716,739,0.03837090730667114
252,NY,0.038108008387733566,0.7512,0.7512,41,0.03837090730667114
252,TX,0.2186430339163927,0.7626,0.7626,220,0.03837090730667114
253,CA,0.7444024498299507,0.7804,0.7804,755,0.03841668367385864
253,NY,0.03772765516810077,0.7576,0.7576,33,0.03841668367385864
253,TX,0.21786989500194856,0.7674,0.7674,212,0.03841668367385864
254,CA,0.7459495280231766,0.7732,0.7732,743,0.03861025720834732
254,NY,0.03732191522385277,0.757,0.757,43,0.03861025720834732
254,TX,0.21672855675297062,0.7638,0.7638,214,0.03861025720834732
255,CA,0.747062565070928,0.7758,0.7758,737,0.03801216930150986
255,NY,0.037036120811292955,0.7562,0.7562,44,0.03801216930150986
255,TX,0.21590131411777908,0.7668,0.7668,219,0.03801216930150986
256,CA,0.748187087058592,0.768,0.768,765,0.038953401148319244
256,NY,0.03668247641878738,0.7528,0.7528,37,0.038953401148319244
256,TX,0.21513043652262057,0.76,0.76,198,0.038953401148319244
257,CA,0.7491526028712013,0.779,0.779,756,0.03782038390636444
257,NY,0.03641403750940517,0.7602,0.7602,26,0.03782038390636444
257,TX,0.21443335961939355,0.7642,0.7642,218,0.03782038390636444
258,CA,0.7507808552120583,0.7762,0.7762,743,0.037743017077445984
258,NY,0.03610753165656481,0.7498,0.7498,48,0.037743017077445984
258,TX,0.21311161313137697,0.758,0.758,209,0.037743017077445984
259,CA,0.7528288064967342,0.7724,0.7724,740,0.03845759481191635
259,NY,0.035667887340618744,0.7532,0.7532,33,0.03845759481191635
259,TX,0.21150330616264704,0.7644,0.7644,227,0.03845759481191635
260,CA,0.753839731728399,0.7746,0.7746,736,0.038100019097328186
260,NY,0.035328882608995145,0.752,0.752,36,0.038100019097328186
260,TX,0.21083138566260587,0.7718,0.7718,228,0.038100019097328186
261,CA,0.7544301311772125,0.7678,0.7678,772,0.03781504184007645
261,NY,0.03490627679127468,0.7534,0.7534,42,0.03781504184007645
261,TX,0.2106635920315128,0.7618,0.7618,186,0.03781504184007645
262,CA,0.7551848170109107,0.774,0.774,768,0.03904406726360321
262,NY,0.034656573784324865,0.7536,0.7536,34,0.03904406726360321
262,TX,0.21015860920476445,0.7644,0.7644,198,0.03904406726360321
263,CA,0.7563464170586988,0.7728,0.7728,759,0.03880154341459274
263,NY,0.034310737298076606,0.7484,0.7484,39,0.03880154341459274
263,TX,0.20934284564322467,0.7566,0.7566,202,0.03880154341459274
264,CA,0.758154790758012,0.771,0.771,800,0.037730589509010315
264,NY,0.03391940575548758,0.75,0.75,29,0.037730589509010315
264,TX,0.20792580348650044,0.7644,0.7644,171,0.037730589509010315
265,CA,0.7590482551972929,0.7686,0.7686,772,0.03810560703277588
265,NY,0.03355669845500453,0.754,0.754,43,0.03810560703277588
265,TX,0.20739504634770267,0.76,0.76,185,0.03810560703277588
266,CA,0.7600252633313003,0.7754,0.7754,774,0.03785575181245804
266,NY,0.033322519890673245,0.7538,0.7538,34,0.03785575181245804
266,TX,0.2066522167780265,0.765,0.765,192,0.03785575181245804
267,CA,0.7612554105191452,0.774,0.774,785,0.037965551018714905
267,NY,0.03297038738320229,0.7502,0.7502,37,0.037965551018714905
267,TX,0.20577420209765243,0.7626,0.7626,178,0.037965551018714905
268,CA,0.7626011484018844,0.7772,0.7772,759,0.03785011172294617
268,NY,0.0325855590637289,0.757,0.757,36,0.03785011172294617
268,TX,0.20481329253438668,0.7626,0.7626,205,0.03785011172294617
269,CA,0.7641699509410328,0.7794,0.7794,774,0.03826325386762619
269,NY,0.03228145748871004,0.7562,0.7562,22,0.03826325386762619
269,TX,0.20354859157025718,0.7654,0.7654,204,0.03826325386762619
270,CA,0.7657185192189594,0.7752,0.7752,762,0.03795471042394638
270,NY,0.03192513304921363,0.7542,0.7542,24,0.03795471042394638
270,TX,0.20235634773182712,0.7626,0.7626,214,0.03795471042394638
271,CA,0.7671100157249106,0.7792,0.7792,764,0.03805974870920181
271,NY,0.03160479921737273,0.7558,0.7558,26,0.03805974870920181
271,TX,0.20128518505771656,0.77,0.77,210,0.03805974870920181
272,CA,0.7682289287260609,0.7726,0.7726,769,0.0374629870057106
272,NY,0.031234626307878814,0.752,0.752,31,0.0374629870057106
272,TX,0.20053644496606032,0.7704,0.7704,200,0.0374629870057106
273,CA,0.7686992782690734,0.7774,0.7774,765,0.03981729596853256
273,NY,0.030890539087515104,0.761,0.761,30,0.03981729596853256
273,TX,0.2004101826434116,0.7704,0.7704,205,0.03981729596853256
274,CA,0.7695259866604838,0.7762,0.7762,761,0.037742361426353455
274,NY,0.030638428423837974,0.7598,0.7598,34,0.037742361426353455
274,TX,0.1998355849156782,0.7736,0.7736,205,0.037742361426353455
275,CA,0.7699690343279181,0.7824,0.7824,777,0.03804333508014679
275,NY,0.030373014784220654,0.7508,0.7508,36,0.03804333508014679
275,TX,0.1996579508878612,0.766,0.766,187,0.03804333508014679
276,CA,0.7718024885786007,0.7716,0.7716,782,0.03776334226131439
276,NY,0.029905576643176383,0.7548,0.7548,30,0.03776334226131439
276,TX,0.19829193477822293,0.764,0.764,188,0.03776334226131439
277,CA,0.7726788974774176,0.775,0.775,752,0.03794890642166138
277,NY,0.029655620262702794,0.7546,0.7546,35,0.03794890642166138
277,TX,0.19766548225987962,0.76,0.76,213,0.03794890642166138
278,CA,0.7742360746080712,0.7748,0.7748,787,0.037367261946201324
278,NY,0.02937386746670788,0.7544,0.7544,25,0.037367261946201324
278,TX,0.19639005792522093,0.7612,0.7612,188,0.037367261946201324
279,CA,0.7756652652549999,0.7796,0.7796,785,0.03787766396999359
279,NY,0.02908983585615895,0.7566,0.7566,19,0.03787766396999359
279,TX,0.19524489888884108,0.7668,0.7668,196,0.03787766396999359
280,CA,0.7770486357938522,0.7724,0.7724,782,0.03815589100122452
280,NY,0.02876508160442401,0.7536,0.7536,25,0.03815589100122452
280,TX,0.1941862826017237,0.7674,0.7674,193,0.03815589100122452
281,CA,0.7777119616779997,0.7786,0.7786,761,0.03789999336004257
281,NY,0.028484262687419146,0.7562,0.7562,24,0.03789999336004257
281,TX,0.19380377563458115,0.7718,0.7718,215,0.03789999336004257
282,CA,0.7785681472644351,0.7792,0.7792,771,0.038133494555950165
282,NY,0.02815649037538979,0.7546,0.7546,31,0.038133494555950165
282,TX,0.1932753623601752,0.7598,0.7598,198,0.038133494555950165
283,CA,0.7805168914480309,0.7802,0.7802,759,0.037203654646873474
283,NY,0.027836687226516305,0.7532,0.7532,26,0.037203654646873474
283,TX,0.19164642132545284,0.766,0.766,215,0.037203654646873474
284,CA,0.7820425684359856,0.779,0.779,797,0.03887353092432022
284,NY,0.02746807991001861,0.7536,0.7536,22,0.03887353092432022
284,TX,0.1904893516539958,0.7602,0.7602,181,0.03887353092432022
285,CA,0.7839280891270191,0.7692,0.7692,781,0.03858022391796112
285,NY,0.027141179891738077,0.7512,0.7512,19,0.03858022391796112
285,TX,0.18893073098124297,0.7624,0.7624,200,0.03858022391796112
286,CA,0.7847146090448177,0.7716,0.7716,802,0.03727732598781586
286,NY,0.02689199694972629,0.756,0.756,27,0.03727732598781586
286,TX,0.18839339400545602,0.7674,0.7674,171,0.03727732598781586
287,CA,0.78525127457301,0.7762,0.7762,800,0.03683073818683624
287,NY,0.02667342625811248,0.7478,0.7478,34,0.03683073818683624
287,TX,0.18807529916887744,0.7586,0.7586,166,0.03683073818683624
288,CA,0.787053695140811,0.7726,0.7726,776,0.037946492433547974
288,NY,0.02630718548135138,0.749,0.749,26,0.037946492433547974
288,TX,0.18663911937783764,0.7598,0.7598,198,0.037946492433547974
289,CA,0.7883923655878884,0.7784,0.7784,774,0.03763186186552048
289,NY,0.026001086689368416,0.7556,0.7556,23,0.03763186186552048
289,TX,0.18560654772274315,0.7668,0.7668,203,0.03763186186552048
290,CA,0.7896115307331174,0.7766,0.7766,772,0.03763161599636078
290,NY,0.025707431859801382,0.755,0.755,22,0.03763161599636078
290,TX,0.18468103740708114,0.7614,0.7614,206,0.03763161599636078
291,CA,0.7911088006766307,0.7706,0.7706,791,0.037920981645584106
291,NY,0.025443033542532013,0.7522,0.7522,26,0.037920981645584106
291,TX,0.18344816578083728,0.7584,0.7584,183,0.037920981645584106
292,CA,0.7923197976487663,0.769,0.769,796,0.03790787607431412
292,NY,0.02521717303575537,0.752,0.752,17,0.03790787607431412
292,TX,0.18246302931547836,0.7656,0.7656,187,0.03790787607431412
293,CA,0.7927899441534798,0.7794,0.7794,808,0.0381154865026474
293,NY,0.024989656847950126,0.754,0.754,21,0.0381154865026474
293,TX,0.1822203989985702,0.7638,0.7638,171,0.0381154865026474
294,CA,0.7943422799912121,0.7742,0.7742,801,0.038179054856300354
294,NY,0.024681175579848443,0.751,0.751,25,0.038179054856300354
294,TX,0.18097654442893948,0.7636,0.7636,174,0.038179054856300354
295,CA,0.7954590946266478,0.776,0.776,785,0.038107044994831085
295,NY,0.024392683749966726,0.753,0.753,28,0.038107044994831085
295,TX,0.18014822162338556,0.7632,0.7632,187,0.038107044994831085
296,CA,0.7967452500509306,0.7738,0.7738,781,0.03786074370145798
296,NY,0.02411571658786126,0.7512,0.7512,26,0.03786074370145798
296,TX,0.1791390333612081,0.7578,0.7578,193,0.03786074370145798
297,CA,0.7982804434003181,0.7774,0.7774,812,0.03778092563152313
297,NY,0.023854332921877632,0.7526,0.7526,21,0.03778092563152313
297,TX,0.1778652236778043,0.7674,0.7674,167,0.03778092563152313
298,CA,0.799346406369276,0.7768,0.7768,802,0.03647032380104065
298,NY,0.02355290306324648,0.7494,0.7494,22,0.03647032380104065
298,TX,0.17710069056747757,0.7548,0.7548,176,0.03647032380104065
299,CA,0.8013948003162957,0.7684,0.7684,799,0.037981197237968445
299,NY,0.02324911976661876,0.7552,0.7552,22,0.037981197237968445
299,TX,0.17535607991708543,0.7634,0.7634,179,0.037981197237968445
300,CA,0.8019315687861405,0.7744,0.7744,805,0.03714689612388611
300,NY,0.023091035485287667,0.753,0.753,22,0.03714689612388611
300,TX,0.17497739572857182,0.763,0.763,173,0.03714689612388611
301,CA,0.8030579908899154,0.7762,0.7762,803,0.03799666464328766
301,NY,0.022844591349992734,0.7536,0.7536,24,0.03799666464328766
301,TX,0.17409741776009194,0.7642,0.7642,173,0.03799666464328766
302,CA,0.8042377040849015,0.779,0.779,815,0.036549799144268036
302,NY,0.022587053813643017,0.7614,0.7614,10,0.036549799144268036
302,TX,0.17317524210145552,0.768,0.768,175,0.036549799144268036
303,CA,0.8052799326858001,0.7744,0.7744,797,0.03856051713228226
303,NY,0.0223925770635679,0.7498,0.7498,14,0.03856051713228226
303,TX,0.172327490250632,0.7642,0.7642,189,0.03856051713228226
304,CA,0.8063290137183629,0.7706,0.7706,797,0.03793755918741226
304,NY,0.02211089749496317,0.7506,0.7506,28,0.03793755918741226
304,TX,0.171560088786674,0.7614,0.7614,175,0.03793755918741226
305,CA,0.807250230377655,0.7738,0.7738,800,0.03756331652402878
305,NY,0.021886117476478513,0.7534,0.7534,22,0.03756331652402878
305,TX,0.1708636521458666,0.764,0.764,178,0.03756331652402878
306,CA,0.8082166186006351,0.7754,0.7754,809,0.03766806423664093
306,NY,0.02166031041535476,0.7532,0.7532,28,0.03766806423664093
306,TX,0.17012307098401017,0.762,0.762,163,0.03766806423664093
307,CA,0.8094752436542774,0.777,0.777,822,0.23121284693479538
307,NY,0.021422774564422504,0.7544,0.7544,18,0.23121284693479538
307,TX,0.16910198178130004,0.7666,0.7666,160,0.23121284693479538
308,CA,0.8104982024510077,0.775,0.775,815,0.038830049335956573
308,NY,0.021177046651882154,0.7534,0.7534,17,0.038830049335956573
308,TX,0.16832475089711033,0.7656,0.7656,168,0.038830049335956573
309,CA,0.8114306285250686,0.772,0.772,793,0.03785983473062515
309,NY,0.020943409231953876,0.7508,0.7508,19,0.03785983473062515
309,TX,0.16762596224297746,0.7628,0.7628,188,0.03785983473062515
310,CA,0.8123411470264813,0.7778,0.7778,799,0.03958688676357269
310,NY,0.02071606449430234,0.7572,0.7572,24,0.03958688676357269
310,TX,0.16694278847921631,0.7622,0.7622,177,0.03958688676357269
311,CA,0.8137285126846968,0.7722,0.7722,809,0.03824099153280258
311,NY,0.020510990291030453,0.7524,0.7524,15,0.03824099153280258
311,TX,0.1657604970242728,0.761,0.761,176,0.03824099153280258
312,CA,0.8147687589622377,0.774,0.774,833,0.03785828500986099
312,NY,0.020307757833873476,0.755,0.755,17,0.03785828500986099
312,TX,0.16492348320388883,0.7598,0.7598,150,0.03785828500986099
313,CA,0.8160235035925738,0.775,0.775,793,0.038106903433799744
313,NY,0.020121195494916692,0.7412,0.7412,21,0.038106903433799744
313,TX,0.16385530091250944,0.7608,0.7608,186,0.038106903433799744
314,CA,0.817408189233995,0.7702,0.7702,814,0.03752695024013519
314,NY,0.019771535477585415,0.746,0.746,20,0.03752695024013519
314,TX,0.1628202752884195,0.7648,0.7648,166,0.03752695024013519
315,CA,0.8180356027836654,0.7742,0.7742,828,0.03798548877239227
315,NY,0.019516211793699383,0.7508,0.7508,19,0.03798548877239227
315,TX,0.1624481854226352,0.763,0.763,153,0.03798548877239227
316,CA,0.8190863984996657,0.7742,0.7742,815,0.03844113647937775
316,NY,0.019283550264069478,0.7472,0.7472,22,0.03844113647937775
316,TX,0.16163005123626478,0.7616,0.7616,163,0.03844113647937775
317,CA,0.8202686702471004,0.7692,0.7692,797,0.03792233765125275
317,NY,0.01901750111074163,0.7408,0.7408,19,0.03792233765125275
317,TX,0.160713828642158,0.7558,0.7558,184,0.03792233765125275
318,CA,0.821519459318615,0.7764,0.7764,825,0.03781145066022873
318,NY,0.018740756954965278,0.753,0.753,24,0.03781145066022873
318,TX,0.15973978372641973,0.7696,0.7696,151,0.03781145066022873
319,CA,0.8222252123036757,0.7766,0.7766,823,0.03837490826845169
319,NY,0.01850977819746598,0.7552,0.7552,26,0.03837490826845169
319,TX,0.15926500949885816,0.7622,0.7622,151,0.03837490826845169
320,CA,0.8234718341691042,0.7774,0.7774,808,0.03708378225564957
320,NY,0.018314544706287274,0.7496,0.7496,21,0.03708378225564957
320,TX,0.15821362112460852,0.7586,0.7586,171,0.03708378225564957
321,CA,0.8250889418436669,0.7772,0.7772,846,0.03801869601011276
321,NY,0.018063493129195238,0.7502,0.7502,24,0.03801869601011276
321,TX,0.15684756502713787,0.7584,0.7584,130,0.03801869601011276
322,CA,0.8266874501029857,0.773,0.773,814,0.03684249520301819
322,NY,0.0178235287610018,0.7444,0.7444,13,0.03684249520301819
322,TX,0.15548902113601248,0.762,0.762,173,0.03684249520301819
323,CA,0.8277239173813226,0.772,0.772,825,0.037829965353012085
323,NY,0.01755800601490354,0.754,0.754,21,0.037829965353012085
323,TX,0.15471807660377393,0.765,0.765,154,0.037829965353012085
324,CA,0.82837795760877,0.779,0.779,839,0.03764874488115311
324,NY,0.017393384381285033,0.7538,0.7538,19,0.03764874488115311
324,TX,0.15422865800994498,0.761,0.761,142,0.03764874488115311
325,CA,0.8298774417141456,0.7778,0.7778,821,0.037859365344047546
325,NY,0.017178041103781964,0.757,0.757,18,0.037859365344047546
325,TX,0.15294451718207241,0.7634,0.7634,161,0.037859365344047546
326,CA,0.8310740351348518,0.7768,0.7768,824,0.038216643035411835
326,NY,0.017001539618322098,0.7562,0.7562,24,0.038216643035411835
326,TX,0.15192442524682612,0.761,0.761,152,0.038216643035411835
327,CA,0.832362603292559,0.7724,0.7724,833,0.03833891451358795
327,NY,0.016830480882388643,0.7436,0.7436,18,0.03833891451358795
327,TX,0.15080691582505237,0.7542,0.7542,149,0.03833891451358795
328,CA,0.8338819790333551,0.7716,0.7716,845,0.03765155375003815
328,NY,0.016587222582262365,0.7568,0.7568,14,0.03765155375003815
328,TX,0.1495307983843825,0.7664,0.7664,141,0.03765155375003815
329,CA,0.834363801543945,0.7698,0.7698,832,0.03792189806699753
329,NY,0.01645815656288236,0.7478,0.7478,20,0.03792189806699753
329,TX,0.14917804189317277,0.7618,0.7618,148,0.03792189806699753
330,CA,0.8350977815164983,0.7746,0.7746,836,0.03663928061723709
330,NY,0.0162678668600924,0.7448,0.7448,15,0.03663928061723709
330,TX,0.1486343516234093,0.7576,0.7576,149,0.03663928061723709
331,CA,0.8365173846140463,0.7712,0.7712,861,0.03820987790822983
331,NY,0.016021878196602998,0.7556,0.7556,13,0.03820987790822983
331,TX,0.14746073718935068,0.765,0.765,126,0.03820987790822983
332,CA,0.8370675835176973,0.7748,0.7748,838,0.03680465370416641
332,NY,0.015891209278430955,0.7478,0.7478,14,0.03680465370416641
332,TX,0.14704120720387182,0.7606,0.7606,148,0.03680465370416641
333,CA,0.8382564112446154,0.7726,0.7726,827,0.03774493932723999
333,NY,0.015671682415187307,0.752,0.752,20,0.03774493932723999
333,TX,0.14607190634019737,0.7602,0.7602,153,0.03774493932723999
334,CA,0.83926684965828,0.7722,0.7722,834,0.03655640780925751
334,NY,0.015508227540691253,0.7486,0.7486,14,0.03655640780925751
334,TX,0.14522492280102867,0.7594,0.7594,152,0.03655640780925751
335,CA,0.8403218149388072,0.7724,0.7724,844,0.03795851022005081
335,NY,0.015320942236290692,0.7536,0.7536,13,0.03795851022005081
335,TX,0.1443572428249021,0.7632,0.7632,143,0.03795851022005081
336,CA,0.8410887414958099,0.7766,0.7766,860,0.03823374956846237
336,NY,0.015172266143985784,0.7504,0.7504,15,0.03823374956846237
336,TX,0.14373899236020435,0.76,0.76,125,0.03823374956846237
337,CA,0.8424086291217101,0.7714,0.7714,839,0.038088634610176086
337,NY,0.014971974759432481,0.7516,0.7516,13,0.038088634610176086
337,TX,0.14261939611885735,0.7616,0.7616,148,0.038088634610176086
338,CA,0.8432150553535807,0.7738,0.7738,850,0.03694359213113785
338,NY,0.014818796283384651,0.75,0.75,11,0.03694359213113785
338,TX,0.14196614836303467,0.764,0.764,139,0.03694359213113785
339,CA,0.8440448990975635,0.7758,0.7758,840,0.03731919080018997
339,NY,0.0146343528907881,0.755,0.755,15,0.03731919080018997
339,TX,0.14132074801164837,0.7604,0.7604,145,0.03731919080018997
340,CA,0.8452256514692097,0.775,0.775,841,0.03819074481725693
340,NY,0.01448317278034635,0.755,0.755,22,0.03819074481725693
340,TX,0.1402911757504439,0.7668,0.7668,137,0.03819074481725693
341,CA,0.8459119367719203,0.7754,0.7754,837,0.0372026190161705
341,NY,0.014331609284042634,0.745,0.745,11,0.0372026190161705
341,TX,0.13975645394403705,0.7622,0.7622,152,0.0372026190161705
342,CA,0.8469998913461162,0.7732,0.7732,836,0.03662647306919098
342,NY,0.014104327273327794,0.7478,0.7478,7,0.03662647306919098
342,TX,0.13889578138055603,0.757,0.757,157,0.03662647306919098
343,CA,0.8482476561719344,0.778,0.778,840,0.03781268000602722
343,NY,0.01392277172967816,0.7506,0.7506,14,0.03781268000602722
343,TX,0.13782957209838742,0.7648,0.7648,146,0.03781268000602722
344,CA,0.8492989307587158,0.7782,0.7782,827,0.03902701288461685
344,NY,0.013725203086423925,0.7546,0.7546,9,0.03902701288461685
344,TX,0.1369758661548603,0.766,0.766,164,0.03902701288461685
345,CA,0.8502528570667441,0.7754,0.7754,848,0.03765152394771576
345,NY,0.013558255725822494,0.759,0.759,13,0.03765152394771576
345,TX,0.13618888720743347,0.7664,0.7664,139,0.03765152394771576
346,CA,0.8509469081241717,0.7744,0.7744,856,0.03759998083114624
346,NY,0.01344397851026001,0.7456,0.7456,16,0.03759998083114624
346,TX,0.1356091133655682,0.7504,0.7504,128,0.03759998083114624
347,CA,0.8526969962903,0.7784,0.7784,856,0.037363484501838684
347,NY,0.013252972064607918,0.7552,0.7552,11,0.037363484501838684
347,TX,0.1340500316450921,0.7634,0.7634,133,0.037363484501838684
348,CA,0.8538099736111665,0.774,0.774,860,0.03763372451066971
348,NY,0.01309715398369189,0.7514,0.7514,7,0.03763372451066971
348,TX,0.13309287240514153,0.7702,0.7702,133,0.03763372451066971
349,CA,0.8541960223490014,0.7722,0.7722,848,0.03723936527967453
349,NY,0.012936148267045098,0.749,0.749,13,0.03723936527967453
349,TX,0.13286782938395353,0.7602,0.7602,139,0.03723936527967453
350,CA,0.8551101596176451,0.7756,0.7756,837,0.0424501895904541
350,NY,0.012780462883727058,0.7554,0.7554,16,0.0424501895904541
350,TX,0.1321093774986278,0.7652,0.7652,147,0.0424501895904541
351,CA,0.8558968862282418,0.77,0.77,859,0.037965528666973114
351,NY,0.012646691398682781,0.745,0.745,13,0.037965528666973114
351,TX,0.13145642237307545,0.7612,0.7612,128,0.037965528666973114
352,CA,0.8566097519282967,0.7744,0.7744,852,0.037842996418476105
352,NY,0.012478450308405609,0.7518,0.7518,9,0.037842996418476105
352,TX,0.1309117977632977,0.7616,0.7616,139,0.037842996418476105
353,CA,0.8575558877660935,0.7754,0.7754,859,0.03689020872116089
353,NY,0.01233312308828963,0.7486,0.7486,12,0.03689020872116089
353,TX,0.13011098914561695,0.7656,0.7656,129,0.03689020872116089
354,CA,0.858332136098585,0.776,0.776,842,0.03721558302640915
354,NY,0.012157947515970937,0.7534,0.7534,10,0.03721558302640915
354,TX,0.129509916385444,0.7598,0.7598,148,0.03721558302640915
355,CA,0.8594804475925765,0.7776,0.7776,855,0.03698308765888214
355,NY,0.012019293309326167,0.7572,0.7572,12,0.03698308765888214
355,TX,0.12850025909809734,0.769,0.769,133,0.03698308765888214
356,CA,0.8601338201707293,0.772,0.772,869,0.03694014996290207
356,NY,0.01189039027190156,0.7424,0.7424,11,0.03694014996290207
356,TX,0.12797578955736916,0.7596,0.7596,120,0.03694014996290207
357,CA,0.8610759769191489,0.7772,0.7772,874,0.03800569474697113
357,NY,0.011704576461832223,0.7564,0.7564,9,0.03800569474697113
357,TX,0.12721944661901893,0.764,0.764,117,0.03800569474697113
358,CA,0.8620085836205401,0.7746,0.7746,873,0.03805045038461685
358,NY,0.011580116919427449,0.7536,0.7536,9,0.03805045038461685
358,TX,0.12641129946003246,0.7646,0.7646,118,0.03805045038461685
359,CA,0.86274137193586,0.7784,0.7784,856,0.03755094110965729
359,NY,0.011452809533193973,0.7576,0.7576,12,0.03755094110965729
359,TX,0.1258058185309461,0.762,0.762,132,0.03755094110965729
360,CA,0.8638592953695857,0.7706,0.7706,884,0.0379047766327858
360,NY,0.011333525300520932,0.747,0.747,12,0.0379047766327858
360,TX,0.12480717932989331,0.7584,0.7584,104,0.0379047766327858
361,CA,0.864733561602825,0.7724,0.7724,857,0.03844133019447327
361,NY,0.011193780015752,0.7528,0.7528,9,0.03844133019447327
361,TX,0.124072658381423,0.7612,0.7612,134,0.03844133019447327
362,CA,0.8655192932716471,0.7706,0.7706,884,0.03702608495950699
362,NY,0.011080052780392318,0.741,0.741,13,0.03702608495950699
362,TX,0.12340065394796057,0.7568,0.7568,103,0.03702608495950699
363,CA,0.8665131938821083,0.7798,0.7798,851,0.03722821921110153
363,NY,0.010907332868842151,0.7568,0.7568,15,0.03722821921110153
363,TX,0.12257947324904951,0.7658,0.7658,134,0.03722821921110153
364,CA,0.8674718976605664,0.7642,0.7642,871,0.03809138387441635
364,NY,0.010778291426825874,0.7504,0.7504,15,0.03809138387441635
364,TX,0.12174981091260774,0.7592,0.7592,114,0.03809138387441635
365,CA,0.8678445215649476,0.7802,0.7802,877,0.03685171157121658
365,NY,0.010698574635082753,0.756,0.756,8,0.03685171157121658
365,TX,0.12145690379996954,0.7608,0.7608,115,0.03685171157121658
366,CA,0.8691212879011322,0.7756,0.7756,832,0.037522561848163605
366,NY,0.010568664142619671,0.7558,0.7558,23,0.037522561848163605
366,TX,0.12031004795624824,0.766,0.766,145,0.037522561848163605
367,CA,0.8697895680600762,0.7746,0.7746,868,0.037918947637081146
367,NY,0.01045884705868235,0.7516,0.7516,14,0.037918947637081146
367,TX,0.11975158488124144,0.7586,0.7586,118,0.037918947637081146
368,CA,0.8708478640574148,0.7752,0.7752,875,0.03785604238510132
368,NY,0.010335854047179153,0.7522,0.7522,12,0.03785604238510132
368,TX,0.11881628189540612,0.7618,0.7618,113,0.03785604238510132
369,CA,0.8717464537513129,0.7758,0.7758,893,0.037700995802879333
369,NY,0.010212466693654495,0.7516,0.7516,7,0.037700995802879333
369,TX,0.11804107955503268,0.756,0.756,100,0.037700995802879333
370,CA,0.8730169717355348,0.776,0.776,877,0.03706657886505127
370,NY,0.010087975882540253,0.752,0.752,13,0.03706657886505127
370,TX,0.11689505238192487,0.7658,0.7658,110,0.03706657886505127
371,CA,0.8737226606815989,0.78,0.78,898,0.037674807012081146
371,NY,0.009959696138657612,0.7556,0.7556,6,0.037674807012081146
371,TX,0.11631764317974352,0.7596,0.7596,96,0.037674807012081146
372,CA,0.8750085774687277,0.7736,0.7736,873,0.03740476816892624
372,NY,0.009837627391097416,0.7498,0.7498,9,0.03740476816892624
372,TX,0.11515379514017493,0.7614,0.7614,118,0.03740476816892624
373,CA,0.8758179346846542,0.7682,0.7682,880,0.03718367964029312
373,NY,0.009714593336925209,0.7478,0.7478,8,0.03718367964029312
373,TX,0.11446747197842051,0.7572,0.7572,112,0.03718367964029312
374,CA,0.876540364111259,0.7802,0.7802,886,0.03714853525161743
374,NY,0.009610435308709935,0.757,0.757,6,0.03714853525161743
374,TX,0.11384920058003102,0.7614,0.7614,108,0.03714853525161743
375,CA,0.8777055732680126,0.7798,0.7798,892,0.0411045104265213
375,NY,0.00949779869799594,0.7558,0.7558,11,0.0411045104265213
375,TX,0.11279662803399149,0.7598,0.7598,97,0.0411045104265213
376,CA,0.87893220653656,0.772,0.772,875,0.03786442428827286
376,NY,0.009382818713984643,0.75,0.75,10,0.03786442428827286
376,TX,0.11168497474945525,0.7622,0.7622,115,0.03786442428827286
377,CA,0.8795779591013824,0.772,0.772,869,0.03785364329814911
377,NY,0.009273135719020107,0.7568,0.7568,6,0.03785364329814911
377,TX,0.1111489051795975,0.7644,0.7644,125,0.03785364329814911
378,CA,0.8800675007919155,0.7694,0.7694,878,0.25968797504901886
378,NY,0.009198708716211462,0.748,0.748,10,0.25968797504901886
378,TX,0.11073379049187287,0.7596,0.7596,112,0.25968797504901886
379,CA,0.8807056283707679,0.7714,0.7714,886,0.0377960205078125
379,NY,0.009094044193685003,0.746,0.746,11,0.0377960205078125
379,TX,0.1102003274355471,0.7524,0.7524,103,0.0377960205078125
380,CA,0.8818629901301528,0.777,0.777,863,0.0368015393614769
380,NY,0.008975424626828994,0.7508,0.7508,10,0.0368015393614769
380,TX,0.10916158524301815,0.7598,0.7598,127,0.0368015393614769
381,CA,0.8829127149136743,0.7736,0.7736,882,0.03740721940994263
381,NY,0.008853617776178891,0.7534,0.7534,8,0.03740721940994263
381,TX,0.10823366731014677,0.7652,0.7652,110,0.03740721940994263
382,CA,0.8834546656776189,0.776,0.776,878,0.037053078413009644
382,NY,0.008758154224224879,0.753,0.753,6,0.037053078413009644
382,TX,0.1077871800981562,0.7618,0.7618,116,0.037053078413009644
383,CA,0.8843170817229361,0.776,0.776,878,0.037585578858852386
383,NY,0.00865317104813351,0.7478,0.7478,8,0.037585578858852386
383,TX,0.10702974722893034,0.7646,0.7646,114,0.037585578858852386
384,CA,0.8850467262749157,0.779,0.779,854,0.038007982075214386
384,NY,0.008522799035437475,0.752,0.752,13,0.038007982075214386
384,TX,0.10643047468964695,0.7632,0.7632,133,0.038007982075214386
385,CA,0.8859988224393046,0.7708,0.7708,896,0.0374370813369751
385,NY,0.008402477273386359,0.7516,0.7516,6,0.0374370813369751
385,TX,0.1055987002873089,0.7634,0.7634,98,0.0374370813369751
386,CA,0.8864707714812695,0.78,0.78,893,0.03829848766326904
386,NY,0.008315800191308663,0.7574,0.7574,7,0.03829848766326904
386,TX,0.10521342832742175,0.7612,0.7612,100,0.03829848766326904
387,CA,0.8875507659590706,0.7744,0.7744,888,0.038145557045936584
387,NY,0.008220220133818953,0.7514,0.7514,11,0.038145557045936584
387,TX,0.10422901390711051,0.7646,0.7646,101,0.038145557045936584
388,CA,0.8881566733086823,0.7772,0.7772,873,0.03734441101551056
388,NY,0.008119207574083836,0.752,0.752,7,0.03734441101551056
388,TX,0.10372411911723384,0.7664,0.7664,120,0.03734441101551056
389,CA,0.8888192490078514,0.7754,0.7754,888,0.03665699064731598
389,NY,0.008010051531875654,0.757,0.757,8,0.03665699064731598
389,TX,0.10317069946027302,0.7642,0.7642,104,0.03665699064731598
390,CA,0.8894719977989617,0.772,0.772,890,0.03783880174160004
390,NY,0.007932858080867564,0.7564,0.7564,2,0.03783880174160004
390,TX,0.10259514412017078,0.7634,0.7634,108,0.03783880174160004
391,CA,0.8899772913588879,0.7708,0.7708,913,0.038273535668849945
391,NY,0.007867487123307282,0.7424,0.7424,7,0.038273535668849945
391,TX,0.10215522151780485,0.759,0.759,80,0.038273535668849945
392,CA,0.8906959988535634,0.7762,0.7762,892,0.28854747116565704
392,NY,0.0077475603154429935,0.7494,0.7494,10,0.28854747116565704
392,TX,0.10155644083099365,0.7602,0.7602,98,0.28854747116565704
393,CA,0.8916158951010131,0.7708,0.7708,879,0.042244262993335724
393,NY,0.007638542919422258,0.744,0.744,9,0.042244262993335724
393,TX,0.10074556197956462,0.752,0.752,112,0.042244262993335724
394,CA,0.8926738807692124,0.7728,0.7728,886,0.04043968766927719
394,NY,0.0075318648059900465,0.7538,0.7538,13,0.04043968766927719
394,TX,0.09979425442479756,0.7696,0.7696,101,0.04043968766927719
395,CA,0.8929068016358073,0.7704,0.7704,904,0.04037844389677048
395,NY,0.007453086165626294,0.7414,0.7414,8,0.04037844389677048
395,TX,0.09964011219856644,0.7568,0.7568,88,0.04037844389677048
396,CA,0.8936999679418434,0.7742,0.7742,886,0.038292936980724335
396,NY,0.007337513149486815,0.7592,0.7592,4,0.038292936980724335
396,TX,0.09896251890866975,0.7684,0.7684,110,0.038292936980724335
397,CA,0.8940446681218677,0.7694,0.7694,892,0.03818461298942566
397,NY,0.007278284189335642,0.7586,0.7586,13,0.03818461298942566
397,TX,0.0986770476887967,0.7678,0.7678,95,0.03818461298942566
398,CA,0.8941641774270743,0.7776,0.7776,886,0.03752344846725464
398,NY,0.007234826229425175,0.7498,0.7498,11,0.03752344846725464
398,TX,0.09860099634350047,0.7642,0.7642,103,0.03752344846725464
399,CA,0.8949306186037207,0.7766,0.7766,888,0.03844282031059265
399,NY,0.007127784734477817,0.7554,0.7554,11,0.03844282031059265
399,TX,0.09794159666180158,0.7652,0.7652,101,0.03844282031059265
400,CA,0.8955696272620791,0.7708,0.7708,904,0.03765343874692917
400,NY,0.0070477582832575774,0.7458,0.7458,6,0.03765343874692917
400,TX,0.09738261445466345,0.7568,0.7568,90,0.03765343874692917
401,CA,0.8963489216396313,0.7712,0.7712,910,0.03755880892276764
401,NY,0.006954304785822596,0.7442,0.7442,4,0.03755880892276764
401,TX,0.09669677357454605,0.7598,0.7598,86,0.03755880892276764
402,CA,0.8970022815754424,0.777,0.777,902,0.038125231862068176
402,NY,0.006853285849286109,0.7538,0.7538,8,0.038125231862068176
402,TX,0.09614443257527154,0.7618,0.7618,90,0.038125231862068176
403,CA,0.8978209768908084,0.777,0.777,912,0.0375237762928009
403,NY,0.006769984664494548,0.7544,0.7544,3,0.0375237762928009
403,TX,0.095409038444697,0.7576,0.7576,85,0.0375237762928009
404,CA,0.8988345998006237,0.7778,0.7778,884,0.03818812221288681
404,NY,0.006691429543404109,0.7544,0.7544,9,0.03818812221288681
404,TX,0.09447397065597214,0.7624,0.7624,107,0.03818812221288681
405,CA,0.8996500834638402,0.7736,0.7736,886,0.03774827718734741
405,NY,0.006609345713872328,0.756,0.756,6,0.03774827718734741
405,TX,0.09374057082228744,0.764,0.764,108,0.03774827718734741
406,CA,0.9001658587904914,0.7766,0.7766,900,0.03768423944711685
406,NY,0.0065475106429058304,0.7566,0.7566,6,0.03768423944711685
406,TX,0.09328663056660279,0.7686,0.7686,94,0.03768423944711685
407,CA,0.9006105590834617,0.773,0.773,899,0.03759896755218506
407,NY,0.006477000506783224,0.7502,0.7502,5,0.03759896755218506
407,TX,0.09291244040975508,0.763,0.763,96,0.03759896755218506
408,CA,0.901157861282635,0.7784,0.7784,895,0.0376708060503006
408,NY,0.006397594594998324,0.7538,0.7538,9,0.0376708060503006
408,TX,0.09244454412236666,0.764,0.764,96,0.0376708060503006
409,CA,0.9019127934613222,0.7716,0.7716,904,0.03717570751905441
409,NY,0.0063143842111126275,0.7544,0.7544,6,0.03717570751905441
409,TX,0.09177282232756517,0.7636,0.7636,90,0.03717570751905441
410,CA,0.9023420578840362,0.7738,0.7738,908,0.036781758069992065
410,NY,0.006256055656492279,0.7514,0.7514,5,0.036781758069992065
410,TX,0.09140188645947143,0.7636,0.7636,87,0.036781758069992065
411,CA,0.9028879415964374,0.7782,0.7782,925,0.0381176620721817
411,NY,0.006180789475167882,0.757,0.757,3,0.0381176620721817
411,TX,0.09093126892839473,0.7664,0.7664,72,0.0381176620721817
412,CA,0.9034997025102871,0.7784,0.7784,917,0.037016913294792175
412,NY,0.006111238990153251,0.7534,0.7534,3,0.037016913294792175
412,TX,0.09038905849955971,0.7564,0.7564,80,0.037016913294792175
413,CA,0.9045889021484435,0.7758,0.7758,911,0.037752412259578705
413,NY,0.0060325935001570696,0.7536,0.7536,6,0.037752412259578705
413,TX,0.08937850435139945,0.7614,0.7614,83,0.037752412259578705
414,CA,0.9053133231016545,0.7756,0.7756,898,0.03717699646949768
414,NY,0.005961948268714577,0.7576,0.7576,4,0.03717699646949768
414,TX,0.08872472862963089,0.7656,0.7656,98,0.03717699646949768
415,CA,0.9058206981674901,0.7716,0.7716,914,0.03941326588392258
415,NY,0.005904816955254782,0.7444,0.7444,10,0.03941326588392258
415,TX,0.088274484877255,0.7492,0.7492,76,0.03941326588392258
416,CA,0.906915159595137,0.7788,0.7788,899,0.04173797369003296
416,NY,0.005821183196297103,0.7562,0.7562,5,0.04173797369003296
416,TX,0.08726365720856591,0.7648,0.7648,96,0.04173797369003296
417,CA,0.9076056347873278,0.778,0.778,890,0.038995176553726196
417,NY,0.005751599550871792,0.7568,0.7568,5,0.038995176553726196
417,TX,0.0866427656618004,0.7646,0.7646,105,0.038995176553726196
418,CA,0.9082610063882444,0.7762,0.7762,912,0.03841371089220047
418,NY,0.00568712394229658,0.754,0.754,6,0.03841371089220047
418,TX,0.08605186966945899,0.7646,0.7646,82,0.03841371089220047
419,CA,0.9088363618405524,0.7742,0.7742,901,0.038187459111213684
419,NY,0.005619600488331269,0.7546,0.7546,5,0.038187459111213684
419,TX,0.08554403767111633,0.766,0.766,94,0.038187459111213684
420,CA,0.9092522980171591,0.775,0.775,907,0.03775312006473541
420,NY,0.005560062897769431,0.7548,0.7548,6,0.03775312006473541
420,TX,0.08518763908507139,0.7612,0.7612,87,0.03775312006473541
421,CA,0.9099125114092864,0.772,0.772,914,0.03786184638738632
421,NY,0.00550077906544269,0.752,0.752,5,0.03786184638738632
421,TX,0.08458670952527092,0.762,0.762,81,0.03786184638738632
422,CA,0.910403616965797,0.774,0.774,905,0.03762032836675644
422,NY,0.005441628939893631,0.752,0.752,5,0.03762032836675644
422,TX,0.08415475409430949,0.7658,0.7658,90,0.03762032836675644
423,CA,0.9108193823038916,0.7734,0.7734,910,0.038193926215171814
423,NY,0.005376599656978821,0.7516,0.7516,5,0.038193926215171814
423,TX,0.08380401803912955,0.7646,0.7646,85,0.038193926215171814
424,CA,0.9112585608500875,0.7766,0.7766,917,0.03649521619081497
424,NY,0.005313066966862192,0.7524,0.7524,4,0.03649521619081497
424,TX,0.08342837218305034,0.7604,0.7604,79,0.03649521619081497
425,CA,0.9120183789623019,0.766,0.766,908,0.03697729855775833
425,NY,0.005245064649358833,0.7462,0.7462,3,0.03697729855775833
425,TX,0.0827365563883393,0.7592,0.7592,89,0.03697729855775833
426,CA,0.9123626904155735,0.7692,0.7692,900,0.03697782754898071
426,NY,0.005188216100618815,0.7492,0.7492,5,0.03697782754898071
426,TX,0.08244909348380765,0.76,0.76,95,0.03697782754898071
427,CA,0.912807586591424,0.7756,0.7756,919,0.03741195797920227
427,NY,0.005132067015583116,0.7544,0.7544,2,0.03741195797920227
427,TX,0.0820603463929928,0.7644,0.7644,79,0.03741195797920227
428,CA,0.9133363071345275,0.773,0.773,920,0.03845774382352829
428,NY,0.005073729181727293,0.7538,0.7538,5,0.03845774382352829
428,TX,0.0815899636837452,0.763,0.763,75,0.03845774382352829
429,CA,0.9138070312661963,0.7762,0.7762,928,0.03736415505409241
429,NY,0.005021371874990431,0.756,0.756,4,0.03736415505409241
429,TX,0.0811715968588132,0.7634,0.7634,68,0.03736415505409241
430,CA,0.9143941277671677,0.7786,0.7786,913,0.03716699033975601
430,NY,0.004967455263093896,0.7562,0.7562,6,0.03716699033975601
430,TX,0.08063841696973842,0.7606,0.7606,81,0.03716699033975601
431,CA,0.9151982644650399,0.7756,0.7756,906,0.03776988387107849
431,NY,0.004909207724501575,0.7606,0.7606,5,0.03776988387107849
431,TX,0.07989252781045844,0.7684,0.7684,89,0.03776988387107849
432,CA,0.9155328311379087,0.7748,0.7748,934,0.03686165809631348
432,NY,0.004869514966352708,0.7428,0.7428,4,0.03686165809631348
432,TX,0.07959765389573843,0.751,0.751,62,0.03686165809631348
433,CA,0.9165916776795489,0.7772,0.7772,912,0.03949468582868576
433,NY,0.004787246861468577,0.744,0.744,6,0.03949468582868576
433,TX,0.07862107545898253,0.7598,0.7598,82,0.03949468582868576
434,CA,0.9173798765677669,0.7742,0.7742,909,0.03757215291261673
434,NY,0.0047018557244759,0.7508,0.7508,4,0.03757215291261673
434,TX,0.0779182677077572,0.7638,0.7638,87,0.03757215291261673
435,CA,0.9178560180802897,0.7682,0.7682,907,0.0367598682641983
435,NY,0.004642250933787427,0.7462,0.7462,4,0.0367598682641983
435,TX,0.07750173098592286,0.7556,0.7556,89,0.0367598682641983
436,CA,0.9184162776325174,0.7792,0.7792,912,0.03820677846670151
436,NY,0.004587290276745925,0.7582,0.7582,7,0.03820677846670151
436,TX,0.07699643209073662,0.7684,0.7684,81,0.03820677846670151
437,CA,0.918895503206276,0.7734,0.7734,905,0.0392090380191803
437,NY,0.004535511601352994,0.7516,0.7516,3,0.0392090380191803
437,TX,0.07656898519237101,0.7566,0.7566,92,0.0392090380191803
438,CA,0.9196138293139742,0.7762,0.7762,927,0.04108785092830658
438,NY,0.004483259546897894,0.7456,0.7456,2,0.04108785092830658
438,TX,0.07590291113912798,0.7522,0.7522,71,0.04108785092830658
439,CA,0.9206291324226047,0.7796,0.7796,934,0.038084037601947784
439,NY,0.004410887380573659,0.7536,0.7536,4,0.038084037601947784
439,TX,0.07495998019682165,0.7616,0.7616,62,0.038084037601947784
440,CA,0.9213870984591463,0.7748,0.7748,924,0.03967084735631943
440,NY,0.004350022691394403,0.7564,0.7564,1,0.03967084735631943
440,TX,0.07426287884945927,0.764,0.764,75,0.03967084735631943
441,CA,0.9218452575825804,0.78,0.78,926,0.03848263621330261
441,NY,0.004307065037739048,0.7566,0.7566,9,0.03848263621330261
441,TX,0.07384767737968058,0.7604,0.7604,65,0.03848263621330261
442,CA,0.9226477536872816,0.7726,0.7726,918,0.038540296256542206
442,NY,0.004254144219390881,0.7536,0.7536,5,0.038540296256542206
442,TX,0.07309810209332761,0.763,0.763,77,0.038540296256542206
443,CA,0.9230552657258305,0.7764,0.7764,938,0.03750397264957428
443,NY,0.004210404062519225,0.7382,0.7382,3,0.03750397264957428
443,TX,0.07273433021165032,0.7534,0.7534,59,0.03750397264957428
444,CA,0.9240090939467198,0.7772,0.7772,920,0.0373544916510582
444,NY,0.004124120047217235,0.7524,0.7524,3,0.0373544916510582
444,TX,0.07186678600606297,0.7616,0.7616,77,0.0373544916510582
445,CA,0.9246456072664737,0.7714,0.7714,924,0.03790121525526047
445,NY,0.004069371167898068,0.7534,0.7534,1,0.03790121525526047
445,TX,0.0712850215656282,0.7626,0.7626,75,0.03790121525526047
446,CA,0.9250114326671304,0.7708,0.7708,927,0.03697754442691803
446,NY,0.004029614079046078,0.7452,0.7452,4,0.03697754442691803
446,TX,0.07095895325382352,0.7598,0.7598,69,0.03697754442691803
447,CA,0.9254732842908054,0.7734,0.7734,931,0.03694484382867813
447,NY,0.003973341856335222,0.7512,0.7512,2,0.03694484382867813
447,TX,0.07055337385285927,0.7586,0.7586,67,0.03694484382867813
448,CA,0.9260646194865725,0.7774,0.7774,929,0.04105783998966217
448,NY,0.0039261092689624995,0.7582,0.7582,8,0.04105783998966217
448,TX,0.07000927124446513,0.7668,0.7668,63,0.04105783998966217
449,CA,0.9264907403681796,0.7754,0.7754,938,0.036484554409980774
449,NY,0.0038854853277692763,0.7416,0.7416,4,0.036484554409980774
449,TX,0.06962377430405114,0.7536,0.7536,58,0.036484554409980774
450,CA,0.9273521361553058,0.7764,0.7764,927,0.03738849610090256
450,NY,0.003815057318622735,0.7536,0.7536,4,0.03738849610090256
450,TX,0.06883280652607145,0.7616,0.7616,69,0.03738849610090256
451,CA,0.9279297200877543,0.7666,0.7666,929,0.03631012141704559
451,NY,0.0037684368993145608,0.7406,0.7406,3,0.03631012141704559
451,TX,0.06830184301293112,0.7556,0.7556,68,0.03631012141704559
452,CA,0.9283760403809389,0.7736,0.7736,924,0.03766845166683197
452,NY,0.0037147606769074716,0.7442,0.7442,6,0.03766845166683197
452,TX,0.06790919894215355,0.7554,0.7554,70,0.03766845166683197
453,CA,0.9290806882525333,0.7774,0.7774,941,0.03644885867834091
453,NY,0.003655955922075081,0.7522,0.7522,2,0.03644885867834091
453,TX,0.06726335582539159,0.7574,0.7574,57,0.03644885867834091
454,CA,0.9298326511503465,0.775,0.775,937,0.03729800134897232
454,NY,0.0036070387724273963,0.75,0.75,5,0.03729800134897232
454,TX,0.06656031007722608,0.7592,0.7592,58,0.03729800134897232
455,CA,0.9304311825218309,0.7786,0.7786,944,0.036557406187057495
455,NY,0.0035585245508785984,0.7526,0.7526,3,0.036557406187057495
455,TX,0.06601029292729052,0.7598,0.7598,53,0.036557406187057495
456,CA,0.9311293018439345,0.777,0.777,925,0.03679882735013962
456,NY,0.003509136182456007,0.7506,0.7506,5,0.03679882735013962
456,TX,0.06536156197360947,0.7592,0.7592,70,0.03679882735013962
457,CA,0.9317879385332587,0.7758,0.7758,927,0.22015520930290222
457,NY,0.003459448021437361,0.7532,0.7532,6,0.22015520930290222
457,TX,0.06475261344530403,0.7596,0.7596,67,0.22015520930290222
458,CA,0.9323797596619513,0.7754,0.7754,933,0.04034285247325897
458,NY,0.003417590098126226,0.7446,0.7446,1,0.04034285247325897
458,TX,0.06420265023992248,0.7568,0.7568,66,0.04034285247325897
459,CA,0.933062676543599,0.7736,0.7736,936,0.03184867650270462
459,NY,0.003360760821346953,0.7448,0.7448,0,0.03184867650270462
459,TX,0.063576562635054,0.757,0.757,64,0.03184867650270462
460,CA,0.9336692040047001,0.7806,0.7806,940,0.0369337797164917
460,NY,0.0033083374029798654,0.758,0.758,1,0.0369337797164917
460,TX,0.06302245859231999,0.761,0.761,59,0.0369337797164917
461,CA,0.9343566212922303,0.7756,0.7756,935,0.03809110075235367
461,NY,0.0032687516833089076,0.7534,0.7534,7,0.03809110075235367
461,TX,0.062374627024460824,0.764,0.764,58,0.03809110075235367
462,CA,0.9347757394195492,0.7746,0.7746,942,0.037737175822257996
462,NY,0.0032293309926462264,0.7512,0.7512,1,0.037737175822257996
462,TX,0.06199492958780469,0.7574,0.7574,57,0.037737175822257996
463,CA,0.9353776148737157,0.7726,0.7726,943,0.038581885397434235
463,NY,0.003188800664523733,0.7482,0.7482,3,0.038581885397434235
463,TX,0.06143358446176049,0.759,0.759,54,0.038581885397434235
464,CA,0.9358598015024446,0.7814,0.7814,924,0.03665532171726227
464,NY,0.003146527731277605,0.7606,0.7606,2,0.03665532171726227
464,TX,0.060993670766277805,0.765,0.765,74,0.03665532171726227
465,CA,0.9364200260466541,0.7782,0.7782,942,0.03805364668369293
465,NY,0.003111649795507253,0.7566,0.7566,1,0.03805364668369293
465,TX,0.06046832415783858,0.7718,0.7718,57,0.03805364668369293
466,CA,0.9366592786561362,0.774,0.774,931,0.038097187876701355
466,NY,0.003074637587771917,0.7514,0.7514,4,0.038097187876701355
466,TX,0.060266083756092055,0.7626,0.7626,65,0.038097187876701355
467,CA,0.9370588862900807,0.7778,0.7778,934,0.03732507675886154
467,NY,0.0030367630460554035,0.7554,0.7554,3,0.03732507675886154
467,TX,0.05990435066386389,0.7676,0.7676,63,0.03732507675886154
468,CA,0.9374169417387561,0.7724,0.7724,938,0.036879606544971466
468,NY,0.0029996460537215653,0.7548,0.7548,4,0.036879606544971466
468,TX,0.05958341220752236,0.7624,0.7624,58,0.036879606544971466
469,CA,0.9377601246395847,0.777,0.777,933,0.03760416805744171
469,NY,0.002970946701629863,0.7606,0.7606,2,0.03760416805744171
469,TX,0.0592689286587854,0.7708,0.7708,65,0.03760416805744171
470,CA,0.9379798087394103,0.776,0.776,945,0.03756038099527359
470,NY,0.0029442172871602503,0.7472,0.7472,4,0.03756038099527359
470,TX,0.05907597397342949,0.7608,0.7608,51,0.03756038099527359
471,CA,0.9384991265241682,0.7776,0.7776,936,0.037366606295108795
471,NY,0.002898076871698178,0.7564,0.7564,5,0.037366606295108795
471,TX,0.05860279660413362,0.766,0.766,59,0.037366606295108795
472,CA,0.9388906293760078,0.7798,0.7798,930,0.03709034621715546
472,NY,0.002864708387732789,0.7574,0.7574,2,0.03709034621715546
472,TX,0.0582446622362594,0.7614,0.7614,68,0.03709034621715546
473,CA,0.9394902135574243,0.7764,0.7764,933,0.037784039974212646
473,NY,0.002830460478307539,0.7472,0.7472,5,0.037784039974212646
473,TX,0.05767932596426813,0.7572,0.7572,62,0.037784039974212646
474,CA,0.9401200434476625,0.7772,0.7772,930,0.03714030981063843
474,NY,0.0027858004435520048,0.7528,0.7528,2,0.03714030981063843
474,TX,0.05709415610878556,0.7608,0.7608,68,0.03714030981063843
475,CA,0.9406516173056042,0.7748,0.7748,941,0.037223175168037415
475,NY,0.002749106456057975,0.7486,0.7486,2,0.037223175168037415
475,TX,0.056599276238337805,0.7614,0.7614,57,0.037223175168037415
476,CA,0.9410919690694854,0.7766,0.7766,939,0.036959245800971985
476,NY,0.002709791477387789,0.7506,0.7506,4,0.036959245800971985
476,TX,0.05619823945312693,0.7574,0.7574,57,0.036959245800971985
477,CA,0.9417012500835561,0.7734,0.7734,949,0.03716036677360535
477,NY,0.0026718632006432538,0.7484,0.7484,4,0.03716036677360535
477,TX,0.0556268867158005,0.7632,0.7632,47,0.03716036677360535
478,CA,0.9420381351301587,0.7772,0.7772,944,0.03764503449201584
478,NY,0.002635139732403449,0.7488,0.7488,5,0.03764503449201584
478,TX,0.05532672513743779,0.7578,0.7578,51,0.03764503449201584
479,CA,0.9426471410016553,0.7742,0.7742,933,0.03802429884672165
479,NY,0.0025947060231495908,0.7516,0.7516,4,0.03802429884672165
479,TX,0.05475815297519514,0.758,0.758,63,0.03802429884672165
480,CA,0.9431498791369429,0.7756,0.7756,947,0.040210798382759094
480,NY,0.0025630205028395812,0.7532,0.7532,2,0.040210798382759094
480,TX,0.05428710036021754,0.7616,0.7616,51,0.040210798382759094
481,CA,0.9435842760163116,0.7742,0.7742,953,0.038318485021591187
481,NY,0.002531852421940915,0.7536,0.7536,3,0.038318485021591187
481,TX,0.05388387156174752,0.7636,0.7636,44,0.038318485021591187
482,CA,0.9439158996018353,0.7732,0.7732,938,0.0378958061337471
482,NY,0.0025033349108587975,0.7422,0.7422,7,0.0378958061337471
482,TX,0.05358076548730595,0.7554,0.7554,55,0.0378958061337471
483,CA,0.9444652260840178,0.768,0.768,943,0.037558265030384064
483,NY,0.0024610016995666012,0.746,0.746,5,0.037558265030384064
483,TX,0.0530737722164156,0.7588,0.7588,52,0.037558265030384064
484,CA,0.9447550760552597,0.7748,0.7748,950,0.03838063031435013
484,NY,0.0024311242418879712,0.75,0.75,2,0.03838063031435013
484,TX,0.0528137997028523,0.76,0.76,48,0.03838063031435013
485,CA,0.945203465132914,0.7738,0.7738,934,0.03808191418647766
485,NY,0.0023982908671419828,0.755,0.755,3,0.03808191418647766
485,TX,0.052398243999943965,0.7624,0.7624,63,0.03808191418647766
486,CA,0.9455459192043187,0.7764,0.7764,945,0.03810615837574005
486,NY,0.0023737317754171294,0.7494,0.7494,6,0.03810615837574005
486,TX,0.0520803490202641,0.758,0.758,49,0.03810615837574005
487,CA,0.9460904213931499,0.7766,0.7766,958,0.03812351077795029
487,NY,0.002338998923849533,0.756,0.756,1,0.03812351077795029
487,TX,0.051570579683000585,0.7656,0.7656,41,0.03812351077795029
488,CA,0.9464182849331431,0.7788,0.7788,950,0.037000998854637146
488,NY,0.0023126789773246885,0.755,0.755,3,0.037000998854637146
488,TX,0.05126903608953223,0.7596,0.7596,47,0.037000998854637146
489,CA,0.9469716294235915,0.7722,0.7722,939,0.03733319789171219
489,NY,0.002283069847404073,0.7514,0.7514,7,0.03733319789171219
489,TX,0.050745300729004364,0.7576,0.7576,54,0.03733319789171219
490,CA,0.947393080482235,0.7786,0.7786,957,0.03758050501346588
490,NY,0.0022572780156330996,0.7538,0.7538,4,0.03758050501346588
490,TX,0.05034964150213186,0.764,0.764,39,0.03758050501346588
491,CA,0.9478146492435697,0.7768,0.7768,948,0.03756991773843765
491,NY,0.002226793977123181,0.759,0.759,1,0.03756991773843765
491,TX,0.04995855677930703,0.7632,0.7632,51,0.03756991773843765
492,CA,0.9481983863819553,0.7772,0.7772,951,0.031981006264686584
492,NY,0.0022053784525733477,0.755,0.755,0,0.031981006264686584
492,TX,0.04959623516547148,0.765,0.765,49,0.031981006264686584
493,CA,0.9485474645894483,0.7822,0.7822,942,0.03773684799671173
493,NY,0.0021786316015383078,0.7618,0.7618,4,0.03773684799671173
493,TX,0.0492739038090134,0.7642,0.7642,54,0.03773684799671173
494,CA,0.9490434328946346,0.7744,0.7744,953,0.03662514686584473
494,NY,0.0021548199414316445,0.755,0.755,1,0.03662514686584473
494,TX,0.04880174716393386,0.7608,0.7608,46,0.03662514686584473
495,CA,0.9494209257732429,0.776,0.776,951,0.036421388387680054
495,NY,0.002132108439592797,0.7458,0.7458,5,0.036421388387680054
495,TX,0.04844696578716431,0.7568,0.7568,44,0.036421388387680054
496,CA,0.9499529055076201,0.768,0.768,948,0.03655603528022766
496,NY,0.0020970273408203984,0.7444,0.7444,2,0.03655603528022766
496,TX,0.04795006715155962,0.7588,0.7588,50,0.03655603528022766
497,CA,0.9502165962364648,0.7726,0.7726,940,0.0373949259519577
497,NY,0.0020696096758374806,0.7522,0.7522,1,0.0373949259519577
497,TX,0.04771379408769773,0.7608,0.7608,59,0.0373949259519577
498,CA,0.9505411523663408,0.7712,0.7712,933,0.03685721009969711
498,NY,0.0020464902953483926,0.741,0.741,3,0.03685721009969711
498,TX,0.047412357338310715,0.7564,0.7564,64,0.03685721009969711
499,CA,0.9509510765444404,0.7784,0.7784,956,0.036608703434467316
499,NY,0.002012463942128707,0.7536,0.7536,3,0.036608703434467316
499,TX,0.04703645951343078,0.7604,0.7604,41,0.036608703434467316
500,CA,0.9514307323323562,0.7722,0.7722,958,0.03712743520736694
500,NY,0.0019854008156476,0.7542,0.7542,3,0.03712743520736694
500,TX,0.04658386685199625,0.7612,0.7612,39,0.03712743520736694
501,CA,0.9517251107314185,0.776,0.776,955,0.037884123623371124
501,NY,0.0019658434189404076,0.7554,0.7554,1,0.037884123623371124
501,TX,0.04630904584964111,0.7626,0.7626,44,0.037884123623371124
502,CA,0.9520794802832243,0.78,0.78,956,0.039672814309597015
502,NY,0.0019437648869719026,0.7568,0.7568,1,0.039672814309597015
502,TX,0.04597675482980386,0.7566,0.7566,43,0.039672814309597015
503,CA,0.9526794282308785,0.7724,0.7724,949,0.037397563457489014
503,NY,0.0019196393122600712,0.7488,0.7488,3,0.037397563457489014
503,TX,0.04540093245686148,0.7606,0.7606,48,0.037397563457489014
504,CA,0.952991841415981,0.775,0.775,952,0.031059347093105316
504,NY,0.0018946999070616427,0.7538,0.7538,0,0.031059347093105316
504,TX,0.045113458676957305,0.7648,0.7648,48,0.031059347093105316
505,CA,0.9532605400075952,0.7744,0.7744,959,0.03199557960033417
505,NY,0.0018725980870345396,0.7568,0.7568,0,0.03199557960033417
505,TX,0.04486686190537028,0.7678,0.7678,41,0.03199557960033417
506,CA,0.9534373638514139,0.772,0.772,957,0.03785531967878342
506,NY,0.001854367985173645,0.7584,0.7584,3,0.03785531967878342
506,TX,0.04470826816341242,0.7656,0.7656,40,0.03785531967878342
507,CA,0.9536049186508442,0.7746,0.7746,943,0.03738897293806076
507,NY,0.001840459196597978,0.7456,0.7456,3,0.03738897293806076
507,TX,0.04455462215255784,0.7552,0.7552,54,0.03738897293806076
508,CA,0.9540983298475243,0.7762,0.7762,946,0.03757206350564957
508,NY,0.001811319667186427,0.753,0.753,3,0.03757206350564957
508,TX,0.04409035048528936,0.757,0.757,51,0.03757206350564957
509,CA,0.9545758635686721,0.7742,0.7742,963,0.0307764932513237
509,NY,0.0017885556867871348,0.752,0.752,0,0.0307764932513237
509,TX,0.04363558074454077,0.7608,0.7608,37,0.0307764932513237
510,CA,0.9549119410739757,0.7716,0.7716,951,0.03731318563222885
510,NY,0.001766797876216593,0.751,0.751,1,0.03731318563222885
510,TX,0.0433212610498078,0.7616,0.7616,48,0.03731318563222885
511,CA,0.9551651324293952,0.7716,0.7716,955,0.037612125277519226
511,NY,0.0017467167275535859,0.7502,0.7502,3,0.037612125277519226
511,TX,0.04308815084305131,0.762,0.762,42,0.037612125277519226
512,CA,0.9554083667942214,0.7798,0.7798,958,0.0321342870593071
512,NY,0.0017260567357222374,0.7468,0.7468,0,0.0321342870593071
512,TX,0.042865576470056434,0.7618,0.7618,42,0.0321342870593071
513,CA,0.9558533398046273,0.7792,0.7792,944,0.03807099163532257
513,NY,0.0016948422018986066,0.7578,0.7578,1,0.03807099163532257
513,TX,0.04245181799347409,0.7632,0.7632,55,0.03807099163532257
514,CA,0.9562378873404956,0.7744,0.7744,963,0.03639897704124451
514,NY,0.0016751304947207324,0.7466,0.7466,1,0.03639897704124451
514,TX,0.0420869821647836,0.7518,0.7518,36,0.03639897704124451
515,CA,0.9567758766489005,0.7742,0.7742,955,0.03142385184764862
515,NY,0.001649813456807588,0.7514,0.7514,0,0.03142385184764862
515,TX,0.04157430989429196,0.7586,0.7586,45,0.03142385184764862
516,CA,0.9571460545747098,0.7702,0.7702,953,0.03724786639213562
516,NY,0.0016292420433892724,0.7484,0.7484,1,0.03724786639213562
516,TX,0.041224703381900846,0.7592,0.7592,46,0.03724786639213562
517,CA,0.9574105237981112,0.7728,0.7728,958,0.03652001917362213
517,NY,0.0016096225718775592,0.7504,0.7504,1,0.03652001917362213
517,TX,0.04097985363001128,0.7572,0.7572,41,0.03652001917362213
518,CA,0.9577753846042818,0.7778,0.7778,960,0.03186986595392227
518,NY,0.001589890042961932,0.7598,0.7598,0,0.03186986595392227
518,TX,0.04063472535275624,0.7674,0.7674,40,0.03186986595392227
519,CA,0.9580185369970053,0.7764,0.7764,961,0.03158210217952728
519,NY,0.001574192149437928,0.7556,0.7556,0,0.03158210217952728
519,TX,0.04040727085355681,0.7674,0.7674,39,0.03158210217952728
520,CA,0.958232369233504,0.771,0.771,958,0.032841756939888
520,NY,0.001556107065880532,0.7468,0.7468,0,0.032841756939888
520,TX,0.04021152370061541,0.7616,0.7616,42,0.032841756939888
521,CA,0.95845731505972,0.7798,0.7798,954,0.037712275981903076
521,NY,0.0015352037968222037,0.7574,0.7574,1,0.037712275981903076
521,TX,0.04000748114345767,0.7664,0.7664,45,0.037712275981903076
522,CA,0.9587646330150141,0.7804,0.7804,962,0.03661889582872391
522,NY,0.0015163682569172645,0.76,0.76,2,0.03661889582872391
522,TX,0.039718998728068645,0.7628,0.7628,36,0.03661889582872391
523,CA,0.9591579008401809,0.7798,0.7798,961,0.037406764924526215
523,NY,0.0014996084187596877,0.7538,0.7538,3,0.037406764924526215
523,TX,0.0393424907410593,0.7628,0.7628,36,0.037406764924526215
524,CA,0.9595395019913978,0.775,0.775,954,0.03055882453918457
524,NY,0.0014782894685272281,0.7498,0.7498,0,0.03055882453918457
524,TX,0.03898220854007505,0.7538,0.7538,46,0.03055882453918457
525,CA,0.9600066199657831,0.7798,0.7798,953,0.038041286170482635
525,NY,0.0014580113583280469,0.754,0.754,2,0.038041286170482635
525,TX,0.038535368675888935,0.76,0.76,45,0.038041286170482635
526,CA,0.9604386592461296,0.7722,0.7722,969,0.040438584983348846
526,NY,0.001437522658487107,0.7464,0.7464,2,0.040438584983348846
526,TX,0.038123818095383274,0.7578,0.7578,29,0.040438584983348846
527,CA,0.960756383835474,0.7758,0.7758,960,0.03834085166454315
527,NY,0.0014170635767643159,0.7548,0.7548,2,0.03834085166454315
527,TX,0.03782655258776168,0.768,0.768,38,0.03834085166454315
528,CA,0.9609321446154783,0.7752,0.7752,968,0.03256071358919144
528,NY,0.0014005620422816926,0.7508,0.7508,0,0.03256071358919144
528,TX,0.03766729334224,0.7556,0.7556,32,0.03256071358919144
529,CA,0.961350462396619,0.78,0.78,961,0.036902256309986115
529,NY,0.001381912734226478,0.7564,0.7564,1,0.036902256309986115
529,TX,0.0372676248691545,0.7616,0.7616,38,0.036902256309986115
530,CA,0.9617385819635342,0.7758,0.7758,962,0.03758075833320618
530,NY,0.001364141258501265,0.7554,0.7554,1,0.03758075833320618
530,TX,0.03689727677796453,0.7604,0.7604,37,0.03758075833320618
531,CA,0.962061497511884,0.7744,0.7744,966,0.03174448013305664
531,NY,0.0013489230690993646,0.7516,0.7516,0,0.03174448013305664
531,TX,0.03658957941901669,0.7604,0.7604,34,0.03174448013305664
532,CA,0.9623560018553543,0.7758,0.7758,954,0.03799933195114136
532,NY,0.001331997822014667,0.753,0.753,1,0.03799933195114136
532,TX,0.036312000322631044,0.7634,0.7634,45,0.03799933195114136
533,CA,0.9626165438260084,0.7736,0.7736,955,0.03696715831756592
533,NY,0.0013152519104096612,0.7488,0.7488,1,0.03696715831756592
533,TX,0.036068204263581996,0.7598,0.7598,44,0.03696715831756592
534,CA,0.9629044810760083,0.7774,0.7774,958,0.031472474336624146
534,NY,0.0012972488436675078,0.7588,0.7588,0,0.031472474336624146
534,TX,0.03579827008032411,0.7616,0.7616,42,0.031472474336624146
535,CA,0.9632240789206444,0.7754,0.7754,960,0.036160729825496674
535,NY,0.0012840995572386662,0.745,0.745,1,0.036160729825496674
535,TX,0.035491821522116974,0.7482,0.7482,39,0.036160729825496674
536,CA,0.9637693214377868,0.779,0.779,967,0.03151676058769226
536,NY,0.0012628264775217972,0.7462,0.7462,0,0.03151676058769226
536,TX,0.0349678520846914,0.7582,0.7582,33,0.03151676058769226
537,CA,0.9641859711985599,0.7728,0.7728,956,0.037803612649440765
537,NY,0.0012400792065532453,0.7528,0.7528,3,0.037803612649440765
537,TX,0.034573949594886834,0.7572,0.7572,41,0.037803612649440765
538,CA,0.9644929001713056,0.7762,0.7762,969,0.0388326421380043
538,NY,0.001226479443817558,0.754,0.754,1,0.0388326421380043
538,TX,0.03428062038487673,0.764,0.764,30,0.0388326421380043
539,CA,0.964734845053228,0.7716,0.7716,973,0.036458782851696014
539,NY,0.0012114539963684686,0.7402,0.7402,2,0.036458782851696014
539,TX,0.03405370095040344,0.7488,0.7488,25,0.036458782851696014
540,CA,0.9651785700671999,0.7788,0.7788,955,0.0316033810377121
540,NY,0.0011905294015935781,0.7534,0.7534,0,0.0316033810377121
540,TX,0.03363090053120646,0.755,0.755,45,0.0316033810377121
541,CA,0.9656294947645018,0.7776,0.7776,973,0.038015834987163544
541,NY,0.00117407775251189,0.7538,0.7538,1,0.038015834987163544
541,TX,0.03319642748298638,0.7652,0.7652,26,0.038015834987163544
542,CA,0.9658683421991231,0.7814,0.7814,963,0.03719870746135712
542,NY,0.0011586447333260727,0.7578,0.7578,2,0.03719870746135712
542,TX,0.03297301306755083,0.759,0.759,35,0.03719870746135712
543,CA,0.9662838103402963,0.774,0.774,966,0.0372212752699852
543,NY,0.0011437867877683455,0.7558,0.7558,2,0.0372212752699852
543,TX,0.03257240287193538,0.7672,0.7672,32,0.0372212752699852
544,CA,0.9664158123129185,0.7786,0.7786,956,0.21753664314746857
544,NY,0.0011322069820736173,0.7552,0.7552,2,0.21753664314746857
544,TX,0.03245198070500793,0.7658,0.7658,42,0.21753664314746857
545,CA,0.9666559702854916,0.7736,0.7736,965,0.036810338497161865
545,NY,0.0011175888530171917,0.7536,0.7536,3,0.036810338497161865
545,TX,0.03222644086149139,0.7626,0.7626,32,0.036810338497161865
546,CA,0.9668614025083254,0.7756,0.7756,976,0.03756493330001831
546,NY,0.0011052211925507735,0.7536,0.7536,1,0.03756493330001831
546,TX,0.032033376299123874,0.758,0.758,23,0.03756493330001831
547,CA,0.9671817459408351,0.7698,0.7698,966,0.039581313729286194
547,NY,0.0010918889533960197,0.7556,0.7556,1,0.039581313729286194
547,TX,0.031726365105768935,0.7658,0.7658,33,0.039581313729286194
548,CA,0.9672595783008888,0.7744,0.7744,972,0.037979647517204285
548,NY,0.0010832153393522924,0.7428,0.7428,2,0.037979647517204285
548,TX,0.03165720635975886,0.7502,0.7502,26,0.037979647517204285
549,CA,0.9676960526309499,0.7754,0.7754,962,0.036679886281490326
549,NY,0.0010644046284014788,0.7562,0.7562,3,0.036679886281490326
549,TX,0.03123954274064864,0.7604,0.7604,35,0.036679886281490326
550,CA,0.9679626756491652,0.7826,0.7826,960,0.0321989580988884
550,NY,0.0010531837594610323,0.7504,0.7504,0,0.0321989580988884
550,TX,0.03098414059137383,0.7566,0.7566,40,0.0321989580988884
551,CA,0.9684187441461334,0.7782,0.7782,966,0.038128629326820374
551,NY,0.0010346468297725735,0.7554,0.7554,2,0.038128629326820374
551,TX,0.03054660902409411,0.7674,0.7674,32,0.038128629326820374
552,CA,0.9686112970806801,0.781,0.781,966,0.03761601448059082
552,NY,0.0010215837183715731,0.7528,0.7528,4,0.03761601448059082
552,TX,0.030367119200948364,0.7624,0.7624,30,0.03761601448059082
553,CA,0.9689342590696324,0.7774,0.7774,969,0.03126464784145355
553,NY,0.001005743395919405,0.7358,0.7358,0,0.03126464784145355
553,TX,0.03005999753444823,0.7508,0.7508,31,0.03126464784145355
554,CA,0.9693931772715557,0.7646,0.7646,968,0.036398276686668396
554,NY,0.0009826692015070281,0.738,0.738,1,0.036398276686668396
554,TX,0.029624153526937227,0.7514,0.7514,31,0.036398276686668396
555,CA,0.9696224105088518,0.7748,0.7748,971,0.03784065693616867
555,NY,0.0009680850820868279,0.744,0.744,1,0.03784065693616867
555,TX,0.02940950440906135,0.7534,0.7534,28,0.03784065693616867
556,CA,0.9699826728374012,0.7778,0.7778,969,0.0308169424533844
556,NY,0.000951638316711661,0.7536,0.7536,0,0.0308169424533844
556,TX,0.029065688845887113,0.7578,0.7578,31,0.0308169424533844
557,CA,0.9703125198341181,0.7738,0.7738,977,0.03741975873708725
557,NY,0.000939003505894724,0.7522,0.7522,1,0.03741975873708725
557,TX,0.028748476659987112,0.7618,0.7618,22,0.03741975873708725
558,CA,0.9705123695466156,0.776,0.776,970,0.03711067885160446
558,NY,0.0009277600747357014,0.7556,0.7556,3,0.03711067885160446
558,TX,0.028559870378648627,0.7604,0.7604,27,0.03711067885160446
559,CA,0.9707662447522369,0.7736,0.7736,978,0.0323716402053833
559,NY,0.000917343275182203,0.7566,0.7566,0,0.0323716402053833
559,TX,0.02831641197258085,0.7658,0.7658,22,0.0323716402053833
560,CA,0.9708956881219694,0.7764,0.7764,971,0.03762053698301315
560,NY,0.0009086716645668276,0.7558,0.7558,1,0.03762053698301315
560,TX,0.028195640213463765,0.7634,0.7634,28,0.03762053698301315
561,CA,0.9711062996483503,0.7706,0.7706,972,0.03730355203151703
561,NY,0.0008983290929253893,0.756,0.756,1,0.03730355203151703
561,TX,0.027995371258724325,0.7604,0.7604,27,0.03730355203151703
562,CA,0.9712701354605964,0.7718,0.7718,971,0.03194863349199295
562,NY,0.0008910719655527683,0.7546,0.7546,0,0.03194863349199295
562,TX,0.027838792573850843,0.7628,0.7628,29,0.03194863349199295
563,CA,0.9714159057273232,0.7778,0.7778,975,0.031404733657836914
563,NY,0.0008825541936782059,0.754,0.754,0,0.031404733657836914
563,TX,0.027701540078998516,0.7648,0.7648,25,0.031404733657836914
564,CA,0.9716242025494635,0.7782,0.7782,975,0.036480627954006195
564,NY,0.0008709258562064195,0.7538,0.7538,1,0.036480627954006195
564,TX,0.027504871594330106,0.7682,0.7682,24,0.036480627954006195
565,CA,0.9717861300923372,0.7776,0.7776,974,0.031402915716171265
565,NY,0.0008591183909563311,0.7564,0.7564,0,0.031402915716171265
565,TX,0.027354751516706518,0.7652,0.7652,26,0.031402915716171265
566,CA,0.9719815610644292,0.7748,0.7748,970,0.03704293817281723
566,NY,0.0008490430919551384,0.7584,0.7584,2,0.03704293817281723
566,TX,0.027169395843615617,0.761,0.761,28,0.03704293817281723
567,CA,0.9721945706966991,0.7754,0.7754,970,0.03651365637779236
567,NY,0.0008413818764409308,0.743,0.743,2,0.03651365637779236
567,TX,0.026964047426860024,0.7522,0.7522,28,0.03651365637779236
568,CA,0.972552184759554,0.7708,0.7708,972,0.036716192960739136
568,NY,0.0008263310023407006,0.742,0.742,1,0.036716192960739136
568,TX,0.026621484238105377,0.7556,0.7556,27,0.036716192960739136
569,CA,0.9727875506158417,0.7774,0.7774,968,0.037389181554317474
569,NY,0.000813088417471062,0.7538,0.7538,1,0.037389181554317474
569,TX,0.026399360966687383,0.7668,0.7668,31,0.037389181554317474
570,CA,0.97295123573695,0.7706,0.7706,984,0.033744536340236664
570,NY,0.000802427371491403,0.753,0.753,0,0.033744536340236664
570,TX,0.026246336891558704,0.7586,0.7586,16,0.033744536340236664
571,CA,0.9731320993475265,0.771,0.771,971,0.031950317323207855
571,NY,0.0007945988183789703,0.7468,0.7468,0,0.031950317323207855
571,TX,0.026073301834094367,0.7614,0.7614,29,0.031950317323207855
572,CA,0.9732802253375219,0.777,0.777,975,0.037483230233192444
572,NY,0.0007838602440084251,0.7544,0.7544,1,0.037483230233192444
572,TX,0.02593591441846968,0.7634,0.7634,24,0.037483230233192444
573,CA,0.9734831632570967,0.7734,0.7734,974,0.03225357085466385
573,NY,0.0007740524225742594,0.7512,0.7512,0,0.03225357085466385
573,TX,0.025742784320329132,0.7594,0.7594,26,0.03225357085466385
574,CA,0.9736904762811396,0.7732,0.7732,962,0.03183514624834061
574,NY,0.000764525360408589,0.7506,0.7506,0,0.03183514624834061
574,TX,0.02554499835845185,0.7626,0.7626,38,0.03183514624834061
575,CA,0.9738486774033064,0.7758,0.7758,961,0.037840016186237335
575,NY,0.0007549038743288169,0.751,0.751,2,0.037840016186237335
575,TX,0.025396418722364818,0.7616,0.7616,37,0.037840016186237335
576,CA,0.9740567578027016,0.7772,0.7772,957,0.037654466927051544
576,NY,0.0007445202828507368,0.7528,0.7528,2,0.037654466927051544
576,TX,0.0251987219144476,0.7602,0.7602,41,0.037654466927051544
577,CA,0.9743015637166861,0.773,0.773,982,0.036477379500865936
577,NY,0.0007344829682422477,0.7524,0.7524,2,0.036477379500865936
577,TX,0.024963953315071754,0.7632,0.7632,16,0.036477379500865936
578,CA,0.9744443377245894,0.7776,0.7776,974,0.032203055918216705
578,NY,0.0007260555928697094,0.7546,0.7546,0,0.032203055918216705
578,TX,0.024829606682540833,0.7662,0.7662,26,0.032203055918216705
579,CA,0.9746086860458821,0.7728,0.7728,975,0.031677864491939545
579,NY,0.0007167821802307155,0.7506,0.7506,0,0.031677864491939545
579,TX,0.024674531773887134,0.7612,0.7612,25,0.031677864491939545
580,CA,0.974774816273933,0.7734,0.7734,977,0.03803752362728119
580,NY,0.0007079268816055149,0.7444,0.7444,1,0.03803752362728119
580,TX,0.024517256844461585,0.7616,0.7616,22,0.03803752362728119
581,CA,0.9749451504784853,0.775,0.775,969,0.03232008218765259
581,NY,0.0006964719987802467,0.7574,0.7574,0,0.03232008218765259
581,TX,0.0243583775227345,0.7626,0.7626,31,0.03232008218765259
582,CA,0.9751178159846958,0.7794,0.7794,979,0.031147845089435577
582,NY,0.000689688259667549,0.755,0.755,0,0.031147845089435577
582,TX,0.024192495755636704,0.7638,0.7638,21,0.031147845089435577
583,CA,0.975333904092819,0.7694,0.7694,981,0.03200065344572067
583,NY,0.0006803816586944713,0.7454,0.7454,0,0.03200065344572067
583,TX,0.023985714248486573,0.7612,0.7612,19,0.03200065344572067
584,CA,0.9754513353441369,0.7722,0.7722,976,0.03688640892505646
584,NY,0.0006712338238701221,0.7498,0.7498,1,0.03688640892505646
584,TX,0.023877430831992997,0.7616,0.7616,23,0.03688640892505646
585,CA,0.9755989448652319,0.777,0.777,971,0.03725917637348175
585,NY,0.0006628499487698389,0.755,0.755,2,0.03725917637348175
585,TX,0.02373820518599825,0.7654,0.7654,27,0.03725917637348175
586,CA,0.975758155363869,0.7774,0.7774,970,0.030613437294960022
586,NY,0.0006547504233416479,0.7514,0.7514,0,0.030613437294960022
586,TX,0.023587094212789313,0.7572,0.7572,30,0.030613437294960022
587,CA,0.9760291431033691,0.7782,0.7782,980,0.036940522491931915
587,NY,0.0006453518406002867,0.7494,0.7494,2,0.036940522491931915
587,TX,0.02332550505603064,0.7592,0.7592,18,0.036940522491931915
588,CA,0.9762826684433697,0.7752,0.7752,977,0.03775966912508011
588,NY,0.000635064539512744,0.75,0.75,1,0.03775966912508011
588,TX,0.02308226701711746,0.7598,0.7598,22,0.03775966912508011
589,CA,0.9764870038157819,0.7752,0.7752,980,0.03736589103937149
589,NY,0.0006261804595199261,0.7468,0.7468,1,0.03736589103937149
589,TX,0.022886815724698167,0.763,0.763,19,0.03736589103937149
590,CA,0.9766504038745573,0.7734,0.7734,976,0.031808413565158844
590,NY,0.0006162658062660797,0.755,0.755,0,0.031808413565158844
590,TX,0.022733330319176615,0.7668,0.7668,24,0.031808413565158844
591,CA,0.9767392870785998,0.7768,0.7768,970,0.03311801701784134
591,NY,0.000609927213040452,0.7484,0.7484,0,0.03311801701784134
591,TX,0.02265078570835971,0.7556,0.7556,30,0.03311801701784134
592,CA,0.9770128587015983,0.7706,0.7706,973,0.03182779997587204
592,NY,0.0006003463658021569,0.7504,0.7504,0,0.03182779997587204
592,TX,0.022386794932599523,0.7568,0.7568,27,0.03182779997587204
593,CA,0.9771900536053273,0.7684,0.7684,981,0.0375414714217186
593,NY,0.000593604916030695,0.7534,0.7534,1,0.0375414714217186
593,TX,0.022216341478642106,0.761,0.761,18,0.0375414714217186
594,CA,0.9772858286116575,0.7816,0.7816,976,0.03921062499284744
594,NY,0.0005886275004849547,0.7532,0.7532,1,0.03921062499284744
594,TX,0.022125543887857573,0.769,0.769,23,0.03921062499284744
595,CA,0.977447949608797,0.7748,0.7748,976,0.0332765057682991
595,NY,0.0005793404402211332,0.7464,0.7464,0,0.0332765057682991
595,TX,0.021972709950981877,0.7548,0.7548,24,0.0332765057682991
596,CA,0.9776990992145674,0.773,0.773,976,0.036554574966430664
596,NY,0.0005702164247962335,0.7478,0.7478,1,0.036554574966430664
596,TX,0.02173068436063634,0.758,0.758,23,0.036554574966430664
597,CA,0.977886805893739,0.7768,0.7768,977,0.03185977041721344
597,NY,0.0005622197446964256,0.7562,0.7562,0,0.03185977041721344
597,TX,0.021550974361564643,0.7634,0.7634,23,0.03185977041721344
598,CA,0.9780521438159147,0.7782,0.7782,972,0.03137993812561035
598,NY,0.0005557953945289487,0.7528,0.7528,0,0.03137993812561035
598,TX,0.02139206078955653,0.7606,0.7606,28,0.03137993812561035
599,CA,0.9782670398900118,0.7778,0.7778,978,0.030649997293949127
599,NY,0.0005479767274855748,0.7546,0.7546,0,0.030649997293949127
599,TX,0.021184983382502465,0.7592,0.7592,22,0.030649997293949127
600,CA,0.9784909148196524,,,0,
600,NY,0.0005409494877260769,,,0,
600,TX,0.020968135692621567,,,0,
