t,state,p,acc,fitness,sample_count,step_seconds
0,CA,0.3333333333333333,0.7736,0.7736,353,0.05672536790370941
0,NY,0.3333333333333333,0.753,0.753,324,0.05672536790370941
0,TX,0.3333333333333333,0.7654,0.7654,323,0.05672536790370941
1,CA,0.3351473922902494,0.7784,0.7784,321,0.039213478565216064
1,NY,0.33125472411186696,0.7542,0.7542,319,0.039213478565216064
1,TX,0.3335978835978836,0.7686,0.7686,360,0.039213478565216064
2,CA,0.33728780117640317,0.776,0.776,331,0.03828379511833191
2,NY,0.3288338574977653,0.7552,0.7552,333,0.03828379511833191
2,TX,0.3338783413258315,0.7738,0.7738,336,0.03828379511833191
3,CA,0.33873242565888173,0.7748,0.7748,330,0.0385701060295105
3,NY,0.3263745709184318,0.7552,0.7552,324,0.0385701060295105
3,TX,0.33489300342268646,0.7692,0.7692,346,0.0385701060295105
4,CA,0.34031865081539014,0.775,0.775,331,0.0384453684091568
4,NY,0.32428173112063285,0.7564,0.7564,306,0.0384453684091568
4,TX,0.33539961806397706,0.7666,0.7666,363,0.0384453684091568
5,CA,0.34202375910554916,0.7806,0.7806,344,0.0410400927066803
5,NY,0.32249135638445864,0.7612,0.7612,323,0.0410400927066803
5,TX,0.33548488450999225,0.7636,0.7636,333,0.0410400927066803
6,CA,0.3443365293338472,0.7784,0.7784,331,0.037794917821884155
6,NY,0.3211346800336057,0.7552,0.7552,346,0.037794917821884155
6,TX,0.3345287906325471,0.7666,0.7666,323,0.037794917821884155
7,CA,0.3465576168481118,0.7736,0.7736,361,0.03845895081758499
7,NY,0.3189897437643499,0.7464,0.7464,323,0.03845895081758499
7,TX,0.3344526393875382,0.7594,0.7594,316,0.03845895081758499
8,CA,0.3492009888915229,0.774,0.774,331,0.03765275329351425
8,NY,0.31649348809550437,0.7546,0.7546,326,0.03765275329351425
8,TX,0.3343055230129727,0.7656,0.7656,343,0.03765275329351425
9,CA,0.35097130478389954,0.7754,0.7754,344,0.038898490369319916
9,NY,0.3146193530154928,0.754,0.754,311,0.038898490369319916
9,TX,0.33440934220060764,0.7656,0.7656,345,0.038898490369319916
10,CA,0.3529613726744547,0.7736,0.7736,369,0.0375334694981575
10,NY,0.3125894933860707,0.7516,0.7516,312,0.0375334694981575
10,TX,0.3344491339394747,0.7612,0.7612,319,0.0375334694981575
11,CA,0.3551689910844694,0.774,0.774,349,0.03842934966087341
11,NY,0.3106429450529216,0.7552,0.7552,308,0.03842934966087341
11,TX,0.33418806386260896,0.7636,0.7636,343,0.03842934966087341
12,CA,0.35704390293203314,0.776,0.776,362,0.03872270882129669
12,NY,0.3089733838606879,0.7562,0.7562,308,0.03872270882129669
12,TX,0.33398271320727907,0.7662,0.7662,330,0.03872270882129669
13,CA,0.3589418287879761,0.7766,0.7766,380,0.037927038967609406
13,NY,0.3071528367017991,0.752,0.752,306,0.037927038967609406
13,TX,0.3339053345102247,0.766,0.766,314,0.037927038967609406
14,CA,0.36119760733035733,0.7714,0.7714,350,0.037893347442150116
14,NY,0.30480337269604635,0.7528,0.7528,290,0.037893347442150116
14,TX,0.33399901997359643,0.7688,0.7688,360,0.037893347442150116
15,CA,0.3625356245601453,0.7818,0.7818,339,0.03873465210199356
15,NY,0.3027201407306166,0.7536,0.7536,312,0.03873465210199356
15,TX,0.33474423470923803,0.7716,0.7716,349,0.03873465210199356
16,CA,0.3649836861980949,0.7734,0.7734,368,0.03938114643096924
16,NY,0.2999408811306153,0.7546,0.7546,300,0.03938114643096924
16,TX,0.3350754326712899,0.766,0.766,332,0.03938114643096924
17,CA,0.36666222899020895,0.7722,0.7722,358,0.03855583071708679
17,NY,0.29812596696993926,0.756,0.756,310,0.03855583071708679
17,TX,0.33521180403985185,0.7664,0.7664,332,0.03855583071708679
18,CA,0.3680690972301507,0.7724,0.7724,371,0.03846258670091629
18,NY,0.2965341844921813,0.7596,0.7596,310,0.03846258670091629
18,TX,0.33539671827766804,0.7702,0.7702,319,0.03846258670091629
19,CA,0.36901297227304464,0.7734,0.7734,356,0.03881962597370148
19,NY,0.29514759971116217,0.7516,0.7516,285,0.03881962597370148
19,TX,0.3358394280157932,0.763,0.763,359,0.03881962597370148
20,CA,0.37109022118870044,0.7784,0.7784,361,0.03880471736192703
20,NY,0.29316043984179485,0.76,0.76,291,0.03880471736192703
20,TX,0.3357493389695047,0.7676,0.7676,348,0.03880471736192703
21,CA,0.3729820280128686,0.7732,0.7732,401,0.03784643113613129
21,NY,0.29160635112394695,0.7556,0.7556,270,0.03784643113613129
21,TX,0.3354116208631843,0.7694,0.7694,329,0.03784643113613129
22,CA,0.37433455456227205,0.7754,0.7754,371,0.03813245892524719
22,NY,0.2897589375184745,0.7514,0.7514,276,0.03813245892524719
22,TX,0.33590650791925336,0.7706,0.7706,353,0.03813245892524719
23,CA,0.37614953129276024,0.7706,0.7706,354,0.0382700115442276
23,NY,0.2872278695484169,0.7518,0.7518,296,0.0382700115442276
23,TX,0.3366225991588228,0.7702,0.7702,350,0.0382700115442276
24,CA,0.3773289844223787,0.775,0.775,391,0.038403041660785675
24,NY,0.2850691893748666,0.7554,0.7554,293,0.038403041660785675
24,TX,0.3376018262027547,0.7612,0.7612,316,0.038403041660785675
25,CA,0.3795197781239227,0.7808,0.7808,351,0.038182035088539124
25,NY,0.2835582348169726,0.756,0.756,290,0.038182035088539124
25,TX,0.3369219870591046,0.7658,0.7658,359,0.038182035088539124
26,CA,0.3821131337065617,0.7726,0.7726,395,0.03879375010728836
26,NY,0.28151995245095723,0.7546,0.7546,268,0.03879375010728836
26,TX,0.3363669138424811,0.7626,0.7626,337,0.03879375010728836
27,CA,0.38393926640079823,0.7726,0.7726,369,0.03781678527593613
27,NY,0.2799929692049699,0.755,0.755,281,0.03781678527593613
27,TX,0.33606776439423197,0.7782,0.7782,350,0.03781678527593613
28,CA,0.3846001330971697,0.778,0.778,391,0.03791153430938721
28,NY,0.27769010286819595,0.7588,0.7588,272,0.03791153430938721
28,TX,0.3377097640346343,0.7726,0.7726,337,0.03791153430938721
29,CA,0.3861541500316949,0.7708,0.7708,358,0.03848815709352493
29,NY,0.27580134393120753,0.7568,0.7568,298,0.03848815709352493
29,TX,0.3380445060370976,0.7634,0.7634,344,0.03848815709352493
30,CA,0.3875466629164214,0.779,0.779,388,0.03850811719894409
30,NY,0.2746075557592021,0.758,0.758,267,0.03850811719894409
30,TX,0.3378457813243764,0.7712,0.7712,345,0.03850811719894409
31,CA,0.38938567427724696,0.7714,0.7714,405,0.03730352222919464
31,NY,0.2726536859094589,0.7558,0.7558,267,0.03730352222919464
31,TX,0.33796063981329416,0.767,0.767,328,0.03730352222919464
32,CA,0.3906516255531658,0.7716,0.7716,393,0.038692228496074677
32,NY,0.2711311672490448,0.7498,0.7498,270,0.038692228496074677
32,TX,0.3382172071977894,0.7668,0.7668,337,0.038692228496074677
33,CA,0.3923200491719433,0.7772,0.7772,389,0.03976535052061081
33,NY,0.2689385453237143,0.7546,0.7546,264,0.03976535052061081
33,TX,0.33874140550434245,0.767,0.767,347,0.03976535052061081
34,CA,0.3944358636595038,0.7728,0.7728,395,0.03856627643108368
34,NY,0.2669505160928775,0.7536,0.7536,267,0.03856627643108368
34,TX,0.3386136202476187,0.7642,0.7642,338,0.03856627643108368
35,CA,0.3962323031064651,0.7732,0.7732,390,0.038025885820388794
35,NY,0.2652620010873872,0.7538,0.7538,282,0.038025885820388794
35,TX,0.3385056958061476,0.7658,0.7658,328,0.038025885820388794
36,CA,0.3979493799408593,0.7736,0.7736,427,0.03833142668008804
36,NY,0.2634967956633266,0.7542,0.7542,272,0.03833142668008804
36,TX,0.338553824395814,0.7634,0.7634,301,0.03833142668008804
37,CA,0.3998804867838946,0.7758,0.7758,415,0.03870908170938492
37,NY,0.2618792838076508,0.7488,0.7488,264,0.03870908170938492
37,TX,0.33824022940845455,0.7626,0.7626,321,0.03870908170938492
38,CA,0.4024950755039334,0.7764,0.7764,386,0.03741879761219025
38,NY,0.2595838064857132,0.7484,0.7484,257,0.03741879761219025
38,TX,0.3379211180103534,0.763,0.763,357,0.03741879761219025
39,CA,0.4051857813362823,0.7738,0.7738,403,0.039479270577430725
39,NY,0.2572001724892912,0.749,0.749,241,0.039479270577430725
39,TX,0.3376140461744264,0.765,0.765,356,0.039479270577430725
40,CA,0.40733280224393137,0.7804,0.7804,404,0.038381487131118774
40,NY,0.25494799598553647,0.7512,0.7512,264,0.038381487131118774
40,TX,0.33771920177053216,0.7656,0.7656,332,0.038381487131118774
41,CA,0.4101995741890942,0.7774,0.7774,396,0.03870727866888046
41,NY,0.2525315159207172,0.753,0.753,268,0.03870727866888046
41,TX,0.33726890989018854,0.7682,0.7682,336,0.03870727866888046
42,CA,0.4123489303353021,0.7758,0.7758,404,0.03833145648241043
42,NY,0.2503698292363632,0.755,0.755,245,0.03833145648241043
42,TX,0.33728124042833474,0.7668,0.7668,351,0.03833145648241043
43,CA,0.41427197149828926,0.7752,0.7752,387,0.037909284234046936
43,NY,0.24859119445527608,0.7478,0.7478,263,0.037909284234046936
43,TX,0.3371368340464346,0.767,0.767,350,0.037909284234046936
44,CA,0.4165187892789384,0.774,0.774,414,0.03827311843633652
44,NY,0.24608165168303497,0.7548,0.7548,241,0.03827311843633652
44,TX,0.3373995590380267,0.7712,0.7712,345,0.03827311843633652
45,CA,0.4178542000663641,0.7752,0.7752,420,0.03766709566116333
45,NY,0.24419873947276358,0.7572,0.7572,242,0.03766709566116333
45,TX,0.33794706046087225,0.7674,0.7674,338,0.03766709566116333
46,CA,0.4195159018878157,0.779,0.779,447,0.03867509961128235
46,NY,0.24268390745906904,0.7526,0.7526,237,0.03867509961128235
46,TX,0.3378001906531153,0.763,0.763,316,0.03867509961128235
47,CA,0.42231989189186275,0.7738,0.7738,436,0.038205817341804504
47,NY,0.24068052405852405,0.754,0.754,224,0.038205817341804504
47,TX,0.3369995840496132,0.7638,0.7638,340,0.038205817341804504
48,CA,0.4242657716694293,0.7756,0.7756,435,0.03761885315179825
48,NY,0.23909051355893698,0.757,0.757,227,0.03761885315179825
48,TX,0.3366437147716337,0.7662,0.7662,338,0.03761885315179825
49,CA,0.4260923183969172,0.7752,0.7752,432,0.03857440501451492
49,NY,0.23760450959580853,0.751,0.751,225,0.03857440501451492
49,TX,0.3363031720072742,0.7656,0.7656,343,0.03857440501451492
50,CA,0.4282583473081756,0.7736,0.7736,425,0.03795556724071503
50,NY,0.23555681188708275,0.7516,0.7516,226,0.03795556724071503
50,TX,0.33618484080474176,0.7624,0.7624,349,0.03795556724071503
51,CA,0.43042979477725907,0.7774,0.7774,430,0.040507495403289795
51,NY,0.2338144855126236,0.7548,0.7548,238,0.040507495403289795
51,TX,0.3357557197101173,0.7572,0.7572,332,0.040507495403289795
52,CA,0.4333718844044891,0.7728,0.7728,460,0.03885698318481445
52,NY,0.23241934336004014,0.7468,0.7468,224,0.03885698318481445
52,TX,0.3342087722354707,0.7624,0.7624,316,0.03885698318481445
53,CA,0.4357113441927227,0.7796,0.7796,467,0.03894975781440735
53,NY,0.23024692828728885,0.7608,0.7608,207,0.03894975781440735
53,TX,0.3340417275199884,0.7698,0.7698,326,0.03894975781440735
54,CA,0.43758063950271353,0.7764,0.7764,419,0.037997372448444366
54,NY,0.22879193362326516,0.7574,0.7574,233,0.037997372448444366
54,TX,0.33362742687402125,0.7664,0.7664,348,0.037997372448444366
55,CA,0.43948149369826384,0.7772,0.7772,439,0.03853704035282135
55,NY,0.22732806725075833,0.7566,0.7566,221,0.03853704035282135
55,TX,0.3331904390509779,0.77,0.77,340,0.03853704035282135
56,CA,0.4412397814300707,0.7732,0.7732,464,0.038485415279865265
56,NY,0.22559200403240054,0.749,0.749,226,0.038485415279865265
56,TX,0.3331682145375287,0.759,0.759,310,0.038485415279865265
57,CA,0.44379017719106567,0.7686,0.7686,427,0.038043275475502014
57,NY,0.22379934633478746,0.7572,0.7572,237,0.038043275475502014
57,TX,0.33241047647414695,0.766,0.766,336,0.038043275475502014
58,CA,0.4446488980938492,0.7738,0.7738,473,0.03771912306547165
58,NY,0.22278703962957358,0.7544,0.7544,209,0.03771912306547165
58,TX,0.3325640622765772,0.7612,0.7612,318,0.03771912306547165
59,CA,0.4467930350871449,0.7776,0.7776,459,0.03819499909877777
59,NY,0.22141297370334098,0.7586,0.7586,231,0.03819499909877777
59,TX,0.33179399120951414,0.7636,0.7636,310,0.03819499909877777
60,CA,0.4490290772214138,0.7668,0.7668,477,0.037803612649440765
60,NY,0.2201426360749719,0.7522,0.7522,230,0.037803612649440765
60,TX,0.33082828670361447,0.7686,0.7686,293,0.037803612649440765
61,CA,0.4496955754346705,0.7746,0.7746,441,0.037851206958293915
61,NY,0.21864754105643802,0.7574,0.7574,226,0.037851206958293915
61,TX,0.3316568835088916,0.769,0.769,333,0.037851206958293915
62,CA,0.45112373981128717,0.77,0.77,450,0.038803599774837494
62,NY,0.2172159989096407,0.754,0.754,211,0.038803599774837494
62,TX,0.33166026127907217,0.7676,0.7676,339,0.038803599774837494
63,CA,0.45221504473012514,0.7738,0.7738,440,0.038217343389987946
63,NY,0.21577317762762488,0.755,0.755,209,0.038217343389987946
63,TX,0.33201177764225,0.7642,0.7642,351,0.038217343389987946
64,CA,0.45406937435845235,0.7794,0.7794,465,0.0388423427939415
64,NY,0.21436167000990547,0.755,0.755,221,0.0388423427939415
64,TX,0.3315689556316421,0.7676,0.7676,314,0.0388423427939415
65,CA,0.4564145299973768,0.7712,0.7712,446,0.038442276418209076
65,NY,0.21251418171585176,0.7508,0.7508,218,0.038442276418209076
65,TX,0.3310712882867714,0.7642,0.7642,336,0.038442276418209076
66,CA,0.45813532796551365,0.767,0.767,470,0.03848455846309662
66,NY,0.21085852896785204,0.7482,0.7482,193,0.03848455846309662
66,TX,0.33100614306663434,0.7576,0.7576,337,0.03848455846309662
67,CA,0.45997721472367803,0.7778,0.7778,470,0.03848975896835327
67,NY,0.20945381514195782,0.7548,0.7548,227,0.03848975896835327
67,TX,0.3305689701343641,0.765,0.765,303,0.03848975896835327
68,CA,0.46233040328735586,0.7778,0.7778,451,0.21659554541110992
68,NY,0.20780171813004722,0.7558,0.7558,210,0.21659554541110992
68,TX,0.3298678785825969,0.7666,0.7666,339,0.21659554541110992
69,CA,0.4644901224682935,0.7772,0.7772,466,0.03930725157260895
69,NY,0.20618891147535082,0.7546,0.7546,215,0.03930725157260895
69,TX,0.3293209660563557,0.7632,0.7632,319,0.03930725157260895
70,CA,0.4669257352436286,0.7738,0.7738,492,0.03840889781713486
70,NY,0.20463431150632683,0.751,0.751,195,0.03840889781713486
70,TX,0.32843995325004455,0.7638,0.7638,313,0.03840889781713486
71,CA,0.4690278892190249,0.7738,0.7738,461,0.038790009915828705
71,NY,0.20291343658560979,0.7558,0.7558,222,0.038790009915828705
71,TX,0.3280586741953652,0.7614,0.7614,317,0.038790009915828705
72,CA,0.47107823197236265,0.7744,0.7744,466,0.038511812686920166
72,NY,0.20173236007468087,0.7506,0.7506,196,0.038511812686920166
72,TX,0.32718940795295653,0.761,0.761,338,0.038511812686920166
73,CA,0.4735295609251384,0.7758,0.7758,460,0.03876248002052307
73,NY,0.20006219255407742,0.7578,0.7578,198,0.03876248002052307
73,TX,0.3264082465207842,0.7668,0.7668,342,0.03876248002052307
74,CA,0.47527962026709714,0.7744,0.7744,478,0.03794488310813904
74,NY,0.19876619733495612,0.7566,0.7566,187,0.03794488310813904
74,TX,0.3259541823979467,0.765,0.765,335,0.03794488310813904
75,CA,0.4770545966453643,0.7812,0.7812,520,0.037665195763111115
75,NY,0.19750712680124718,0.7576,0.7576,181,0.037665195763111115
75,TX,0.3254382765533886,0.7654,0.7654,299,0.037665195763111115
76,CA,0.4796946659264546,0.7746,0.7746,469,0.03840814530849457
76,NY,0.19596879992657434,0.7502,0.7502,197,0.03840814530849457
76,TX,0.32433653414697117,0.7586,0.7586,334,0.03840814530849457
77,CA,0.4824051771653024,0.7726,0.7726,488,0.03875471651554108
77,NY,0.19436640685001738,0.7574,0.7574,193,0.03875471651554108
77,TX,0.3232284159846802,0.7692,0.7692,319,0.03875471651554108
78,CA,0.48351080538838553,0.7676,0.7676,478,0.03798478841781616
78,NY,0.1931413698504132,0.7546,0.7546,192,0.03798478841781616
78,TX,0.32334782476120133,0.7706,0.7706,330,0.03798478841781616
79,CA,0.4839326432898951,0.7748,0.7748,504,0.04057742655277252
79,NY,0.19188815779915697,0.7512,0.7512,196,0.04057742655277252
79,TX,0.32417919891094804,0.7636,0.7636,300,0.04057742655277252
80,CA,0.4861677239477394,0.7778,0.7778,491,0.03853234648704529
80,NY,0.19021103430199096,0.7458,0.7458,187,0.03853234648704529
80,TX,0.3236212417502697,0.7594,0.7594,322,0.03853234648704529
81,CA,0.4894830877652615,0.7788,0.7788,459,0.03752439469099045
81,NY,0.18806105243675944,0.7554,0.7554,198,0.03752439469099045
81,TX,0.322455859797979,0.7638,0.7638,343,0.03752439469099045
82,CA,0.4920382863252179,0.7632,0.7632,488,0.038444243371486664
82,NY,0.18655592283535594,0.7416,0.7416,193,0.038444243371486664
82,TX,0.3214057908394261,0.7596,0.7596,319,0.038444243371486664
83,CA,0.4934899474548908,0.7736,0.7736,463,0.03849634528160095
83,NY,0.1848141816903241,0.7554,0.7554,194,0.03849634528160095
83,TX,0.3216958708547851,0.7696,0.7696,343,0.03849634528160095
84,CA,0.49478728596495725,0.779,0.779,489,0.039329104125499725
84,NY,0.18339856309689784,0.753,0.753,202,0.039329104125499725
84,TX,0.32181415093814497,0.7708,0.7708,309,0.039329104125499725
85,CA,0.4968560500749171,0.7782,0.7782,507,0.039172425866127014
85,NY,0.1814738060167914,0.7556,0.7556,170,0.039172425866127014
85,TX,0.3216701439082915,0.7668,0.7668,323,0.039172425866127014
86,CA,0.499036168424657,0.7756,0.7756,495,0.03895837068557739
86,NY,0.17995352343670767,0.7446,0.7446,183,0.03895837068557739
86,TX,0.3210103081386354,0.7632,0.7632,322,0.03895837068557739
87,CA,0.5017373120611457,0.7748,0.7748,521,0.03845711797475815
87,NY,0.17776876780437112,0.753,0.753,160,0.03845711797475815
87,TX,0.3204939201344831,0.7708,0.7708,319,0.03845711797475815
88,CA,0.5031995435953608,0.7788,0.7788,505,0.03870133310556412
88,NY,0.17609693532628043,0.7502,0.7502,165,0.03870133310556412
88,TX,0.32070352107835876,0.7654,0.7654,330,0.03870133310556412
89,CA,0.5058538828891355,0.7806,0.7806,493,0.03779421001672745
89,NY,0.17417956676803212,0.7596,0.7596,170,0.03779421001672745
89,TX,0.3199665503428324,0.7698,0.7698,337,0.03779421001672745
90,CA,0.507882849958577,0.7708,0.7708,488,0.038862355053424835
90,NY,0.1728157220652136,0.751,0.751,176,0.038862355053424835
90,TX,0.3193014279762094,0.7708,0.7708,336,0.038862355053424835
91,CA,0.508866141906291,0.7722,0.7722,503,0.03777380287647247
91,NY,0.17121424322056428,0.7512,0.7512,158,0.03777380287647247
91,TX,0.3199196148731448,0.7636,0.7636,339,0.03777380287647247
92,CA,0.510695102326441,0.775,0.775,537,0.03940649330615997
92,NY,0.16979349362194104,0.7496,0.7496,149,0.03940649330615997
92,TX,0.3195114040516178,0.7634,0.7634,314,0.03940649330615997
93,CA,0.5130127892005453,0.7754,0.7754,494,0.03827068954706192
93,NY,0.1681233194198915,0.7564,0.7564,178,0.03827068954706192
93,TX,0.31886389137956306,0.7614,0.7614,328,0.03827068954706192
94,CA,0.5152353292431737,0.7792,0.7792,528,0.037643879652023315
94,NY,0.16704466563514678,0.7524,0.7524,152,0.037643879652023315
94,TX,0.3177200051216795,0.758,0.758,320,0.037643879652023315
95,CA,0.5185029179473117,0.7782,0.7782,516,0.03809115290641785
95,NY,0.165571909092211,0.7526,0.7526,153,0.03809115290641785
95,TX,0.3159251729604773,0.7634,0.7634,331,0.03809115290641785
96,CA,0.5211153326543799,0.7702,0.7702,512,0.03853606432676315
96,NY,0.16401044407825183,0.7528,0.7528,162,0.03853606432676315
96,TX,0.3148742232673682,0.7616,0.7616,326,0.03853606432676315
97,CA,0.5227577582836012,0.7748,0.7748,512,0.03797202557325363
97,NY,0.16291015920261198,0.7554,0.7554,154,0.03797202557325363
97,TX,0.31433208251378686,0.7704,0.7704,334,0.03797202557325363
98,CA,0.5240994618392218,0.7712,0.7712,529,0.03872887045145035
98,NY,0.16154297211318325,0.7514,0.7514,147,0.03872887045145035
98,TX,0.3143575660475949,0.7654,0.7654,324,0.03872887045145035
99,CA,0.5255896487726684,0.772,0.772,540,0.038595400750637054
99,NY,0.16019129061875334,0.7544,0.7544,152,0.038595400750637054
99,TX,0.31421906060857824,0.7664,0.7664,308,0.038595400750637054
100,CA,0.52695133427514,0.7782,0.7782,522,0.038165025413036346
100,NY,0.15901112367721185,0.756,0.756,162,0.038165025413036346
100,TX,0.31403754204764817,0.7598,0.7598,316,0.038165025413036346
101,CA,0.5297242802308861,0.776,0.776,520,0.037770047783851624
101,NY,0.15785225241955864,0.7538,0.7538,153,0.037770047783851624
101,TX,0.3124234673495552,0.7658,0.7658,327,0.037770047783851624
102,CA,0.5317275516173426,0.7712,0.7712,525,0.03880981355905533
102,NY,0.15646859110177855,0.7466,0.7466,161,0.03880981355905533
102,TX,0.3118038572808788,0.7546,0.7546,314,0.03880981355905533
103,CA,0.5344508221768232,0.775,0.775,523,0.039418429136276245
103,NY,0.15508564829664143,0.756,0.756,163,0.039418429136276245
103,TX,0.31046352952653544,0.7682,0.7682,314,0.039418429136276245
104,CA,0.5359780665600187,0.7748,0.7748,552,0.03810448199510574
104,NY,0.15386400483967844,0.7604,0.7604,156,0.03810448199510574
104,TX,0.31015792860030283,0.7678,0.7678,292,0.03810448199510574
105,CA,0.5373061182241421,0.774,0.774,533,0.0388132780790329
105,NY,0.15299376780352342,0.7568,0.7568,169,0.0388132780790329
105,TX,0.30970011397233443,0.7658,0.7658,298,0.0388132780790329
106,CA,0.5388768908197243,0.7772,0.7772,526,0.03868097811937332
106,NY,0.1519533298042128,0.7562,0.7562,148,0.03868097811937332
106,TX,0.3091697793760629,0.7728,0.7728,326,0.03868097811937332
107,CA,0.5402604850797749,0.7786,0.7786,523,0.03838422894477844
107,NY,0.15054333545152465,0.7576,0.7576,127,0.03838422894477844
107,TX,0.30919617946870065,0.767,0.767,350,0.03838422894477844
108,CA,0.5423180633900679,0.7748,0.7748,552,0.03861687332391739
108,NY,0.1493324381445628,0.7554,0.7554,160,0.03861687332391739
108,TX,0.3083494984653692,0.762,0.762,288,0.03861687332391739
109,CA,0.5444174271980848,0.7772,0.7772,507,0.038956835865974426
109,NY,0.14827187468709183,0.7522,0.7522,178,0.038956835865974426
109,TX,0.30731069811482326,0.7674,0.7674,315,0.038956835865974426
110,CA,0.5464833265759707,0.7772,0.7772,543,0.038670092821121216
110,NY,0.14674085567853007,0.7508,0.7508,158,0.038670092821121216
110,TX,0.3067758177454993,0.7666,0.7666,299,0.038670092821121216
111,CA,0.5486833027994444,0.7674,0.7674,541,0.03853747248649597
111,NY,0.14514300448356654,0.7522,0.7522,145,0.03853747248649597
111,TX,0.30617369271698897,0.765,0.765,314,0.03853747248649597
112,CA,0.5495978450977979,0.778,0.778,545,0.037596695125103
112,NY,0.14413458804724139,0.7528,0.7528,164,0.037596695125103
112,TX,0.3062675668549608,0.763,0.763,291,0.037596695125103
113,CA,0.5521524679661304,0.7748,0.7748,557,0.03954767435789108
113,NY,0.14275220181264212,0.7574,0.7574,158,0.03954767435789108
113,TX,0.3050953302212275,0.7654,0.7654,285,0.03954767435789108
114,CA,0.5538224806554428,0.781,0.781,543,0.039624907076358795
114,NY,0.14178019862688307,0.756,0.756,162,0.039624907076358795
114,TX,0.3043973207176742,0.7682,0.7682,295,0.039624907076358795
115,CA,0.5561459876044617,0.7776,0.7776,551,0.0381811186671257
115,NY,0.1403764968652946,0.755,0.755,170,0.0381811186671257
115,TX,0.30347751553024377,0.7668,0.7668,279,0.0381811186671257
116,CA,0.5581713262023309,0.775,0.775,558,0.03827616572380066
116,NY,0.13909649729188783,0.754,0.754,138,0.03827616572380066
116,TX,0.3027321765057812,0.7648,0.7648,304,0.03827616572380066
117,CA,0.5600673180374567,0.7748,0.7748,554,0.03811468183994293
117,NY,0.13791774051956132,0.7484,0.7484,141,0.03811468183994293
117,TX,0.302014941442982,0.7578,0.7578,305,0.03811468183994293
118,CA,0.5628502625818096,0.777,0.777,567,0.03736906498670578
118,NY,0.13654133779387476,0.7584,0.7584,148,0.03736906498670578
118,TX,0.30060839962431574,0.7598,0.7598,285,0.03736906498670578
119,CA,0.5653030266348146,0.777,0.777,554,0.03922214359045029
119,NY,0.13570093454060758,0.753,0.753,138,0.03922214359045029
119,TX,0.2989960388245778,0.7668,0.7668,308,0.03922214359045029
120,CA,0.56731643554584,0.7698,0.7698,560,0.03765558451414108
120,NY,0.13434496103889723,0.7552,0.7552,147,0.03765558451414108
120,TX,0.2983386034152628,0.7604,0.7604,293,0.03765558451414108
121,CA,0.568848262888991,0.7746,0.7746,572,0.03910450637340546
121,NY,0.1335964358052216,0.7532,0.7532,146,0.03910450637340546
121,TX,0.2975553013057874,0.7652,0.7652,282,0.03910450637340546
122,CA,0.5706670860921453,0.7732,0.7732,562,0.03747287392616272
122,NY,0.13240739620742042,0.7486,0.7486,151,0.03747287392616272
122,TX,0.2969255177004341,0.7602,0.7602,287,0.03747287392616272
123,CA,0.5729668551291164,0.7788,0.7788,580,0.03828827291727066
123,NY,0.13109667340916653,0.7556,0.7556,131,0.03828827291727066
123,TX,0.2959364714617171,0.7656,0.7656,289,0.03828827291727066
124,CA,0.5752135783934189,0.779,0.779,585,0.037900954484939575
124,NY,0.1298941979408406,0.7594,0.7594,132,0.037900954484939575
124,TX,0.29489222366574047,0.7648,0.7648,283,0.037900954484939575
125,CA,0.57739899491926,0.776,0.776,588,0.03792911022901535
125,NY,0.12895116983116522,0.7576,0.7576,113,0.03792911022901535
125,TX,0.2936498352495748,0.7708,0.7708,299,0.03792911022901535
126,CA,0.5786696180740308,0.7682,0.7682,582,0.038639724254608154
126,NY,0.12789601899102138,0.7504,0.7504,115,0.038639724254608154
126,TX,0.2934343629349479,0.7618,0.7618,303,0.038639724254608154
127,CA,0.5800324512801525,0.7772,0.7772,578,0.04278054088354111
127,NY,0.12690670128967596,0.7616,0.7616,128,0.04278054088354111
127,TX,0.29306084743017163,0.7654,0.7654,294,0.04278054088354111
128,CA,0.5818126771197243,0.7774,0.7774,610,0.037523239850997925
128,NY,0.1261788138854584,0.757,0.757,105,0.037523239850997925
128,TX,0.2920085089948173,0.7684,0.7684,285,0.037523239850997925
129,CA,0.5835205348913285,0.7732,0.7732,550,0.038422584533691406
129,NY,0.12509673950473388,0.751,0.751,136,0.038422584533691406
129,TX,0.2913827256039376,0.7584,0.7584,314,0.038422584533691406
130,CA,0.5858629332989873,0.7734,0.7734,572,0.03854841738939285
130,NY,0.12402644384838124,0.7458,0.7458,136,0.03854841738939285
130,TX,0.2901106228526314,0.7564,0.7564,292,0.03854841738939285
131,CA,0.5886361719146121,0.772,0.772,574,0.037610337138175964
131,NY,0.12267413405950767,0.7544,0.7544,135,0.037610337138175964
131,TX,0.2886896940258803,0.7632,0.7632,291,0.037610337138175964
132,CA,0.5902014494643167,0.7744,0.7744,598,0.03886789083480835
132,NY,0.1217786703181598,0.7536,0.7536,120,0.03886789083480835
132,TX,0.2880198802175235,0.7684,0.7684,282,0.03886789083480835
133,CA,0.5916221948305543,0.7736,0.7736,585,0.037862204015254974
133,NY,0.12064085940081228,0.7534,0.7534,133,0.037862204015254974
133,TX,0.2877369457686334,0.7668,0.7668,282,0.037862204015254974
134,CA,0.5930913990623365,0.771,0.771,607,0.03869889676570892
134,NY,0.11956302988915675,0.7552,0.7552,111,0.03869889676570892
134,TX,0.28734557104850683,0.7652,0.7652,282,0.03869889676570892
135,CA,0.5942845654875474,0.7778,0.7778,597,0.03841700404882431
135,NY,0.11873473471460133,0.7568,0.7568,109,0.03841700404882431
135,TX,0.28698069979785124,0.7712,0.7712,294,0.03841700404882431
136,CA,0.5957548521529383,0.7778,0.7778,611,0.03882851451635361
136,NY,0.11762248331251977,0.7608,0.7608,107,0.03882851451635361
136,TX,0.286622664534542,0.7656,0.7656,282,0.03882851451635361
137,CA,0.5976024443231315,0.7762,0.7762,599,0.03987486660480499
137,NY,0.11685902242163787,0.7544,0.7544,102,0.03987486660480499
137,TX,0.2855385332552307,0.7598,0.7598,299,0.03987486660480499
138,CA,0.6000450413536725,0.7716,0.7716,577,0.03877484053373337
138,NY,0.11589654459995559,0.7468,0.7468,119,0.03877484053373337
138,TX,0.28405841404637205,0.7626,0.7626,304,0.03877484053373337
139,CA,0.6018901083803979,0.7754,0.7754,576,0.037507444620132446
139,NY,0.11462552938071058,0.7516,0.7516,117,0.037507444620132446
139,TX,0.28348436223889134,0.7682,0.7682,307,0.037507444620132446
140,CA,0.6035112928879531,0.7748,0.7748,573,0.03765188157558441
140,NY,0.11339352869567809,0.753,0.753,116,0.03765188157558441
140,TX,0.28309517841636883,0.7682,0.7682,311,0.03765188157558441
141,CA,0.6049908435724023,0.77,0.77,580,0.0377078577876091
141,NY,0.11227528524289841,0.7496,0.7496,108,0.0377078577876091
141,TX,0.2827338711846992,0.7694,0.7694,312,0.0377078577876091
142,CA,0.6058328677911778,0.7756,0.7756,599,0.038384243845939636
142,NY,0.1111357283571065,0.7526,0.7526,109,0.038384243845939636
142,TX,0.2830314038517156,0.763,0.763,292,0.038384243845939636
143,CA,0.607929023718553,0.774,0.774,599,0.03853260725736618
143,NY,0.11007569037940798,0.7488,0.7488,114,0.03853260725736618
143,TX,0.2819952859020391,0.7644,0.7644,287,0.03853260725736618
144,CA,0.6098131408098276,0.7762,0.7762,611,0.038181014358997345
144,NY,0.10884834943791206,0.7572,0.7572,107,0.038181014358997345
144,TX,0.2813385097522602,0.7672,0.7672,282,0.038181014358997345
145,CA,0.6113965916266065,0.771,0.771,612,0.22137711942195892
145,NY,0.10796361338384107,0.7516,0.7516,102,0.22137711942195892
145,TX,0.28063979498955244,0.7688,0.7688,286,0.22137711942195892
146,CA,0.6123342484633747,0.7754,0.7754,613,0.03968597203493118
146,NY,0.10694471414440192,0.7528,0.7528,110,0.03968597203493118
146,TX,0.2807210373922234,0.7646,0.7646,277,0.03968597203493118
147,CA,0.6142192996522905,0.7654,0.7654,611,0.03853459656238556
147,NY,0.10590839360928243,0.74,0.74,109,0.03853459656238556
147,TX,0.27987230673842706,0.7572,0.7572,280,0.03853459656238556
148,CA,0.6159586050395152,0.7712,0.7712,604,0.03889642655849457
148,NY,0.10468020757245221,0.7526,0.7526,110,0.03889642655849457
148,TX,0.2793611873880326,0.7714,0.7714,286,0.03889642655849457
149,CA,0.6166169911557626,0.7776,0.7776,605,0.03851751983165741
149,NY,0.10369163917491034,0.75,0.75,95,0.03851751983165741
149,TX,0.27969136966932706,0.765,0.765,300,0.03851751983165741
150,CA,0.6188401648741048,0.7748,0.7748,608,0.038026779890060425
150,NY,0.10244971449368723,0.7586,0.7586,117,0.038026779890060425
150,TX,0.27871012063220796,0.765,0.765,275,0.038026779890060425
151,CA,0.6203750389094315,0.7724,0.7724,634,0.03766556829214096
151,NY,0.10176635593413794,0.7516,0.7516,97,0.03766556829214096
151,TX,0.2778586051564306,0.7564,0.7564,269,0.03766556829214096
152,CA,0.6226805723590514,0.7752,0.7752,630,0.038656629621982574
152,NY,0.10094583834691075,0.7552,0.7552,95,0.038656629621982574
152,TX,0.27637358929403794,0.7662,0.7662,275,0.038656629621982574
153,CA,0.6242652464321081,0.7818,0.7818,625,0.038962118327617645
153,NY,0.10006255366032361,0.76,0.76,97,0.038962118327617645
153,TX,0.2756721999075683,0.7714,0.7714,278,0.038962118327617645
154,CA,0.6260389959060837,0.7702,0.7702,616,0.03794240951538086
154,NY,0.09911913963498842,0.752,0.752,100,0.03794240951538086
154,TX,0.27484186445892783,0.7644,0.7644,284,0.03794240951538086
155,CA,0.6272430428761709,0.7778,0.7778,627,0.03895123302936554
155,NY,0.09828873731662154,0.7518,0.7518,89,0.03895123302936554
155,TX,0.27446821980720765,0.7602,0.7602,284,0.03895123302936554
156,CA,0.6298598942072375,0.7726,0.7726,635,0.03831636905670166
156,NY,0.0972553450262904,0.7454,0.7454,99,0.03831636905670166
156,TX,0.27288476076647217,0.7612,0.7612,266,0.03831636905670166
157,CA,0.6319119259305611,0.7706,0.7706,631,0.03824358433485031
157,NY,0.09607497971828431,0.751,0.751,100,0.03824358433485031
157,TX,0.27201309435115456,0.7672,0.7672,269,0.03824358433485031
158,CA,0.6329156380953911,0.7714,0.7714,643,0.03859966993331909
158,NY,0.09516237278734299,0.7514,0.7514,95,0.03859966993331909
158,TX,0.2719219891172659,0.7636,0.7636,262,0.03859966993331909
159,CA,0.6343567599169375,0.775,0.775,632,0.03899489343166351
159,NY,0.09430217578784861,0.7528,0.7528,98,0.03899489343166351
159,TX,0.27134106429521393,0.769,0.769,270,0.03899489343166351
160,CA,0.6356895788083703,0.7752,0.7752,621,0.03805868327617645
160,NY,0.09331839054353201,0.7588,0.7588,92,0.03805868327617645
160,TX,0.2709920306480977,0.771,0.771,287,0.03805868327617645
161,CA,0.6366466245652621,0.776,0.776,649,0.038564495742321014
161,NY,0.09259547345067766,0.758,0.758,82,0.038564495742321014
161,TX,0.2707579019840603,0.7678,0.7678,269,0.038564495742321014
162,CA,0.638043038272482,0.7746,0.7746,626,0.03852709382772446
162,NY,0.09185804528325688,0.752,0.752,87,0.03852709382772446
162,TX,0.2700989164442611,0.764,0.764,287,0.03852709382772446
163,CA,0.6398237863225631,0.7734,0.7734,648,0.03886839747428894
163,NY,0.0909413153166796,0.7468,0.7468,88,0.03886839747428894
163,TX,0.26923489836075726,0.7616,0.7616,264,0.03886839747428894
164,CA,0.6418491583845007,0.7764,0.7764,660,0.038283295929431915
164,NY,0.08986080502397412,0.7536,0.7536,73,0.038283295929431915
164,TX,0.26829003659152517,0.76,0.76,267,0.038283295929431915
165,CA,0.644187723352949,0.7738,0.7738,619,0.03761168569326401
165,NY,0.08903065020802958,0.7528,0.7528,102,0.03761168569326401
165,TX,0.2667816264390213,0.7672,0.7672,279,0.03761168569326401
166,CA,0.6455088739663677,0.776,0.776,643,0.03800974041223526
166,NY,0.08815704658764316,0.7586,0.7586,82,0.03800974041223526
166,TX,0.2663340794459892,0.7646,0.7646,275,0.03800974041223526
167,CA,0.6471742329593088,0.777,0.777,644,0.038709744811058044
167,NY,0.08751855533626775,0.753,0.753,94,0.038709744811058044
167,TX,0.26530721170442356,0.7712,0.7712,262,0.038709744811058044
168,CA,0.6485023406288177,0.7794,0.7794,646,0.0383918359875679
168,NY,0.08651371444200186,0.7604,0.7604,74,0.0383918359875679
168,TX,0.2649839449291804,0.771,0.771,280,0.0383918359875679
169,CA,0.6499156993456281,0.769,0.769,661,0.04001081734895706
169,NY,0.08577647845915115,0.7516,0.7516,80,0.04001081734895706
169,TX,0.2643078221952208,0.76,0.76,259,0.04001081734895706
170,CA,0.6513410947588796,0.7698,0.7698,678,0.03717152774333954
170,NY,0.08511904999472418,0.7488,0.7488,76,0.03717152774333954
170,TX,0.2635398552463963,0.7592,0.7592,246,0.03717152774333954
171,CA,0.6530314279461046,0.7732,0.7732,665,0.037446603178977966
171,NY,0.08432732512478373,0.7466,0.7466,85,0.037446603178977966
171,TX,0.26264124692911167,0.7554,0.7554,250,0.037446603178977966
172,CA,0.6555892022842035,0.7746,0.7746,664,0.038521818816661835
172,NY,0.0833876561933452,0.7576,0.7576,88,0.038521818816661835
172,TX,0.26102314152245126,0.7706,0.7706,248,0.038521818816661835
173,CA,0.6564998832371793,0.774,0.774,672,0.03754571080207825
173,NY,0.08270355823606992,0.7484,0.7484,69,0.03754571080207825
173,TX,0.2607965585267509,0.7594,0.7594,259,0.03754571080207825
174,CA,0.6586998221385437,0.7746,0.7746,690,0.03832133859395981
174,NY,0.08178323216139678,0.7588,0.7588,73,0.03832133859395981
174,TX,0.2595169457000594,0.7672,0.7672,237,0.03832133859395981
175,CA,0.6598944447018132,0.7748,0.7748,653,0.03790568560361862
175,NY,0.08120208417612752,0.7554,0.7554,87,0.03790568560361862
175,TX,0.2589034711220592,0.763,0.763,260,0.03790568560361862
176,CA,0.6616205860418756,0.7774,0.7774,669,0.03996885567903519
176,NY,0.08052456502721199,0.7588,0.7588,80,0.03996885567903519
176,TX,0.25785484893091243,0.7704,0.7704,251,0.03996885567903519
177,CA,0.66285228927956,0.7826,0.7826,677,0.03891367465257645
177,NY,0.07983023717531564,0.7566,0.7566,85,0.03891367465257645
177,TX,0.2573174735451244,0.7694,0.7694,238,0.03891367465257645
178,CA,0.6648933607677265,0.7704,0.7704,683,0.03885136544704437
178,NY,0.07890810823670685,0.7494,0.7494,78,0.03885136544704437
178,TX,0.2561985309955667,0.7604,0.7604,239,0.03885136544704437
179,CA,0.6664816589852252,0.7722,0.7722,696,0.03855840861797333
179,NY,0.07815838178168973,0.7522,0.7522,65,0.03855840861797333
179,TX,0.2553599592330851,0.7658,0.7658,239,0.03855840861797333
180,CA,0.6676863243217077,0.775,0.775,655,0.038487985730171204
180,NY,0.07741600949790757,0.7528,0.7528,68,0.038487985730171204
180,TX,0.25489766618038473,0.7664,0.7664,277,0.038487985730171204
181,CA,0.6691606474627704,0.7738,0.7738,648,0.0382954403758049
181,NY,0.07661656907299577,0.7586,0.7586,85,0.0382954403758049
181,TX,0.254222783464234,0.7688,0.7688,267,0.0382954403758049
182,CA,0.6700807659567017,0.7724,0.7724,690,0.038696594536304474
182,NY,0.07606447600257168,0.7524,0.7524,70,0.038696594536304474
182,TX,0.2538547580407265,0.7618,0.7618,240,0.038696594536304474
183,CA,0.6716770220718478,0.7734,0.7734,664,0.03813789039850235
183,NY,0.07538530917036651,0.7522,0.7522,76,0.03813789039850235
183,TX,0.2529376687577858,0.7572,0.7572,260,0.03813789039850235
184,CA,0.6738412474055689,0.779,0.779,673,0.03831709176301956
184,NY,0.0747241171055697,0.7554,0.7554,74,0.03831709176301956
184,TX,0.2514346354888614,0.7656,0.7656,253,0.03831709176301956
185,CA,0.6757910177996401,0.7738,0.7738,689,0.03834988921880722
185,NY,0.07394618309332739,0.7556,0.7556,70,0.03834988921880722
185,TX,0.2502627991070324,0.7718,0.7718,241,0.03834988921880722
186,CA,0.6764951807601244,0.7782,0.7782,671,0.038308121263980865
186,NY,0.07326372151729393,0.7542,0.7542,63,0.038308121263980865
186,TX,0.2502410977225817,0.7668,0.7668,266,0.038308121263980865
187,CA,0.6782539715889457,0.78,0.78,670,0.03795739263296127
187,NY,0.07246280052788417,0.7562,0.7562,66,0.03795739263296127
187,TX,0.24928322788317012,0.769,0.769,264,0.03795739263296127
188,CA,0.6799602631701891,0.7744,0.7744,698,0.03863789141178131
188,NY,0.07167377398593397,0.7624,0.7624,73,0.03863789141178131
188,TX,0.24836596284387694,0.7688,0.7688,229,0.03863789141178131
189,CA,0.6808239298713589,0.7776,0.7776,648,0.03841627389192581
189,NY,0.0712794774123492,0.7598,0.7598,78,0.03841627389192581
189,TX,0.24789659271629183,0.767,0.767,274,0.03841627389192581
190,CA,0.6823195664464451,0.7792,0.7792,644,0.03798966109752655
190,NY,0.0707207393092846,0.7606,0.7606,78,0.03798966109752655
190,TX,0.2469596942442702,0.7668,0.7668,278,0.03798966109752655
191,CA,0.6840025487047471,0.7742,0.7742,713,0.03786487132310867
191,NY,0.07015402840387412,0.7492,0.7492,62,0.03786487132310867
191,TX,0.24584342289137892,0.7618,0.7618,225,0.03786487132310867
192,CA,0.6858589949508135,0.7716,0.7716,669,0.038136206567287445
192,NY,0.06935321952713767,0.7494,0.7494,78,0.038136206567287445
192,TX,0.24478778552204883,0.7636,0.7636,253,0.038136206567287445
193,CA,0.6872158714849287,0.7758,0.7758,661,0.038699887692928314
193,NY,0.06861963754435377,0.7558,0.7558,87,0.038699887692928314
193,TX,0.24416449097071755,0.7694,0.7694,252,0.038699887692928314
194,CA,0.6883535835488176,0.776,0.776,687,0.037393368780612946
194,NY,0.06795912982209464,0.7506,0.7506,65,0.037393368780612946
194,TX,0.24368728662908776,0.765,0.765,248,0.037393368780612946
195,CA,0.6900658179272455,0.7704,0.7704,690,0.03823176026344299
195,NY,0.06715381806158754,0.7502,0.7502,61,0.03823176026344299
195,TX,0.24278036401116684,0.7652,0.7652,249,0.03823176026344299
196,CA,0.6910881494271882,0.776,0.776,722,0.03811044991016388
196,NY,0.06648595614816485,0.7554,0.7554,55,0.03811044991016388
196,TX,0.24242589442464701,0.7676,0.7676,223,0.03811044991016388
197,CA,0.6924160553510706,0.7746,0.7746,705,0.038533128798007965
197,NY,0.06584104800434319,0.7488,0.7488,66,0.038533128798007965
197,TX,0.24174289664458615,0.766,0.766,229,0.038533128798007965
198,CA,0.6938931836719913,0.7778,0.7778,690,0.03847086429595947
198,NY,0.06502223513135962,0.7572,0.7572,70,0.03847086429595947
198,TX,0.24108458119664908,0.7676,0.7676,240,0.03847086429595947
199,CA,0.6953789590236629,0.7788,0.7788,720,0.037381552159786224
199,NY,0.0644064127965334,0.7536,0.7536,58,0.037381552159786224
199,TX,0.24021462817980366,0.7626,0.7626,222,0.037381552159786224
200,CA,0.697541431016553,0.7732,0.7732,698,0.03761439770460129
200,NY,0.06369142851691006,0.7456,0.7456,71,0.03761439770460129
200,TX,0.23876714046653694,0.7554,0.7554,231,0.03761439770460129
201,CA,0.6999128688071629,0.7736,0.7736,697,0.038273997604846954
201,NY,0.06291322830324982,0.7566,0.7566,66,0.038273997604846954
201,TX,0.23717390288958728,0.7644,0.7644,237,0.038273997604846954
202,CA,0.7011983694156866,0.7792,0.7792,686,0.03852277249097824
202,NY,0.062424645986287164,0.7584,0.7584,55,0.03852277249097824
202,TX,0.23637698459802628,0.7638,0.7638,259,0.03852277249097824
203,CA,0.7031501478441959,0.7746,0.7746,686,0.03905383497476578
203,NY,0.06186658846636084,0.7538,0.7538,64,0.03905383497476578
203,TX,0.23498326368944322,0.7668,0.7668,250,0.03905383497476578
204,CA,0.7043884419645957,0.776,0.776,704,0.03854432702064514
204,NY,0.06124912736271593,0.7586,0.7586,64,0.03854432702064514
204,TX,0.23436243067268842,0.7682,0.7682,232,0.03854432702064514
205,CA,0.7055380247162768,0.7712,0.7712,726,0.03742534667253494
205,NY,0.0607480324968693,0.7486,0.7486,61,0.03742534667253494
205,TX,0.23371394278685387,0.7566,0.7566,213,0.03742534667253494
206,CA,0.7074492917624389,0.7772,0.7772,714,0.038545385003089905
206,NY,0.06013536874825491,0.7544,0.7544,55,0.038545385003089905
206,TX,0.23241533948930615,0.7628,0.7628,231,0.038545385003089905
207,CA,0.7093323301387796,0.776,0.776,691,0.03854704648256302
207,NY,0.05952189248361987,0.7572,0.7572,57,0.03854704648256302
207,TX,0.23114577737760056,0.773,0.773,252,0.03854704648256302
208,CA,0.7100569596225023,0.7742,0.7742,694,0.0374656617641449
208,NY,0.05895198025034491,0.7514,0.7514,57,0.0374656617641449
208,TX,0.2309910601271529,0.7616,0.7616,249,0.0374656617641449
209,CA,0.7117637936340963,0.7778,0.7778,675,0.038159191608428955
209,NY,0.05833428408208149,0.7568,0.7568,60,0.038159191608428955
209,TX,0.22990192228382225,0.7648,0.7648,265,0.038159191608428955
210,CA,0.7134548256244159,0.7768,0.7768,702,0.03932023048400879
210,NY,0.05778217438476058,0.7532,0.7532,43,0.03932023048400879
210,TX,0.22876299999082356,0.7646,0.7646,255,0.03932023048400879
211,CA,0.7151269572723777,0.7766,0.7766,696,0.038913898169994354
211,NY,0.057148319848842555,0.7596,0.7596,53,0.038913898169994354
211,TX,0.22772472287877954,0.7692,0.7692,251,0.038913898169994354
212,CA,0.7161979422385806,0.7776,0.7776,725,0.038512855768203735
212,NY,0.05668624398590752,0.755,0.755,56,0.038512855768203735
212,TX,0.2271158137755119,0.7698,0.7698,219,0.038512855768203735
213,CA,0.7174299604865874,0.7732,0.7732,728,0.03780148923397064
213,NY,0.056061821112179805,0.7538,0.7538,42,0.03780148923397064
213,TX,0.22650821840123295,0.7644,0.7644,230,0.03780148923397064
214,CA,0.7186786389465886,0.777,0.777,706,0.03806593269109726
214,NY,0.05554497451155947,0.756,0.756,53,0.03806593269109726
214,TX,0.22577638654185192,0.768,0.768,241,0.03806593269109726
215,CA,0.7199745250013757,0.775,0.775,730,0.03786761313676834
215,NY,0.05498753468189414,0.7524,0.7524,52,0.03786761313676834
215,TX,0.22503794031673022,0.7646,0.7646,218,0.03786761313676834
216,CA,0.7214308450807274,0.7736,0.7736,725,0.03873010724782944
216,NY,0.054397220934421744,0.7488,0.7488,57,0.03873010724782944
216,TX,0.2241719339848509,0.7612,0.7612,218,0.03873010724782944
217,CA,0.7231141906045419,0.7776,0.7776,717,0.038491636514663696
217,NY,0.05376174478534845,0.7524,0.7524,53,0.038491636514663696
217,TX,0.22312406461010978,0.7742,0.7742,230,0.038491636514663696
218,CA,0.7239749362776896,0.7744,0.7744,695,0.041054725646972656
218,NY,0.05306268293195662,0.7572,0.7572,64,0.041054725646972656
218,TX,0.22296238079035388,0.766,0.766,241,0.041054725646972656
219,CA,0.7251132636323229,0.7784,0.7784,731,0.03840244561433792
219,NY,0.05263094748817421,0.7498,0.7498,51,0.03840244561433792
219,TX,0.22225578887950295,0.7626,0.7626,218,0.03840244561433792
220,CA,0.7271646032221791,0.7766,0.7766,701,0.03806350380182266
220,NY,0.05193104141850775,0.7568,0.7568,55,0.03806350380182266
220,TX,0.22090435535931313,0.7706,0.7706,244,0.03806350380182266
221,CA,0.7281292374723191,0.7766,0.7766,739,0.038530707359313965
221,NY,0.05142039836628043,0.7548,0.7548,57,0.038530707359313965
221,TX,0.22045036416140043,0.7656,0.7656,204,0.038530707359313965
222,CA,0.7295854181377718,0.7744,0.7744,735,0.0393952801823616
222,NY,0.05089101116785441,0.7564,0.7564,50,0.0393952801823616
222,TX,0.21952357069437387,0.7676,0.7676,215,0.0393952801823616
223,CA,0.7305771974682821,0.7786,0.7786,718,0.038796812295913696
223,NY,0.0504432369295252,0.7574,0.7574,44,0.038796812295913696
223,TX,0.21897956560219256,0.7692,0.7692,238,0.038796812295913696
224,CA,0.7318642368714267,0.7768,0.7768,724,0.03765375167131424
224,NY,0.04992978476745915,0.7542,0.7542,43,0.03765375167131424
224,TX,0.21820597836111413,0.7714,0.7714,233,0.03765375167131424
225,CA,0.7328156126036169,0.775,0.775,751,0.038192301988601685
225,NY,0.049358782979751194,0.7454,0.7454,54,0.038192301988601685
225,TX,0.21782560441663185,0.7606,0.7606,195,0.038192301988601685
226,CA,0.7347187239581827,0.7822,0.7822,737,0.038317807018756866
226,NY,0.048661719562402145,0.7598,0.7598,46,0.038317807018756866
226,TX,0.21661955647941517,0.7674,0.7674,217,0.038317807018756866
227,CA,0.7364940423737787,0.775,0.775,723,0.03917942941188812
227,NY,0.04816620790457441,0.759,0.759,56,0.03917942941188812
227,TX,0.2153397497216468,0.768,0.768,221,0.03917942941188812
228,CA,0.7374404745484248,0.7718,0.7718,726,0.038911372423172
228,NY,0.04779337171872387,0.7536,0.7536,46,0.038911372423172
228,TX,0.21476615373285138,0.7646,0.7646,228,0.038911372423172
229,CA,0.7384474753703043,0.7688,0.7688,761,0.2200428545475006
229,NY,0.047367029440574714,0.7568,0.7568,45,0.2200428545475006
229,TX,0.214185495189121,0.7706,0.7706,194,0.2200428545475006
230,CA,0.7385238289398185,0.772,0.772,739,0.03805576264858246
230,NY,0.04705054357521489,0.755,0.755,60,0.03805576264858246
230,TX,0.21442562748496663,0.7648,0.7648,201,0.03805576264858246
231,CA,0.7395019261372623,0.7732,0.7732,742,0.03814975172281265
231,NY,0.04666087142633425,0.7546,0.7546,49,0.03814975172281265
231,TX,0.21383720243640347,0.7666,0.7666,209,0.03814975172281265
232,CA,0.740453682945988,0.779,0.779,727,0.03844357281923294
232,NY,0.04623084545903713,0.7586,0.7586,48,0.03844357281923294
232,TX,0.2133154715949749,0.7676,0.7676,225,0.03844357281923294
233,CA,0.7418610528386894,0.7752,0.7752,752,0.040707238018512726
233,NY,0.045787573672928635,0.7488,0.7488,47,0.040707238018512726
233,TX,0.21235137348838196,0.7668,0.7668,201,0.040707238018512726
234,CA,0.7431137568888027,0.7792,0.7792,752,0.03943441063165665
234,NY,0.04518280777158914,0.7594,0.7594,39,0.03943441063165665
234,TX,0.2117034353396082,0.7652,0.7652,209,0.03943441063165665
235,CA,0.7447288153819144,0.7804,0.7804,746,0.03740113228559494
235,NY,0.044777092489825095,0.7554,0.7554,50,0.03740113228559494
235,TX,0.21049409212826062,0.7638,0.7638,204,0.03740113228559494
236,CA,0.7466636779849096,0.7732,0.7732,715,0.038646772503852844
236,NY,0.044263042813572635,0.753,0.753,54,0.038646772503852844
236,TX,0.2090732792015177,0.763,0.763,231,0.038646772503852844
237,CA,0.7479403313607013,0.7806,0.7806,757,0.03814603388309479
237,NY,0.0438336248427509,0.756,0.756,43,0.03814603388309479
237,TX,0.20822604379654786,0.7678,0.7678,200,0.03814603388309479
238,CA,0.7495161423395852,0.7732,0.7732,755,0.03809196501970291
238,NY,0.04331911416527781,0.755,0.755,38,0.03809196501970291
238,TX,0.20716474349513697,0.7682,0.7682,207,0.03809196501970291
239,CA,0.7502880231863366,0.776,0.776,753,0.038371741771698
239,NY,0.042918643641902114,0.7532,0.7532,42,0.038371741771698
239,TX,0.20679333317176132,0.7602,0.7602,205,0.038371741771698
240,CA,0.7520860338017735,0.7786,0.7786,771,0.04178106039762497
240,NY,0.04246919206932882,0.7582,0.7582,40,0.04178106039762497
240,TX,0.20544477412889767,0.7608,0.7608,189,0.04178106039762497
241,CA,0.7540035958124388,0.7726,0.7726,770,0.03923085331916809
241,NY,0.04208912332379574,0.7592,0.7592,33,0.03923085331916809
241,TX,0.2039072808637654,0.769,0.769,197,0.03923085331916809
242,CA,0.7545561511026053,0.778,0.778,775,0.03837495297193527
242,NY,0.041801560817238584,0.7562,0.7562,45,0.03837495297193527
242,TX,0.20364228808015616,0.7712,0.7712,180,0.03837495297193527
243,CA,0.7555318161580095,0.7772,0.7772,773,0.038517795503139496
243,NY,0.041342421274294085,0.7524,0.7524,47,0.038517795503139496
243,TX,0.20312576256769643,0.7668,0.7668,180,0.038517795503139496
244,CA,0.7568681321656001,0.7762,0.7762,741,0.03855863958597183
244,NY,0.040837609324062614,0.7582,0.7582,37,0.03855863958597183
244,TX,0.2022942585103372,0.7636,0.7636,222,0.03855863958597183
245,CA,0.7582700842533908,0.7728,0.7728,733,0.03839731216430664
245,NY,0.04049863845264124,0.7468,0.7468,44,0.03839731216430664
245,TX,0.20123127729396798,0.7602,0.7602,223,0.03839731216430664
246,CA,0.759808077878587,0.7848,0.7848,772,0.04012712836265564
246,NY,0.03998562116351096,0.7608,0.7608,25,0.04012712836265564
246,TX,0.2002063009579021,0.7698,0.7698,203,0.04012712836265564
247,CA,0.7614988157720637,0.7798,0.7798,758,0.03742930293083191
247,NY,0.03953571934878947,0.7556,0.7556,43,0.03742930293083191
247,TX,0.19896546487914676,0.7656,0.7656,199,0.03742930293083191
248,CA,0.7631204462957586,0.773,0.773,765,0.0376012921333313
248,NY,0.039081198378122135,0.749,0.749,29,0.0376012921333313
248,TX,0.19779835532611934,0.7596,0.7596,206,0.0376012921333313
249,CA,0.7646680891034865,0.771,0.771,737,0.039160698652267456
249,NY,0.03863036603142014,0.749,0.749,48,0.039160698652267456
249,TX,0.19670154486509336,0.7602,0.7602,215,0.039160698652267456
250,CA,0.7659544448214262,0.7748,0.7748,768,0.03873734921216965
250,NY,0.03821466400466113,0.7508,0.7508,40,0.03873734921216965
250,TX,0.1958308911739126,0.7634,0.7634,192,0.03873734921216965
251,CA,0.7673161517407325,0.7734,0.7734,768,0.03795243054628372
251,NY,0.03776491944986726,0.7518,0.7518,34,0.03795243054628372
251,TX,0.19491892880940026,0.7604,0.7604,198,0.03795243054628372
252,CA,0.7687682317014899,0.7778,0.7778,757,0.03821326792240143
252,NY,0.037375539389342516,0.7494,0.7494,38,0.03821326792240143
252,TX,0.1938562289091676,0.7652,0.7652,205,0.03821326792240143
253,CA,0.7702864706692483,0.776,0.776,772,0.03853029012680054
253,NY,0.036851106348891424,0.7584,0.7584,35,0.03853029012680054
253,TX,0.19286242298186027,0.7662,0.7662,193,0.03853029012680054
254,CA,0.7713891015553029,0.7714,0.7714,766,0.03848026692867279
254,NY,0.03653814317272455,0.7498,0.7498,30,0.03848026692867279
254,TX,0.19207275527197246,0.763,0.763,204,0.03848026692867279
255,CA,0.7724367947396582,0.7738,0.7738,791,0.03850528597831726
255,NY,0.03614162699725898,0.7552,0.7552,28,0.03850528597831726
255,TX,0.1914215782630828,0.7696,0.7696,181,0.03850528597831726
256,CA,0.7730801732111412,0.7752,0.7752,772,0.042396292090415955
256,NY,0.03579243470106565,0.7542,0.7542,51,0.042396292090415955
256,TX,0.19112739208779317,0.7666,0.7666,177,0.042396292090415955
257,CA,0.7741247255804994,0.7766,0.7766,763,0.0380387157201767
257,NY,0.03541681170657453,0.7578,0.7578,43,0.0380387157201767
257,TX,0.19045846271292602,0.7696,0.7696,194,0.0380387157201767
258,CA,0.7749967584673687,0.7756,0.7756,792,0.038615696132183075
258,NY,0.03508150463511313,0.7486,0.7486,30,0.038615696132183075
258,TX,0.18992173689751823,0.7586,0.7586,178,0.038615696132183075
259,CA,0.7768236985983996,0.774,0.774,768,0.03860139101743698
259,NY,0.034629492717950364,0.7516,0.7516,23,0.03860139101743698
259,TX,0.18854680868365,0.765,0.765,209,0.03860139101743698
260,CA,0.7779079557908283,0.7754,0.7754,778,0.03723130375146866
260,NY,0.03423995598099792,0.7586,0.7586,33,0.03723130375146866
260,TX,0.1878520882281738,0.7638,0.7638,189,0.03723130375146866
261,CA,0.7791166597898397,0.7794,0.7794,764,0.03844844549894333
261,NY,0.03396865324760109,0.7556,0.7556,39,0.03844844549894333
261,TX,0.1869146869625591,0.7604,0.7604,197,0.03844844549894333
262,CA,0.7810303170619541,0.7732,0.7732,784,0.037188537418842316
262,NY,0.03359662995247274,0.7546,0.7546,39,0.037188537418842316
262,TX,0.1853730529855731,0.7634,0.7634,177,0.037188537418842316
263,CA,0.7821072155524369,0.7748,0.7748,789,0.03690019249916077
263,NY,0.03329005546880082,0.743,0.743,34,0.03690019249916077
263,TX,0.18460272897876226,0.754,0.754,177,0.03690019249916077
264,CA,0.7842717669754317,0.7762,0.7762,775,0.03965023159980774
264,NY,0.032784062903849324,0.75,0.75,37,0.03965023159980774
264,TX,0.18294417012071898,0.7646,0.7646,188,0.03965023159980774
265,CA,0.7855902666239165,0.772,0.772,787,0.03865998238325119
265,NY,0.032354781417109006,0.753,0.753,38,0.03865998238325119
265,TX,0.18205495195897456,0.7656,0.7656,175,0.03865998238325119
266,CA,0.7863801493332729,0.778,0.778,765,0.038144007325172424
266,NY,0.03204004495551493,0.7524,0.7524,36,0.038144007325172424
266,TX,0.18157980571121213,0.7656,0.7656,199,0.038144007325172424
267,CA,0.7877411137685384,0.7744,0.7744,770,0.03730329871177673
267,NY,0.03163337832278146,0.7478,0.7478,39,0.03730329871177673
267,TX,0.18062550790868026,0.76,0.76,191,0.03730329871177673
268,CA,0.7892723551488691,0.7824,0.7824,784,0.038578301668167114
268,NY,0.031219731265828724,0.7546,0.7546,36,0.038578301668167114
268,TX,0.1795079135853021,0.7664,0.7664,180,0.038578301668167114
269,CA,0.7909319789143955,0.7788,0.7788,796,0.03835374861955643
269,NY,0.030797421407939878,0.7554,0.7554,25,0.03835374861955643
269,TX,0.17827059967766468,0.7626,0.7626,179,0.03835374861955643
270,CA,0.7925398007617176,0.7758,0.7758,796,0.03727944940328598
270,NY,0.030454065325274105,0.7472,0.7472,31,0.03727944940328598
270,TX,0.17700613391300846,0.7594,0.7594,173,0.03727944940328598
271,CA,0.7942276740506595,0.7768,0.7768,808,0.03753100335597992
271,NY,0.03002740340105218,0.7554,0.7554,32,0.03753100335597992
271,TX,0.1757449225482883,0.7634,0.7634,160,0.03753100335597992
272,CA,0.7955698482024665,0.7764,0.7764,796,0.038517311215400696
272,NY,0.02971588210221975,0.7596,0.7596,43,0.038517311215400696
272,TX,0.17471426969531373,0.7638,0.7638,161,0.038517311215400696
273,CA,0.7967811792433189,0.7722,0.7722,804,0.038060419261455536
273,NY,0.02947966658371777,0.7524,0.7524,28,0.038060419261455536
273,TX,0.17373915417296332,0.7658,0.7658,168,0.038060419261455536
274,CA,0.7975442637557622,0.7764,0.7764,781,0.0416233092546463
274,NY,0.029178220928375784,0.7554,0.7554,36,0.0416233092546463
274,TX,0.173277515315862,0.7646,0.7646,183,0.0416233092546463
275,CA,0.7987391428553816,0.7824,0.7824,825,0.04042308032512665
275,NY,0.02887648383582713,0.753,0.753,19,0.04042308032512665
275,TX,0.1723843733087912,0.766,0.766,156,0.04042308032512665
276,CA,0.8003898896800569,0.7766,0.7766,814,0.03859860450029373
276,NY,0.028458871766007556,0.7456,0.7456,21,0.03859860450029373
276,TX,0.17115123855393546,0.758,0.758,165,0.03859860450029373
277,CA,0.8022257331309249,0.7676,0.7676,792,0.03870075196027756
277,NY,0.028026427933630218,0.755,0.755,31,0.03870075196027756
277,TX,0.16974783893544476,0.7662,0.7662,177,0.03870075196027756
278,CA,0.8024939484216829,0.7786,0.7786,795,0.03795250505208969
278,NY,0.027835950410370687,0.7542,0.7542,33,0.03795250505208969
278,TX,0.16967010116794645,0.7642,0.7642,172,0.03795250505208969
279,CA,0.8039052557815644,0.7798,0.7798,790,0.038308411836624146
279,NY,0.027502360769164447,0.7588,0.7588,26,0.038308411836624146
279,TX,0.16859238344927113,0.7668,0.7668,184,0.038308411836624146
280,CA,0.8051580281836521,0.775,0.775,807,0.03860590606927872
280,NY,0.027220211094308177,0.7522,0.7522,34,0.03860590606927872
280,TX,0.16762176072203977,0.7684,0.7684,159,0.03860590606927872
281,CA,0.8059421415224443,0.7742,0.7742,841,0.037906624376773834
281,NY,0.0268967338063347,0.75,0.75,29,0.037906624376773834
281,TX,0.167161124671221,0.7646,0.7646,130,0.037906624376773834
282,CA,0.8069680888552976,0.7734,0.7734,806,0.04115894436836243
282,NY,0.026563635647727436,0.751,0.751,37,0.04115894436836243
282,TX,0.1664682754969749,0.7598,0.7598,157,0.04115894436836243
283,CA,0.8082711464543608,0.7758,0.7758,802,0.039181143045425415
283,NY,0.02627045962853216,0.7558,0.7558,32,0.039181143045425415
283,TX,0.165458393917107,0.7696,0.7696,166,0.039181143045425415
284,CA,0.8089778295589193,0.774,0.774,802,0.038143858313560486
284,NY,0.025997297756517906,0.7534,0.7534,21,0.038143858313560486
284,TX,0.16502487268456276,0.764,0.764,177,0.038143858313560486
285,CA,0.8099758225308279,0.7764,0.7764,806,0.038154132664203644
285,NY,0.0257271116281541,0.7564,0.7564,25,0.038154132664203644
285,TX,0.16429706584101797,0.7646,0.7646,169,0.038154132664203644
286,CA,0.8110959639599258,0.775,0.775,812,0.03778129816055298
286,NY,0.025472635411856192,0.7558,0.7558,21,0.03778129816055298
286,TX,0.1634314006282181,0.767,0.767,167,0.03778129816055298
287,CA,0.8119177279879896,0.7748,0.7748,833,0.037160083651542664
287,NY,0.025222628935147803,0.7418,0.7418,17,0.037160083651542664
287,TX,0.16285964307686263,0.76,0.76,150,0.037160083651542664
288,CA,0.813403867208706,0.7744,0.7744,820,0.03742379695177078
288,NY,0.024798957573761642,0.7508,0.7508,21,0.03742379695177078
288,TX,0.16179717521753229,0.7642,0.7642,159,0.03742379695177078
289,CA,0.8144299767280797,0.7734,0.7734,816,0.03767073154449463
289,NY,0.02449999254668359,0.749,0.749,22,0.03767073154449463
289,TX,0.16107003072523665,0.7632,0.7632,162,0.03767073154449463
290,CA,0.8154603215268575,0.7762,0.7762,790,0.037760794162750244
290,NY,0.024193468823521688,0.7582,0.7582,25,0.037760794162750244
290,TX,0.16034620964962076,0.7642,0.7642,185,0.037760794162750244
291,CA,0.8165450810969896,0.7736,0.7736,832,0.03791854530572891
291,NY,0.023980149381924727,0.744,0.744,24,0.03791854530572891
291,TX,0.15947476952108558,0.762,0.762,144,0.03791854530572891
292,CA,0.817725249946137,0.7772,0.7772,825,0.03772735595703125
292,NY,0.023614019956750804,0.7572,0.7572,31,0.03772735595703125
292,TX,0.1586607300971122,0.7664,0.7664,144,0.03772735595703125
293,CA,0.8187322262191823,0.7786,0.7786,820,0.03789795935153961
293,NY,0.023377027771765615,0.7524,0.7524,32,0.03789795935153961
293,TX,0.15789074600905215,0.7576,0.7576,148,0.03789795935153961
294,CA,0.8205444658868971,0.7654,0.7654,810,0.037150509655475616
294,NY,0.02308365022374506,0.741,0.741,24,0.037150509655475616
294,TX,0.15637188388935783,0.7548,0.7548,166,0.037150509655475616
295,CA,0.8215779690109777,0.7766,0.7766,813,0.039131686091423035
295,NY,0.022793278557758076,0.7522,0.7522,24,0.039131686091423035
295,TX,0.15562875243126423,0.7678,0.7678,163,0.039131686091423035
296,CA,0.8224694586002127,0.7726,0.7726,813,0.03782340884208679
296,NY,0.02250462659078485,0.7478,0.7478,29,0.03782340884208679
296,TX,0.15502591480900244,0.7568,0.7568,158,0.03782340884208679
297,CA,0.8238672927506845,0.7784,0.7784,806,0.0380503386259079
297,NY,0.022227482820554954,0.7542,0.7542,22,0.0380503386259079
297,TX,0.15390522442876048,0.7626,0.7626,172,0.0380503386259079
298,CA,0.8252453037441683,0.7746,0.7746,821,0.03858271986246109
298,NY,0.021961689138245172,0.7514,0.7514,18,0.03858271986246109
298,TX,0.1527930071175864,0.7622,0.7622,161,0.03858271986246109
299,CA,0.826364823876425,0.774,0.774,826,0.0370311439037323
299,NY,0.021703979408842188,0.7554,0.7554,26,0.0370311439037323
299,TX,0.15193119671473285,0.7562,0.7562,148,0.0370311439037323
300,CA,0.8278151659952757,0.7754,0.7754,841,0.04079299420118332
300,NY,0.02151411093709162,0.75,0.75,20,0.04079299420118332
300,TX,0.1506707230676328,0.7638,0.7638,139,0.04079299420118332
301,CA,0.8288862840972406,0.7736,0.7736,825,0.037990495562553406
301,NY,0.021233755461120492,0.7532,0.7532,22,0.037990495562553406
301,TX,0.1498799604416389,0.7616,0.7616,153,0.037990495562553406
302,CA,0.8299305891532435,0.773,0.773,801,0.037740156054496765
302,NY,0.021015968653021844,0.75,0.75,30,0.037740156054496765
302,TX,0.14905344219373468,0.7712,0.7712,169,0.037740156054496765
303,CA,0.830282587514742,0.7722,0.7722,839,0.03731077164411545
303,NY,0.02075213974521271,0.7516,0.7516,17,0.03731077164411545
303,TX,0.14896527274004523,0.7586,0.7586,144,0.03731077164411545
304,CA,0.8314336186372189,0.771,0.771,834,0.037706002593040466
304,NY,0.02053935203222106,0.7428,0.7428,14,0.037706002593040466
304,TX,0.14802702933055997,0.7634,0.7634,152,0.037706002593040466
305,CA,0.8322344693380557,0.7824,0.7824,827,0.03825070708990097
305,NY,0.02023176849697525,0.7574,0.7574,24,0.03825070708990097
305,TX,0.147533762164969,0.7598,0.7598,149,0.03825070708990097
306,CA,0.8340313320247256,0.7748,0.7748,840,0.03731410950422287
306,NY,0.019991066424984272,0.7562,0.7562,18,0.03731410950422287
306,TX,0.14597760155029008,0.7638,0.7638,142,0.03731410950422287
307,CA,0.8349616958815782,0.7776,0.7776,829,0.2276943027973175
307,NY,0.019803625341755914,0.7544,0.7544,23,0.2276943027973175
307,TX,0.14523467877666593,0.7676,0.7676,148,0.2276943027973175
308,CA,0.8358606555977358,0.7798,0.7798,855,0.03742213547229767
308,NY,0.01956620544160843,0.7566,0.7566,20,0.03742213547229767
308,TX,0.1445731389606558,0.7682,0.7682,125,0.03742213547229767
309,CA,0.8368626452728488,0.7752,0.7752,828,0.03804008662700653
309,NY,0.019334305867229777,0.7552,0.7552,20,0.03804008662700653
309,TX,0.14380304885992132,0.7596,0.7596,152,0.03804008662700653
310,CA,0.8381043227366248,0.777,0.777,814,0.038015857338905334
310,NY,0.019144842753772612,0.757,0.757,22,0.038015857338905334
310,TX,0.1427508345096025,0.7712,0.7712,164,0.038015857338905334
311,CA,0.8386757982639614,0.7806,0.7806,830,0.03808525204658508
311,NY,0.018942276311627433,0.7628,0.7628,18,0.03808525204658508
311,TX,0.142381925424411,0.7668,0.7668,152,0.03808525204658508
312,CA,0.8397614812441242,0.7746,0.7746,821,0.03784766048192978
312,NY,0.018777193412595164,0.7552,0.7552,21,0.03784766048192978
312,TX,0.14146132534328063,0.7592,0.7592,158,0.03784766048192978
313,CA,0.8409664820339221,0.7756,0.7756,823,0.037711188197135925
313,NY,0.018598569810452596,0.7548,0.7548,14,0.037711188197135925
313,TX,0.14043494815562535,0.765,0.765,163,0.037711188197135925
314,CA,0.8418556841361858,0.7748,0.7748,851,0.03732709586620331
314,NY,0.018400134620851806,0.7504,0.7504,19,0.03732709586620331
314,TX,0.13974418124296234,0.7584,0.7584,130,0.03732709586620331
315,CA,0.8431577461426772,0.7716,0.7716,825,0.03787841647863388
315,NY,0.01817523650233288,0.7446,0.7446,20,0.03787841647863388
315,TX,0.1386670173549899,0.7616,0.7616,155,0.03787841647863388
316,CA,0.8440522059120111,0.776,0.776,837,0.03685970604419708
316,NY,0.017917224784214723,0.7412,0.7412,12,0.03685970604419708
316,TX,0.1380305693037742,0.7552,0.7552,151,0.03685970604419708
317,CA,0.8457162837787552,0.775,0.775,848,0.03762488067150116
317,NY,0.01760077628360766,0.7564,0.7564,22,0.03762488067150116
317,TX,0.13668293993763725,0.7662,0.7662,130,0.03762488067150116
318,CA,0.8464459842658888,0.7714,0.7714,822,0.03926655650138855
318,NY,0.01743136713748158,0.7474,0.7474,23,0.03926655650138855
318,TX,0.1361226485966296,0.7644,0.7644,155,0.03926655650138855
319,CA,0.84710171164698,0.7686,0.7686,843,0.03800654411315918
319,NY,0.017208517246373272,0.7542,0.7542,14,0.03800654411315918
319,TX,0.13568977110664665,0.762,0.762,143,0.03800654411315918
320,CA,0.84764969572169,0.7742,0.7742,851,0.03826473653316498
320,NY,0.01707944635662563,0.748,0.748,14,0.03826473653316498
320,TX,0.13527085792168422,0.758,0.758,135,0.03826473653316498
321,CA,0.8489123317093927,0.7768,0.7768,843,0.03821127116680145
321,NY,0.01685229581727736,0.7578,0.7578,19,0.03821127116680145
321,TX,0.13423537247332992,0.7624,0.7624,138,0.03821127116680145
322,CA,0.849990215258306,0.7718,0.7718,845,0.03791923075914383
322,NY,0.016693256725356632,0.7486,0.7486,17,0.03791923075914383
322,TX,0.13331652801633737,0.7636,0.7636,138,0.03791923075914383
323,CA,0.850701043287894,0.7714,0.7714,853,0.038054630160331726
323,NY,0.01648845214952171,0.7436,0.7436,15,0.038054630160331726
323,TX,0.13281050456258436,0.7598,0.7598,132,0.038054630160331726
324,CA,0.8516621228017733,0.7732,0.7732,843,0.03791306912899017
324,NY,0.016248021141794654,0.753,0.753,13,0.03791306912899017
324,TX,0.13208985605643203,0.7624,0.7624,144,0.03791306912899017
325,CA,0.852505772972698,0.7698,0.7698,853,0.03829578310251236
325,NY,0.016078838198091645,0.7482,0.7482,14,0.03829578310251236
325,TX,0.1314153888292104,0.7578,0.7578,133,0.03829578310251236
326,CA,0.8534337037382087,0.774,0.774,879,0.03907424211502075
326,NY,0.015899887497907557,0.7534,0.7534,10,0.03907424211502075
326,TX,0.1306664087638837,0.7648,0.7648,111,0.03907424211502075
327,CA,0.8541702299031124,0.7722,0.7722,857,0.03842382878065109
327,NY,0.01572881771030178,0.7524,0.7524,19,0.03842382878065109
327,TX,0.13010095238658578,0.764,0.764,124,0.03842382878065109
328,CA,0.8548350440212913,0.7778,0.7778,850,0.03789833188056946
328,NY,0.015565191858685996,0.7516,0.7516,12,0.03789833188056946
328,TX,0.1295997641200226,0.7622,0.7622,138,0.03789833188056946
329,CA,0.8560048712887656,0.7732,0.7732,854,0.038838014006614685
329,NY,0.015356789497086533,0.7504,0.7504,9,0.038838014006614685
329,TX,0.1286383392141478,0.7698,0.7698,137,0.038838014006614685
330,CA,0.8563852050145946,0.7734,0.7734,864,0.03823702782392502
330,NY,0.01516606569512688,0.7542,0.7542,15,0.03823702782392502
330,TX,0.12844872929027853,0.7646,0.7646,121,0.03823702782392502
331,CA,0.8570722243660202,0.781,0.781,870,0.03844992071390152
331,NY,0.01501390282223874,0.7582,0.7582,9,0.03844992071390152
331,TX,0.12791387281174105,0.767,0.767,121,0.03844992071390152
332,CA,0.8580999743206118,0.7736,0.7736,874,0.03672568500041962
332,NY,0.01483947118714576,0.7506,0.7506,13,0.03672568500041962
332,TX,0.12706055449224232,0.759,0.759,113,0.03672568500041962
333,CA,0.8591639463327658,0.774,0.774,837,0.037779733538627625
333,NY,0.014665194392690435,0.7526,0.7526,14,0.037779733538627625
333,TX,0.12617085927454375,0.7698,0.7698,149,0.037779733538627625
334,CA,0.8595727777371263,0.7804,0.7804,859,0.037524521350860596
334,NY,0.014495180406557956,0.7566,0.7566,13,0.037524521350860596
334,TX,0.12593204185631574,0.7644,0.7644,128,0.037524521350860596
335,CA,0.8607136429207815,0.7718,0.7718,860,0.03718540817499161
335,NY,0.01432039348999748,0.7408,0.7408,14,0.03718540817499161
335,TX,0.12496596358922106,0.752,0.752,126,0.03718540817499161
336,CA,0.8621336274531306,0.777,0.777,852,0.03807160258293152
336,NY,0.014093051219528618,0.7442,0.7442,22,0.03807160258293152
336,TX,0.12377332132734074,0.7572,0.7572,126,0.03807160258293152
337,CA,0.863549208556426,0.7796,0.7796,862,0.04264037311077118
337,NY,0.013855633594132485,0.759,0.759,12,0.04264037311077118
337,TX,0.12259515784944142,0.7656,0.7656,126,0.04264037311077118
338,CA,0.8645216536917913,0.7772,0.7772,875,0.03949245065450668
338,NY,0.013710668091260574,0.7542,0.7542,11,0.03949245065450668
338,TX,0.12176767821694805,0.7614,0.7614,114,0.03949245065450668
339,CA,0.8656123265294919,0.7722,0.7722,874,0.037698857486248016
339,NY,0.01355030205605215,0.7546,0.7546,7,0.037698857486248016
339,TX,0.12083737141445605,0.7706,0.7706,119,0.037698857486248016
340,CA,0.8658232983393525,0.7782,0.7782,863,0.03823772817850113
340,NY,0.013419001607832368,0.7558,0.7558,15,0.03823772817850113
340,TX,0.12075770005281503,0.762,0.762,122,0.03823772817850113
341,CA,0.8669235826062286,0.7772,0.7772,872,0.03815581649541855
341,NY,0.013266800325618503,0.7534,0.7534,14,0.03815581649541855
341,TX,0.1198096170681528,0.763,0.763,114,0.03815581649541855
342,CA,0.8679086219773008,0.7738,0.7738,875,0.03787875920534134
342,NY,0.013104005783684234,0.7552,0.7552,11,0.03787875920534134
342,TX,0.11898737223901495,0.764,0.764,114,0.03787875920534134
343,CA,0.8685989817623506,0.7748,0.7748,856,0.03849168121814728
343,NY,0.012976911681804596,0.7466,0.7466,23,0.03849168121814728
343,TX,0.11842410655584482,0.7636,0.7636,121,0.03849168121814728
344,CA,0.8694279946322092,0.777,0.777,883,0.038125403225421906
344,NY,0.012782908747965603,0.752,0.752,12,0.038125403225421906
344,TX,0.1177890966198251,0.7684,0.7684,105,0.038125403225421906
345,CA,0.8700804614334366,0.7804,0.7804,863,0.0381338968873024
345,NY,0.012612528454758347,0.7462,0.7462,20,0.0381338968873024
345,TX,0.117307010111805,0.7578,0.7578,117,0.0381338968873024
346,CA,0.8715894836571025,0.7796,0.7796,870,0.03816300630569458
346,NY,0.012391706617072349,0.7586,0.7586,14,0.03816300630569458
346,TX,0.11601880972582518,0.7718,0.7718,116,0.03816300630569458
347,CA,0.8721605206890785,0.7782,0.7782,857,0.037890881299972534
347,NY,0.012253502304657925,0.747,0.747,17,0.037890881299972534
347,TX,0.11558597700626366,0.7586,0.7586,126,0.037890881299972534
348,CA,0.8734611311435838,0.774,0.774,870,0.03766024112701416
348,NY,0.012056456835781663,0.7462,0.7462,10,0.03766024112701416
348,TX,0.11448241202063447,0.7602,0.7602,120,0.03766024112701416
349,CA,0.8744050483303346,0.7702,0.7702,879,0.03751515597105026
349,NY,0.011880347299857494,0.741,0.741,9,0.03751515597105026
349,TX,0.1137146043698079,0.7546,0.7546,112,0.03751515597105026
350,CA,0.8754539184681406,0.7756,0.7756,877,0.03818832337856293
350,NY,0.011698392968146601,0.7514,0.7514,14,0.03818832337856293
350,TX,0.11284768856371281,0.759,0.759,109,0.03818832337856293
351,CA,0.8765184039335263,0.7732,0.7732,872,0.03826027363538742
351,NY,0.011552983770940032,0.7574,0.7574,13,0.03826027363538742
351,TX,0.11192861229553361,0.7654,0.7654,115,0.03826027363538742
352,CA,0.8770405033553254,0.7758,0.7758,879,0.03872150927782059
352,NY,0.011456861784837106,0.744,0.744,17,0.03872150927782059
352,TX,0.11150263485983754,0.7574,0.7574,104,0.03872150927782059
353,CA,0.8782353429281898,0.778,0.778,880,0.037602499127388
353,NY,0.011267027722184504,0.7436,0.7436,7,0.037602499127388
353,TX,0.11049762934962565,0.7546,0.7546,113,0.037602499127388
354,CA,0.8797064170322415,0.7742,0.7742,891,0.03811377286911011
354,NY,0.011067545499330419,0.7536,0.7536,13,0.03811377286911011
354,TX,0.10922603746842803,0.7644,0.7644,96,0.03811377286911011
355,CA,0.8803506810038745,0.776,0.776,865,0.037890397012233734
355,NY,0.010947053045654302,0.7554,0.7554,17,0.037890397012233734
355,TX,0.10870226595047126,0.763,0.763,118,0.037890397012233734
356,CA,0.8811636928125575,0.778,0.778,886,0.038469187915325165
356,NY,0.010830069531498938,0.7596,0.7596,13,0.038469187915325165
356,TX,0.1080062376559437,0.7694,0.7694,101,0.038469187915325165
357,CA,0.8817231391635793,0.7766,0.7766,891,0.0378732904791832
357,NY,0.01072479712036169,0.7504,0.7504,7,0.0378732904791832
357,TX,0.10755206371605894,0.7616,0.7616,102,0.0378732904791832
358,CA,0.8826642654741302,0.7758,0.7758,881,0.03820134699344635
358,NY,0.010577914168482503,0.7464,0.7464,5,0.03820134699344635
358,TX,0.1067578203573873,0.7576,0.7576,114,0.03820134699344635
359,CA,0.883786035214669,0.7728,0.7728,891,0.037748515605926514
359,NY,0.01041600788862495,0.751,0.751,5,0.037748515605926514
359,TX,0.10579795689670601,0.762,0.762,104,0.037748515605926514
360,CA,0.8844693870527827,0.7786,0.7786,887,0.037237413227558136
360,NY,0.01029587767476528,0.758,0.758,5,0.037237413227558136
360,TX,0.1052347352724521,0.7646,0.7646,108,0.037237413227558136
361,CA,0.885308295245169,0.7762,0.7762,870,0.037129856646060944
361,NY,0.010186281750685602,0.7492,0.7492,16,0.037129856646060944
361,TX,0.1045054230041455,0.7606,0.7606,114,0.037129856646060944
362,CA,0.8862589774995,0.7772,0.7772,892,0.03793177008628845
362,NY,0.010042212368080826,0.7584,0.7584,4,0.03793177008628845
362,TX,0.1036988101324192,0.7648,0.7648,104,0.03793177008628845
363,CA,0.8869949751246816,0.7718,0.7718,897,0.03824430704116821
363,NY,0.009944232826276914,0.7496,0.7496,10,0.03824430704116821
363,TX,0.10306079204904146,0.7632,0.7632,93,0.03824430704116821
364,CA,0.887549548212302,0.7734,0.7734,883,0.038290150463581085
364,NY,0.009825774759309977,0.7468,0.7468,13,0.038290150463581085
364,TX,0.10262467702838803,0.7558,0.7558,104,0.038290150463581085
365,CA,0.888585526459634,0.7692,0.7692,885,0.03803795576095581
365,NY,0.009689690631324478,0.747,0.747,9,0.03803795576095581
365,TX,0.10172478290904154,0.7622,0.7622,106,0.03803795576095581
366,CA,0.8890514516380037,0.777,0.777,869,0.03767445683479309
366,NY,0.009573120949220222,0.7548,0.7548,14,0.03767445683479309
366,TX,0.10137542741277607,0.7598,0.7598,117,0.03767445683479309
367,CA,0.8900312275824841,0.7734,0.7734,900,0.03699386864900589
367,NY,0.009463942500144098,0.7512,0.7512,9,0.03699386864900589
367,TX,0.1005048299173718,0.7656,0.7656,91,0.03699386864900589
368,CA,0.8905303932167407,0.7726,0.7726,865,0.03767473250627518
368,NY,0.009350711097835045,0.752,0.752,12,0.03767473250627518
368,TX,0.10011889568542424,0.7614,0.7614,123,0.03767473250627518
369,CA,0.8911909968539156,0.7788,0.7788,890,0.0394834503531456
369,NY,0.009248899070532843,0.7508,0.7508,10,0.0394834503531456
369,TX,0.09956010407555169,0.7568,0.7568,100,0.0394834503531456
370,CA,0.8924198006540744,0.7754,0.7754,883,0.03774511069059372
370,NY,0.00911586457272912,0.757,0.757,13,0.03774511069059372
370,TX,0.0984643347731965,0.7638,0.7638,104,0.03774511069059372
371,CA,0.8930787282605838,0.778,0.778,902,0.03900867700576782
371,NY,0.009028050051414471,0.7468,0.7468,6,0.03900867700576782
371,TX,0.09789322168800177,0.7618,0.7618,92,0.03900867700576782
372,CA,0.8940177714183266,0.7748,0.7748,897,0.0390196368098259
372,NY,0.008878953699961877,0.7552,0.7552,9,0.0390196368098259
372,TX,0.0971032748817115,0.7626,0.7626,94,0.0390196368098259
373,CA,0.8947027056836989,0.78,0.78,888,0.03797242045402527
373,NY,0.008787626308157983,0.7548,0.7548,8,0.03797242045402527
373,TX,0.09650966800814308,0.7602,0.7602,104,0.03797242045402527
374,CA,0.8957757945646009,0.7692,0.7692,888,0.03844693303108215
374,NY,0.00867360770945618,0.7544,0.7544,11,0.03844693303108215
374,TX,0.09555059772594296,0.767,0.767,101,0.03844693303108215
375,CA,0.8959472565007413,0.774,0.774,903,0.03685314208269119
375,NY,0.00860269617479139,0.7536,0.7536,4,0.03685314208269119
375,TX,0.09545004732446735,0.7592,0.7592,93,0.03685314208269119
376,CA,0.8967500629980067,0.7734,0.7734,900,0.03799309581518173
376,NY,0.008511389754389904,0.7548,0.7548,5,0.03799309581518173
376,TX,0.0947385472476033,0.765,0.765,95,0.03799309581518173
377,CA,0.8972327876179741,0.7764,0.7764,903,0.03677414357662201
377,NY,0.008426653176184075,0.754,0.754,6,0.03677414357662201
377,TX,0.09434055920584183,0.7612,0.7612,91,0.03677414357662201
378,CA,0.8980531551971378,0.775,0.775,901,0.25387147068977356
378,NY,0.008328002589549544,0.7556,0.7556,12,0.25387147068977356
378,TX,0.09361884221331267,0.7592,0.7592,87,0.25387147068977356
379,CA,0.8988840486475022,0.7792,0.7792,911,0.03789575397968292
379,NY,0.00824460202954306,0.7568,0.7568,8,0.03789575397968292
379,TX,0.0928713493229549,0.7584,0.7584,81,0.03789575397968292
380,CA,0.8999545672413688,0.7768,0.7768,907,0.03816525638103485
380,NY,0.008150498305868422,0.7558,0.7558,10,0.03816525638103485
380,TX,0.09189493445276276,0.7652,0.7652,83,0.03816525638103485
381,CA,0.900581619852717,0.776,0.776,904,0.038536250591278076
381,NY,0.008059779386902836,0.753,0.753,7,0.038536250591278076
381,TX,0.09135860076038015,0.7622,0.7622,89,0.038536250591278076
382,CA,0.9013155239433674,0.7782,0.7782,899,0.03681144118309021
382,NY,0.007961884647894697,0.7508,0.7508,7,0.03681144118309021
382,TX,0.09072259140873781,0.7634,0.7634,94,0.03681144118309021
383,CA,0.9021073664109345,0.7726,0.7726,913,0.037438079714775085
383,NY,0.007846088296249045,0.7494,0.7494,6,0.037438079714775085
383,TX,0.09004654529281653,0.7558,0.7558,81,0.037438079714775085
384,CA,0.9029707111491769,0.7796,0.7796,908,0.038838669657707214
384,NY,0.007750808429688914,0.7492,0.7492,7,0.038838669657707214
384,TX,0.0892784804211342,0.7564,0.7564,85,0.038838669657707214
385,CA,0.904142746230263,0.7764,0.7764,903,0.03755328059196472
385,NY,0.007628293832482669,0.7584,0.7584,10,0.03755328059196472
385,TX,0.08822895993725421,0.7652,0.7652,87,0.03755328059196472
386,CA,0.9047159470579801,0.7726,0.7726,893,0.03889154642820358
386,NY,0.0075557845707067695,0.7522,0.7522,9,0.03889154642820358
386,TX,0.08772826837131313,0.7612,0.7612,98,0.03889154642820358
387,CA,0.9053054427105843,0.7738,0.7738,907,0.03775768727064133
387,NY,0.007473695230030924,0.7518,0.7518,4,0.03775768727064133
387,TX,0.08722086205938472,0.7562,0.7562,89,0.03775768727064133
388,CA,0.906173663374557,0.7754,0.7754,903,0.03774446249008179
388,NY,0.007388079494659193,0.7508,0.7508,7,0.03774446249008179
388,TX,0.08643825713078383,0.7658,0.7658,90,0.03774446249008179
389,CA,0.906690260299954,0.7754,0.7754,909,0.039325885474681854
389,NY,0.007289863506823381,0.7534,0.7534,6,0.039325885474681854
389,TX,0.08601987619322263,0.7644,0.7644,85,0.039325885474681854
390,CA,0.907255747091556,0.7738,0.7738,914,0.03782615810632706
390,NY,0.007204020846507433,0.7556,0.7556,10,0.03782615810632706
390,TX,0.08554023206193657,0.7646,0.7646,76,0.03782615810632706
391,CA,0.9077255676449936,0.7736,0.7736,901,0.03925718367099762
391,NY,0.007133796604893199,0.7544,0.7544,9,0.03925718367099762
391,TX,0.08514063575011323,0.767,0.767,90,0.03925718367099762
392,CA,0.9080834030354724,0.7768,0.7768,906,0.314653217792511
392,NY,0.007059351896779415,0.753,0.753,6,0.314653217792511
392,TX,0.08485724506774821,0.7614,0.7614,88,0.314653217792511
393,CA,0.9088377742696058,0.7722,0.7722,912,0.041994161903858185
393,NY,0.006970578671266724,0.753,0.753,8,0.041994161903858185
393,TX,0.08419164705912754,0.7644,0.7644,80,0.041994161903858185
394,CA,0.9092433628696799,0.7718,0.7718,901,0.03873205929994583
394,NY,0.006898136550234057,0.7466,0.7466,7,0.03873205929994583
394,TX,0.08385850058008598,0.7602,0.7602,92,0.03873205929994583
395,CA,0.9098321459938993,0.7784,0.7784,917,0.03821335732936859
395,NY,0.006804428942336664,0.75,0.75,6,0.03821335732936859
395,TX,0.08336342506376399,0.7632,0.7632,77,0.03821335732936859
396,CA,0.9105798874509469,0.776,0.776,900,0.0377005934715271
396,NY,0.006701269107289034,0.7506,0.7506,6,0.0377005934715271
396,TX,0.08271884344176404,0.7616,0.7616,94,0.0377005934715271
397,CA,0.9112784129258373,0.7798,0.7798,922,0.03764541447162628
397,NY,0.0066104960516872435,0.7598,0.7598,6,0.03764541447162628
397,TX,0.08211109102247546,0.7582,0.7582,72,0.03764541447162628
398,CA,0.9122552556727389,0.7738,0.7738,921,0.03864080458879471
398,NY,0.006543218946231733,0.7544,0.7544,5,0.03864080458879471
398,TX,0.08120152538102937,0.765,0.765,74,0.03864080458879471
399,CA,0.9126882458595305,0.7774,0.7774,916,0.03743559867143631
399,NY,0.00647472763526606,0.75,0.75,6,0.03743559867143631
399,TX,0.08083702650520354,0.7586,0.7586,78,0.03743559867143631
400,CA,0.9135605556844024,0.7778,0.7778,910,0.03809906542301178
400,NY,0.006381007566161031,0.7548,0.7548,9,0.03809906542301178
400,TX,0.0800584367494366,0.7636,0.7636,81,0.03809906542301178
401,CA,0.9142206339745134,0.7756,0.7756,932,0.03865060955286026
401,NY,0.006303005158199614,0.7472,0.7472,4,0.03865060955286026
401,TX,0.079476360867287,0.7622,0.7622,64,0.03865060955286026
402,CA,0.914861587662995,0.7756,0.7756,904,0.039513155817985535
402,NY,0.006206539466454764,0.7532,0.7532,5,0.039513155817985535
402,TX,0.07893187287055026,0.7654,0.7654,91,0.039513155817985535
403,CA,0.9153483015878295,0.781,0.781,906,0.03803496062755585
403,NY,0.00613150142868048,0.7578,0.7578,7,0.03803496062755585
403,TX,0.07852019698348997,0.7616,0.7616,87,0.03803496062755585
404,CA,0.9162051116348894,0.768,0.768,901,0.0384918674826622
404,NY,0.00605729471873118,0.748,0.748,7,0.0384918674826622
404,TX,0.0777375936463795,0.7534,0.7534,92,0.0384918674826622
405,CA,0.9168565126528888,0.7728,0.7728,915,0.037399277091026306
405,NY,0.005993031167001002,0.7504,0.7504,8,0.037399277091026306
405,TX,0.07715045618011014,0.7648,0.7648,77,0.037399277091026306
406,CA,0.9172453110167733,0.7768,0.7768,934,0.03671255707740784
406,NY,0.005919816215080951,0.7508,0.7508,1,0.03671255707740784
406,TX,0.07683487276814574,0.7572,0.7572,65,0.03671255707740784
407,CA,0.9181029987912369,0.776,0.776,912,0.03793775290250778
407,NY,0.005838645696282321,0.7518,0.7518,7,0.03793775290250778
407,TX,0.07605835551248083,0.7636,0.7636,81,0.03793775290250778
408,CA,0.9186639314880896,0.7754,0.7754,909,0.036596499383449554
408,NY,0.005762606199011084,0.752,0.752,5,0.036596499383449554
408,TX,0.07557346231289942,0.763,0.763,86,0.036596499383449554
409,CA,0.9192189400396674,0.7746,0.7746,913,0.03888999670743942
409,NY,0.005690089887459015,0.7562,0.7562,3,0.03888999670743942
409,TX,0.07509097007287367,0.7642,0.7642,84,0.03888999670743942
410,CA,0.9196779206526018,0.7792,0.7792,914,0.03851094841957092
410,NY,0.005633903692047383,0.751,0.751,3,0.03851094841957092
410,TX,0.07468817565535084,0.7578,0.7578,83,0.03851094841957092
411,CA,0.9205871261942071,0.7788,0.7788,919,0.037750884890556335
411,NY,0.005550088802669018,0.756,0.756,5,0.037750884890556335
411,TX,0.07386278500312389,0.7608,0.7608,76,0.037750884890556335
412,CA,0.921341308465561,0.7786,0.7786,918,0.03799891471862793
412,NY,0.005483438396361628,0.7596,0.7596,3,0.03799891471862793
412,TX,0.07317525313807746,0.7648,0.7648,79,0.03799891471862793
413,CA,0.92191874071649,0.7766,0.7766,933,0.0381694957613945
413,NY,0.005428261163794974,0.7566,0.7566,7,0.0381694957613945
413,TX,0.07265299811971494,0.7642,0.7642,60,0.0381694957613945
414,CA,0.9224428718632071,0.7722,0.7722,925,0.038401976227760315
414,NY,0.005370204086134932,0.7518,0.7518,3,0.038401976227760315
414,TX,0.07218692405065802,0.7608,0.7608,72,0.038401976227760315
415,CA,0.9229284915554589,0.7738,0.7738,920,0.03843333572149277
415,NY,0.005311181641575374,0.7524,0.7524,5,0.03843333572149277
415,TX,0.07176032680296579,0.761,0.761,75,0.03843333572149277
416,CA,0.9234658653231974,0.7712,0.7712,922,0.03838931769132614
416,NY,0.005250160040087546,0.7516,0.7516,10,0.03838931769132614
416,TX,0.07128397463671513,0.7638,0.7638,68,0.03838931769132614
417,CA,0.9237946618211896,0.775,0.775,920,0.03801962733268738
417,NY,0.005193910677018826,0.7592,0.7592,3,0.03801962733268738
417,TX,0.07101142750179153,0.7638,0.7638,77,0.03801962733268738
418,CA,0.9242515241800255,0.774,0.774,922,0.037993043661117554
418,NY,0.005150223338939357,0.749,0.749,4,0.037993043661117554
418,TX,0.07059825248103514,0.7598,0.7598,74,0.037993043661117554
419,CA,0.9248412803295758,0.7778,0.7778,924,0.03786841779947281
419,NY,0.005080884088971974,0.7568,0.7568,3,0.03786841779947281
419,TX,0.07007783558145224,0.767,0.767,73,0.03786841779947281
420,CA,0.9252907261639346,0.7742,0.7742,935,0.038017675280570984
420,NY,0.005023306890465757,0.7466,0.7466,1,0.038017675280570984
420,TX,0.0696859669455996,0.7604,0.7604,64,0.038017675280570984
421,CA,0.9258649218999598,0.7752,0.7752,939,0.03980301320552826
421,NY,0.00494823154189238,0.7572,0.7572,5,0.03980301320552826
421,TX,0.06918684655814768,0.7678,0.7678,56,0.03980301320552826
422,CA,0.9261785093063718,0.7734,0.7734,924,0.03698290139436722
422,NY,0.004899716901946352,0.7528,0.7528,5,0.03698290139436722
422,TX,0.06892177379168177,0.7648,0.7648,71,0.03698290139436722
423,CA,0.9265409237054976,0.7702,0.7702,933,0.03786662220954895
423,NY,0.00484469626967349,0.753,0.753,4,0.03786662220954895
423,TX,0.06861438002482902,0.7602,0.7602,63,0.03786662220954895
424,CA,0.9269438487259284,0.7726,0.7726,919,0.037936292588710785
424,NY,0.004799709527506624,0.751,0.751,6,0.037936292588710785
424,TX,0.06825644174656495,0.7674,0.7674,75,0.037936292588710785
425,CA,0.927183729779415,0.7768,0.7768,932,0.038068100810050964
425,NY,0.004742449680887896,0.7546,0.7546,6,0.038068100810050964
425,TX,0.06807382053969717,0.7602,0.7602,62,0.038068100810050964
426,CA,0.9278287962768825,0.7794,0.7794,933,0.03797979652881622
426,NY,0.004686453975266798,0.7596,0.7596,5,0.03797979652881622
426,TX,0.06748474974785063,0.7632,0.7632,62,0.03797979652881622
427,CA,0.928447645575191,0.7706,0.7706,943,0.038762323558330536
427,NY,0.004637397198723937,0.7486,0.7486,6,0.038762323558330536
427,TX,0.06691495722608516,0.7622,0.7622,51,0.038762323558330536
428,CA,0.928796014046543,0.7738,0.7738,934,0.03772234916687012
428,NY,0.004581495171705003,0.7458,0.7458,5,0.03772234916687012
428,TX,0.06662249078175195,0.7622,0.7622,61,0.03772234916687012
429,CA,0.9292680887097196,0.7704,0.7704,916,0.0383109450340271
429,NY,0.004511466662427656,0.7508,0.7508,5,0.0383109450340271
429,TX,0.06622044462785276,0.764,0.764,79,0.0383109450340271
430,CA,0.9295370346843215,0.7708,0.7708,935,0.03923539072275162
430,NY,0.004462811705589266,0.753,0.753,3,0.03923539072275162
430,TX,0.06600015361008933,0.7624,0.7624,62,0.03923539072275162
431,CA,0.9298698718791792,0.7756,0.7756,936,0.04116707295179367
431,NY,0.004419533653821106,0.7546,0.7546,6,0.04116707295179367
431,TX,0.06571059446699963,0.7644,0.7644,58,0.04116707295179367
432,CA,0.9303040952791154,0.7778,0.7778,921,0.03985985368490219
432,NY,0.004369303272982574,0.7546,0.7546,3,0.03985985368490219
432,TX,0.065326601447902,0.7624,0.7624,76,0.03985985368490219
433,CA,0.9308839459669921,0.7694,0.7694,926,0.0379241406917572
433,NY,0.004314972388571979,0.746,0.746,6,0.0379241406917572
433,TX,0.06480108164443593,0.756,0.756,68,0.0379241406917572
434,CA,0.9313941781882251,0.7688,0.7688,929,0.038182131946086884
434,NY,0.004260241473471377,0.7452,0.7452,2,0.038182131946086884
434,TX,0.06434558033830347,0.7548,0.7548,69,0.038182131946086884
435,CA,0.9319217718446109,0.772,0.772,939,0.038054950535297394
435,NY,0.004205780757290087,0.7526,0.7526,5,0.038054950535297394
435,TX,0.06387244739809904,0.7658,0.7658,56,0.038054950535297394
436,CA,0.932173017366103,0.7708,0.7708,933,0.037805743515491486
436,NY,0.004160856989853059,0.7488,0.7488,4,0.037805743515491486
436,TX,0.0636661256440439,0.7598,0.7598,63,0.037805743515491486
437,CA,0.9325900529290208,0.7726,0.7726,943,0.03835934400558472
437,NY,0.004111001845161383,0.7524,0.7524,6,0.03835934400558472
437,TX,0.06329894522581796,0.7614,0.7614,51,0.03835934400558472
438,CA,0.9330069166000619,0.7756,0.7756,931,0.0371587872505188
438,NY,0.004065970801872586,0.7564,0.7564,4,0.0371587872505188
438,TX,0.06292711259806548,0.7636,0.7636,65,0.0371587872505188
439,CA,0.9334449312657362,0.774,0.774,931,0.03910420835018158
439,NY,0.004023892651237298,0.7492,0.7492,4,0.03910420835018158
439,TX,0.06253117608302645,0.7562,0.7562,65,0.03910420835018158
440,CA,0.9340835450573294,0.7752,0.7752,938,0.037760600447654724
440,NY,0.003970354261371614,0.7504,0.7504,3,0.037760600447654724
440,TX,0.06194610068129898,0.762,0.762,59,0.037760600447654724
441,CA,0.9345658600699958,0.7736,0.7736,933,0.038163453340530396
441,NY,0.003916908848653587,0.7568,0.7568,3,0.038163453340530396
441,TX,0.061517231081350626,0.7642,0.7642,64,0.038163453340530396
442,CA,0.9349053620970081,0.7722,0.7722,931,0.03780581057071686
442,NY,0.003881216297321161,0.754,0.754,6,0.03780581057071686
442,TX,0.06121342160567067,0.7612,0.7612,63,0.03780581057071686
443,CA,0.9352980087583459,0.7696,0.7696,937,0.0370461642742157
443,NY,0.003842970602054055,0.7456,0.7456,5,0.0370461642742157
443,TX,0.060859020639600095,0.7572,0.7572,58,0.0370461642742157
444,CA,0.9357458316436632,0.773,0.773,956,0.0379103422164917
444,NY,0.0037926658158454005,0.7472,0.7472,3,0.0379103422164917
444,TX,0.06046150254049135,0.7606,0.7606,41,0.0379103422164917
445,CA,0.9361933740068928,0.7758,0.7758,936,0.03852410614490509
445,NY,0.0037392639673745755,0.7556,0.7556,7,0.03852410614490509
445,TX,0.06006736202573263,0.762,0.762,57,0.03852410614490509
446,CA,0.9366704454712682,0.777,0.777,949,0.03838866949081421
446,NY,0.00369861306384993,0.76,0.76,4,0.03838866949081421
446,TX,0.05963094146488183,0.7622,0.7622,47,0.03838866949081421
447,CA,0.9371690459607621,0.775,0.775,925,0.03712888062000275
447,NY,0.003665179575556031,0.7534,0.7534,5,0.03712888062000275
447,TX,0.05916577446368189,0.7668,0.7668,70,0.03712888062000275
448,CA,0.9374670956558477,0.7704,0.7704,929,0.037573158740997314
448,NY,0.0036217294131298122,0.7452,0.7452,3,0.037573158740997314
448,TX,0.05891117493102236,0.7596,0.7596,68,0.037573158740997314
449,CA,0.9378524862117653,0.7734,0.7734,941,0.03791769593954086
449,NY,0.00357164514978524,0.7426,0.7426,1,0.03791769593954086
449,TX,0.058575868638449595,0.759,0.759,58,0.03791769593954086
450,CA,0.9383570100860928,0.7738,0.7738,950,0.0376431941986084
450,NY,0.0035115016645821686,0.7502,0.7502,1,0.0376431941986084
450,TX,0.05813148824932502,0.7594,0.7594,49,0.0376431941986084
451,CA,0.9388439327586717,0.771,0.771,934,0.037921242415905
451,NY,0.0034665798540064853,0.7506,0.7506,3,0.037921242415905
451,TX,0.05768948738732176,0.7612,0.7612,63,0.037921242415905
452,CA,0.9391812506055963,0.7708,0.7708,941,0.037833958864212036
452,NY,0.0034278797751303596,0.7464,0.7464,2,0.037833958864212036
452,TX,0.057390869619273456,0.7582,0.7582,57,0.037833958864212036
453,CA,0.9396093306439081,0.774,0.774,936,0.037396110594272614
453,NY,0.0033821876387252455,0.7462,0.7462,3,0.037396110594272614
453,TX,0.05700848171736673,0.7512,0.7512,61,0.037396110594272614
454,CA,0.940348154980035,0.7752,0.7752,940,0.037937283515930176
454,NY,0.0033318038238720074,0.752,0.752,2,0.037937283515930176
454,TX,0.05632004119609302,0.7614,0.7614,58,0.037937283515930176
455,CA,0.9408010211564171,0.7772,0.7772,933,0.03818424791097641
455,NY,0.003289844253474966,0.7532,0.7532,3,0.03818424791097641
455,TX,0.05590913459010803,0.7652,0.7652,64,0.03818424791097641
456,CA,0.9411981471828762,0.7752,0.7752,945,0.03784175217151642
456,NY,0.0032467868556525946,0.7518,0.7518,1,0.03784175217151642
456,TX,0.05555506596147133,0.759,0.759,54,0.03784175217151642
457,CA,0.9417158823746897,0.7744,0.7744,949,0.2214653268456459
457,NY,0.003205751420091785,0.7556,0.7556,5,0.2214653268456459
457,TX,0.05507836620521847,0.7628,0.7628,46,0.2214653268456459
458,CA,0.942087098445357,0.7726,0.7726,938,0.037711285054683685
458,NY,0.0031730363546588927,0.7538,0.7538,5,0.037711285054683685
458,TX,0.05473986519998417,0.7634,0.7634,57,0.037711285054683685
459,CA,0.942386550380764,0.769,0.769,957,0.038007237017154694
459,NY,0.0031403813660819987,0.7496,0.7496,3,0.038007237017154694
459,TX,0.05447306825315402,0.7574,0.7574,40,0.038007237017154694
460,CA,0.9427557711605101,0.7738,0.7738,934,0.040092095732688904
460,NY,0.0031071587969813625,0.7532,0.7532,3,0.040092095732688904
460,TX,0.054137070042508555,0.7656,0.7656,63,0.040092095732688904
461,CA,0.9430258086293247,0.774,0.774,937,0.04176074266433716
461,NY,0.003071953514859195,0.7578,0.7578,4,0.04176074266433716
461,TX,0.05390223785581602,0.7666,0.7666,59,0.04176074266433716
462,CA,0.9432643589133366,0.7748,0.7748,947,0.03885525465011597
462,NY,0.003044670719397326,0.759,0.759,1,0.03885525465011597
462,TX,0.05369097036726612,0.7686,0.7686,52,0.03885525465011597
463,CA,0.9434668894939131,0.7756,0.7756,941,0.03792959451675415
463,NY,0.0030182137165321696,0.7548,0.7548,5,0.03792959451675415
463,TX,0.0535148967895548,0.763,0.763,54,0.03792959451675415
464,CA,0.9438586932029849,0.7756,0.7756,945,0.03784743696451187
464,NY,0.0029840960278888456,0.7456,0.7456,2,0.03784743696451187
464,TX,0.05315721076912632,0.7526,0.7526,53,0.03784743696451187
465,CA,0.94455670482367,0.7704,0.7704,946,0.03789065033197403
465,NY,0.0029358471869101992,0.7524,0.7524,2,0.03789065033197403
465,TX,0.0525074479894198,0.7644,0.7644,52,0.03789065033197403
466,CA,0.9447530249383952,0.777,0.777,942,0.038299091160297394
466,NY,0.0029066018526405103,0.7508,0.7508,3,0.038299091160297394
466,TX,0.052340373208964334,0.7626,0.7626,55,0.038299091160297394
467,CA,0.9451944282591788,0.7764,0.7764,951,0.037759847939014435
467,NY,0.0028650850460724994,0.7562,0.7562,2,0.037759847939014435
467,TX,0.0519404866947488,0.763,0.763,47,0.037759847939014435
468,CA,0.9455957247547844,0.7722,0.7722,955,0.03754861652851105
468,NY,0.0028337078505769327,0.7422,0.7422,2,0.03754861652851105
468,TX,0.05157056739463876,0.751,0.751,43,0.03754861652851105
469,CA,0.9462248544351967,0.779,0.779,962,0.037592872977256775
469,NY,0.002787591951880087,0.7544,0.7544,2,0.037592872977256775
469,TX,0.05098755361292326,0.7608,0.7608,36,0.037592872977256775
470,CA,0.9467552013871603,0.7722,0.7722,939,0.03897026181221008
470,NY,0.0027505859538862337,0.7572,0.7572,2,0.03897026181221008
470,TX,0.05049421265895347,0.7606,0.7606,59,0.03897026181221008
471,CA,0.947090275137377,0.7762,0.7762,948,0.037137068808078766
471,NY,0.0027282700828047276,0.7544,0.7544,1,0.037137068808078766
471,TX,0.050181454779818314,0.759,0.759,51,0.037137068808078766
472,CA,0.947582470294518,0.777,0.777,949,0.03715813159942627
472,NY,0.0026961854108095576,0.7564,0.7564,2,0.03715813159942627
472,TX,0.04972134429467242,0.7652,0.7652,49,0.03715813159942627
473,CA,0.9479250746785557,0.7724,0.7724,942,0.03748895972967148
473,NY,0.0026658932100224408,0.7494,0.7494,2,0.03748895972967148
473,TX,0.04940903211142186,0.7588,0.7588,56,0.03748895972967148
474,CA,0.9483174131218741,0.7712,0.7712,957,0.03710375726222992
474,NY,0.002632387640803135,0.7492,0.7492,2,0.03710375726222992
474,TX,0.049050199237322824,0.7558,0.7558,41,0.03710375726222992
475,CA,0.9487530540395263,0.7766,0.7766,958,0.03845734894275665
475,NY,0.0026008851195225375,0.7492,0.7492,2,0.03845734894275665
475,TX,0.04864606084095113,0.7616,0.7616,40,0.03845734894275665
476,CA,0.9491809789565081,0.777,0.777,944,0.038177959620952606
476,NY,0.002561927411945003,0.7552,0.7552,4,0.038177959620952606
476,TX,0.04825709363154693,0.7676,0.7676,52,0.038177959620952606
477,CA,0.9494531876116173,0.7716,0.7716,935,0.0373290479183197
477,NY,0.0025312237296795785,0.7424,0.7424,4,0.0373290479183197
477,TX,0.048015588658702986,0.7562,0.7562,61,0.0373290479183197
478,CA,0.949889287272908,0.7726,0.7726,962,0.036756932735443115
478,NY,0.00249064687215284,0.7436,0.7436,2,0.036756932735443115
478,TX,0.04762006585493911,0.7534,0.7534,36,0.036756932735443115
479,CA,0.9504182390553633,0.7788,0.7788,949,0.03731391578912735
479,NY,0.0024512637602314346,0.7506,0.7506,3,0.03731391578912735
479,TX,0.04713049718440534,0.7624,0.7624,48,0.03731391578912735
480,CA,0.9508683704514289,0.7796,0.7796,936,0.03839144855737686
480,NY,0.002413545481644,0.7602,0.7602,3,0.03839144855737686
480,TX,0.0467180840669272,0.7646,0.7646,61,0.03839144855737686
481,CA,0.9512679896257779,0.7768,0.7768,944,0.03874562680721283
481,NY,0.0023882379125799674,0.7564,0.7564,2,0.03874562680721283
481,TX,0.04634377246164212,0.763,0.763,54,0.03874562680721283
482,CA,0.951636617120459,0.7718,0.7718,954,0.03816795349121094
482,NY,0.002361732646038461,0.7418,0.7418,5,0.03816795349121094
482,TX,0.04600165023350257,0.756,0.756,41,0.03816795349121094
483,CA,0.9520652442513036,0.7758,0.7758,951,0.03778801113367081
483,NY,0.0023227896834982597,0.7426,0.7426,5,0.03778801113367081
483,TX,0.04561196606519817,0.7538,0.7538,44,0.03778801113367081
484,CA,0.9526449316808083,0.7774,0.7774,962,0.03720227628946304
484,NY,0.0022807511184893005,0.7516,0.7516,2,0.03720227628946304
484,TX,0.045074317200702436,0.7648,0.7648,36,0.03720227628946304
485,CA,0.9529809895241478,0.7762,0.7762,960,0.03780907392501831
485,NY,0.0022484375685498446,0.7538,0.7538,2,0.03780907392501831
485,TX,0.044770572907302436,0.7634,0.7634,38,0.03780907392501831
486,CA,0.9533155937089672,0.773,0.773,958,0.04171949625015259
486,NY,0.0022208615897789333,0.751,0.751,1,0.04171949625015259
486,TX,0.044463544701253944,0.7596,0.7596,41,0.04171949625015259
487,CA,0.9536623494561526,0.778,0.778,948,0.03807529807090759
487,NY,0.0021941021525852676,0.7514,0.7514,3,0.03807529807090759
487,TX,0.04414354839126213,0.761,0.761,49,0.03807529807090759
488,CA,0.9540963631909978,0.7758,0.7758,953,0.03809525817632675
488,NY,0.0021622606039664273,0.7544,0.7544,2,0.03809525817632675
488,TX,0.043741376205035806,0.758,0.758,45,0.03809525817632675
489,CA,0.9545397521593247,0.7726,0.7726,957,0.037633731961250305
489,NY,0.002137196142681098,0.7472,0.7472,2,0.037633731961250305
489,TX,0.04332305169799426,0.7528,0.7528,41,0.037633731961250305
490,CA,0.9550311579869252,0.771,0.771,949,0.038354769349098206
490,NY,0.002107656241757012,0.7446,0.7446,2,0.038354769349098206
490,TX,0.04286118577131784,0.7562,0.7562,49,0.038354769349098206
491,CA,0.95540338642313,0.7798,0.7798,950,0.03805825114250183
491,NY,0.002077046988249523,0.7518,0.7518,1,0.03805825114250183
491,TX,0.042519566588620425,0.7634,0.7634,49,0.03805825114250183
492,CA,0.9558091022043752,0.7758,0.7758,963,0.03742724657058716
492,NY,0.0020452388174916963,0.756,0.756,2,0.03742724657058716
492,TX,0.04214565897813317,0.7698,0.7698,35,0.03742724657058716
493,CA,0.9559670320076287,0.775,0.775,956,0.03745356202125549
493,NY,0.002022768770439961,0.7466,0.7466,4,0.03745356202125549
493,TX,0.042010199221931346,0.755,0.755,40,0.03745356202125549
494,CA,0.9564507269854907,0.7718,0.7718,960,0.032667309045791626
494,NY,0.0019914115640961585,0.7466,0.7466,0,0.032667309045791626
494,TX,0.0415578614504131,0.7692,0.7692,40,0.032667309045791626
495,CA,0.9565361522886974,0.778,0.778,958,0.03994591534137726
495,NY,0.0019632634004364017,0.7586,0.7586,3,0.03994591534137726
495,TX,0.041500584310866326,0.767,0.767,39,0.03994591534137726
496,CA,0.9568023100111102,0.7804,0.7804,967,0.03827778995037079
496,NY,0.0019423822869078593,0.7522,0.7522,3,0.03827778995037079
496,TX,0.041255307701982116,0.768,0.768,30,0.03827778995037079
497,CA,0.9571067633910543,0.7682,0.7682,959,0.038329243659973145
497,NY,0.0019122249014127072,0.7514,0.7514,1,0.038329243659973145
497,TX,0.040981011707532974,0.7632,0.7632,40,0.038329243659973145
498,CA,0.9572350825007723,0.775,0.775,957,0.038390085101127625
498,NY,0.0018943104295684452,0.745,0.745,3,0.038390085101127625
498,TX,0.04087060706965924,0.7564,0.7564,40,0.038390085101127625
499,CA,0.9576758953763752,0.7664,0.7664,953,0.03116818517446518
499,NY,0.0018631515135204921,0.7364,0.7364,0,0.03116818517446518
499,TX,0.040460953110104406,0.7478,0.7478,47,0.03116818517446518
500,CA,0.9581144172901692,0.7704,0.7704,960,0.03752359002828598
500,NY,0.001832346966975416,0.7456,0.7456,1,0.03752359002828598
500,TX,0.04005323574285537,0.762,0.762,39,0.03752359002828598
501,CA,0.9583211347940209,0.774,0.774,965,0.03782764822244644
501,NY,0.001807069004757797,0.7548,0.7548,1,0.03782764822244644
501,TX,0.03987179620122126,0.7634,0.7634,34,0.03782764822244644
502,CA,0.9585682534545094,0.775,0.775,953,0.03772152215242386
502,NY,0.0017879720377091018,0.7486,0.7486,1,0.03772152215242386
502,TX,0.039643774507781546,0.761,0.761,46,0.03772152215242386
503,CA,0.9588935832525991,0.778,0.778,955,0.03851216286420822
503,NY,0.001761976898362376,0.7552,0.7552,3,0.03851216286420822
503,TX,0.03934443984903847,0.7698,0.7698,42,0.03851216286420822
504,CA,0.9590892835761197,0.7714,0.7714,967,0.032203756272792816
504,NY,0.0017397373590188044,0.7524,0.7524,0,0.032203756272792816
504,TX,0.0391709790648616,0.7622,0.7622,33,0.032203756272792816
505,CA,0.959302344668688,0.7724,0.7724,955,0.03802090138196945
505,NY,0.0017214593080426993,0.7526,0.7526,1,0.03802090138196945
505,TX,0.03897619602326931,0.7628,0.7628,44,0.03802090138196945
506,CA,0.9595233622328215,0.7708,0.7708,967,0.03700468689203262
506,NY,0.0017026205647581328,0.7496,0.7496,2,0.03700468689203262
506,TX,0.038774017202420394,0.757,0.757,31,0.03700468689203262
507,CA,0.9598329593097542,0.771,0.771,951,0.03819061815738678
507,NY,0.0016827795940195615,0.7526,0.7526,2,0.03819061815738678
507,TX,0.03848426109622628,0.7616,0.7616,47,0.03819061815738678
508,CA,0.960045847280282,0.7726,0.7726,956,0.03703153878450394
508,NY,0.0016656655271865524,0.743,0.743,3,0.03703153878450394
508,TX,0.0382884871925314,0.7588,0.7588,41,0.03703153878450394
509,CA,0.9603588252323513,0.7734,0.7734,962,0.038461215794086456
509,NY,0.0016383851315077487,0.7472,0.7472,1,0.038461215794086456
509,TX,0.038002789636140934,0.7602,0.7602,37,0.038461215794086456
510,CA,0.960653815678165,0.775,0.775,963,0.0378078892827034
510,NY,0.0016146756476822812,0.749,0.749,1,0.0378078892827034
510,TX,0.037731508674152696,0.7568,0.7568,36,0.0378078892827034
511,CA,0.961048357174716,0.777,0.777,957,0.03767908364534378
511,NY,0.0015916774959259339,0.754,0.754,3,0.03767908364534378
511,TX,0.037359965329357904,0.7618,0.7618,40,0.03767908364534378
512,CA,0.9613753871394265,0.7746,0.7746,955,0.03422781080007553
512,NY,0.0015716107682714575,0.7462,0.7462,0,0.03422781080007553
512,TX,0.037053002092302036,0.7612,0.7612,45,0.03422781080007553
513,CA,0.9616686369916491,0.7776,0.7776,977,0.03174281120300293
513,NY,0.001546931046979411,0.7554,0.7554,0,0.03174281120300293
513,TX,0.03678443196137155,0.7596,0.7596,23,0.03174281120300293
514,CA,0.9620455653425537,0.7706,0.7706,967,0.037672966718673706
514,NY,0.001528210564756302,0.748,0.748,2,0.037672966718673706
514,TX,0.03642622409268994,0.7562,0.7562,31,0.037672966718673706
515,CA,0.9623494316518316,0.7772,0.7772,962,0.03783299773931503
515,NY,0.0015091809628493581,0.7508,0.7508,1,0.03783299773931503
515,TX,0.03614138738531906,0.7596,0.7596,37,0.03783299773931503
516,CA,0.9627155857772193,0.7744,0.7744,962,0.037324659526348114
516,NY,0.0014873280219274922,0.7542,0.7542,1,0.037324659526348114
516,TX,0.03579708620085313,0.7626,0.7626,37,0.037324659526348114
517,CA,0.9629611287320902,0.7746,0.7746,950,0.03785572946071625
517,NY,0.0014707711147042958,0.7504,0.7504,3,0.03785572946071625
517,TX,0.03556810015320549,0.7578,0.7578,47,0.03785572946071625
518,CA,0.963304813885313,0.772,0.772,953,0.03222231566905975
518,NY,0.001451232157996759,0.7484,0.7484,0,0.03222231566905975
518,TX,0.035243953956690284,0.7576,0.7576,47,0.03222231566905975
519,CA,0.9635994197341619,0.7692,0.7692,970,0.03786875307559967
519,NY,0.0014323421521520029,0.7458,0.7458,3,0.03786875307559967
519,TX,0.03496823811368621,0.753,0.753,27,0.03786875307559967
520,CA,0.9639263234059806,0.7812,0.7812,962,0.032286375761032104
520,NY,0.0014138770397080763,0.7592,0.7592,0,0.032286375761032104
520,TX,0.034659799554311234,0.7674,0.7674,38,0.032286375761032104
521,CA,0.9642020783411501,0.7748,0.7748,969,0.03746510297060013
521,NY,0.0013968134065295281,0.7528,0.7528,2,0.03746510297060013
521,TX,0.03440110825232043,0.7616,0.7616,29,0.03746510297060013
522,CA,0.9644655427019421,0.7764,0.7764,975,0.036571867763996124
522,NY,0.0013798757812618961,0.755,0.755,2,0.036571867763996124
522,TX,0.034154581516796075,0.766,0.766,23,0.036571867763996124
523,CA,0.9646744742224631,0.7784,0.7784,957,0.03750528395175934
523,NY,0.0013635479641147103,0.7618,0.7618,1,0.03750528395175934
523,TX,0.03396197781342212,0.77,0.77,42,0.03750528395175934
524,CA,0.9648415286934594,0.7686,0.7686,969,0.03833770751953125
524,NY,0.0013510542137451303,0.7514,0.7514,2,0.03833770751953125
524,TX,0.03380741709279553,0.7582,0.7582,29,0.03833770751953125
525,CA,0.9650460595656366,0.7784,0.7784,968,0.036800138652324677
525,NY,0.0013381985491168244,0.7584,0.7584,1,0.036800138652324677
525,TX,0.033615741885246526,0.7644,0.7644,31,0.036800138652324677
526,CA,0.9653160399402375,0.772,0.772,958,0.037858493626117706
526,NY,0.0013235192456907986,0.7438,0.7438,1,0.037858493626117706
526,TX,0.03336044081407167,0.7564,0.7564,41,0.037858493626117706
527,CA,0.9656199737964606,0.7726,0.7726,966,0.037898704409599304
527,NY,0.0013028665515795095,0.7534,0.7534,3,0.037898704409599304
527,TX,0.03307715965195996,0.7612,0.7612,31,0.037898704409599304
528,CA,0.9658390636801468,0.7772,0.7772,966,0.03785662353038788
528,NY,0.0012890468974448028,0.7562,0.7562,2,0.03785662353038788
528,TX,0.03287188942240842,0.763,0.763,32,0.03785662353038788
529,CA,0.9661075269871673,0.7702,0.7702,960,0.03731738030910492
529,NY,0.0012741691485283354,0.7524,0.7524,1,0.03731738030910492
529,TX,0.03261830386430438,0.7632,0.7632,39,0.03731738030910492
530,CA,0.9662445371754372,0.7748,0.7748,974,0.03998548537492752
530,NY,0.00126153579927987,0.7578,0.7578,1,0.03998548537492752
530,TX,0.03249392702528287,0.767,0.767,25,0.03998548537492752
531,CA,0.9663942219587173,0.774,0.774,978,0.039637982845306396
531,NY,0.001249645680638067,0.7512,0.7512,1,0.039637982845306396
531,TX,0.03235613236064466,0.7662,0.7662,21,0.039637982845306396
532,CA,0.9665472512082156,0.77,0.77,968,0.03160536289215088
532,NY,0.0012337801845942703,0.7474,0.7474,0,0.03160536289215088
532,TX,0.0322189686071901,0.7574,0.7574,32,0.03160536289215088
533,CA,0.9667842184517305,0.77,0.77,966,0.037952959537506104
533,NY,0.001218325455279178,0.747,0.747,1,0.037952959537506104
533,TX,0.03199745609299038,0.7608,0.7608,33,0.037952959537506104
534,CA,0.9669603462260445,0.7776,0.7776,976,0.03243622928857803
534,NY,0.0012027131767195058,0.76,0.76,0,0.03243622928857803
534,TX,0.03183694059723599,0.7668,0.7668,24,0.03243622928857803
535,CA,0.9671589395557716,0.7748,0.7748,967,0.037181369960308075
535,NY,0.00119104969180705,0.751,0.751,4,0.037181369960308075
535,TX,0.031650010752421326,0.7598,0.7598,29,0.037181369960308075
536,CA,0.9674331748877807,0.7766,0.7766,962,0.21274179965257645
536,NY,0.0011754109512320703,0.752,0.752,0,0.21274179965257645
536,TX,0.031391414160987174,0.754,0.754,38,0.21274179965257645
537,CA,0.96783541061266,0.7788,0.7788,958,0.0377989262342453
537,NY,0.0011596173606175351,0.7544,0.7544,1,0.0377989262342453
537,TX,0.031004972026722432,0.7594,0.7594,41,0.0377989262342453
538,CA,0.9681781979032521,0.7742,0.7742,970,0.03706977516412735
538,NY,0.001144115837341501,0.7518,0.7518,2,0.03706977516412735
538,TX,0.03067768625940629,0.7658,0.7658,28,0.03706977516412735
539,CA,0.9683328302968771,0.7748,0.7748,962,0.03709746152162552
539,NY,0.0011298513325399128,0.7482,0.7482,1,0.03709746152162552
539,TX,0.030537318370583058,0.752,0.752,37,0.03709746152162552
540,CA,0.9687292652846561,0.7738,0.7738,962,0.0376259982585907
540,NY,0.0011133731958297933,0.7478,0.7478,1,0.0376259982585907
540,TX,0.030157361519514158,0.7624,0.7624,37,0.0376259982585907
541,CA,0.9689328742673501,0.762,0.762,969,0.03678683191537857
541,NY,0.001097284178125105,0.737,0.737,1,0.03678683191537857
541,TX,0.02996984155452487,0.7468,0.7468,30,0.03678683191537857
542,CA,0.9691985368096656,0.7778,0.7778,966,0.03696171194314957
542,NY,0.0010820120322098234,0.7522,0.7522,2,0.03696171194314957
542,TX,0.02971945115812452,0.7572,0.7572,32,0.03696171194314957
543,CA,0.9695475260371355,0.779,0.779,970,0.031754329800605774
543,NY,0.0010668152545118068,0.762,0.762,0,0.031754329800605774
543,TX,0.029385658708352736,0.7626,0.7626,30,0.031754329800605774
544,CA,0.9698201336246457,0.7764,0.7764,976,0.03661193698644638
544,NY,0.0010569179322826605,0.7482,0.7482,1,0.03661193698644638
544,TX,0.0291229484430717,0.759,0.759,23,0.03661193698644638
545,CA,0.9701131468903915,0.7752,0.7752,962,0.03776465356349945
545,NY,0.0010404538273357357,0.7502,0.7502,2,0.03776465356349945
545,TX,0.028846399282272756,0.7576,0.7576,36,0.03776465356349945
546,CA,0.9704048958933357,0.774,0.774,973,0.030840225517749786
546,NY,0.0010261096955434552,0.75,0.75,0,0.030840225517749786
546,TX,0.028568994411120933,0.7576,0.7576,27,0.030840225517749786
547,CA,0.9706747358867404,0.7712,0.7712,981,0.03630838543176651
547,NY,0.0010125091850893722,0.7464,0.7464,1,0.03630838543176651
547,TX,0.028312754928170304,0.7536,0.7536,18,0.03630838543176651
548,CA,0.9709616688275177,0.7734,0.7734,970,0.03947683423757553
548,NY,0.0009986273357508691,0.7518,0.7518,1,0.03947683423757553
548,TX,0.028039703836731336,0.7602,0.7602,29,0.03947683423757553
549,CA,0.9711761744714031,0.7774,0.7774,964,0.0368172824382782
549,NY,0.000986681992003931,0.7566,0.7566,3,0.0368172824382782
549,TX,0.027837143536592876,0.7626,0.7626,33,0.0368172824382782
550,CA,0.9714125581091986,0.7826,0.7826,963,0.03773818910121918
550,NY,0.0009753727063386771,0.7568,0.7568,2,0.03773818910121918
550,TX,0.02761206918446274,0.7622,0.7622,35,0.03773818910121918
551,CA,0.9717333352240406,0.7728,0.7728,971,0.03812352567911148
551,NY,0.0009615733249827638,0.7516,0.7516,3,0.03812352567911148
551,TX,0.027305091450976645,0.755,0.755,26,0.03812352567911148
552,CA,0.9720109987533483,0.7734,0.7734,969,0.032004304230213165
552,NY,0.0009503458406826823,0.7514,0.7514,0,0.032004304230213165
552,TX,0.027038655405969062,0.7562,0.7562,31,0.032004304230213165
553,CA,0.9722774361494971,0.7754,0.7754,972,0.031665585935115814
553,NY,0.0009388135462503472,0.7528,0.7528,0,0.031665585935115814
553,TX,0.026783750304252566,0.7636,0.7636,28,0.031665585935115814
554,CA,0.9724621707905119,0.777,0.777,979,0.03151296079158783
554,NY,0.0009270390008357989,0.7514,0.7514,0,0.03151296079158783
554,TX,0.026610790208652275,0.7594,0.7594,21,0.03151296079158783
555,CA,0.9727315370163976,0.7714,0.7714,972,0.03646907955408096
555,NY,0.000913936881288238,0.7542,0.7542,2,0.03646907955408096
555,TX,0.0263545261023142,0.7642,0.7642,26,0.03646907955408096
556,CA,0.972844381419031,0.7746,0.7746,975,0.031018123030662537
556,NY,0.0009051677001508074,0.7434,0.7434,0,0.031018123030662537
556,TX,0.026250450880818264,0.7586,0.7586,25,0.031018123030662537
557,CA,0.9730901754905458,0.7764,0.7764,980,0.03051275759935379
557,NY,0.0008894782349147803,0.744,0.744,0,0.03051275759935379
557,TX,0.026020346274539464,0.7504,0.7504,20,0.03051275759935379
558,CA,0.9734767100243296,0.7778,0.7778,968,0.030917905271053314
558,NY,0.0008736017986142729,0.751,0.751,0,0.030917905271053314
558,TX,0.025649688177056155,0.7566,0.7566,32,0.030917905271053314
559,CA,0.9737873852924318,0.7708,0.7708,970,0.036865122616291046
559,NY,0.0008607070144399393,0.751,0.751,1,0.036865122616291046
559,TX,0.02535190769312835,0.76,0.76,29,0.036865122616291046
560,CA,0.9739473499306953,0.7766,0.7766,977,0.03174082189798355
560,NY,0.0008512229242006246,0.7524,0.7524,0,0.03174082189798355
560,TX,0.025201427145104007,0.7648,0.7648,23,0.03174082189798355
561,CA,0.9741216985432332,0.7786,0.7786,979,0.031610824167728424
561,NY,0.0008397782742716894,0.746,0.746,0,0.031610824167728424
561,TX,0.025038523182495068,0.7556,0.7556,21,0.031610824167728424
562,CA,0.9744522117415544,0.7784,0.7784,977,0.03245992958545685
562,NY,0.0008246656679423981,0.7482,0.7482,0,0.03245992958545685
562,TX,0.024723122590503282,0.7564,0.7564,23,0.03245992958545685
563,CA,0.9747639858149239,0.7682,0.7682,977,0.034041523933410645
563,NY,0.0008109209309216516,0.743,0.743,0,0.034041523933410645
563,TX,0.024425093254154394,0.7556,0.7556,23,0.034041523933410645
564,CA,0.974944943019241,0.7734,0.7734,972,0.03796509653329849
564,NY,0.0007995122585849331,0.748,0.748,2,0.03796509653329849
564,TX,0.024255544722174067,0.7596,0.7596,26,0.03796509653329849
565,CA,0.9751401657771948,0.7752,0.7752,978,0.037801675498485565
565,NY,0.0007882188297010037,0.751,0.751,2,0.037801675498485565
565,TX,0.024071615393104196,0.7574,0.7574,20,0.037801675498485565
566,CA,0.9753860725454839,0.7788,0.7788,975,0.031640805304050446
566,NY,0.0007776696803737453,0.7552,0.7552,0,0.031640805304050446
566,TX,0.023836257774142482,0.7598,0.7598,25,0.031640805304050446
567,CA,0.9756445415074679,0.778,0.778,974,0.039271339774131775
567,NY,0.0007675553897312075,0.751,0.751,1,0.039271339774131775
567,TX,0.023587903102800876,0.7596,0.7596,25,0.039271339774131775
568,CA,0.9758941362645471,0.7752,0.7752,975,0.03742125630378723
568,NY,0.0007560929776198284,0.7528,0.7528,1,0.03742125630378723
568,TX,0.02334977075783299,0.7666,0.7666,24,0.03742125630378723
569,CA,0.9760138532876568,0.7736,0.7736,982,0.03202841430902481
569,NY,0.0007466439549318693,0.7536,0.7536,0,0.03202841430902481
569,TX,0.023239502757411323,0.7618,0.7618,18,0.03202841430902481
570,CA,0.9761730037279724,0.7774,0.7774,974,0.03226328641176224
570,NY,0.0007383448006435086,0.757,0.757,0,0.03226328641176224
570,TX,0.023088651471384048,0.7658,0.7658,26,0.03226328641176224
571,CA,0.9763283959395954,0.781,0.781,978,0.03205427527427673
571,NY,0.0007299866777840362,0.7562,0.7562,0,0.03205427527427673
571,TX,0.022941617382620596,0.7618,0.7618,22,0.03205427527427673
572,CA,0.9765798516655644,0.7764,0.7764,976,0.03864309936761856
572,NY,0.000720007179324792,0.7556,0.7556,1,0.03864309936761856
572,TX,0.02270014115511085,0.769,0.769,23,0.03864309936761856
573,CA,0.9766804431501366,0.771,0.771,976,0.03180879354476929
573,NY,0.0007116498567233812,0.7482,0.7482,0,0.03180879354476929
573,TX,0.022607906993140067,0.7634,0.7634,24,0.03180879354476929
574,CA,0.9767841586049674,0.777,0.777,976,0.030899107456207275
574,NY,0.0007025626162674912,0.742,0.742,0,0.030899107456207275
574,TX,0.022513278778765047,0.76,0.76,24,0.030899107456207275
575,CA,0.977008103724085,0.777,0.777,972,0.03696763515472412
575,NY,0.0006888827631499262,0.755,0.755,1,0.03696763515472412
575,TX,0.022303013512765202,0.762,0.762,27,0.03696763515472412
576,CA,0.9772004096287066,0.7722,0.7722,972,0.03769063204526901
576,NY,0.0006804880227427937,0.7522,0.7522,1,0.03769063204526901
576,TX,0.02211910234855059,0.761,0.761,27,0.03769063204526901
577,CA,0.9773445371787159,0.7698,0.7698,974,0.03163517266511917
577,NY,0.0006729076704857431,0.7438,0.7438,0,0.03163517266511917
577,TX,0.021982555150798288,0.7534,0.7534,26,0.03163517266511917
578,CA,0.977553331646982,0.7784,0.7784,982,0.03178209811449051
578,NY,0.0006631636783625862,0.752,0.752,0,0.03178209811449051
578,TX,0.021783504674655393,0.765,0.765,18,0.03178209811449051
579,CA,0.9777234362187767,0.7764,0.7764,984,0.03254427760839462
579,NY,0.0006534328277355189,0.7584,0.7584,0,0.03254427760839462
579,TX,0.021623130953487817,0.7618,0.7618,16,0.03254427760839462
580,CA,0.9779037018458947,0.7774,0.7774,984,0.03165595233440399
580,NY,0.0006469309434672614,0.7512,0.7512,0,0.03165595233440399
580,TX,0.021449367210638056,0.761,0.761,16,0.03165595233440399
581,CA,0.9781066087317817,0.778,0.778,975,0.0321648046374321
581,NY,0.0006375270263661973,0.7484,0.7484,0,0.0321648046374321
581,TX,0.02125586424185211,0.7618,0.7618,25,0.0321648046374321
582,CA,0.9783064604552703,0.7784,0.7784,970,0.03678067773580551
582,NY,0.0006270416222292174,0.7526,0.7526,1,0.03678067773580551
582,TX,0.0210664979225005,0.762,0.762,29,0.03678067773580551
583,CA,0.9785054563763371,0.774,0.774,964,0.03706921637058258
583,NY,0.0006180705598348873,0.7544,0.7544,1,0.03706921637058258
583,TX,0.02087647306382802,0.762,0.762,35,0.03706921637058258
584,CA,0.9786503406824292,0.7754,0.7754,978,0.0323932021856308
584,NY,0.0006113323255467323,0.7576,0.7576,0,0.0323932021856308
584,TX,0.0207383269920241,0.7638,0.7638,22,0.0323932021856308
585,CA,0.9787889645823655,0.7784,0.7784,968,0.036531463265419006
585,NY,0.0006052888887223068,0.751,0.751,1,0.036531463265419006
585,TX,0.020605746528912214,0.7598,0.7598,31,0.036531463265419006
586,CA,0.9790090829724976,0.7746,0.7746,985,0.04069270193576813
586,NY,0.0005960971629987339,0.7524,0.7524,0,0.04069270193576813
586,TX,0.0203948198645037,0.7672,0.7672,15,0.04069270193576813
587,CA,0.9790996521863591,0.779,0.779,980,0.030667513608932495
587,NY,0.0005886945258666815,0.7448,0.7448,0,0.030667513608932495
587,TX,0.020311653287774255,0.7554,0.7554,20,0.030667513608932495
588,CA,0.979374630397784,0.7806,0.7806,977,0.03151727467775345
588,NY,0.0005775394507989283,0.748,0.748,0,0.03151727467775345
588,TX,0.020047830151416993,0.7592,0.7592,23,0.03151727467775345
589,CA,0.9796210218379884,0.777,0.777,987,0.03689974546432495
589,NY,0.0005671082445188074,0.7552,0.7552,1,0.03689974546432495
589,TX,0.01981186991749288,0.7608,0.7608,12,0.03689974546432495
590,CA,0.9798048056793511,0.7726,0.7726,975,0.03280835598707199
590,NY,0.0005602561241929381,0.7496,0.7496,0,0.03280835598707199
590,TX,0.019634938196455908,0.7584,0.7584,25,0.03280835598707199
591,CA,0.9799660705308048,0.7724,0.7724,979,0.032630033791065216
591,NY,0.0005530776535896413,0.7516,0.7516,0,0.032630033791065216
591,TX,0.019480851815605566,0.7602,0.7602,21,0.032630033791065216
592,CA,0.9801038570785979,0.7812,0.7812,977,0.030757173895835876
592,NY,0.0005466638628328811,0.7538,0.7538,0,0.030757173895835876
592,TX,0.01934947905856909,0.7586,0.7586,23,0.030757173895835876
593,CA,0.9803527852376023,0.776,0.776,983,0.03117986023426056
593,NY,0.0005383913005500709,0.7542,0.7542,0,0.03117986023426056
593,TX,0.019108823461847765,0.7634,0.7634,17,0.03117986023426056
594,CA,0.9804921896439798,0.771,0.771,984,0.03151709586381912
594,NY,0.0005318582871360722,0.7516,0.7516,0,0.03151709586381912
594,TX,0.018975952068884153,0.7608,0.7608,16,0.03151709586381912
595,CA,0.9806050742655479,0.7744,0.7744,979,0.031691163778305054
595,NY,0.0005260927338939606,0.7414,0.7414,0,0.031691163778305054
595,TX,0.018868833000558083,0.757,0.757,21,0.031691163778305054
596,CA,0.980796147524466,0.7738,0.7738,989,0.034936703741550446
596,NY,0.0005164091515302183,0.7482,0.7482,0,0.034936703741550446
596,TX,0.018687443324003745,0.7566,0.7566,11,0.034936703741550446
597,CA,0.9809812188834538,0.7752,0.7752,979,0.03235970437526703
597,NY,0.0005090522212353574,0.7546,0.7546,0,0.03235970437526703
597,TX,0.018509728895310777,0.7624,0.7624,21,0.03235970437526703
598,CA,0.981117958056861,0.7718,0.7718,984,0.037304796278476715
598,NY,0.0005032151466567342,0.7522,0.7522,1,0.037304796278476715
598,TX,0.01837882679648237,0.765,0.765,15,0.037304796278476715
599,CA,0.9811926296176128,0.7752,0.7752,983,0.03126557171344757
599,NY,0.0004976863571069479,0.7468,0.7468,0,0.03126557171344757
599,TX,0.01830968402528017,0.7552,0.7552,17,0.03126557171344757
600,CA,0.981402890417554,,,0,
600,NY,0.000489829216058641,,,0,
600,TX,0.0181072803663874,,,0,
