t,state,p,acc,fitness,sample_count,step_seconds
0,CA,0.3333333333333333,0.7734,0.7734,353,0.06112731993198395
0,NY,0.3333333333333333,0.7526,0.7526,324,0.06112731993198395
0,TX,0.3333333333333333,0.7668,0.7668,323,0.06112731993198395
1,CA,0.3350589480048367,0.7784,0.7784,321,0.03929799795150757
1,NY,0.33112908101571953,0.7534,0.7534,319,0.03929799795150757
1,TX,0.33381197097944376,0.7686,0.7686,360,0.03929799795150757
2,CA,0.3372491682662063,0.773,0.773,331,0.03876543045043945
2,NY,0.3286083108718668,0.7554,0.7554,333,0.03876543045043945
2,TX,0.33414252086192675,0.7744,0.7744,336,0.03876543045043945
3,CA,0.33826332994901975,0.773,0.773,329,0.039326012134552
3,NY,0.32632468993733843,0.7542,0.7542,324,0.039326012134552
3,TX,0.3354119801136418,0.769,0.769,347,0.039326012134552
4,CA,0.33969579090553004,0.774,0.774,331,0.03842303156852722
4,NY,0.32423175787675734,0.7554,0.7554,305,0.03842303156852722
4,TX,0.33607245121771273,0.7678,0.7678,364,0.03842303156852722
5,CA,0.34125671525946416,0.7786,0.7786,343,0.038955941796302795
5,NY,0.32230650436837677,0.761,0.761,322,0.038955941796302795
5,TX,0.33643678037215907,0.7688,0.7688,335,0.038955941796302795
6,CA,0.3429864334714076,0.7782,0.7782,330,0.038561463356018066
6,NY,0.3207346450556027,0.7558,0.7558,345,0.038561463356018066
6,TX,0.3362789214729897,0.77,0.77,325,0.038561463356018066
7,CA,0.3449148576788735,0.7728,0.7728,360,0.03742549568414688
7,NY,0.3184749463601725,0.7466,0.7466,322,0.03742549568414688
7,TX,0.3366101959609541,0.7612,0.7612,318,0.03742549568414688
8,CA,0.34731454135310125,0.7706,0.7706,329,0.03791633993387222
8,NY,0.31595122972095746,0.7532,0.7532,326,0.03791633993387222
8,TX,0.33673422892594135,0.7658,0.7658,345,0.03791633993387222
9,CA,0.34871560283044656,0.774,0.774,342,0.03845309466123581
9,NY,0.3141083382016394,0.754,0.754,310,0.03845309466123581
9,TX,0.33717605896791397,0.768,0.768,348,0.03845309466123581
10,CA,0.3503558415195438,0.7762,0.7762,366,0.03718762844800949
10,NY,0.31202789543192094,0.748,0.748,311,0.03718762844800949
10,TX,0.33761626304853526,0.7616,0.7616,323,0.03718762844800949
11,CA,0.35308486110643134,0.7716,0.7716,347,0.03876212239265442
11,NY,0.30946584120386333,0.755,0.755,306,0.03876212239265442
11,TX,0.3374492976897054,0.767,0.767,347,0.03876212239265442
12,CA,0.3544231304643132,0.7766,0.7766,359,0.03934800624847412
12,NY,0.307728080521884,0.7542,0.7542,307,0.03934800624847412
12,TX,0.33784878901380294,0.7716,0.7716,334,0.03934800624847412
13,CA,0.35614357958082626,0.7756,0.7756,377,0.03928903490304947
13,NY,0.30532308303133354,0.7548,0.7548,304,0.03928903490304947
13,TX,0.3385333373878403,0.7662,0.7662,319,0.03928903490304947
14,CA,0.3580659828261268,0.7724,0.7724,347,0.03843912482261658
14,NY,0.3033751980691999,0.7538,0.7538,289,0.03843912482261658
14,TX,0.3385588191046735,0.7704,0.7704,364,0.03843912482261658
15,CA,0.3593473176213548,0.7768,0.7768,336,0.038622669875621796
15,NY,0.3012657360590817,0.751,0.751,310,0.038622669875621796
15,TX,0.33938694631956345,0.7728,0.7728,354,0.038622669875621796
16,CA,0.3612033849949712,0.7718,0.7718,364,0.041963741183280945
16,NY,0.29842468597143257,0.7546,0.7546,299,0.041963741183280945
16,TX,0.34037192903359625,0.767,0.767,337,0.041963741183280945
17,CA,0.36258814712263293,0.7696,0.7696,353,0.03895068168640137
17,NY,0.29666066413407827,0.7556,0.7556,309,0.03895068168640137
17,TX,0.34075118874328875,0.7684,0.7684,338,0.03895068168640137
18,CA,0.36352534049711044,0.7706,0.7706,366,0.03846362978219986
18,NY,0.29507438730989854,0.758,0.758,309,0.03846362978219986
18,TX,0.34140027219299096,0.7736,0.7736,325,0.03846362978219986
19,CA,0.36407923947089077,0.772,0.772,351,0.03822993487119675
19,NY,0.2934209712301861,0.7506,0.7506,283,0.03822993487119675
19,TX,0.34249978929892305,0.7636,0.7636,366,0.03822993487119675
20,CA,0.36597026628762785,0.7758,0.7758,356,0.038328737020492554
20,NY,0.291383022295822,0.7596,0.7596,289,0.038328737020492554
20,TX,0.34264671141655,0.771,0.771,355,0.038328737020492554
21,CA,0.36728675479600287,0.7732,0.7732,395,0.03858863562345505
21,NY,0.28976345424779154,0.7564,0.7564,268,0.03858863562345505
21,TX,0.3429497909562056,0.77,0.77,337,0.03858863562345505
22,CA,0.3685265655686356,0.773,0.773,365,0.04027954488992691
22,NY,0.2879869768645021,0.7518,0.7518,274,0.04027954488992691
22,TX,0.34348645756686236,0.771,0.771,361,0.04027954488992691
23,CA,0.36994380648351494,0.7686,0.7686,348,0.037736713886260986
23,NY,0.2856377453026833,0.7488,0.7488,295,0.037736713886260986
23,TX,0.34441844821380174,0.7704,0.7704,357,0.037736713886260986
24,CA,0.3710001424708292,0.771,0.771,385,0.03862706571817398
24,NY,0.28324642411023604,0.7532,0.7532,291,0.03862706571817398
24,TX,0.3457534334189348,0.7634,0.7634,324,0.03862706571817398
25,CA,0.37261378791572325,0.7804,0.7804,344,0.03826895356178284
25,NY,0.2816191486815966,0.7554,0.7554,310,0.03826895356178284
25,TX,0.34576706340268015,0.7694,0.7694,346,0.03826895356178284
26,CA,0.3748971813659324,0.7738,0.7738,362,0.03851605951786041
26,NY,0.2793662535939513,0.755,0.755,275,0.03851605951786041
26,TX,0.3457365650401163,0.7626,0.7626,363,0.03851605951786041
27,CA,0.37683560414659717,0.7732,0.7732,381,0.03809835761785507
27,NY,0.2778344966206926,0.7548,0.7548,291,0.03809835761785507
27,TX,0.34532989923271035,0.7768,0.7768,328,0.03809835761785507
28,CA,0.3776596243709993,0.7742,0.7742,348,0.03835096210241318
28,NY,0.27555271772464707,0.7532,0.7532,277,0.03835096210241318
28,TX,0.3467876579043537,0.7738,0.7738,375,0.03835096210241318
29,CA,0.37892512625254343,0.7702,0.7702,390,0.038329705595970154
29,NY,0.27320360957622525,0.7548,0.7548,264,0.038329705595970154
29,TX,0.3478712641712314,0.7672,0.7672,346,0.038329705595970154
30,CA,0.380052477014345,0.7786,0.7786,371,0.03882718086242676
30,NY,0.27163259693867337,0.7566,0.7566,274,0.03882718086242676
30,TX,0.34831492604698167,0.7718,0.7718,355,0.03882718086242676
31,CA,0.3818439314668096,0.7712,0.7712,381,0.04059121757745743
31,NY,0.26953725528979033,0.7542,0.7542,261,0.04059121757745743
31,TX,0.3486188132434,0.767,0.767,358,0.04059121757745743
32,CA,0.38315189425776525,0.7724,0.7724,382,0.03876614570617676
32,NY,0.2678646408504017,0.749,0.749,259,0.03876614570617676
32,TX,0.34898346489183313,0.7678,0.7678,359,0.03876614570617676
33,CA,0.38486152640273413,0.7778,0.7778,377,0.03871529549360275
33,NY,0.26550761281065716,0.7538,0.7538,265,0.03871529549360275
33,TX,0.3496308607866088,0.7682,0.7682,358,0.03871529549360275
34,CA,0.3869791891434642,0.7704,0.7704,386,0.038424693048000336
34,NY,0.26336451209544526,0.7566,0.7566,255,0.038424693048000336
34,TX,0.3496562987610906,0.7672,0.7672,359,0.038424693048000336
35,CA,0.38802098305642513,0.7718,0.7718,405,0.03845971077680588
35,NY,0.2620151075060103,0.752,0.752,244,0.03845971077680588
35,TX,0.34996390943756456,0.7678,0.7678,351,0.03845971077680588
36,CA,0.3894690735551645,0.7698,0.7698,416,0.03876283019781113
36,NY,0.26005397911216815,0.752,0.752,260,0.03876283019781113
36,TX,0.3504769473326673,0.7634,0.7634,324,0.03876283019781113
37,CA,0.390987250514253,0.7738,0.7738,402,0.03852313011884689
37,NY,0.2584419640731234,0.746,0.746,255,0.03852313011884689
37,TX,0.3505707854126237,0.7626,0.7626,343,0.03852313011884689
38,CA,0.39345183194619876,0.7766,0.7766,377,0.03762822598218918
38,NY,0.2559950675343935,0.7476,0.7476,253,0.03762822598218918
38,TX,0.35055310051940786,0.7636,0.7636,370,0.03762822598218918
39,CA,0.3961232103691953,0.7724,0.7724,394,0.038544170558452606
39,NY,0.2535261107389646,0.7496,0.7496,237,0.038544170558452606
39,TX,0.35035067889183996,0.7658,0.7658,369,0.038544170558452606
40,CA,0.39794018987530017,0.7772,0.7772,395,0.03767549991607666
40,NY,0.2514127135415291,0.7524,0.7524,261,0.03767549991607666
40,TX,0.3506470965831709,0.7658,0.7658,344,0.03767549991607666
41,CA,0.4002446396459779,0.7754,0.7754,386,0.03907276690006256
41,NY,0.24933996653438623,0.7522,0.7522,281,0.03907276690006256
41,TX,0.35041539381963593,0.7692,0.7692,333,0.03907276690006256
42,CA,0.40204659433495177,0.7782,0.7782,389,0.03879254311323166
42,NY,0.2471896147653309,0.7586,0.7586,247,0.03879254311323166
42,TX,0.3507637908997173,0.7706,0.7706,364,0.03879254311323166
43,CA,0.4037519527735747,0.7748,0.7748,399,0.0384950116276741
43,NY,0.24550194195319344,0.7502,0.7502,240,0.0384950116276741
43,TX,0.3507461052732319,0.7668,0.7668,361,0.0384950116276741
44,CA,0.40577426619390017,0.7764,0.7764,390,0.03828845173120499
44,NY,0.24331173548727913,0.7516,0.7516,251,0.03828845173120499
44,TX,0.35091399831882075,0.7702,0.7702,359,0.03828845173120499
45,CA,0.40765829693100186,0.7742,0.7742,401,0.0387556254863739
45,NY,0.2410288414427384,0.7596,0.7596,234,0.0387556254863739
45,TX,0.35131286162625974,0.7708,0.7708,365,0.0387556254863739
46,CA,0.40874420020047436,0.7794,0.7794,398,0.038297511637210846
46,NY,0.23968215963386635,0.755,0.755,247,0.038297511637210846
46,TX,0.3515736401656594,0.7652,0.7652,355,0.038297511637210846
47,CA,0.41124964526649815,0.7726,0.7726,439,0.03817286342382431
47,NY,0.2378445348630415,0.7554,0.7554,228,0.03817286342382431
47,TX,0.3509058198704603,0.7678,0.7678,333,0.03817286342382431
48,CA,0.4125939095401733,0.7764,0.7764,421,0.0381355807185173
48,NY,0.2363065732210205,0.7584,0.7584,272,0.0381355807185173
48,TX,0.35109951723880634,0.7706,0.7706,307,0.0381355807185173
49,CA,0.4140600175386444,0.7722,0.7722,401,0.038576774299144745
49,NY,0.23474329495081372,0.7534,0.7534,235,0.038576774299144745
49,TX,0.3511966875105419,0.7642,0.7642,364,0.038576774299144745
50,CA,0.41575445916926085,0.7756,0.7756,422,0.038769908249378204
50,NY,0.23320351170019843,0.7522,0.7522,248,0.038769908249378204
50,TX,0.3510420291305407,0.7636,0.7636,330,0.038769908249378204
51,CA,0.4180309495230216,0.7772,0.7772,402,0.0374065563082695
51,NY,0.23139029846016929,0.7584,0.7584,238,0.0374065563082695
51,TX,0.3505787520168092,0.7642,0.7642,360,0.0374065563082695
52,CA,0.42013675412695445,0.7738,0.7738,419,0.03869221359491348
52,NY,0.23009583422816082,0.7472,0.7472,252,0.03869221359491348
52,TX,0.3497674116448848,0.7666,0.7666,329,0.03869221359491348
53,CA,0.4221929452940029,0.7776,0.7776,406,0.03801468014717102
53,NY,0.22775452946933397,0.7588,0.7588,256,0.03801468014717102
53,TX,0.35005252523666325,0.773,0.773,338,0.03801468014717102
54,CA,0.42359699842996623,0.7734,0.7734,439,0.03819592297077179
54,NY,0.22609519880435058,0.755,0.755,224,0.03819592297077179
54,TX,0.35030780276568324,0.7664,0.7664,337,0.03819592297077179
55,CA,0.4251823349713861,0.7798,0.7798,422,0.038817279040813446
55,NY,0.22458673179094862,0.756,0.756,232,0.038817279040813446
55,TX,0.3502309332376654,0.7742,0.7742,346,0.038817279040813446
56,CA,0.42693499390147044,0.7736,0.7736,431,0.039826907217502594
56,NY,0.22249689014715776,0.7484,0.7484,214,0.039826907217502594
56,TX,0.35056811595137183,0.7608,0.7608,355,0.039826907217502594
57,CA,0.42937874227547607,0.7692,0.7692,428,0.038479290902614594
57,NY,0.2205910302665028,0.7566,0.7566,206,0.038479290902614594
57,TX,0.3500302274580212,0.7676,0.7676,366,0.038479290902614594
58,CA,0.4301907590273181,0.7728,0.7728,434,0.03763432800769806
58,NY,0.21943420940937092,0.7532,0.7532,191,0.03763432800769806
58,TX,0.3503750315633111,0.7626,0.7626,375,0.03763432800769806
59,CA,0.43211018227489206,0.7774,0.7774,430,0.03796705603599548
59,NY,0.21797640033026444,0.7602,0.7602,229,0.03796705603599548
59,TX,0.34991341739484355,0.7652,0.7652,341,0.03796705603599548
60,CA,0.4340683344695581,0.7674,0.7674,428,0.03863155096769333
60,NY,0.21684525429659318,0.7528,0.7528,241,0.03863155096769333
60,TX,0.34908641123384865,0.7692,0.7692,331,0.03863155096769333
61,CA,0.4346924541517224,0.775,0.775,441,0.037578970193862915
61,NY,0.21536316856077461,0.7582,0.7582,217,0.037578970193862915
61,TX,0.34994437728750305,0.7702,0.7702,342,0.037578970193862915
62,CA,0.4359937627070559,0.7714,0.7714,436,0.038277022540569305
62,NY,0.2139634172858352,0.7542,0.7542,207,0.038277022540569305
62,TX,0.3500428200071088,0.7706,0.7706,357,0.038277022540569305
63,CA,0.43697066992533096,0.7734,0.7734,425,0.04032839089632034
63,NY,0.21236062901361144,0.7568,0.7568,206,0.04032839089632034
63,TX,0.3506687010610576,0.7674,0.7674,369,0.04032839089632034
64,CA,0.4383621369087628,0.7784,0.7784,450,0.037161439657211304
64,NY,0.21104271705686126,0.7558,0.7558,217,0.037161439657211304
64,TX,0.3505951460343761,0.7698,0.7698,333,0.037161439657211304
65,CA,0.4402894389791064,0.7684,0.7684,431,0.038768500089645386
65,NY,0.20927685375199348,0.748,0.748,215,0.038768500089645386
65,TX,0.3504337072689001,0.764,0.764,354,0.038768500089645386
66,CA,0.44174104845714435,0.7644,0.7644,455,0.03852318227291107
66,NY,0.20754468158040779,0.7492,0.7492,190,0.03852318227291107
66,TX,0.3507142699624479,0.7632,0.7632,355,0.03852318227291107
67,CA,0.4426380493674721,0.7794,0.7794,454,0.037418968975543976
67,NY,0.20617453045506878,0.756,0.756,199,0.037418968975543976
67,TX,0.35118742017745913,0.7652,0.7652,347,0.037418968975543976
68,CA,0.44509222128418585,0.7748,0.7748,442,0.21800540387630463
68,NY,0.20459131817652582,0.7584,0.7584,229,0.21800540387630463
68,TX,0.3503164605392884,0.7672,0.7672,329,0.21800540387630463
69,CA,0.44660650185674966,0.7758,0.7758,449,0.03810441493988037
69,NY,0.20339041974496097,0.7546,0.7546,217,0.03810441493988037
69,TX,0.3500030783982893,0.7658,0.7658,334,0.03810441493988037
70,CA,0.4485798458957189,0.7744,0.7744,432,0.038729943335056305
70,NY,0.20185024550518094,0.7504,0.7504,213,0.038729943335056305
70,TX,0.34956990859910014,0.77,0.77,355,0.038729943335056305
71,CA,0.4501992116200961,0.773,0.773,462,0.03857314586639404
71,NY,0.19983890002677437,0.7546,0.7546,191,0.03857314586639404
71,TX,0.3499618883531296,0.7606,0.7606,347,0.03857314586639404
72,CA,0.45224401858342056,0.773,0.773,451,0.03865505009889603
72,NY,0.19866324333215668,0.7492,0.7492,207,0.03865505009889603
72,TX,0.3490927380844227,0.7608,0.7608,342,0.03865505009889603
73,CA,0.45454806622562394,0.7762,0.7762,451,0.03845779597759247
73,NY,0.19699501545931156,0.7554,0.7554,201,0.03845779597759247
73,TX,0.3484569183150645,0.7656,0.7656,348,0.03845779597759247
74,CA,0.45655068425339146,0.7748,0.7748,462,0.03756324201822281
74,NY,0.1955458705799222,0.755,0.755,177,0.03756324201822281
74,TX,0.3479034451666864,0.7708,0.7708,361,0.03756324201822281
75,CA,0.45790867761380055,0.7768,0.7768,443,0.03809323161840439
75,NY,0.1939394794874273,0.7586,0.7586,201,0.03809323161840439
75,TX,0.3481518428987722,0.7698,0.7698,356,0.03809323161840439
76,CA,0.4594515850853472,0.7724,0.7724,455,0.037892334163188934
76,NY,0.19259971023664665,0.7518,0.7518,194,0.037892334163188934
76,TX,0.3479487046780062,0.7616,0.7616,351,0.037892334163188934
77,CA,0.46146297420746735,0.7714,0.7714,429,0.03861234337091446
77,NY,0.19119455360238796,0.756,0.756,189,0.03861234337091446
77,TX,0.34734247219014475,0.7688,0.7688,382,0.03861234337091446
78,CA,0.46246745502178116,0.7682,0.7682,458,0.04062057286500931
78,NY,0.18994492869186988,0.7564,0.7564,192,0.04062057286500931
78,TX,0.347587616286349,0.7724,0.7724,350,0.04062057286500931
79,CA,0.46267193973591847,0.77,0.77,473,0.038193993270397186
79,NY,0.18876076570932476,0.7492,0.7492,182,0.038193993270397186
79,TX,0.34856729455475677,0.7642,0.7642,345,0.038193993270397186
80,CA,0.46423194640396226,0.7762,0.7762,461,0.038664430379867554
80,NY,0.18717153197639105,0.7482,0.7482,182,0.038664430379867554
80,TX,0.3485965216196467,0.7634,0.7634,357,0.038664430379867554
81,CA,0.46678183306155435,0.7774,0.7774,454,0.037367045879364014
81,NY,0.18523283213179967,0.756,0.756,177,0.037367045879364014
81,TX,0.34798533480664606,0.7674,0.7674,369,0.037367045879364014
82,CA,0.46874495930331705,0.7664,0.7664,473,0.03839290142059326
82,NY,0.1837722650035624,0.7444,0.7444,159,0.03839290142059326
82,TX,0.3474827756931206,0.7608,0.7608,368,0.03839290142059326
83,CA,0.47033962294198783,0.7714,0.7714,467,0.038563333451747894
83,NY,0.18210083875613303,0.7554,0.7554,175,0.038563333451747894
83,TX,0.34755953830187925,0.7714,0.7714,358,0.038563333451747894
84,CA,0.4711145160074967,0.779,0.779,495,0.03854944556951523
84,NY,0.1807533350430308,0.7526,0.7526,161,0.03854944556951523
84,TX,0.3481321489494725,0.7726,0.7726,344,0.03854944556951523
85,CA,0.4729755601950359,0.7778,0.7778,460,0.03806237876415253
85,NY,0.1787744261632421,0.7558,0.7558,168,0.03806237876415253
85,TX,0.34825001364172187,0.774,0.774,372,0.03806237876415253
86,CA,0.4743781450287498,0.7732,0.7732,474,0.040586888790130615
86,NY,0.17708570623086395,0.7462,0.7462,203,0.040586888790130615
86,TX,0.3485361487403861,0.7654,0.7654,323,0.040586888790130615
87,CA,0.47639308899225885,0.7738,0.7738,458,0.03782283514738083
87,NY,0.17513000057302472,0.75,0.75,186,0.03782283514738083
87,TX,0.3484769104347163,0.7736,0.7736,356,0.03782283514738083
88,CA,0.477533966418681,0.7756,0.7756,476,0.038792774081230164
88,NY,0.17319396807085774,0.7472,0.7472,164,0.038792774081230164
88,TX,0.3492720655104612,0.7656,0.7656,360,0.038792774081230164
89,CA,0.47980692318552515,0.7768,0.7768,493,0.03745675086975098
89,NY,0.17123498082709518,0.7596,0.7596,158,0.03745675086975098
89,TX,0.34895809598737976,0.7716,0.7716,349,0.03745675086975098
90,CA,0.48109571811710505,0.7684,0.7684,501,0.03903210163116455
90,NY,0.17003286737226905,0.7488,0.7488,159,0.03903210163116455
90,TX,0.3488714145106258,0.7756,0.7756,340,0.03903210163116455
91,CA,0.48131911344421,0.7704,0.7704,487,0.03807055205106735
91,NY,0.16822639314635937,0.748,0.748,151,0.03807055205106735
91,TX,0.3504544934094306,0.766,0.766,362,0.03807055205106735
92,CA,0.48276716159553246,0.7758,0.7758,457,0.03888225555419922
92,NY,0.16659761279257007,0.7508,0.7508,163,0.03888225555419922
92,TX,0.3506352256118976,0.7688,0.7688,380,0.03888225555419922
93,CA,0.4845734342853392,0.775,0.775,504,0.0384601429104805
93,NY,0.1648667740971883,0.755,0.755,162,0.0384601429104805
93,TX,0.35055979161747236,0.7614,0.7614,334,0.0384601429104805
94,CA,0.4867852076386821,0.7762,0.7762,474,0.03729233145713806
94,NY,0.16375315454813216,0.7534,0.7534,156,0.03729233145713806
94,TX,0.3494616378131858,0.7626,0.7626,370,0.03729233145713806
95,CA,0.4891221137498377,0.777,0.777,492,0.03814872354269028
95,NY,0.16242719230805808,0.7582,0.7582,148,0.03814872354269028
95,TX,0.34845069394210426,0.767,0.767,360,0.03814872354269028
96,CA,0.49092839267805904,0.77,0.77,500,0.04051192104816437
96,NY,0.16130225432723796,0.7514,0.7514,153,0.04051192104816437
96,TX,0.347769352994703,0.7634,0.7634,347,0.04051192104816437
97,CA,0.4924015634758522,0.7722,0.7722,503,0.038792215287685394
97,NY,0.16008616069961604,0.7548,0.7548,145,0.038792215287685394
97,TX,0.34751227582453187,0.7744,0.7744,352,0.038792215287685394
98,CA,0.4929637268786197,0.7698,0.7698,487,0.03885580599308014
98,NY,0.1586953581430277,0.7534,0.7534,147,0.03885580599308014
98,TX,0.3483409149783526,0.7632,0.7632,366,0.03885580599308014
99,CA,0.49433283552211965,0.7708,0.7708,480,0.03842967003583908
99,NY,0.15766145488482092,0.7552,0.7552,159,0.03842967003583908
99,TX,0.34800570959305943,0.767,0.767,361,0.03842967003583908
100,CA,0.49539085375114283,0.7734,0.7734,500,0.03839271515607834
100,NY,0.15660699340861886,0.7566,0.7566,156,0.03839271515607834
100,TX,0.3480021528402384,0.7636,0.7636,344,0.03839271515607834
101,CA,0.49708426421306406,0.776,0.776,507,0.03734080493450165
101,NY,0.15565366729464525,0.7528,0.7528,144,0.03734080493450165
101,TX,0.3472620684922906,0.7686,0.7686,349,0.03734080493450165
102,CA,0.49882027797714723,0.7718,0.7718,506,0.03772968053817749
102,NY,0.1541568563196694,0.7486,0.7486,154,0.03772968053817749
102,TX,0.34702286570318336,0.7564,0.7564,340,0.03772968053817749
103,CA,0.5013444278192253,0.7734,0.7734,490,0.03814605623483658
103,NY,0.15290817829894904,0.7538,0.7538,160,0.03814605623483658
103,TX,0.34574739388182574,0.7662,0.7662,350,0.03814605623483658
104,CA,0.502900254292038,0.7756,0.7756,519,0.038042329251766205
104,NY,0.15168748082435776,0.7558,0.7558,155,0.038042329251766205
104,TX,0.3454122648836041,0.7718,0.7718,326,0.038042329251766205
105,CA,0.504125640380999,0.7732,0.7732,501,0.03837282955646515
105,NY,0.15036147542277223,0.7558,0.7558,166,0.03837282955646515
105,TX,0.3455128841962287,0.7686,0.7686,333,0.03837282955646515
106,CA,0.5053241605818423,0.7738,0.7738,492,0.03861744701862335
106,NY,0.14923997828995791,0.7596,0.7596,145,0.03861744701862335
106,TX,0.3454358611281999,0.774,0.774,363,0.03861744701862335
107,CA,0.5059088793633146,0.7792,0.7792,489,0.03868059813976288
107,NY,0.14821655632114797,0.757,0.757,124,0.03868059813976288
107,TX,0.3458745643155373,0.7714,0.7714,387,0.03868059813976288
108,CA,0.5076173601829551,0.7708,0.7708,518,0.03872215002775192
108,NY,0.1468614712227616,0.7528,0.7528,158,0.03872215002775192
108,TX,0.34552116859428345,0.7656,0.7656,324,0.03872215002775192
109,CA,0.5088933918438303,0.7808,0.7808,472,0.039138928055763245
109,NY,0.14573406231981906,0.754,0.754,174,0.039138928055763245
109,TX,0.34537254583635063,0.7718,0.7718,354,0.039138928055763245
110,CA,0.5109056928896837,0.773,0.773,507,0.03761020302772522
110,NY,0.14410844883456478,0.7508,0.7508,155,0.03761020302772522
110,TX,0.3449858582757516,0.7676,0.7676,338,0.03761020302772522
111,CA,0.5123685676282532,0.7692,0.7692,505,0.038568757474422455
111,NY,0.14271150399116733,0.7456,0.7456,143,0.038568757474422455
111,TX,0.3449199283805794,0.7656,0.7656,352,0.038568757474422455
112,CA,0.5137070466217838,0.7744,0.7744,509,0.038023896515369415
112,NY,0.1411756609020673,0.7552,0.7552,161,0.038023896515369415
112,TX,0.34511729247614886,0.7612,0.7612,330,0.038023896515369415
113,CA,0.5158193130311802,0.7726,0.7726,521,0.038813889026641846
113,NY,0.14022226779360958,0.7618,0.7618,156,0.038813889026641846
113,TX,0.3439584191752102,0.7676,0.7676,323,0.038813889026641846
114,CA,0.5167621700661633,0.7764,0.7764,506,0.038939595222473145
114,NY,0.13962267743838194,0.7556,0.7556,160,0.038939595222473145
114,TX,0.34361515249545466,0.7694,0.7694,334,0.038939595222473145
115,CA,0.518311343780073,0.777,0.777,514,0.03877551853656769
115,NY,0.13840149143394614,0.7548,0.7548,167,0.03877551853656769
115,TX,0.3432871647859808,0.7666,0.7666,319,0.03877551853656769
116,CA,0.5202561413458003,0.7752,0.7752,520,0.039026886224746704
116,NY,0.13718526600062778,0.7508,0.7508,136,0.039026886224746704
116,TX,0.34255859265357186,0.7662,0.7662,344,0.039026886224746704
117,CA,0.5221475283573681,0.7738,0.7738,516,0.03794123977422714
117,NY,0.13579154494111606,0.7494,0.7494,138,0.03794123977422714
117,TX,0.34206092670151583,0.758,0.758,346,0.03794123977422714
118,CA,0.5247264551515518,0.7784,0.7784,529,0.03839048743247986
118,NY,0.13458508560904694,0.7622,0.7622,146,0.03839048743247986
118,TX,0.34068845923940133,0.7622,0.7622,325,0.03839048743247986
119,CA,0.527008091827361,0.7772,0.7772,515,0.03918588161468506
119,NY,0.13393898554589187,0.7542,0.7542,136,0.03918588161468506
119,TX,0.33905292262674724,0.7742,0.7742,349,0.03918588161468506
120,CA,0.5282260420495911,0.7694,0.7694,521,0.04114802926778793
120,NY,0.13251112233649198,0.753,0.753,145,0.04114802926778793
120,TX,0.3392628356139169,0.763,0.763,334,0.04114802926778793
121,CA,0.5295262047188272,0.7736,0.7736,533,0.03760462999343872
121,NY,0.13160605589512328,0.7526,0.7526,144,0.03760462999343872
121,TX,0.33886773938604964,0.7684,0.7684,323,0.03760462999343872
122,CA,0.5308808966949471,0.7724,0.7724,522,0.03720959275960922
122,NY,0.1303804999819739,0.749,0.749,149,0.03720959275960922
122,TX,0.33873860332307903,0.763,0.763,329,0.03720959275960922
123,CA,0.5327550518286577,0.7724,0.7724,542,0.038257308304309845
123,NY,0.1291133617082135,0.7574,0.7574,128,0.038257308304309845
123,TX,0.33813158646312885,0.7682,0.7682,330,0.038257308304309845
124,CA,0.5337659827629373,0.7766,0.7766,545,0.03862575441598892
124,NY,0.12826358829189155,0.7618,0.7618,130,0.03862575441598892
124,TX,0.3379704289451712,0.764,0.764,325,0.03862575441598892
125,CA,0.5356221575963418,0.7772,0.7772,547,0.03809843212366104
125,NY,0.12763740781293556,0.7598,0.7598,120,0.03809843212366104
125,TX,0.33674043459072256,0.7736,0.7736,333,0.03809843212366104
126,CA,0.536658863563319,0.7718,0.7718,549,0.03830496966838837
126,NY,0.12663237622650853,0.7518,0.7518,111,0.03830496966838837
126,TX,0.3367087602101725,0.7652,0.7652,340,0.03830496966838837
127,CA,0.5381029539642476,0.7778,0.7778,536,0.03903243690729141
127,NY,0.1255398630487804,0.7602,0.7602,127,0.03903243690729141
127,TX,0.33635718298697204,0.7642,0.7642,337,0.03903243690729141
128,CA,0.5401641823457415,0.775,0.775,569,0.03831999748945236
128,NY,0.12477315950702071,0.759,0.759,105,0.03831999748945236
128,TX,0.33506265814723796,0.7706,0.7706,326,0.03831999748945236
129,CA,0.5412224311344336,0.7722,0.7722,506,0.03881649672985077
129,NY,0.12389068637672111,0.7532,0.7532,135,0.03881649672985077
129,TX,0.3348868824888453,0.7648,0.7648,359,0.03881649672985077
130,CA,0.5427021645256693,0.7714,0.7714,529,0.03953634202480316
130,NY,0.12289753006807959,0.7536,0.7536,134,0.03953634202480316
130,TX,0.3344003054062511,0.7618,0.7618,337,0.03953634202480316
131,CA,0.544360943925056,0.7718,0.7718,528,0.03847905248403549
131,NY,0.1220344521892586,0.7546,0.7546,134,0.03847905248403549
131,TX,0.33360460388568547,0.766,0.766,338,0.03847905248403549
132,CA,0.5456031315758826,0.773,0.773,556,0.03916306793689728
132,NY,0.12112555485937082,0.7564,0.7564,119,0.03916306793689728
132,TX,0.33327131356474665,0.7676,0.7676,325,0.03916306793689728
133,CA,0.5467782110885827,0.7734,0.7734,541,0.03742125630378723
133,NY,0.12024992598803343,0.7512,0.7512,133,0.03742125630378723
133,TX,0.3329718629233838,0.7696,0.7696,326,0.03742125630378723
134,CA,0.547994107061953,0.7692,0.7692,563,0.03785771131515503
134,NY,0.11900865601736157,0.7554,0.7554,111,0.03785771131515503
134,TX,0.3329972369206854,0.7662,0.7662,326,0.03785771131515503
135,CA,0.5488134531509492,0.7792,0.7792,552,0.038525864481925964
135,NY,0.11825692296161645,0.7536,0.7536,107,0.038525864481925964
135,TX,0.3329296238874343,0.7728,0.7728,341,0.038525864481925964
136,CA,0.5504091592247772,0.7764,0.7764,565,0.0385403111577034
136,NY,0.11689427585711283,0.7602,0.7602,107,0.0385403111577034
136,TX,0.33269656491811006,0.7704,0.7704,328,0.0385403111577034
137,CA,0.5516170610565747,0.7774,0.7774,554,0.03900720179080963
137,NY,0.11608244178316103,0.7556,0.7556,101,0.03900720179080963
137,TX,0.3323004971602643,0.7638,0.7638,345,0.03900720179080963
138,CA,0.5538137091960771,0.7702,0.7702,531,0.0383480042219162
138,NY,0.11511527180515385,0.7478,0.7478,118,0.0383480042219162
138,TX,0.3310710189987691,0.7692,0.7692,351,0.0383480042219162
139,CA,0.5547255037875743,0.7742,0.7742,529,0.0387922003865242
139,NY,0.11384573701475596,0.7558,0.7558,116,0.0387922003865242
139,TX,0.3314287591976697,0.7676,0.7676,355,0.0387922003865242
140,CA,0.5560676230399166,0.7744,0.7744,525,0.038254037499427795
140,NY,0.11293764268377733,0.7538,0.7538,115,0.038254037499427795
140,TX,0.3309947342763061,0.7676,0.7676,360,0.038254037499427795
141,CA,0.5575057766899214,0.769,0.769,534,0.03805415332317352
141,NY,0.11191518532300496,0.7528,0.7528,106,0.03805415332317352
141,TX,0.3305790379870737,0.7698,0.7698,360,0.03805415332317352
142,CA,0.5579942385920054,0.7726,0.7726,551,0.037722617387771606
142,NY,0.11098745498875086,0.7548,0.7548,108,0.037722617387771606
142,TX,0.33101830641924385,0.7632,0.7632,341,0.037722617387771606
143,CA,0.5596002239219904,0.7712,0.7712,551,0.03844150900840759
143,NY,0.11018917677443447,0.7466,0.7466,114,0.03844150900840759
143,TX,0.3302105993035751,0.7632,0.7632,335,0.03844150900840759
144,CA,0.5612963894025067,0.7754,0.7754,562,0.038283608853816986
144,NY,0.10898811961811035,0.7548,0.7548,108,0.038283608853816986
144,TX,0.32971549097938296,0.7676,0.7676,330,0.038283608853816986
145,CA,0.5628234167939536,0.7716,0.7716,563,0.216375894844532
145,NY,0.1080165941968984,0.7524,0.7524,102,0.216375894844532
145,TX,0.3291599890091479,0.7676,0.7676,335,0.216375894844532
146,CA,0.5639026360942583,0.7732,0.7732,565,0.039013542234897614
146,NY,0.10705082510869632,0.7534,0.7534,110,0.039013542234897614
146,TX,0.3290465387970455,0.7688,0.7688,325,0.039013542234897614
147,CA,0.565039410213576,0.7654,0.7654,562,0.04136672616004944
147,NY,0.10606886306444972,0.7454,0.7454,109,0.04136672616004944
147,TX,0.3288917267219744,0.7576,0.7576,329,0.04136672616004944
148,CA,0.5665434533457865,0.7738,0.7738,554,0.038104474544525146
148,NY,0.10514636144004906,0.7548,0.7548,110,0.038104474544525146
148,TX,0.3283101852141645,0.7698,0.7698,336,0.038104474544525146
149,CA,0.5676029559119793,0.7738,0.7738,557,0.04048217833042145
149,NY,0.10421461941129836,0.7548,0.7548,95,0.04048217833042145
149,TX,0.3281824246767224,0.7684,0.7684,348,0.04048217833042145
150,CA,0.5688061977495769,0.7734,0.7734,558,0.03788717836141586
150,NY,0.10331688253710401,0.7574,0.7574,118,0.03788717836141586
150,TX,0.3278769197133192,0.7682,0.7682,324,0.03788717836141586
151,CA,0.5698853068144234,0.7728,0.7728,586,0.039134442806243896
151,NY,0.10257897409137863,0.7474,0.7474,97,0.039134442806243896
151,TX,0.3275357190941981,0.7592,0.7592,317,0.039134442806243896
152,CA,0.5721638900313802,0.7744,0.7744,580,0.03849136829376221
152,NY,0.10151352888132205,0.7574,0.7574,95,0.03849136829376221
152,TX,0.3263225810872977,0.7638,0.7638,325,0.03849136829376221
153,CA,0.5738406370276178,0.7744,0.7744,576,0.038983218371868134
153,NY,0.1008355967938573,0.7558,0.7558,97,0.038983218371868134
153,TX,0.3253237661785249,0.7728,0.7728,327,0.038983218371868134
154,CA,0.5746165702173051,0.7716,0.7716,565,0.03802698105573654
154,NY,0.0999135142234892,0.7524,0.7524,100,0.03802698105573654
154,TX,0.3254699155592058,0.7684,0.7684,335,0.03802698105573654
155,CA,0.5755781988126323,0.7782,0.7782,576,0.038518451154232025
155,NY,0.09899607992748229,0.751,0.751,90,0.038518451154232025
155,TX,0.3254257212598854,0.7684,0.7684,334,0.038518451154232025
156,CA,0.5774883939694545,0.7732,0.7732,584,0.03777594119310379
156,NY,0.09780531642322109,0.7476,0.7476,99,0.03777594119310379
156,TX,0.32470628960732445,0.7636,0.7636,317,0.03777594119310379
157,CA,0.579324838181376,0.7696,0.7696,578,0.03836583346128464
157,NY,0.096699819720025,0.7488,0.7488,101,0.03836583346128464
157,TX,0.32397534209859896,0.7688,0.7688,321,0.03836583346128464
158,CA,0.5800691126539355,0.772,0.772,592,0.03835788369178772
158,NY,0.09568597605664392,0.7526,0.7526,83,0.03835788369178772
158,TX,0.3242449112894206,0.7662,0.7662,325,0.03835788369178772
159,CA,0.5812949917598492,0.7742,0.7742,582,0.0384470671415329
159,NY,0.09483840064992262,0.7498,0.7498,96,0.0384470671415329
159,TX,0.3238666075902281,0.7686,0.7686,322,0.0384470671415329
160,CA,0.5826505392995661,0.7756,0.7756,564,0.03827230632305145
160,NY,0.09375223508820994,0.7552,0.7552,102,0.03827230632305145
160,TX,0.323597225612224,0.769,0.769,334,0.03827230632305145
161,CA,0.5839819916939963,0.7758,0.7758,579,0.03842046856880188
161,NY,0.09288688658973626,0.7576,0.7576,89,0.03842046856880188
161,TX,0.3231311217162674,0.7708,0.7708,332,0.03842046856880188
162,CA,0.5850712815257926,0.7766,0.7766,570,0.03751961886882782
162,NY,0.09210638231213601,0.757,0.757,102,0.03751961886882782
162,TX,0.32282233616207134,0.771,0.771,328,0.03751961886882782
163,CA,0.5862635719413197,0.771,0.771,584,0.03917894512414932
163,NY,0.09127586494052098,0.7492,0.7492,97,0.03917894512414932
163,TX,0.3224605631181593,0.763,0.763,319,0.03917894512414932
164,CA,0.5877801503905753,0.7774,0.7774,576,0.04052312672138214
164,NY,0.0903855219923941,0.753,0.753,85,0.04052312672138214
164,TX,0.32183432761703074,0.7654,0.7654,339,0.04052312672138214
165,CA,0.5897934980220454,0.7724,0.7724,600,0.03848499059677124
165,NY,0.08945006811398513,0.753,0.753,94,0.03848499059677124
165,TX,0.32075643386396946,0.7696,0.7696,306,0.03848499059677124
166,CA,0.5906711229807139,0.7764,0.7764,591,0.03987886756658554
166,NY,0.08860262916880435,0.7576,0.7576,90,0.03987886756658554
166,TX,0.32072624785048176,0.7674,0.7674,319,0.03987886756658554
167,CA,0.5921886867176027,0.7768,0.7768,600,0.038640134036540985
167,NY,0.0878901600904282,0.7496,0.7496,88,0.038640134036540985
167,TX,0.319921153191969,0.7722,0.7722,312,0.038640134036540985
168,CA,0.5934787379633295,0.7768,0.7768,605,0.0388316884636879
168,NY,0.08673323362010288,0.76,0.76,71,0.0388316884636879
168,TX,0.3197880284165676,0.7716,0.7716,324,0.0388316884636879
169,CA,0.5945227048671462,0.7704,0.7704,607,0.03995110094547272
169,NY,0.08606428022791959,0.7508,0.7508,80,0.03995110094547272
169,TX,0.3194130149049341,0.7644,0.7644,313,0.03995110094547272
170,CA,0.5957352191816689,0.7682,0.7682,626,0.03760303556919098
170,NY,0.0852850500922543,0.7516,0.7516,77,0.03760303556919098
170,TX,0.3189797307260768,0.7598,0.7598,297,0.03760303556919098
171,CA,0.597118148314973,0.7748,0.7748,609,0.03752831369638443
171,NY,0.08468050791953484,0.7502,0.7502,87,0.03752831369638443
171,TX,0.31820134376549214,0.7564,0.7564,304,0.03752831369638443
172,CA,0.5998008428233057,0.7768,0.7768,609,0.03940059244632721
172,NY,0.08388194932819908,0.7592,0.7592,89,0.03940059244632721
172,TX,0.31631720784849526,0.7752,0.7752,302,0.03940059244632721
173,CA,0.6004708063786043,0.7728,0.7728,617,0.038614995777606964
173,NY,0.08314382713989349,0.7524,0.7524,77,0.038614995777606964
173,TX,0.31638536648150223,0.767,0.767,306,0.038614995777606964
174,CA,0.6016692472145123,0.7728,0.7728,607,0.03803154081106186
174,NY,0.08235110467300011,0.7558,0.7558,74,0.03803154081106186
174,TX,0.31597964811248763,0.7694,0.7694,319,0.03803154081106186
175,CA,0.6025101715524183,0.775,0.775,596,0.03867603838443756
175,NY,0.08167540557694941,0.7602,0.7602,81,0.03867603838443756
175,TX,0.31581442287063244,0.77,0.77,323,0.03867603838443756
176,CA,0.6034579807154157,0.7752,0.7752,630,0.03793390840291977
176,NY,0.08112180608073437,0.7568,0.7568,63,0.03793390840291977
176,TX,0.31542021320384994,0.7712,0.7712,307,0.03793390840291977
177,CA,0.6043957345005858,0.7788,0.7788,620,0.03855793923139572
177,NY,0.08040573017180197,0.755,0.755,86,0.03855793923139572
177,TX,0.3151985353276122,0.7716,0.7716,294,0.03855793923139572
178,CA,0.605820402108562,0.7712,0.7712,602,0.03877671808004379
178,NY,0.07951691169229395,0.753,0.753,72,0.03877671808004379
178,TX,0.314662686199144,0.764,0.764,326,0.03877671808004379
179,CA,0.6070929868950331,0.7726,0.7726,610,0.03836517781019211
179,NY,0.07886515079200937,0.7512,0.7512,66,0.03836517781019211
179,TX,0.31404186231295744,0.7682,0.7682,324,0.03836517781019211
180,CA,0.6081460746847539,0.7722,0.7722,610,0.03811362385749817
180,NY,0.07804818958686419,0.7478,0.7478,76,0.03811362385749817
180,TX,0.31380573572838205,0.7644,0.7644,314,0.03811362385749817
181,CA,0.6096431992338243,0.773,0.773,589,0.039427608251571655
181,NY,0.07716309910878849,0.7528,0.7528,73,0.039427608251571655
181,TX,0.31319370165738725,0.775,0.775,338,0.039427608251571655
182,CA,0.6099639402222089,0.7712,0.7712,581,0.03884515166282654
182,NY,0.0763241046983236,0.7522,0.7522,77,0.03884515166282654
182,TX,0.3137119550794674,0.7624,0.7624,342,0.03884515166282654
183,CA,0.6114175146643649,0.7726,0.7726,619,0.04112302511930466
183,NY,0.07568529451557762,0.7538,0.7538,76,0.04112302511930466
183,TX,0.3128971908200575,0.7616,0.7616,305,0.04112302511930466
184,CA,0.6131001167228701,0.7766,0.7766,629,0.03872065246105194
184,NY,0.07508865918657628,0.7516,0.7516,71,0.03872065246105194
184,TX,0.31181122409055356,0.7666,0.7666,300,0.03872065246105194
185,CA,0.6148288526374345,0.7748,0.7748,599,0.03888683021068573
185,NY,0.07424077028213139,0.7558,0.7558,75,0.03888683021068573
185,TX,0.31093037708043425,0.7754,0.7754,326,0.03888683021068573
186,CA,0.6152531708574523,0.7742,0.7742,606,0.03887446969747543
186,NY,0.07349667883833651,0.757,0.757,86,0.03887446969747543
186,TX,0.31125015030421116,0.7716,0.7716,308,0.03887446969747543
187,CA,0.6159730188508139,0.7774,0.7774,619,0.039377614855766296
187,NY,0.07286932221903013,0.7574,0.7574,64,0.039377614855766296
187,TX,0.311157658930156,0.7726,0.7726,317,0.039377614855766296
188,CA,0.6169973939315556,0.7758,0.7758,638,0.03913518041372299
188,NY,0.07216918760079134,0.7592,0.7592,74,0.03913518041372299
188,TX,0.31083341846765306,0.7692,0.7692,288,0.03913518041372299
189,CA,0.6181284977515887,0.7702,0.7702,584,0.03881332278251648
189,NY,0.07162562391164064,0.7598,0.7598,78,0.03881332278251648
189,TX,0.3102458783367706,0.7668,0.7668,338,0.03881332278251648
190,CA,0.6187575816412193,0.775,0.775,579,0.03799758106470108
190,NY,0.07127728715450332,0.757,0.757,77,0.03799758106470108
190,TX,0.30996513120427727,0.7686,0.7686,344,0.03799758106470108
191,CA,0.6198984630313839,0.7776,0.7776,594,0.037664882838726044
191,NY,0.0706845654126458,0.7508,0.7508,73,0.037664882838726044
191,TX,0.3094169715559703,0.767,0.767,333,0.037664882838726044
192,CA,0.6217081058642366,0.7754,0.7754,604,0.03901688754558563
192,NY,0.0698221244398902,0.7516,0.7516,78,0.03901688754558563
192,TX,0.3084697696958731,0.7676,0.7676,318,0.03901688754558563
193,CA,0.6231358467498785,0.7742,0.7742,658,0.03904355317354202
193,NY,0.06904432454458902,0.7564,0.7564,78,0.03904355317354202
193,TX,0.3078198287055324,0.772,0.772,264,0.03904355317354202
194,CA,0.6238060612114642,0.7708,0.7708,612,0.03882874548435211
194,NY,0.06842513985196656,0.7484,0.7484,67,0.03882874548435211
194,TX,0.3077687989365694,0.7636,0.7636,321,0.03882874548435211
195,CA,0.6251294160169714,0.7734,0.7734,625,0.038141876459121704
195,NY,0.06770290806299395,0.7542,0.7542,61,0.038141876459121704
195,TX,0.30716767592003463,0.7716,0.7716,314,0.038141876459121704
196,CA,0.6257832164420026,0.7776,0.7776,660,0.03858620673418045
196,NY,0.06703995307980411,0.7584,0.7584,56,0.03858620673418045
196,TX,0.3071768304781933,0.7742,0.7742,284,0.03858620673418045
197,CA,0.626605095712954,0.7716,0.7716,640,0.03883172571659088
197,NY,0.066402945826144,0.748,0.748,67,0.03883172571659088
197,TX,0.306991958460902,0.765,0.765,293,0.03883172571659088
198,CA,0.6278785935705365,0.7806,0.7806,624,0.040705010294914246
198,NY,0.0656515308707828,0.7566,0.7566,70,0.040705010294914246
198,TX,0.30646987555868055,0.772,0.772,306,0.040705010294914246
199,CA,0.6293671028521926,0.7798,0.7798,655,0.03741822391748428
199,NY,0.06492018198381644,0.755,0.755,59,0.03741822391748428
199,TX,0.3057127151639909,0.7654,0.7654,286,0.03741822391748428
200,CA,0.6315003533438792,0.7746,0.7746,632,0.03809162229299545
200,NY,0.0642325563137722,0.7444,0.7444,72,0.03809162229299545
200,TX,0.30426709034234856,0.7562,0.7562,296,0.03809162229299545
201,CA,0.6341943526531609,0.7762,0.7762,631,0.039142049849033356
201,NY,0.06340880662056596,0.7576,0.7576,67,0.039142049849033356
201,TX,0.30239684072627304,0.7688,0.7688,302,0.039142049849033356
202,CA,0.6354167985651044,0.7738,0.7738,622,0.038093335926532745
202,NY,0.06286574687606936,0.7598,0.7598,55,0.038093335926532745
202,TX,0.3017174545588262,0.7666,0.7666,323,0.038093335926532745
203,CA,0.6365121557228111,0.7752,0.7752,619,0.03832241892814636
203,NY,0.06247708410481606,0.7502,0.7502,64,0.03832241892814636
203,TX,0.3010107601723728,0.7682,0.7682,317,0.03832241892814636
204,CA,0.6378304305062259,0.7694,0.7694,638,0.037387914955616
204,NY,0.06172479778782269,0.7506,0.7506,62,0.037387914955616
204,TX,0.30044477170595146,0.768,0.768,300,0.037387914955616
205,CA,0.6384008741517,0.7654,0.7654,625,0.03796430677175522
205,NY,0.061123584481787896,0.743,0.743,56,0.03796430677175522
205,TX,0.30047554136651194,0.762,0.762,319,0.03796430677175522
206,CA,0.6392665981116032,0.7742,0.7742,624,0.03851389139890671
206,NY,0.06042986437810297,0.7578,0.7578,63,0.03851389139890671
206,TX,0.3003035375102937,0.7672,0.7672,313,0.03851389139890671
207,CA,0.64038305429374,0.7734,0.7734,645,0.03840946406126022
207,NY,0.05997583775114352,0.7562,0.7562,57,0.03840946406126022
207,TX,0.29964110795511645,0.7754,0.7754,298,0.03840946406126022
208,CA,0.640539198705923,0.7732,0.7732,643,0.03841250389814377
208,NY,0.059408621143445355,0.7524,0.7524,69,0.03841250389814377
208,TX,0.3000521801506317,0.7628,0.7628,288,0.03841250389814377
209,CA,0.6421166945944996,0.774,0.774,654,0.038779184222221375
209,NY,0.05885633890530554,0.757,0.757,54,0.038779184222221375
209,TX,0.299026966500195,0.7684,0.7684,292,0.038779184222221375
210,CA,0.6430864387741336,0.7752,0.7752,631,0.03782488405704498
210,NY,0.058380361484693714,0.752,0.752,43,0.03782488405704498
210,TX,0.2985331997411727,0.7632,0.7632,326,0.03782488405704498
211,CA,0.64487984656991,0.7764,0.7764,625,0.03886505961418152
211,NY,0.05777807200508985,0.7586,0.7586,53,0.03886505961418152
211,TX,0.29734208142500007,0.7714,0.7714,322,0.03886505961418152
212,CA,0.6457942103525417,0.7798,0.7798,656,0.03857996314764023
212,NY,0.05728022199752177,0.7582,0.7582,56,0.03857996314764023
212,TX,0.2969255676499365,0.775,0.775,288,0.03857996314764023
213,CA,0.646761734918021,0.7748,0.7748,658,0.03854913264513016
213,NY,0.056669833404648956,0.7576,0.7576,42,0.03854913264513016
213,TX,0.29656843167733,0.7686,0.7686,300,0.03854913264513016
214,CA,0.6477886212848374,0.7794,0.7794,635,0.03817436844110489
214,NY,0.05620973755927337,0.759,0.759,53,0.03817436844110489
214,TX,0.2960016411558893,0.7706,0.7706,312,0.03817436844110489
215,CA,0.6491572336684385,0.7728,0.7728,660,0.03851693123579025
215,NY,0.05568271422069411,0.7528,0.7528,43,0.03851693123579025
215,TX,0.29516005211086754,0.7648,0.7648,297,0.03851693123579025
216,CA,0.6504321712376374,0.772,0.772,650,0.03995151072740555
216,NY,0.05516265122800122,0.7488,0.7488,54,0.03995151072740555
216,TX,0.2944051775343613,0.7618,0.7618,296,0.03995151072740555
217,CA,0.6520079944645865,0.774,0.774,657,0.04037655144929886
217,NY,0.05457232602316537,0.7502,0.7502,58,0.04037655144929886
217,TX,0.29341967951224807,0.7736,0.7736,285,0.04037655144929886
218,CA,0.6525289101441605,0.7734,0.7734,660,0.03800539672374725
218,NY,0.053883198315072205,0.7568,0.7568,63,0.03800539672374725
218,TX,0.2935878915407673,0.7728,0.7728,277,0.03800539672374725
219,CA,0.6529230843191972,0.7734,0.7734,674,0.03833615779876709
219,NY,0.053411066553672955,0.7494,0.7494,49,0.03833615779876709
219,TX,0.29366584912712995,0.7664,0.7664,277,0.03833615779876709
220,CA,0.6541541979979166,0.7716,0.7716,642,0.038455016911029816
220,NY,0.05278758305429334,0.7546,0.7546,71,0.038455016911029816
220,TX,0.29305821894779005,0.7684,0.7684,287,0.038455016911029816
221,CA,0.6548325296906596,0.7778,0.7778,667,0.03815751522779465
221,NY,0.05233525490494889,0.756,0.756,61,0.03815751522779465
221,TX,0.29283221540439147,0.7714,0.7714,272,0.03815751522779465
222,CA,0.6559449702745075,0.7774,0.7774,663,0.03748173266649246
222,NY,0.051781319659418526,0.7572,0.7572,50,0.03748173266649246
222,TX,0.292273710066074,0.7662,0.7662,287,0.03748173266649246
223,CA,0.6575429350848251,0.7794,0.7794,644,0.03847555071115494
223,NY,0.05131754155989398,0.7606,0.7606,45,0.03847555071115494
223,TX,0.291139523355281,0.772,0.772,311,0.03847555071115494
224,CA,0.6586976001625104,0.7736,0.7736,650,0.03768741339445114
224,NY,0.05086451634505415,0.7536,0.7536,44,0.03768741339445114
224,TX,0.29043788349243543,0.774,0.774,306,0.03768741339445114
225,CA,0.6590324355975287,0.7752,0.7752,678,0.0370631217956543
225,NY,0.05031650700869995,0.7452,0.7452,55,0.0370631217956543
225,TX,0.2906510573937714,0.7606,0.7606,267,0.0370631217956543
226,CA,0.6611751468686619,0.7768,0.7768,663,0.03806900233030319
226,NY,0.04962701231726742,0.755,0.755,47,0.03806900233030319
226,TX,0.2891978408140707,0.771,0.771,290,0.03806900233030319
227,CA,0.6622034914755693,0.776,0.776,648,0.03848683089017868
227,NY,0.04909436548430194,0.7586,0.7586,57,0.03848683089017868
227,TX,0.28870214304012876,0.7682,0.7682,295,0.03848683089017868
228,CA,0.6633636752030229,0.7736,0.7736,653,0.038511693477630615
228,NY,0.04869854425588893,0.75,0.75,46,0.038511693477630615
228,TX,0.2879377805410882,0.7624,0.7624,301,0.038511693477630615
229,CA,0.6650037586401132,0.769,0.769,689,0.21451541781425476
229,NY,0.04816934724084321,0.7524,0.7524,46,0.21451541781425476
229,TX,0.2868268941190436,0.7708,0.7708,265,0.21451541781425476
230,CA,0.6651102825957378,0.7738,0.7738,695,0.03835056722164154
230,NY,0.04772497777107276,0.7558,0.7558,45,0.03835056722164154
230,TX,0.2871647396331894,0.7694,0.7694,260,0.03835056722164154
231,CA,0.6659071240945068,0.773,0.773,673,0.037703461945056915
231,NY,0.047297275882283024,0.7552,0.7552,49,0.037703461945056915
231,TX,0.28679560002321025,0.766,0.766,278,0.037703461945056915
232,CA,0.6669790533711861,0.7768,0.7768,653,0.038398101925849915
232,NY,0.04689780715595028,0.7588,0.7588,49,0.038398101925849915
232,TX,0.28612313947286355,0.7696,0.7696,298,0.038398101925849915
233,CA,0.6680710408796976,0.774,0.774,679,0.038370199501514435
233,NY,0.046498709460561075,0.7516,0.7516,48,0.038370199501514435
233,TX,0.2854302496597414,0.7688,0.7688,273,0.038370199501514435
234,CA,0.6690235918388142,0.775,0.775,683,0.04115738719701767
234,NY,0.045977039844482585,0.7566,0.7566,40,0.04115738719701767
234,TX,0.28499936831670325,0.769,0.769,277,0.04115738719701767
235,CA,0.6699883651737581,0.7792,0.7792,672,0.037899963557720184
235,NY,0.045566047217509925,0.7578,0.7578,51,0.037899963557720184
235,TX,0.28444558760873195,0.767,0.767,277,0.037899963557720184
236,CA,0.671666530939681,0.7722,0.7722,637,0.03797585517168045
236,NY,0.04513074400450316,0.7508,0.7508,55,0.03797585517168045
236,TX,0.28320272505581584,0.7642,0.7642,308,0.03797585517168045
237,CA,0.6728934812083177,0.7736,0.7736,683,0.038023293018341064
237,NY,0.04466721878727379,0.7574,0.7574,44,0.038023293018341064
237,TX,0.28243930000440853,0.772,0.772,273,0.038023293018341064
238,CA,0.6733397593143655,0.7746,0.7746,680,0.037397198379039764
238,NY,0.04428858370014585,0.7536,0.7536,39,0.037397198379039764
238,TX,0.2823716569854887,0.7714,0.7714,281,0.037397198379039764
239,CA,0.6740362239968822,0.7754,0.7754,676,0.03892676532268524
239,NY,0.0438097555029189,0.753,0.753,43,0.03892676532268524
239,TX,0.28215402050019894,0.7638,0.7638,281,0.03892676532268524
240,CA,0.6756552716607519,0.7754,0.7754,701,0.038289085030555725
240,NY,0.04336091744887155,0.76,0.76,41,0.038289085030555725
240,TX,0.2809838108903765,0.7648,0.7648,258,0.038289085030555725
241,CA,0.6770457386250462,0.774,0.774,696,0.03858443349599838
241,NY,0.04307326115488797,0.7588,0.7588,34,0.03858443349599838
241,TX,0.27988100022006573,0.7694,0.7694,270,0.03858443349599838
242,CA,0.6777877772337085,0.7744,0.7744,705,0.03812669217586517
242,NY,0.042751004099852004,0.7546,0.7546,47,0.03812669217586517
242,TX,0.27946121866643947,0.7732,0.7732,248,0.03812669217586517
243,CA,0.6782395126307798,0.7786,0.7786,697,0.03847510367631912
243,NY,0.042302133364683164,0.7536,0.7536,49,0.03847510367631912
243,TX,0.27945835400453706,0.7704,0.7704,254,0.03847510367631912
244,CA,0.679519050072607,0.772,0.772,663,0.03919234126806259
244,NY,0.041786218253954954,0.7512,0.7512,38,0.03919234126806259
244,TX,0.27869473167343795,0.7634,0.7634,299,0.03919234126806259
245,CA,0.6807737668495001,0.7714,0.7714,689,0.03878609091043472
245,NY,0.0413719770349134,0.7552,0.7552,38,0.03878609091043472
245,TX,0.27785425611558656,0.7644,0.7644,273,0.03878609091043472
246,CA,0.6817803129955062,0.7794,0.7794,671,0.03858952224254608
246,NY,0.04105422792566253,0.7586,0.7586,41,0.03858952224254608
246,TX,0.2771654590788312,0.7696,0.7696,288,0.03858952224254608
247,CA,0.6831509722406798,0.779,0.779,705,0.041385918855667114
247,NY,0.04065590248260314,0.7586,0.7586,30,0.041385918855667114
247,TX,0.2761931252767171,0.7686,0.7686,265,0.041385918855667114
248,CA,0.6845754544372541,0.7734,0.7734,710,0.03768521547317505
248,NY,0.04027349864908028,0.7496,0.7496,39,0.03768521547317505
248,TX,0.2751510469136656,0.7614,0.7614,251,0.03768521547317505
249,CA,0.6862240024797667,0.7708,0.7708,685,0.03838580846786499
249,NY,0.03982868854614674,0.75,0.75,47,0.03838580846786499
249,TX,0.2739473089740866,0.7596,0.7596,268,0.03838580846786499
250,CA,0.6877373690194599,0.7726,0.7726,694,0.03865446150302887
250,NY,0.03944766125489282,0.7524,0.7524,50,0.03865446150302887
250,TX,0.2728149697256473,0.7672,0.7672,256,0.03865446150302887
251,CA,0.6886192350259388,0.7716,0.7716,680,0.04126054793596268
251,NY,0.03904813412489951,0.753,0.753,43,0.04126054793596268
251,TX,0.2723326308491617,0.7616,0.7616,277,0.04126054793596268
252,CA,0.6899627156588974,0.7784,0.7784,689,0.038090601563453674
252,NY,0.038713550587826696,0.7548,0.7548,34,0.038090601563453674
252,TX,0.27132373375327584,0.7704,0.7704,277,0.038090601563453674
253,CA,0.6911613776153654,0.7736,0.7736,690,0.03909699618816376
253,NY,0.03826617197156818,0.7584,0.7584,31,0.03909699618816376
253,TX,0.2705724504130665,0.7678,0.7678,279,0.03909699618816376
254,CA,0.692000614089841,0.7706,0.7706,688,0.03793131560087204
254,NY,0.037984291675538476,0.748,0.748,32,0.03793131560087204
254,TX,0.2700150942346205,0.7692,0.7692,280,0.03793131560087204
255,CA,0.6924841977630579,0.7774,0.7774,702,0.03837456554174423
255,NY,0.03752566421632083,0.755,0.755,26,0.03837456554174423
255,TX,0.2699901380206213,0.7678,0.7678,272,0.03837456554174423
256,CA,0.6938240973235029,0.7714,0.7714,718,0.03852570056915283
256,NY,0.03712443433417303,0.7522,0.7522,31,0.03852570056915283
256,TX,0.269051468342324,0.7688,0.7688,251,0.03852570056915283
257,CA,0.6943777190878881,0.7758,0.7758,699,0.038380302488803864
257,NY,0.03675134843255422,0.757,0.757,31,0.038380302488803864
257,TX,0.2688709324795577,0.7774,0.7774,270,0.038380302488803864
258,CA,0.694479686077012,0.7792,0.7792,709,0.03802839666604996
258,NY,0.03636760974798903,0.753,0.753,37,0.03802839666604996
258,TX,0.2691527041749989,0.7622,0.7622,254,0.03802839666604996
259,CA,0.6966443373840543,0.7712,0.7712,711,0.038928598165512085
259,NY,0.03594375693400973,0.7564,0.7564,38,0.038928598165512085
259,TX,0.2674119056819361,0.769,0.769,251,0.038928598165512085
260,CA,0.6970852397819172,0.7748,0.7748,678,0.038232915103435516
260,NY,0.035665972410322704,0.755,0.755,37,0.038232915103435516
260,TX,0.26724878780776,0.7682,0.7682,285,0.038232915103435516
261,CA,0.6980567407239748,0.778,0.778,715,0.03826933354139328
261,NY,0.03531722793043227,0.7552,0.7552,38,0.03826933354139328
261,TX,0.266626031345593,0.7672,0.7672,247,0.03826933354139328
262,CA,0.6995064240924966,0.773,0.773,702,0.03797709196805954
262,NY,0.03493674531538447,0.7578,0.7578,38,0.03797709196805954
262,TX,0.26555683059211893,0.766,0.766,260,0.03797709196805954
263,CA,0.7004506047787878,0.7754,0.7754,704,0.03845507651567459
263,NY,0.0346839838854984,0.7492,0.7492,38,0.03845507651567459
263,TX,0.26486541133571384,0.763,0.763,258,0.03845507651567459
264,CA,0.7021088104708665,0.7752,0.7752,701,0.03781237453222275
264,NY,0.034253041217545036,0.7522,0.7522,35,0.03781237453222275
264,TX,0.2636381483115885,0.7654,0.7654,264,0.03781237453222275
265,CA,0.7034447983643187,0.7736,0.7736,708,0.03981712460517883
265,NY,0.03387358197136118,0.7562,0.7562,31,0.03981712460517883
265,TX,0.26268161966432,0.7664,0.7664,261,0.03981712460517883
266,CA,0.7044300742507081,0.7766,0.7766,691,0.0385819748044014
266,NY,0.033588242715441884,0.754,0.754,41,0.0385819748044014
266,TX,0.26198168303385005,0.7708,0.7708,268,0.0385819748044014
267,CA,0.7053347051345477,0.7722,0.7722,699,0.03814370930194855
267,NY,0.03320355451160191,0.7524,0.7524,31,0.03814370930194855
267,TX,0.26146174035385045,0.769,0.769,270,0.03814370930194855
268,CA,0.7059298611082179,0.7794,0.7794,688,0.03799600154161453
268,NY,0.032860289891912565,0.7548,0.7548,35,0.03799600154161453
268,TX,0.2612098489998695,0.7666,0.7666,277,0.03799600154161453
269,CA,0.707580849634382,0.7776,0.7776,704,0.037748873233795166
269,NY,0.03248178947618974,0.7566,0.7566,30,0.037748873233795166
269,TX,0.25993736088942826,0.7626,0.7626,266,0.037748873233795166
270,CA,0.7094091177700111,0.7752,0.7752,716,0.037690773606300354
270,NY,0.03218099587305365,0.756,0.756,31,0.037690773606300354
270,TX,0.25840988635693524,0.7616,0.7616,253,0.037690773606300354
271,CA,0.7110643088404018,0.7774,0.7774,711,0.03801821172237396
271,NY,0.03190720893626377,0.7548,0.7548,28,0.03801821172237396
271,TX,0.25702848222333435,0.7728,0.7728,261,0.03801821172237396
272,CA,0.7118266104775749,0.776,0.776,714,0.03802528977394104
272,NY,0.03153527374350857,0.7566,0.7566,22,0.03802528977394104
272,TX,0.2566381157789166,0.7648,0.7648,264,0.03802528977394104
273,CA,0.7132266113490472,0.7704,0.7704,731,0.0381997674703598
273,NY,0.031252145798768484,0.753,0.753,25,0.0381997674703598
273,TX,0.2555212428521843,0.7692,0.7692,244,0.0381997674703598
274,CA,0.7135693748772288,0.7764,0.7764,727,0.03855188935995102
274,NY,0.030959862318865897,0.756,0.756,35,0.03855188935995102
274,TX,0.25547076280390535,0.7678,0.7678,238,0.03855188935995102
275,CA,0.7147074308908393,0.7806,0.7806,699,0.0385267436504364
275,NY,0.030653132512118025,0.7492,0.7492,33,0.0385267436504364
275,TX,0.25463943659704275,0.7706,0.7706,268,0.0385267436504364
276,CA,0.7161186353344391,0.7772,0.7772,729,0.038690656423568726
276,NY,0.03017203759136012,0.7478,0.7478,22,0.038690656423568726
276,TX,0.25370932707420085,0.7628,0.7628,249,0.038690656423568726
277,CA,0.7179528943759831,0.77,0.77,706,0.03801247477531433
277,NY,0.02974890918171673,0.7544,0.7544,28,0.03801247477531433
277,TX,0.2522981964423001,0.7662,0.7662,266,0.03801247477531433
278,CA,0.7185304857685502,0.7732,0.7732,713,0.039196163415908813
278,NY,0.02951043739815191,0.7546,0.7546,40,0.039196163415908813
278,TX,0.2519590768332978,0.767,0.767,247,0.039196163415908813
279,CA,0.7193869344999816,0.7794,0.7794,718,0.03807154297828674
279,NY,0.02923569320359923,0.7608,0.7608,30,0.03807154297828674
279,TX,0.2513773722964191,0.7736,0.7736,252,0.03807154297828674
280,CA,0.7201971350899133,0.7734,0.7734,721,0.03780004382133484
280,NY,0.028962675781292305,0.7534,0.7534,25,0.03780004382133484
280,TX,0.25084018912879447,0.768,0.768,254,0.03780004382133484
281,CA,0.7209833258719417,0.7734,0.7734,689,0.04152211546897888
281,NY,0.028667301382118943,0.754,0.754,30,0.04152211546897888
281,TX,0.2503493727459393,0.7676,0.7676,281,0.04152211546897888
282,CA,0.7218006823206422,0.7734,0.7734,715,0.0402916818857193
282,NY,0.02838584091316284,0.755,0.755,24,0.0402916818857193
282,TX,0.24981347676619492,0.765,0.765,261,0.0402916818857193
283,CA,0.7228689389180665,0.7762,0.7762,748,0.03884071111679077
283,NY,0.028132897036868124,0.7574,0.7574,22,0.03884071111679077
283,TX,0.24899816404506533,0.7728,0.7728,230,0.03884071111679077
284,CA,0.7234291636606726,0.7694,0.7694,721,0.03866717964410782
284,NY,0.027856699654486363,0.755,0.755,35,0.03866717964410782
284,TX,0.24871413668484116,0.765,0.765,244,0.03866717964410782
285,CA,0.7240411157627904,0.7778,0.7778,717,0.03809864819049835
285,NY,0.02765336436665856,0.7574,0.7574,32,0.03809864819049835
285,TX,0.24830551987055094,0.7718,0.7718,251,0.03809864819049835
286,CA,0.7248785963072151,0.7762,0.7762,704,0.03810698539018631
286,NY,0.027367664908841474,0.757,0.757,36,0.03810698539018631
286,TX,0.24775373878394336,0.7708,0.7708,260,0.03810698539018631
287,CA,0.7256398315283275,0.7742,0.7742,733,0.0381258949637413
287,NY,0.027100261207684627,0.749,0.749,27,0.0381258949637413
287,TX,0.24725990726398794,0.7626,0.7626,240,0.0381258949637413
288,CA,0.7270951453316779,0.7742,0.7742,738,0.03774494677782059
288,NY,0.02676891955448074,0.7504,0.7504,27,0.03774494677782059
288,TX,0.24613593511384133,0.7716,0.7716,235,0.03774494677782059
289,CA,0.7276188790673609,0.7748,0.7748,735,0.03792176395654678
289,NY,0.026428851229203732,0.7502,0.7502,27,0.03792176395654678
289,TX,0.2459522697034354,0.7664,0.7664,238,0.03792176395654678
290,CA,0.7287341316825721,0.776,0.776,733,0.038066036999225616
290,NY,0.026102475562981637,0.76,0.76,25,0.038066036999225616
290,TX,0.24516339275444626,0.7674,0.7674,242,0.038066036999225616
291,CA,0.729772102975476,0.7752,0.7752,725,0.038236238062381744
291,NY,0.025904162198605408,0.7448,0.7448,22,0.038236238062381744
291,TX,0.2443237348259186,0.7632,0.7632,253,0.038236238062381744
292,CA,0.7313043203799585,0.7742,0.7742,737,0.03864432871341705
292,NY,0.025514014363531998,0.7592,0.7592,22,0.03864432871341705
292,TX,0.24318166525650953,0.772,0.772,241,0.03864432871341705
293,CA,0.7316827853334065,0.7778,0.7778,733,0.03829236328601837
293,NY,0.025311398144772113,0.7542,0.7542,19,0.03829236328601837
293,TX,0.24300581652182146,0.7586,0.7586,248,0.03829236328601837
294,CA,0.7338553160194982,0.7718,0.7718,750,0.03697403520345688
294,NY,0.02504955109281305,0.7444,0.7444,24,0.03697403520345688
294,TX,0.24109513288768877,0.761,0.761,226,0.03697403520345688
295,CA,0.735220600979643,0.7756,0.7756,752,0.03808648884296417
295,NY,0.02470805452082938,0.7536,0.7536,31,0.03808648884296417
295,TX,0.2400713444995276,0.77,0.77,217,0.03808648884296417
296,CA,0.736003185394061,0.7766,0.7766,741,0.038201361894607544
296,NY,0.02442789124686338,0.7564,0.7564,20,0.038201361894607544
296,TX,0.23956892335907576,0.7688,0.7688,239,0.038201361894607544
297,CA,0.7369830422247103,0.7796,0.7796,731,0.037374719977378845
297,NY,0.024182296932478715,0.758,0.758,28,0.037374719977378845
297,TX,0.23883466084281108,0.7614,0.7614,241,0.037374719977378845
298,CA,0.7390050192743,0.773,0.773,752,0.037478007376194
298,NY,0.023954323829367276,0.7502,0.7502,19,0.037478007376194
298,TX,0.23704065689633277,0.7608,0.7608,229,0.037478007376194
299,CA,0.7404408207225917,0.7722,0.7722,760,0.03822135925292969
299,NY,0.023692223759152538,0.753,0.753,17,0.03822135925292969
299,TX,0.23586695551825584,0.758,0.758,223,0.03822135925292969
300,CA,0.7420336689169421,0.776,0.776,756,0.038769081234931946
300,NY,0.023485957320295833,0.7484,0.7484,22,0.038769081234931946
300,TX,0.23448037376276196,0.7668,0.7668,222,0.038769081234931946
301,CA,0.743207665800231,0.7742,0.7742,737,0.0380338653922081
301,NY,0.023157553331495658,0.7528,0.7528,27,0.0380338653922081
301,TX,0.23363478086827333,0.767,0.767,236,0.0380338653922081
302,CA,0.7441210372821714,0.7696,0.7696,730,0.03942936658859253
302,NY,0.02290634855044873,0.7518,0.7518,14,0.03942936658859253
302,TX,0.2329726141673799,0.773,0.773,256,0.03942936658859253
303,CA,0.7439594422435568,0.7742,0.7742,734,0.03795250505208969
303,NY,0.022671014491852555,0.7518,0.7518,22,0.03795250505208969
303,TX,0.2333695432645905,0.7624,0.7624,244,0.03795250505208969
304,CA,0.7453296150619025,0.7714,0.7714,723,0.03805523365736008
304,NY,0.022426010409232224,0.7456,0.7456,32,0.03805523365736008
304,TX,0.23224437452886515,0.7644,0.7644,245,0.03805523365736008
305,CA,0.7462582468304807,0.7762,0.7762,735,0.037170618772506714
305,NY,0.022126915528765997,0.7576,0.7576,21,0.037170618772506714
305,TX,0.2316148376407534,0.7654,0.7654,244,0.037170618772506714
306,CA,0.7474841346463453,0.773,0.773,753,0.03748698532581329
306,NY,0.021931174565965172,0.7554,0.7554,15,0.03748698532581329
306,TX,0.23058469078768953,0.7694,0.7694,232,0.03748698532581329
307,CA,0.7479971829015195,0.7754,0.7754,753,0.2233508676290512
307,NY,0.021728374263445482,0.7518,0.7518,22,0.2233508676290512
307,TX,0.23027444283503504,0.7676,0.7676,225,0.2233508676290512
308,CA,0.7489712295139531,0.7794,0.7794,731,0.037164002656936646
308,NY,0.02146746249241398,0.7548,0.7548,21,0.037164002656936646
308,TX,0.22956130799363295,0.7662,0.7662,248,0.037164002656936646
309,CA,0.7504719662982481,0.776,0.776,738,0.03793509304523468
309,NY,0.02121309763661471,0.7568,0.7568,17,0.03793509304523468
309,TX,0.22831493606513717,0.7658,0.7658,245,0.03793509304523468
310,CA,0.7516299266109148,0.7762,0.7762,762,0.03836926072835922
310,NY,0.02101614430223199,0.7588,0.7588,20,0.03836926072835922
310,TX,0.2273539290868532,0.7776,0.7776,218,0.03836926072835922
311,CA,0.751649979106433,0.7784,0.7784,761,0.038239479064941406
311,NY,0.020810821263408674,0.7574,0.7574,19,0.038239479064941406
311,TX,0.22753919963015823,0.7696,0.7696,220,0.038239479064941406
312,CA,0.7526824085628793,0.7716,0.7716,747,0.03832731395959854
312,NY,0.020593326628917,0.7564,0.7564,16,0.03832731395959854
312,TX,0.22672426480820376,0.7682,0.7682,237,0.03832731395959854
313,CA,0.7531431884461889,0.7728,0.7728,759,0.03845810890197754
313,NY,0.02042913843268993,0.7542,0.7542,14,0.03845810890197754
313,TX,0.22642767312112116,0.7666,0.7666,227,0.03845810890197754
314,CA,0.7539017823605739,0.7736,0.7736,762,0.03759987652301788
314,NY,0.0202351595188558,0.7544,0.7544,19,0.03759987652301788
314,TX,0.22586305812057025,0.7638,0.7638,219,0.03759987652301788
315,CA,0.755009424535702,0.7678,0.7678,749,0.03803753852844238
315,NY,0.02004551293637831,0.7522,0.7522,18,0.03803753852844238
315,TX,0.22494506252791965,0.7696,0.7696,233,0.03803753852844238
316,CA,0.7549700527019335,0.7774,0.7774,753,0.03670258820056915
316,NY,0.019867584654613073,0.748,0.748,16,0.03670258820056915
316,TX,0.22516236264345352,0.7576,0.7576,231,0.03670258820056915
317,CA,0.7571179272413563,0.7706,0.7706,744,0.037122227251529694
317,NY,0.019594542570509826,0.758,0.758,26,0.037122227251529694
317,TX,0.22328753018813394,0.7666,0.7666,230,0.037122227251529694
318,CA,0.7576057290393411,0.774,0.774,764,0.03836413472890854
318,NY,0.019467637948347022,0.75,0.75,16,0.03836413472890854
318,TX,0.222926633012312,0.7626,0.7626,220,0.03836413472890854
319,CA,0.7588927610799591,0.7676,0.7676,765,0.039614371955394745
319,NY,0.019236889664244198,0.7524,0.7524,15,0.039614371955394745
319,TX,0.22187034925579668,0.769,0.769,220,0.039614371955394745
320,CA,0.758884939633762,0.7702,0.7702,766,0.03804110735654831
320,NY,0.01907127065607277,0.7486,0.7486,14,0.03804110735654831
320,TX,0.22204378971016522,0.7634,0.7634,220,0.03804110735654831
321,CA,0.759709726904508,0.7748,0.7748,744,0.0378604382276535
321,NY,0.018859037322900073,0.7574,0.7574,14,0.0378604382276535
321,TX,0.221431235772592,0.769,0.769,242,0.0378604382276535
322,CA,0.7604005690804282,0.771,0.771,794,0.038307130336761475
322,NY,0.018691126137037595,0.7488,0.7488,15,0.038307130336761475
322,TX,0.22090830478253426,0.7646,0.7646,191,0.038307130336761475
323,CA,0.7611865796052153,0.7734,0.7734,778,0.038035109639167786
323,NY,0.018475905880843295,0.7482,0.7482,22,0.038035109639167786
323,TX,0.22033751451394154,0.7634,0.7634,200,0.038035109639167786
324,CA,0.7623338925318853,0.7736,0.7736,765,0.03832594305276871
324,NY,0.018240815841987168,0.7574,0.7574,19,0.03832594305276871
324,TX,0.2194252916261276,0.7688,0.7688,216,0.03832594305276871
325,CA,0.7629140541791318,0.7652,0.7652,781,0.03717227280139923
325,NY,0.018087959947639932,0.7508,0.7508,14,0.03717227280139923
325,TX,0.21899798587322813,0.7598,0.7598,205,0.03717227280139923
326,CA,0.7635382487507866,0.778,0.778,735,0.03801024705171585
326,NY,0.017955081837956847,0.7526,0.7526,25,0.03801024705171585
326,TX,0.21850666941125665,0.7672,0.7672,240,0.03801024705171585
327,CA,0.7647494308162026,0.773,0.773,792,0.03850480169057846
327,NY,0.017726655494858107,0.7516,0.7516,14,0.03850480169057846
327,TX,0.21752391368893934,0.768,0.768,194,0.03850480169057846
328,CA,0.7653827040606136,0.7772,0.7772,774,0.037420205771923065
328,NY,0.017527197765386263,0.7534,0.7534,18,0.037420205771923065
328,TX,0.2170900981740001,0.7628,0.7628,208,0.037420205771923065
329,CA,0.7669117136715594,0.7768,0.7768,765,0.03816814720630646
329,NY,0.01732702140385993,0.7528,0.7528,20,0.03816814720630646
329,TX,0.2157612649245805,0.7716,0.7716,215,0.03816814720630646
330,CA,0.7675760449891512,0.7696,0.7696,760,0.03865700960159302
330,NY,0.01710778455036227,0.7534,0.7534,20,0.03865700960159302
330,TX,0.21531617046048665,0.7636,0.7636,220,0.03865700960159302
331,CA,0.7682572321128083,0.7792,0.7792,772,0.037944495677948
331,NY,0.01696621278835044,0.7552,0.7552,18,0.037944495677948
331,TX,0.21477655509884122,0.767,0.767,210,0.037944495677948
332,CA,0.7695667166122846,0.771,0.771,752,0.03754574805498123
332,NY,0.016765880603996364,0.7488,0.7488,18,0.03754574805498123
332,TX,0.2136674027837191,0.7594,0.7594,230,0.03754574805498123
333,CA,0.7708074704782758,0.774,0.774,770,0.03804036229848862
333,NY,0.016582407796042777,0.7534,0.7534,26,0.03804036229848862
333,TX,0.21261012172568136,0.7718,0.7718,204,0.03804036229848862
334,CA,0.7711592911993868,0.7808,0.7808,780,0.03807274252176285
334,NY,0.016397330802218096,0.7536,0.7536,16,0.03807274252176285
334,TX,0.21244337799839505,0.7688,0.7688,204,0.03807274252176285
335,CA,0.772458576212321,0.7718,0.7718,759,0.03727757930755615
335,NY,0.01617408242118679,0.742,0.742,19,0.03727757930755615
335,TX,0.21136734136649232,0.7524,0.7524,222,0.03727757930755615
336,CA,0.7744616133760406,0.7744,0.7744,744,0.03991473466157913
336,NY,0.015943284741220302,0.7486,0.7486,16,0.03991473466157913
336,TX,0.20959510188273914,0.7602,0.7602,240,0.03991473466157913
337,CA,0.7759430012104883,0.7784,0.7784,777,0.038161806762218475
337,NY,0.015741520215723556,0.7594,0.7594,18,0.038161806762218475
337,TX,0.2083154785737882,0.7688,0.7688,205,0.038161806762218475
338,CA,0.7769473522270407,0.7736,0.7736,772,0.03843104839324951
338,NY,0.015593499120119654,0.7546,0.7546,21,0.03843104839324951
338,TX,0.20745914865283968,0.769,0.769,207,0.03843104839324951
339,CA,0.777495574529965,0.7688,0.7688,794,0.03759297728538513
339,NY,0.015437336102953624,0.753,0.753,13,0.03759297728538513
339,TX,0.20706708936708138,0.77,0.77,193,0.03759297728538513
340,CA,0.7774935654788495,0.7774,0.7774,777,0.038074374198913574
340,NY,0.01529940087126008,0.757,0.757,12,0.038074374198913574
340,TX,0.20720703364989046,0.764,0.764,211,0.038074374198913574
341,CA,0.7788470091382499,0.7762,0.7762,766,0.03819186985492706
341,NY,0.01515013011444844,0.7556,0.7556,12,0.03819186985492706
341,TX,0.20600286074730173,0.765,0.765,222,0.03819186985492706
342,CA,0.7799972546574615,0.7728,0.7728,773,0.038106873631477356
342,NY,0.014996537118187507,0.7572,0.7572,24,0.038106873631477356
342,TX,0.20500620822435092,0.7678,0.7678,203,0.038106873631477356
343,CA,0.7805515735282457,0.7726,0.7726,779,0.03813007473945618
343,NY,0.014875136777670349,0.7522,0.7522,16,0.03813007473945618
343,TX,0.20457328969408398,0.769,0.769,205,0.03813007473945618
344,CA,0.7810097620886987,0.7738,0.7738,752,0.03774634748697281
344,NY,0.014712577296446611,0.7536,0.7536,18,0.03774634748697281
344,TX,0.20427766061485483,0.7718,0.7718,230,0.03774634748697281
345,CA,0.7813206294648806,0.7796,0.7796,804,0.04520874470472336
345,NY,0.014550820148486385,0.7508,0.7508,11,0.04520874470472336
345,TX,0.2041285503866331,0.7638,0.7638,185,0.04520874470472336
346,CA,0.7829239141826753,0.7772,0.7772,789,0.038642674684524536
346,NY,0.014344713576007567,0.7578,0.7578,15,0.038642674684524536
346,TX,0.20273137224131718,0.7746,0.7746,196,0.038642674684524536
347,CA,0.7832788794101024,0.7784,0.7784,807,0.037971436977386475
347,NY,0.014194558668397755,0.7548,0.7548,9,0.037971436977386475
347,TX,0.20252656192149984,0.76,0.76,184,0.037971436977386475
348,CA,0.7850718133522989,0.7754,0.7754,791,0.03786299377679825
348,NY,0.01403825215712038,0.7548,0.7548,17,0.03786299377679825
348,TX,0.2008899344905807,0.7648,0.7648,192,0.03786299377679825
349,CA,0.786142772941973,0.7726,0.7726,799,0.037644535303115845
349,NY,0.013894294199174238,0.7504,0.7504,9,0.037644535303115845
349,TX,0.1999629328588527,0.767,0.767,192,0.037644535303115845
350,CA,0.7867767064245781,0.7776,0.7776,802,0.03752225637435913
350,NY,0.013731346216394992,0.7578,0.7578,7,0.03752225637435913
350,TX,0.1994919473590269,0.7678,0.7678,191,0.03752225637435913
351,CA,0.7877635831648069,0.7744,0.7744,796,0.038588136434555054
351,NY,0.013595429829833701,0.759,0.759,12,0.038588136434555054
351,TX,0.19864098700535945,0.7694,0.7694,192,0.038588136434555054
352,CA,0.7882978408996801,0.7742,0.7742,785,0.03872845321893692
352,NY,0.013486575565418466,0.745,0.745,21,0.03872845321893692
352,TX,0.1982155835349013,0.7606,0.7606,194,0.03872845321893692
353,CA,0.7896729542655818,0.7744,0.7744,799,0.03779894858598709
353,NY,0.013287750759990606,0.7496,0.7496,11,0.03779894858598709
353,TX,0.19703929497442765,0.7614,0.7614,190,0.03779894858598709
354,CA,0.7909616757613851,0.7758,0.7758,799,0.038235366344451904
354,NY,0.013123415882833459,0.7566,0.7566,11,0.038235366344451904
354,TX,0.19591490835578143,0.7698,0.7698,190,0.038235366344451904
355,CA,0.791597993876327,0.7728,0.7728,800,0.03804398328065872
355,NY,0.012991968601615708,0.7534,0.7534,13,0.03804398328065872
355,TX,0.19541003752205718,0.7642,0.7642,187,0.03804398328065872
356,CA,0.7924618749981359,0.7796,0.7796,781,0.038525357842445374
356,NY,0.012863818808096403,0.7628,0.7628,19,0.038525357842445374
356,TX,0.1946743061937677,0.7738,0.7738,200,0.038525357842445374
357,CA,0.7930613605495109,0.7704,0.7704,786,0.03831925243139267
357,NY,0.012752019614900394,0.751,0.751,13,0.03831925243139267
357,TX,0.19418661983558858,0.7646,0.7646,201,0.03831925243139267
358,CA,0.793677182841791,0.776,0.776,789,0.03805001080036163
358,NY,0.012622076894456187,0.7458,0.7458,8,0.03805001080036163
358,TX,0.19370074026375275,0.7594,0.7594,203,0.03805001080036163
359,CA,0.7952877385847436,0.7664,0.7664,803,0.038639165461063385
359,NY,0.012432622324406006,0.753,0.753,13,0.038639165461063385
359,TX,0.19227963909085038,0.7668,0.7668,184,0.038639165461063385
360,CA,0.7953281197146692,0.777,0.777,780,0.03813691437244415
360,NY,0.012338934304520524,0.7586,0.7586,12,0.03813691437244415
360,TX,0.19233294598081024,0.77,0.77,208,0.03813691437244415
361,CA,0.7960329322959809,0.7726,0.7726,783,0.03793908655643463
361,NY,0.012221991866497769,0.7516,0.7516,7,0.03793908655643463
361,TX,0.19174507583752123,0.7618,0.7618,210,0.03793908655643463
362,CA,0.7970795358800368,0.7756,0.7756,777,0.03788885474205017
362,NY,0.012093076663587863,0.7596,0.7596,15,0.03788885474205017
362,TX,0.1908273874563754,0.769,0.769,208,0.03788885474205017
363,CA,0.7977323096728051,0.7646,0.7646,785,0.037811413407325745
363,NY,0.011993919949902268,0.7524,0.7524,14,0.037811413407325745
363,TX,0.19027377037729273,0.763,0.763,201,0.037811413407325745
364,CA,0.7979361410066801,0.7686,0.7686,801,0.038296349346637726
364,NY,0.011914040427866058,0.7474,0.7474,10,0.038296349346637726
364,TX,0.19014981856545388,0.7534,0.7534,189,0.038296349346637726
365,CA,0.7993566215417206,0.7674,0.7674,791,0.03797183930873871
365,NY,0.011792183288858744,0.7504,0.7504,17,0.03797183930873871
365,TX,0.1888511951694206,0.7658,0.7658,192,0.03797183930873871
366,CA,0.7995840143990857,0.7754,0.7754,768,0.03696300834417343
366,NY,0.011682080673121091,0.7548,0.7548,17,0.03696300834417343
366,TX,0.18873390492779318,0.7652,0.7652,215,0.03696300834417343
367,CA,0.8005605849934267,0.7736,0.7736,810,0.03816990554332733
367,NY,0.01156063560770127,0.753,0.753,11,0.03816990554332733
367,TX,0.187878779398872,0.7636,0.7636,179,0.03816990554332733
368,CA,0.8015172615027011,0.777,0.777,799,0.038715966045856476
368,NY,0.011440015793712054,0.7546,0.7546,11,0.038715966045856476
368,TX,0.18704272270358682,0.7636,0.7636,190,0.038715966045856476
369,CA,0.8027652876894891,0.7804,0.7804,796,0.03737017512321472
369,NY,0.011313396977148038,0.7566,0.7566,12,0.03737017512321472
369,TX,0.18592131533336292,0.763,0.763,192,0.03737017512321472
370,CA,0.8043484544115977,0.773,0.773,810,0.038259364664554596
370,NY,0.01118417530936176,0.7558,0.7558,11,0.038259364664554596
370,TX,0.18446737027904048,0.7686,0.7686,179,0.038259364664554596
371,CA,0.8048042033863946,0.7746,0.7746,809,0.037520602345466614
371,NY,0.011081952372835106,0.7526,0.7526,13,0.037520602345466614
371,TX,0.18411384424077035,0.766,0.766,178,0.037520602345466614
372,CA,0.8056337083005215,0.7786,0.7786,804,0.038624607026576996
372,NY,0.010955848110690995,0.7554,0.7554,8,0.038624607026576996
372,TX,0.18341044358878747,0.7664,0.7664,188,0.038624607026576996
373,CA,0.8067639685123216,0.7792,0.7792,793,0.03787011653184891
373,NY,0.010828110354077214,0.7516,0.7516,7,0.03787011653184891
373,TX,0.18240792113360133,0.765,0.765,200,0.03787011653184891
374,CA,0.8080761149529014,0.7694,0.7694,777,0.03830263018608093
374,NY,0.010677476304656095,0.7524,0.7524,8,0.03830263018608093
374,TX,0.1812464087424424,0.768,0.768,215,0.03830263018608093
375,CA,0.8082749458705,0.7738,0.7738,788,0.03782946616411209
375,NY,0.010577491498314771,0.755,0.755,17,0.03782946616411209
375,TX,0.18114756263118528,0.7614,0.7614,195,0.03782946616411209
376,CA,0.8093906467602014,0.7726,0.7726,795,0.038836121559143066
376,NY,0.01047982955831647,0.754,0.754,16,0.038836121559143066
376,TX,0.18012952368148213,0.7648,0.7648,189,0.038836121559143066
377,CA,0.8101218565115592,0.7748,0.7748,816,0.037182874977588654
377,NY,0.010379232282227788,0.7568,0.7568,9,0.037182874977588654
377,TX,0.17949891120621292,0.7654,0.7654,175,0.037182874977588654
378,CA,0.8109782162181248,0.774,0.774,826,0.24914520978927612
378,NY,0.010284826589438358,0.7556,0.7556,5,0.24914520978927612
378,TX,0.1787369571924369,0.7624,0.7624,169,0.24914520978927612
379,CA,0.8120138724029319,0.7748,0.7748,792,0.03909488022327423
379,NY,0.010191149915072126,0.7578,0.7578,12,0.03909488022327423
379,TX,0.17779497768199598,0.766,0.766,196,0.03909488022327423
380,CA,0.8128097579449836,0.7772,0.7772,820,0.03874969482421875
380,NY,0.010103426590971248,0.7602,0.7602,11,0.03874969482421875
380,TX,0.17708681546404528,0.7718,0.7718,169,0.03874969482421875
381,CA,0.8133259934421626,0.7746,0.7746,812,0.03825691342353821
381,NY,0.01001313671762098,0.7512,0.7512,8,0.03825691342353821
381,TX,0.1766608698402164,0.7606,0.7606,180,0.03825691342353821
382,CA,0.8145688051007559,0.7768,0.7768,813,0.038154229521751404
382,NY,0.009896201721878405,0.7594,0.7594,11,0.038154229521751404
382,TX,0.1755349931773657,0.7698,0.7698,176,0.038154229521751404
383,CA,0.8152115682518596,0.7718,0.7718,829,0.03779185563325882
383,NY,0.009807021807432101,0.7522,0.7522,6,0.03779185563325882
383,TX,0.17498140994070838,0.7624,0.7624,165,0.03779185563325882
384,CA,0.8160576755683066,0.7784,0.7784,787,0.04079243540763855
384,NY,0.00970860070368463,0.7528,0.7528,14,0.04079243540763855
384,TX,0.17423372372800888,0.7626,0.7626,199,0.04079243540763855
385,CA,0.8174372770242497,0.7774,0.7774,812,0.037783995270729065
385,NY,0.009585022557665626,0.7594,0.7594,7,0.037783995270729065
385,TX,0.17297770041808466,0.7724,0.7724,181,0.037783995270729065
386,CA,0.8179146710520347,0.7738,0.7738,840,0.03723908215761185
386,NY,0.00949349466570683,0.7536,0.7536,8,0.03723908215761185
386,TX,0.17259183428225847,0.7654,0.7654,152,0.03723908215761185
387,CA,0.8186723006204975,0.773,0.773,830,0.03761414438486099
387,NY,0.009394076557795821,0.7564,0.7564,10,0.03761414438486099
387,TX,0.1719336228217067,0.7622,0.7622,160,0.03761414438486099
388,CA,0.8196027669336658,0.7764,0.7764,816,0.037983670830726624
388,NY,0.009316699915810741,0.7546,0.7546,9,0.037983670830726624
388,TX,0.1710805331505234,0.773,0.773,175,0.037983670830726624
389,CA,0.8199650110203253,0.7724,0.7724,814,0.03816770017147064
389,NY,0.009206432490863585,0.7568,0.7568,14,0.03816770017147064
389,TX,0.17082855648881118,0.7664,0.7664,172,0.03816770017147064
390,CA,0.820505993011735,0.7724,0.7724,802,0.038910627365112305
390,NY,0.009131421520659919,0.7512,0.7512,9,0.038910627365112305
390,TX,0.1703625854676051,0.7678,0.7678,189,0.038910627365112305
391,CA,0.8209586476869855,0.7696,0.7696,819,0.03835885971784592
391,NY,0.009027176264589383,0.7516,0.7516,5,0.03835885971784592
391,TX,0.17001417604842525,0.7682,0.7682,176,0.03835885971784592
392,CA,0.8211444952098285,0.7766,0.7766,818,0.2997407764196396
392,NY,0.008937376494659319,0.7504,0.7504,10,0.2997407764196396
392,TX,0.16991812829551234,0.7634,0.7634,172,0.2997407764196396
393,CA,0.822290999432981,0.7724,0.7724,832,0.04127373546361923
393,NY,0.008817869171958677,0.7516,0.7516,6,0.04127373546361923
393,TX,0.16889113139506035,0.766,0.766,162,0.04127373546361923
394,CA,0.8228779870859768,0.773,0.773,828,0.03873779624700546
394,NY,0.008720607783870946,0.7502,0.7502,12,0.03873779624700546
394,TX,0.16840140513015228,0.7676,0.7676,160,0.03873779624700546
395,CA,0.8233926411306903,0.7768,0.7768,845,0.038983069360256195
395,NY,0.008613848611593583,0.7538,0.7538,3,0.038983069360256195
395,TX,0.16799351025771614,0.7696,0.7696,152,0.038983069360256195
396,CA,0.8240454920956181,0.7736,0.7736,846,0.037546150386333466
396,NY,0.008509086952212105,0.7474,0.7474,5,0.037546150386333466
396,TX,0.16744542095216983,0.7654,0.7654,149,0.037546150386333466
397,CA,0.8247876849995893,0.7752,0.7752,829,0.03760111331939697
397,NY,0.008390939558168527,0.756,0.756,9,0.03760111331939697
397,TX,0.16682137544224213,0.7664,0.7664,162,0.03760111331939697
398,CA,0.8255453033189717,0.7706,0.7706,817,0.038987837731838226
398,NY,0.00830781005022178,0.7566,0.7566,9,0.038987837731838226
398,TX,0.16614688663080657,0.7656,0.7656,174,0.038987837731838226
399,CA,0.8259871004164163,0.7784,0.7784,808,0.03729533404111862
399,NY,0.008246531661971064,0.7534,0.7534,11,0.03729533404111862
399,TX,0.16576636792161253,0.7656,0.7656,181,0.03729533404111862
400,CA,0.8270697566793688,0.7768,0.7768,813,0.03806857764720917
400,NY,0.008141262513380891,0.7538,0.7538,8,0.03806857764720917
400,TX,0.16478898080725032,0.7674,0.7674,179,0.03806857764720917
401,CA,0.8278787488419794,0.7684,0.7684,812,0.03844930976629257
401,NY,0.008043737201158346,0.7446,0.7446,10,0.03844930976629257
401,TX,0.1640775139568623,0.762,0.762,178,0.03844930976629257
402,CA,0.8284603843593813,0.7728,0.7728,822,0.03822634369134903
402,NY,0.00794105577696373,0.7582,0.7582,6,0.03822634369134903
402,TX,0.16359855986365504,0.7728,0.7728,172,0.03822634369134903
403,CA,0.8285145684150205,0.7812,0.7812,806,0.03786399960517883
403,NY,0.007876171833149388,0.7586,0.7586,10,0.03786399960517883
403,TX,0.16360925975183013,0.7656,0.7656,184,0.03786399960517883
404,CA,0.8297865036362891,0.7714,0.7714,803,0.04011368006467819
404,NY,0.007788176448552192,0.751,0.751,9,0.04011368006467819
404,TX,0.1624253199151586,0.757,0.757,188,0.04011368006467819
405,CA,0.8309582154241425,0.776,0.776,830,0.039486564695835114
405,NY,0.007709356112325198,0.755,0.755,8,0.039486564695835114
405,TX,0.16133242846353238,0.7662,0.7662,162,0.039486564695835114
406,CA,0.8317745132538868,0.7818,0.7818,833,0.03799096494913101
406,NY,0.007625681977562418,0.7612,0.7612,7,0.03799096494913101
406,TX,0.16059980476855065,0.7644,0.7644,160,0.03799096494913101
407,CA,0.8331546217047809,0.7756,0.7756,803,0.03888114541769028
407,NY,0.007550025363348254,0.7534,0.7534,4,0.03888114541769028
407,TX,0.15929535293187086,0.7656,0.7656,193,0.03888114541769028
408,CA,0.8339815410305583,0.7752,0.7752,841,0.03660065680742264
408,NY,0.0074630286169735955,0.748,0.748,5,0.03660065680742264
408,TX,0.15855543035246814,0.761,0.761,154,0.03660065680742264
409,CA,0.8351362427255141,0.7748,0.7748,830,0.03855733573436737
409,NY,0.007358853194806,0.7548,0.7548,6,0.03855733573436737
409,TX,0.15750490407967982,0.7668,0.7668,164,0.03855733573436737
410,CA,0.8357989370487282,0.7806,0.7806,816,0.03824237734079361
410,NY,0.00728170076303008,0.758,0.758,7,0.03824237734079361
410,TX,0.15691936218824165,0.7616,0.7616,177,0.03824237734079361
411,CA,0.8372782733299251,0.7794,0.7794,832,0.038638629019260406
411,NY,0.007202003645985301,0.7568,0.7568,4,0.038638629019260406
411,TX,0.15551972302408956,0.7696,0.7696,164,0.038638629019260406
412,CA,0.8380727603572634,0.7766,0.7766,834,0.03803630918264389
412,NY,0.0071172787725894224,0.757,0.757,12,0.03803630918264389
412,TX,0.15480996087014723,0.7658,0.7658,154,0.03803630918264389
413,CA,0.8389281432413279,0.7762,0.7762,853,0.03744553029537201
413,NY,0.0070459428966658105,0.755,0.755,5,0.03744553029537201
413,TX,0.15402591386200626,0.7644,0.7644,142,0.03744553029537201
414,CA,0.8398581624012197,0.7718,0.7718,826,0.038226984441280365
414,NY,0.006969563155300737,0.7544,0.7544,8,0.038226984441280365
414,TX,0.15317227444347944,0.7656,0.7656,166,0.038226984441280365
415,CA,0.8403661093596735,0.7702,0.7702,851,0.03779534250497818
415,NY,0.006905292212974015,0.753,0.753,10,0.03779534250497818
415,TX,0.15272859842735256,0.7592,0.7592,139,0.03779534250497818
416,CA,0.8412209145087016,0.7684,0.7684,840,0.03807710111141205
416,NY,0.006845153210048281,0.7486,0.7486,5,0.03807710111141205
416,TX,0.15193393228125016,0.7642,0.7642,155,0.03807710111141205
417,CA,0.8415891009595285,0.7756,0.7756,851,0.03816862404346466
417,NY,0.006771473477659888,0.7586,0.7586,6,0.03816862404346466
417,TX,0.1516394255628116,0.7686,0.7686,143,0.03816862404346466
418,CA,0.842147144874242,0.7728,0.7728,840,0.0405450314283371
418,NY,0.00671108890786787,0.7516,0.7516,6,0.0405450314283371
418,TX,0.1511417662178901,0.7614,0.7614,154,0.0405450314283371
419,CA,0.843034162146684,0.7772,0.7772,840,0.03853841871023178
419,NY,0.006637818589663144,0.7564,0.7564,5,0.03853841871023178
419,TX,0.15032801926365275,0.7688,0.7688,155,0.03853841871023178
420,CA,0.8436991814833283,0.775,0.775,845,0.037026867270469666
420,NY,0.006565305759370451,0.7496,0.7496,6,0.037026867270469666
420,TX,0.1497355127573012,0.7652,0.7652,149,0.037026867270469666
421,CA,0.8444766551204179,0.7742,0.7742,853,0.03730962425470352
421,NY,0.006477320551400736,0.7578,0.7578,6,0.03730962425470352
421,TX,0.14904602432818137,0.7696,0.7696,141,0.03730962425470352
422,CA,0.84485372014948,0.774,0.774,842,0.03754453361034393
422,NY,0.0064203122104551594,0.7586,0.7586,5,0.03754453361034393
422,TX,0.14872596764006488,0.7704,0.7704,153,0.03754453361034393
423,CA,0.8451559021127995,0.7708,0.7708,844,0.03788913041353226
423,NY,0.006366854262505871,0.7512,0.7512,11,0.03788913041353226
423,TX,0.14847724362469472,0.7604,0.7604,145,0.03788913041353226
424,CA,0.8459532009073719,0.773,0.773,850,0.037852026522159576
424,NY,0.0063023229441795435,0.7522,0.7522,8,0.037852026522159576
424,TX,0.14774447614844854,0.773,0.773,142,0.037852026522159576
425,CA,0.8460157518274309,0.7772,0.7772,838,0.03812480717897415
425,NY,0.0062288475983877075,0.7562,0.7562,6,0.03812480717897415
425,TX,0.14775540057418135,0.7694,0.7694,156,0.03812480717897415
426,CA,0.8466270925827492,0.777,0.777,833,0.03798111528158188
426,NY,0.006159693266863949,0.7598,0.7598,5,0.03798111528158188
426,TX,0.14721321415038693,0.766,0.766,162,0.03798111528158188
427,CA,0.8474498829998592,0.771,0.771,838,0.03835012763738632
427,NY,0.006106000475682272,0.7486,0.7486,7,0.03835012763738632
427,TX,0.1464441165244585,0.7636,0.7636,155,0.03835012763738632
428,CA,0.848034294448353,0.7754,0.7754,820,0.03778773546218872
428,NY,0.006032927941434097,0.748,0.748,4,0.03778773546218872
428,TX,0.14593277761021295,0.767,0.767,176,0.03778773546218872
429,CA,0.8486993037287738,0.7716,0.7716,842,0.03754416108131409
429,NY,0.00594447878186332,0.7548,0.7548,7,0.03754416108131409
429,TX,0.14535621748936292,0.7686,0.7686,151,0.03754416108131409
430,CA,0.848956125845489,0.7716,0.7716,858,0.037869326770305634
430,NY,0.005889889348351222,0.7548,0.7548,8,0.037869326770305634
430,TX,0.1451539848061599,0.7644,0.7644,134,0.037869326770305634
431,CA,0.8495047165959718,0.7784,0.7784,860,0.03694082051515579
431,NY,0.005837805724589883,0.7558,0.7558,3,0.03694082051515579
431,TX,0.1446574776794383,0.7662,0.7662,137,0.03694082051515579
432,CA,0.8504117247115097,0.7738,0.7738,843,0.037441328167915344
432,NY,0.005769772345623064,0.752,0.752,7,0.037441328167915344
432,TX,0.1438185029428672,0.7672,0.7672,150,0.037441328167915344
433,CA,0.8509274156796621,0.771,0.771,848,0.036810502409935
433,NY,0.005702317648526957,0.7514,0.7514,9,0.036810502409935
433,TX,0.14337026667181094,0.7636,0.7636,143,0.036810502409935
434,CA,0.8514912487597651,0.7734,0.7734,858,0.037876807153224945
434,NY,0.0056429455914133375,0.754,0.754,7,0.037876807153224945
434,TX,0.14286580564882154,0.7634,0.7634,135,0.037876807153224945
435,CA,0.8522304176984539,0.7714,0.7714,871,0.03802208602428436
435,NY,0.005586059919020459,0.752,0.752,1,0.03802208602428436
435,TX,0.1421835223825257,0.7618,0.7618,128,0.03802208602428436
436,CA,0.8529398356858457,0.7678,0.7678,866,0.037948377430438995
436,NY,0.0055294816173031645,0.755,0.755,8,0.037948377430438995
436,TX,0.14153068269685104,0.7658,0.7658,126,0.037948377430438995
437,CA,0.8531105923147717,0.7746,0.7746,856,0.03782622516155243
437,NY,0.005490543616556096,0.756,0.756,12,0.03782622516155243
437,TX,0.14139886406867208,0.7696,0.7696,132,0.03782622516155243
438,CA,0.8534997405010756,0.7772,0.7772,875,0.03759355843067169
438,NY,0.005435474209985548,0.758,0.758,5,0.03759355843067169
438,TX,0.14106478528893876,0.7668,0.7668,120,0.03759355843067169
439,CA,0.8542550894978577,0.7744,0.7744,843,0.04015622287988663
439,NY,0.005381510440200021,0.75,0.75,3,0.04015622287988663
439,TX,0.14036340006194234,0.7602,0.7602,154,0.04015622287988663
440,CA,0.8552791055382415,0.7748,0.7748,858,0.04020405560731888
440,NY,0.005313870843636167,0.7506,0.7506,6,0.04020405560731888
440,TX,0.13940702361812235,0.7642,0.7642,136,0.04020405560731888
441,CA,0.8560538903203965,0.774,0.774,854,0.0390329584479332
441,NY,0.005246162532601854,0.7574,0.7574,3,0.0390329584479332
441,TX,0.1386999471470016,0.7678,0.7678,143,0.0390329584479332
442,CA,0.8565111272321129,0.7668,0.7668,852,0.03856739401817322
442,NY,0.005199848041675227,0.7504,0.7504,9,0.03856739401817322
442,TX,0.1382890247262119,0.763,0.763,139,0.03856739401817322
443,CA,0.8568073221490308,0.7722,0.7722,849,0.03761879354715347
443,NY,0.005153362894216787,0.7542,0.7542,3,0.03761879354715347
443,TX,0.1380393149567524,0.7658,0.7658,148,0.03761879354715347
444,CA,0.8572795525481248,0.77,0.77,850,0.03842595964670181
444,NY,0.005103832305683517,0.7494,0.7494,10,0.03842595964670181
444,TX,0.13761661514619167,0.7614,0.7614,140,0.03842595964670181
445,CA,0.8579041464318305,0.7732,0.7732,846,0.03861101716756821
445,NY,0.0050481070268185695,0.7518,0.7518,5,0.03861101716756821
445,TX,0.13704774654135088,0.7674,0.7674,149,0.03861101716756821
446,CA,0.858341210378182,0.7712,0.7712,851,0.0385642871260643
446,NY,0.00498972430842231,0.7578,0.7578,3,0.0385642871260643
446,TX,0.1366690653133957,0.7658,0.7658,146,0.0385642871260643
447,CA,0.8587314382961565,0.7704,0.7704,857,0.03669162839651108
447,NY,0.0049542259051493,0.758,0.758,6,0.03669162839651108
447,TX,0.1363143357986942,0.768,0.768,137,0.03669162839651108
448,CA,0.8589199634691084,0.7712,0.7712,834,0.03829779475927353
448,NY,0.004920606204194845,0.7512,0.7512,4,0.03829779475927353
448,TX,0.13615943032669686,0.7614,0.7614,162,0.03829779475927353
449,CA,0.8596153309948242,0.771,0.771,849,0.03760542720556259
449,NY,0.004868982463246001,0.7534,0.7534,6,0.03760542720556259
449,TX,0.13551568654192975,0.7634,0.7634,145,0.03760542720556259
450,CA,0.8601571733383984,0.7756,0.7756,851,0.03731025010347366
450,NY,0.0048236336312437265,0.749,0.749,4,0.03731025010347366
450,TX,0.1350191930303578,0.7656,0.7656,145,0.03731025010347366
451,CA,0.8608740029829867,0.7722,0.7722,847,0.038949526846408844
451,NY,0.004755331144922513,0.748,0.748,10,0.038949526846408844
451,TX,0.13437066587209076,0.7648,0.7648,143,0.038949526846408844
452,CA,0.8614132597095009,0.7708,0.7708,866,0.03849872201681137
452,NY,0.004693333556341916,0.7506,0.7506,6,0.03849872201681137
452,TX,0.13389340673415723,0.762,0.762,128,0.03849872201681137
453,CA,0.8620329943104256,0.7742,0.7742,857,0.03837220370769501
453,NY,0.004643133468036618,0.7542,0.7542,1,0.03837220370769501
453,TX,0.1333238722215379,0.7628,0.7628,142,0.03837220370769501
454,CA,0.8628172986452577,0.7758,0.7758,853,0.03849714994430542
454,NY,0.004594969726733611,0.7562,0.7562,6,0.03849714994430542
454,TX,0.13258773162800883,0.7676,0.7676,141,0.03849714994430542
455,CA,0.8633896897421302,0.776,0.776,873,0.03861390799283981
455,NY,0.004547268411933008,0.75,0.75,4,0.03861390799283981
455,TX,0.13206304184593687,0.7692,0.7692,123,0.03861390799283981
456,CA,0.8638840189957758,0.7778,0.7778,854,0.0380241796374321
456,NY,0.004483263441278935,0.752,0.752,1,0.0380241796374321
456,TX,0.13163271756294534,0.7652,0.7652,145,0.0380241796374321
457,CA,0.864747034609181,0.774,0.774,875,0.22376728057861328
457,NY,0.004422614653437316,0.756,0.756,6,0.22376728057861328
457,TX,0.13083035073738178,0.7612,0.7612,119,0.22376728057861328
458,CA,0.8656029937673676,0.7732,0.7732,870,0.03906235098838806
458,NY,0.004382073574237087,0.756,0.756,5,0.03906235098838806
458,TX,0.1300149326583952,0.7652,0.7652,125,0.03906235098838806
459,CA,0.8661478732321989,0.7746,0.7746,876,0.03763214498758316
459,NY,0.004342299228862953,0.7516,0.7516,1,0.03763214498758316
459,TX,0.1295098275389381,0.7632,0.7632,123,0.03763214498758316
460,CA,0.8669179113406383,0.773,0.773,878,0.0379919558763504
460,NY,0.0042898305671658175,0.7552,0.7552,4,0.0379919558763504
460,TX,0.12879225809219585,0.7656,0.7656,118,0.0379919558763504
461,CA,0.8674215450441308,0.7738,0.7738,859,0.03805210441350937
461,NY,0.004249230040087654,0.756,0.756,6,0.03805210441350937
461,TX,0.12832922491578153,0.766,0.766,135,0.03805210441350937
462,CA,0.867948344500468,0.77,0.77,856,0.03814958035945892
462,NY,0.004209143946697387,0.7556,0.7556,8,0.03814958035945892
462,TX,0.1278425115528346,0.7704,0.7704,136,0.03814958035945892
463,CA,0.8679529905832978,0.7712,0.7712,866,0.03793560713529587
463,NY,0.004174922411766436,0.754,0.754,1,0.03793560713529587
463,TX,0.12787208700493574,0.7652,0.7652,133,0.03793560713529587
464,CA,0.868364346416863,0.773,0.773,882,0.03837985545396805
464,NY,0.004136339470087661,0.7464,0.7464,5,0.03837985545396805
464,TX,0.12749931411304932,0.7584,0.7584,113,0.03837985545396805
465,CA,0.8693310133867767,0.7748,0.7748,861,0.031648457050323486
465,NY,0.004078818222481767,0.7586,0.7586,0,0.031648457050323486
465,TX,0.12659016839074155,0.7706,0.7706,139,0.031648457050323486
466,CA,0.8696239041496462,0.7746,0.7746,872,0.036995284259319305
466,NY,0.004042949302169536,0.7496,0.7496,5,0.036995284259319305
466,TX,0.12633314654818426,0.7604,0.7604,123,0.036995284259319305
467,CA,0.8705535236523751,0.777,0.777,878,0.0382966473698616
467,NY,0.003990254507482611,0.7546,0.7546,4,0.0382966473698616
467,TX,0.1254562218401423,0.7676,0.7676,118,0.0382966473698616
468,CA,0.8711754900965452,0.7752,0.7752,858,0.03988108038902283
468,NY,0.003942770193486077,0.7486,0.7486,3,0.03988108038902283
468,TX,0.12488173970996871,0.7542,0.7542,139,0.03988108038902283
469,CA,0.8725160123644032,0.7764,0.7764,875,0.04060918092727661
469,NY,0.003889666863031671,0.7552,0.7552,2,0.04060918092727661
469,TX,0.12359432077256512,0.766,0.766,123,0.04060918092727661
470,CA,0.873188374232088,0.7714,0.7714,883,0.03936197608709335
470,NY,0.0038462082203621476,0.756,0.756,5,0.03936197608709335
470,TX,0.12296541754754997,0.7658,0.7658,112,0.03936197608709335
471,CA,0.8735571668234591,0.776,0.776,882,0.03811781853437424
471,NY,0.00381438081385609,0.7558,0.7558,6,0.03811781853437424
471,TX,0.12262845236268488,0.7636,0.7636,112,0.03811781853437424
472,CA,0.8743437036261135,0.7778,0.7778,867,0.03765829652547836
472,NY,0.0037743918721064892,0.7572,0.7572,2,0.03765829652547836
472,TX,0.12188190450177999,0.7694,0.7694,131,0.03765829652547836
473,CA,0.8748858003826657,0.7772,0.7772,877,0.037879347801208496
473,NY,0.003732969675721356,0.7542,0.7542,3,0.037879347801208496
473,TX,0.12138122994161286,0.765,0.765,120,0.037879347801208496
474,CA,0.8756577456564633,0.7702,0.7702,858,0.03836124390363693
474,NY,0.003687909795044302,0.752,0.752,8,0.03836124390363693
474,TX,0.12065434454849251,0.7586,0.7586,134,0.03836124390363693
475,CA,0.8763838790370796,0.7768,0.7768,873,0.03791743516921997
475,NY,0.003653019931690525,0.7526,0.7526,2,0.03791743516921997
475,TX,0.11996310103122994,0.7666,0.7666,125,0.03791743516921997
476,CA,0.8770314976508473,0.7782,0.7782,873,0.0376809760928154
476,NY,0.0036059285270334113,0.7604,0.7604,3,0.0376809760928154
476,TX,0.11936257382211941,0.7726,0.7726,124,0.0376809760928154
477,CA,0.8773929823463543,0.77,0.77,891,0.03794078528881073
477,NY,0.003571304112762032,0.7492,0.7492,2,0.03794078528881073
477,TX,0.11903571354088359,0.7586,0.7586,107,0.03794078528881073
478,CA,0.8781030503368321,0.7708,0.7708,879,0.03782740980386734
478,NY,0.0035321925123064086,0.748,0.748,6,0.03782740980386734
478,TX,0.11836475715086141,0.756,0.756,115,0.03782740980386734
479,CA,0.879012607190157,0.7754,0.7754,892,0.03919484466314316
479,NY,0.003490325247081156,0.755,0.755,4,0.03919484466314316
479,TX,0.11749706756276188,0.7622,0.7622,104,0.03919484466314316
480,CA,0.8798164860715187,0.777,0.777,878,0.038915425539016724
480,NY,0.0034533754363445996,0.7596,0.7596,2,0.038915425539016724
480,TX,0.1167301384921366,0.7642,0.7642,120,0.038915425539016724
481,CA,0.8805866820231792,0.7788,0.7788,876,0.03767136484384537
481,NY,0.0034225542316685697,0.7574,0.7574,6,0.03767136484384537
481,TX,0.11599076374515206,0.766,0.766,118,0.03767136484384537
482,CA,0.8813586013521439,0.7756,0.7756,877,0.036809153854846954
482,NY,0.003384343016314901,0.745,0.745,3,0.036809153854846954
482,TX,0.1152570556315412,0.7602,0.7602,120,0.036809153854846954
483,CA,0.8822920339029238,0.7776,0.7776,879,0.03701051324605942
483,NY,0.0033295410968250108,0.7516,0.7516,3,0.03701051324605942
483,TX,0.1143784250002512,0.7604,0.7604,118,0.03701051324605942
484,CA,0.8833126321702797,0.7782,0.7782,864,0.037488698959350586
484,NY,0.0032846368278365134,0.761,0.761,5,0.037488698959350586
484,TX,0.11340273100188368,0.7668,0.7668,131,0.037488698959350586
485,CA,0.8839833931648808,0.778,0.778,865,0.03916383534669876
485,NY,0.003255335640260845,0.7578,0.7578,6,0.03916383534669876
485,TX,0.11276127119485829,0.7692,0.7692,129,0.03916383534669876
486,CA,0.8845097495779473,0.7748,0.7748,881,0.039119333028793335
486,NY,0.0032202678376096316,0.7542,0.7542,2,0.039119333028793335
486,TX,0.11226998258444307,0.7646,0.7646,117,0.039119333028793335
487,CA,0.8851139347631604,0.777,0.777,885,0.03920263051986694
487,NY,0.0031850645249174602,0.7566,0.7566,1,0.03920263051986694
487,TX,0.1117010007119222,0.765,0.765,114,0.03920263051986694
488,CA,0.8858145045306545,0.7768,0.7768,887,0.03892055153846741
488,NY,0.003150991957584642,0.7534,0.7534,8,0.03892055153846741
488,TX,0.11103450351176099,0.768,0.768,105,0.03892055153846741
489,CA,0.8863387038581729,0.7684,0.7684,877,0.03802606463432312
489,NY,0.00311133431064415,0.7498,0.7498,6,0.03802606463432312
489,TX,0.11054996183118297,0.7586,0.7586,117,0.03802606463432312
490,CA,0.8869110837141431,0.7698,0.7698,882,0.03828386217355728
490,NY,0.0030805974557711335,0.7452,0.7452,4,0.03828386217355728
490,TX,0.11000831883008577,0.7566,0.7566,114,0.03828386217355728
491,CA,0.8876774277584363,0.7772,0.7772,896,0.038690097630023956
491,NY,0.0030404023549469076,0.7518,0.7518,3,0.038690097630023956
491,TX,0.10928216988661683,0.7662,0.7662,101,0.038690097630023956
492,CA,0.8883168890032512,0.7772,0.7772,879,0.03793288767337799
492,NY,0.0029991074126422654,0.7606,0.7606,7,0.03793288767337799
492,TX,0.10868400358410638,0.7742,0.7742,114,0.03793288767337799
493,CA,0.8885047874648768,0.777,0.777,892,0.037159256637096405
493,NY,0.002971722594293592,0.7454,0.7454,2,0.037159256637096405
493,TX,0.1085234899408297,0.7538,0.7538,106,0.037159256637096405
494,CA,0.889812542204396,0.7712,0.7712,902,0.03826974332332611
494,NY,0.0029231732840075578,0.752,0.752,1,0.03826974332332611
494,TX,0.10726428451159647,0.7694,0.7694,97,0.03826974332332611
495,CA,0.8899377528281707,0.7752,0.7752,869,0.03789710998535156
495,NY,0.0028918926462720837,0.7582,0.7582,3,0.03789710998535156
495,TX,0.10717035452555729,0.7684,0.7684,128,0.03789710998535156
496,CA,0.8903279085335138,0.774,0.774,897,0.038475826382637024
496,NY,0.002865454453967371,0.7522,0.7522,5,0.038475826382637024
496,TX,0.1068066370125188,0.7692,0.7692,98,0.038475826382637024
497,CA,0.8906166504502059,0.7716,0.7716,903,0.03321229666471481
497,NY,0.0028311598669844154,0.7526,0.7526,0,0.03321229666471481
497,TX,0.10655218968280979,0.7666,0.7666,97,0.03321229666471481
498,CA,0.8909116193317141,0.7736,0.7736,906,0.03737381845712662
498,NY,0.0028017239458246446,0.7518,0.7518,2,0.03737381845712662
498,TX,0.10628665672246118,0.7576,0.7576,92,0.03737381845712662
499,CA,0.8917974151602361,0.7714,0.7714,908,0.03745989501476288
499,NY,0.0027700382754015248,0.7414,0.7414,3,0.03745989501476288
499,TX,0.10543254656436232,0.753,0.753,89,0.03745989501476288
500,CA,0.8928170733474959,0.7742,0.7742,898,0.03758697956800461
500,NY,0.0027262391318369807,0.7504,0.7504,1,0.03758697956800461
500,TX,0.1044566875206672,0.7696,0.7696,101,0.03758697956800461
501,CA,0.8930916077817734,0.7786,0.7786,906,0.038053736090660095
501,NY,0.002690495058447811,0.7588,0.7588,3,0.038053736090660095
501,TX,0.10421789715977876,0.764,0.764,91,0.038053736090660095
502,CA,0.8938830924099845,0.7758,0.7758,895,0.032860592007637024
502,NY,0.002662901375962429,0.7528,0.7528,0,0.032860592007637024
502,TX,0.10345400621405304,0.7652,0.7652,105,0.032860592007637024
503,CA,0.8944663033775676,0.7794,0.7794,882,0.03877883404493332
503,NY,0.0026301266179086175,0.758,0.758,2,0.03877883404493332
503,TX,0.10290357000452383,0.7732,0.7732,116,0.03877883404493332
504,CA,0.8948154427444291,0.7712,0.7712,878,0.04001571238040924
504,NY,0.0025995096097591046,0.7536,0.7536,5,0.04001571238040924
504,TX,0.10258504764581179,0.7626,0.7626,117,0.04001571238040924
505,CA,0.8952845081270766,0.7692,0.7692,889,0.038708463311195374
505,NY,0.0025750280224331144,0.7558,0.7558,2,0.038708463311195374
505,TX,0.10214046385049036,0.7668,0.7668,109,0.038708463311195374
506,CA,0.8954260405521638,0.7792,0.7792,883,0.037427499890327454
506,NY,0.002555928638951902,0.7578,0.7578,1,0.037427499890327454
506,TX,0.1020180308088844,0.7656,0.7656,116,0.037427499890327454
507,CA,0.8961524227067954,0.7706,0.7706,909,0.03772326558828354
507,NY,0.0025272347083512884,0.7516,0.7516,2,0.03772326558828354
507,TX,0.10132034258485333,0.7656,0.7656,89,0.03772326558828354
508,CA,0.8964332196402494,0.7716,0.7716,892,0.03804868459701538
508,NY,0.0025008987696565894,0.7434,0.7434,3,0.03804868459701538
508,TX,0.10106588159009414,0.7616,0.7616,105,0.03804868459701538
509,CA,0.896980635115297,0.7724,0.7724,906,0.03358005732297897
509,NY,0.0024625928151764307,0.7474,0.7474,0,0.03358005732297897
509,TX,0.10055677206952662,0.759,0.759,94,0.03358005732297897
510,CA,0.8976942856451016,0.7714,0.7714,882,0.03842160105705261
510,NY,0.0024297891673981144,0.7518,0.7518,2,0.03842160105705261
510,TX,0.09987592518750027,0.7578,0.7578,116,0.03842160105705261
511,CA,0.8984073395153623,0.772,0.772,887,0.03746534138917923
511,NY,0.002404812960169757,0.7578,0.7578,4,0.03746534138917923
511,TX,0.099187847524468,0.768,0.768,109,0.03746534138917923
512,CA,0.8986258596304859,0.772,0.772,895,0.0373096838593483
512,NY,0.00238612212233325,0.7496,0.7496,2,0.0373096838593483
512,TX,0.09898801824718081,0.763,0.763,103,0.0373096838593483
513,CA,0.8991050142567772,0.7792,0.7792,891,0.037542298436164856
513,NY,0.0023572151697920543,0.7582,0.7582,2,0.037542298436164856
513,TX,0.09853777057343058,0.7644,0.7644,107,0.037542298436164856
514,CA,0.8998676462822951,0.7744,0.7744,914,0.037560559809207916
514,NY,0.0023313686433624097,0.7514,0.7514,2,0.037560559809207916
514,TX,0.0978009850743425,0.7612,0.7612,84,0.037560559809207916
515,CA,0.9005500598536683,0.779,0.779,912,0.03774967044591904
515,NY,0.002302894218238778,0.7536,0.7536,2,0.03774967044591904
515,TX,0.0971470459280929,0.7642,0.7642,86,0.03774967044591904
516,CA,0.901308126252425,0.7782,0.7782,907,0.037821389734745026
516,NY,0.0022719250781166904,0.7544,0.7544,4,0.037821389734745026
516,TX,0.09641994866945845,0.7656,0.7656,89,0.037821389734745026
517,CA,0.9019517791536436,0.774,0.774,886,0.03745920956134796
517,NY,0.0022431176418409664,0.7552,0.7552,1,0.03745920956134796
517,TX,0.09580510320451549,0.7666,0.7666,113,0.03745920956134796
518,CA,0.9023338358324255,0.77,0.77,896,0.03212572634220123
518,NY,0.0022202862485693523,0.7516,0.7516,0,0.03212572634220123
518,TX,0.09544587791900512,0.7626,0.7626,104,0.03212572634220123
519,CA,0.9027148900272298,0.7722,0.7722,915,0.038955576717853546
519,NY,0.002198133183207127,0.7506,0.7506,2,0.038955576717853546
519,TX,0.09508697678956309,0.7612,0.7612,83,0.038955576717853546
520,CA,0.9032722033810575,0.7802,0.7802,897,0.038154490292072296
520,NY,0.0021726823386320287,0.757,0.757,4,0.038154490292072296
520,TX,0.09455511428031049,0.7666,0.7666,99,0.038154490292072296
521,CA,0.9039507787389063,0.7686,0.7686,902,0.037245914340019226
521,NY,0.002145978350499105,0.7482,0.7482,3,0.037245914340019226
521,TX,0.09390324291059454,0.7606,0.7606,95,0.037245914340019226
522,CA,0.9043572966509891,0.7758,0.7758,922,0.03773780167102814
522,NY,0.002122179403623423,0.756,0.756,2,0.03773780167102814
522,TX,0.0935205239453875,0.7674,0.7674,76,0.03773780167102814
523,CA,0.9047789586758982,0.7766,0.7766,913,0.038128770887851715
523,NY,0.0020994957527390224,0.7576,0.7576,3,0.038128770887851715
523,TX,0.09312154557136276,0.774,0.774,84,0.038128770887851715
524,CA,0.9049226004630366,0.769,0.769,904,0.03782891482114792
524,NY,0.002077372265769861,0.7498,0.7498,4,0.03782891482114792
524,TX,0.09300002727119355,0.7634,0.7634,92,0.03782891482114792
525,CA,0.9052095072049214,0.778,0.778,911,0.03193847835063934
525,NY,0.0020554768044632574,0.76,0.76,0,0.03193847835063934
525,TX,0.09273501599061527,0.7688,0.7688,89,0.03193847835063934
526,CA,0.9056629299127152,0.7758,0.7758,916,0.03780364990234375
526,NY,0.0020356868753484358,0.747,0.747,1,0.03780364990234375
526,TX,0.09230138321193633,0.7636,0.7636,83,0.03780364990234375
527,CA,0.9062675359328104,0.7714,0.7714,884,0.036896251142024994
527,NY,0.0020040089706015603,0.7586,0.7586,2,0.036896251142024994
527,TX,0.09172845509658813,0.7696,0.7696,114,0.036896251142024994
528,CA,0.9063651426344791,0.777,0.777,900,0.031674645841121674
528,NY,0.001989742431979356,0.7568,0.7568,0,0.031674645841121674
528,TX,0.09164511493354159,0.7658,0.7658,100,0.031674645841121674
529,CA,0.9069095017089981,0.7744,0.7744,918,0.03837151825428009
529,NY,0.0019683055344850886,0.7586,0.7586,1,0.03837151825428009
529,TX,0.09112219275651678,0.7716,0.7716,81,0.03837151825428009
530,CA,0.9070558254801765,0.7738,0.7738,915,0.03740256279706955
530,NY,0.001951093663583862,0.7564,0.7564,1,0.03740256279706955
530,TX,0.09099308085623975,0.7664,0.7664,84,0.03740256279706955
531,CA,0.9074176557525169,0.776,0.776,901,0.0378418043255806
531,NY,0.001932725179298846,0.7568,0.7568,1,0.0378418043255806
531,TX,0.09064961906818429,0.7716,0.7716,98,0.0378418043255806
532,CA,0.907640460351893,0.7704,0.7704,910,0.036697156727313995
532,NY,0.0019123002782281669,0.7472,0.7472,1,0.036697156727313995
532,TX,0.0904472393698788,0.7602,0.7602,89,0.036697156727313995
533,CA,0.9081364509998107,0.77,0.77,908,0.037661656737327576
533,NY,0.0018882720671928267,0.7508,0.7508,2,0.037661656737327576
533,TX,0.0899752769329965,0.7554,0.7554,90,0.037661656737327576
534,CA,0.9088295716013772,0.7732,0.7732,899,0.03180178999900818
534,NY,0.001869214676083835,0.7574,0.7574,0,0.03180178999900818
534,TX,0.08930121372253892,0.7702,0.7702,101,0.03180178999900818
535,CA,0.9089820445904562,0.771,0.771,911,0.03744342178106308
535,NY,0.0018528699437508473,0.7538,0.7538,3,0.03744342178106308
535,TX,0.08916508546579291,0.7624,0.7624,86,0.03744342178106308
536,CA,0.909392164075091,0.7794,0.7794,903,0.036534443497657776
536,NY,0.0018357026894836627,0.749,0.749,1,0.036534443497657776
536,TX,0.0887721332354253,0.7564,0.7564,96,0.036534443497657776
537,CA,0.9104654246606989,0.7732,0.7732,920,0.03157930076122284
537,NY,0.001806470266198858,0.7538,0.7538,0,0.03157930076122284
537,TX,0.0877281050731022,0.7646,0.7646,80,0.03157930076122284
538,CA,0.9108709847921954,0.7762,0.7762,921,0.21071510016918182
538,NY,0.0017875021422957408,0.7518,0.7518,0,0.21071510016918182
538,TX,0.0873415130655089,0.766,0.766,79,0.21071510016918182
539,CA,0.9113504666246788,0.7768,0.7768,903,0.040738753974437714
539,NY,0.0017638748965731386,0.7478,0.7478,1,0.040738753974437714
539,TX,0.08688565847874803,0.7586,0.7586,96,0.040738753974437714
540,CA,0.9121885585277371,0.7748,0.7748,915,0.03865734487771988
540,NY,0.001736681464980388,0.7546,0.7546,2,0.03865734487771988
540,TX,0.08607476000728263,0.7654,0.7654,83,0.03865734487771988
541,CA,0.9126226475361423,0.7648,0.7648,895,0.03822126239538193
541,NY,0.0017177323530113585,0.7432,0.7432,1,0.03822126239538193
541,TX,0.08565962011084635,0.754,0.754,104,0.03822126239538193
542,CA,0.9131205108255168,0.7754,0.7754,907,0.0383642241358757
542,NY,0.0016976340361131589,0.7504,0.7504,1,0.0383642241358757
542,TX,0.08518185513836997,0.7578,0.7578,92,0.0383642241358757
543,CA,0.9139140941849024,0.778,0.778,914,0.03677452355623245
543,NY,0.001675183704818174,0.761,0.761,1,0.03677452355623245
543,TX,0.0844107221102793,0.766,0.766,85,0.03677452355623245
544,CA,0.9144497039313806,0.771,0.771,927,0.037623681128025055
544,NY,0.0016601391363053346,0.7482,0.7482,1,0.037623681128025055
544,TX,0.08389015693231415,0.7624,0.7624,72,0.037623681128025055
545,CA,0.9148419373868232,0.7742,0.7742,911,0.03196411579847336
545,NY,0.001639469281652762,0.7534,0.7534,0,0.03196411579847336
545,TX,0.08351859333152407,0.7622,0.7622,89,0.03196411579847336
546,CA,0.9153766160196712,0.7742,0.7742,911,0.037085771560668945
546,NY,0.00162119576296877,0.7548,0.7548,2,0.037085771560668945
546,TX,0.08300218821736,0.7648,0.7648,87,0.037085771560668945
547,CA,0.9157955797308943,0.7738,0.7738,919,0.038278430700302124
547,NY,0.0016042026890366959,0.7526,0.7526,2,0.038278430700302124
547,TX,0.08260021758006901,0.7632,0.7632,79,0.038278430700302124
548,CA,0.916265423471493,0.7726,0.7726,895,0.0382009819149971
548,NY,0.0015858428628503659,0.7516,0.7516,1,0.0382009819149971
548,TX,0.08214873366565673,0.7618,0.7618,104,0.0382009819149971
549,CA,0.9167414862101055,0.7754,0.7754,924,0.03749976307153702
549,NY,0.0015678695682355072,0.7506,0.7506,2,0.03749976307153702
549,TX,0.08169064422165895,0.7632,0.7632,74,0.03749976307153702
550,CA,0.917276491327264,0.7792,0.7792,917,0.032178059220314026
550,NY,0.001546870713493914,0.7592,0.7592,0,0.032178059220314026
550,TX,0.08117663795924214,0.7678,0.7678,83,0.032178059220314026
551,CA,0.9177698086351039,0.7728,0.7728,928,0.03744965046644211
551,NY,0.0015303048942938403,0.7512,0.7512,4,0.03744965046644211
551,TX,0.0806998864706023,0.754,0.754,68,0.03744965046644211
552,CA,0.918573048355912,0.7706,0.7706,908,0.0393950417637825
552,NY,0.0015129824995469686,0.751,0.751,2,0.0393950417637825
552,TX,0.07991396914454095,0.7586,0.7586,90,0.0393950417637825
553,CA,0.9190862240820686,0.7744,0.7744,914,0.03735803812742233
553,NY,0.0014970701419374443,0.7538,0.7538,2,0.03735803812742233
553,TX,0.07941670577599393,0.7598,0.7598,84,0.03735803812742233
554,CA,0.919703190022898,0.7728,0.7728,928,0.03221499174833298
554,NY,0.0014806831080378545,0.7522,0.7522,0,0.03221499174833298
554,TX,0.07881612686906408,0.763,0.763,72,0.03221499174833298
555,CA,0.9201199118095185,0.7768,0.7768,925,0.03277210891246796
555,NY,0.0014641406253276634,0.7566,0.7566,0,0.03277210891246796
555,TX,0.07841594756515384,0.7626,0.7626,75,0.03277210891246796
556,CA,0.9207122405340654,0.7764,0.7764,925,0.03720046579837799
556,NY,0.0014484269998995972,0.7498,0.7498,4,0.03720046579837799
556,TX,0.07783933246603505,0.7608,0.7608,71,0.03720046579837799
557,CA,0.92136203922662,0.7746,0.7746,937,0.03252113610506058
557,NY,0.001427745031775481,0.7464,0.7464,0,0.03252113610506058
557,TX,0.07721021574160442,0.7538,0.7538,63,0.03252113610506058
558,CA,0.9222175484744624,0.7766,0.7766,915,0.03767654299736023
558,NY,0.0014063615039325613,0.7524,0.7524,1,0.03767654299736023
558,TX,0.07637609002160507,0.761,0.761,84,0.03767654299736023
559,CA,0.9228541344369667,0.7732,0.7732,928,0.032599158585071564
559,NY,0.0013881622727001921,0.7552,0.7552,0,0.032599158585071564
559,TX,0.07575770329033303,0.761,0.761,72,0.032599158585071564
560,CA,0.9233484220834127,0.7776,0.7776,923,0.03243681788444519
560,NY,0.0013748068069859816,0.756,0.756,0,0.03243681788444519
560,TX,0.07527677110960129,0.7712,0.7712,77,0.03243681788444519
561,CA,0.9236141727133761,0.7782,0.7782,939,0.038000255823135376
561,NY,0.0013584921113705926,0.756,0.756,1,0.038000255823135376
561,TX,0.07502733517525327,0.761,0.761,60,0.038000255823135376
562,CA,0.9243006297653099,0.778,0.778,933,0.038062721490859985
562,NY,0.001342529034938312,0.7536,0.7536,2,0.038062721490859985
562,TX,0.07435684119975187,0.7642,0.7642,65,0.038062721490859985
563,CA,0.9248514220215917,0.7702,0.7702,918,0.038643211126327515
563,NY,0.0013248941633320058,0.7508,0.7508,1,0.038643211126327515
563,TX,0.07382368381507637,0.7634,0.7634,81,0.038643211126327515
564,CA,0.9251272062969442,0.7728,0.7728,928,0.037774458527565
564,NY,0.0013107651096761956,0.7556,0.7556,1,0.037774458527565
564,TX,0.0735620285933796,0.7652,0.7652,71,0.037774458527565
565,CA,0.9254308197365917,0.7722,0.7722,912,0.038068242371082306
565,NY,0.001298473849539416,0.75,0.75,3,0.038068242371082306
565,TX,0.07327070641386893,0.7594,0.7594,85,0.038068242371082306
566,CA,0.9259358948103316,0.7742,0.7742,924,0.038353413343429565
566,NY,0.00128290791809022,0.754,0.754,3,0.038353413343429565
566,TX,0.07278119727157825,0.7656,0.7656,73,0.038353413343429565
567,CA,0.9262762044884917,0.7752,0.7752,921,0.03234608471393585
567,NY,0.0012687676208889406,0.7576,0.7576,0,0.03234608471393585
567,TX,0.07245502789061932,0.7642,0.7642,79,0.03234608471393585
568,CA,0.9267039205365084,0.7738,0.7738,935,0.03882464021444321
568,NY,0.0012567686377769078,0.7542,0.7542,3,0.03882464021444321
568,TX,0.07203931082571476,0.7678,0.7678,62,0.03882464021444321
569,CA,0.9269426683854968,0.774,0.774,919,0.03856862336397171
569,NY,0.001243201896612677,0.7504,0.7504,1,0.03856862336397171
569,TX,0.07181412971789056,0.7668,0.7668,80,0.03856862336397171
570,CA,0.9272282595496659,0.7776,0.7776,942,0.03929141163825989
570,NY,0.0012270411819200815,0.758,0.758,2,0.03929141163825989
570,TX,0.071544699268414,0.7692,0.7692,56,0.03929141163825989
571,CA,0.9275543988016256,0.7804,0.7804,935,0.04089049994945526
571,NY,0.0012139385352905336,0.7556,0.7556,1,0.04089049994945526
571,TX,0.07123166266308391,0.7706,0.7706,64,0.04089049994945526
572,CA,0.927933919797994,0.7764,0.7764,935,0.039394915103912354
572,NY,0.0011975188143001493,0.754,0.754,1,0.039394915103912354
572,TX,0.07086856138770574,0.7678,0.7678,64,0.039394915103912354
573,CA,0.9282664183333577,0.7716,0.7716,921,0.03846689313650131
573,NY,0.0011828420601478747,0.7518,0.7518,2,0.03846689313650131
573,TX,0.0705507396064945,0.7644,0.7644,77,0.03846689313650131
574,CA,0.9285449323343166,0.779,0.779,918,0.03181841969490051
574,NY,0.0011699731473512908,0.7504,0.7504,0,0.03181841969490051
574,TX,0.07028509451833204,0.7634,0.7634,82,0.03181841969490051
575,CA,0.929135060380544,0.7798,0.7798,927,0.03688560426235199
575,NY,0.0011518957471373641,0.7534,0.7534,2,0.03688560426235199
575,TX,0.06971304387231854,0.7604,0.7604,71,0.03688560426235199
576,CA,0.9298575275481368,0.773,0.773,938,0.03125426173210144
576,NY,0.0011356919242445852,0.7532,0.7532,0,0.03125426173210144
576,TX,0.06900678052761876,0.763,0.763,62,0.03125426173210144
577,CA,0.9302313800923709,0.7718,0.7718,932,0.037958480417728424
577,NY,0.0011234605800809678,0.7478,0.7478,2,0.037958480417728424
577,TX,0.06864515932754821,0.756,0.756,66,0.037958480417728424
578,CA,0.9308153364666307,0.7774,0.7774,934,0.03208206593990326
578,NY,0.001108938395770684,0.7536,0.7536,0,0.03208206593990326
578,TX,0.06807572513759858,0.767,0.767,66,0.03208206593990326
579,CA,0.9312000866500151,0.7742,0.7742,932,0.032204121351242065
579,NY,0.0010945415666481714,0.7568,0.7568,0,0.032204121351242065
579,TX,0.06770537178333681,0.7648,0.7648,68,0.032204121351242065
580,CA,0.9315442442681376,0.7788,0.7788,927,0.03720342367887497
580,NY,0.0010842076969277963,0.7566,0.7566,1,0.03720342367887497
580,TX,0.06737154803493463,0.7658,0.7658,72,0.03720342367887497
581,CA,0.9320157534560459,0.7784,0.7784,936,0.03710632026195526
581,NY,0.0010712183659394583,0.7532,0.7532,1,0.03710632026195526
581,TX,0.0669130281780145,0.7624,0.7624,63,0.03710632026195526
582,CA,0.9325913355472415,0.7772,0.7772,930,0.03726954758167267
582,NY,0.0010566913331673407,0.7528,0.7528,3,0.03726954758167267
582,TX,0.06635197311959125,0.766,0.766,67,0.03726954758167267
583,CA,0.9329950062247159,0.7738,0.7738,918,0.036880381405353546
583,NY,0.0010426346370679483,0.7584,0.7584,2,0.036880381405353546
583,TX,0.06596235913821605,0.7652,0.7652,80,0.036880381405353546
584,CA,0.9333019324212145,0.7756,0.7756,934,0.03221375495195389
584,NY,0.001033922576861048,0.759,0.759,0,0.03221375495195389
584,TX,0.06566414500192452,0.7656,0.7656,66,0.03221375495195389
585,CA,0.9336562362249529,0.774,0.774,945,0.03661029040813446
585,NY,0.0010246453161691339,0.7478,0.7478,2,0.03661029040813446
585,TX,0.0653191184588781,0.761,0.761,53,0.03661029040813446
586,CA,0.9341174997853059,0.7742,0.7742,941,0.03766363859176636
586,NY,0.001010011188044417,0.754,0.754,2,0.03766363859176636
586,TX,0.0648724890266496,0.7668,0.7668,57,0.03766363859176636
587,CA,0.9343810659458212,0.7746,0.7746,925,0.038221679627895355
587,NY,0.000998793528737307,0.7484,0.7484,1,0.038221679627895355
587,TX,0.06462014052544154,0.7608,0.7608,74,0.038221679627895355
588,CA,0.9348646323048326,0.7792,0.7792,951,0.031230568885803223
588,NY,0.0009845567204897624,0.7478,0.7478,0,0.031230568885803223
588,TX,0.06415081097467767,0.7622,0.7622,49,0.031230568885803223
589,CA,0.9354542749537534,0.7746,0.7746,937,0.03792127966880798
589,NY,0.0009677909134046977,0.7594,0.7594,1,0.03792127966880798
589,TX,0.06357793413284182,0.7672,0.7672,62,0.03792127966880798
590,CA,0.935710104157026,0.7704,0.7704,929,0.03245127201080322
590,NY,0.0009597638894035217,0.7472,0.7472,0,0.03245127201080322
590,TX,0.0633301319535704,0.7564,0.7564,71,0.03245127201080322
591,CA,0.9361907259727453,0.7702,0.7702,930,0.038075461983680725
591,NY,0.0009476732923629844,0.752,0.752,2,0.038075461983680725
591,TX,0.0628616007348918,0.759,0.759,68,0.038075461983680725
592,CA,0.936572348032482,0.782,0.782,927,0.03180384635925293
592,NY,0.0009383122870884243,0.758,0.758,0,0.03180384635925293
592,TX,0.062489339680429565,0.7632,0.7632,73,0.03180384635925293
593,CA,0.937202050556485,0.7752,0.7752,949,0.03163708746433258
593,NY,0.0009262974603396675,0.7528,0.7528,0,0.03163708746433258
593,TX,0.061871651983175395,0.7658,0.7658,51,0.03163708746433258
594,CA,0.9375201602473054,0.7722,0.7722,940,0.03810444474220276
594,NY,0.0009149196054133281,0.7516,0.7516,1,0.03810444474220276
594,TX,0.06156492014728128,0.7636,0.7636,59,0.03810444474220276
595,CA,0.937810311866377,0.7766,0.7766,947,0.03169793635606766
595,NY,0.0009045644727794023,0.7456,0.7456,0,0.03169793635606766
595,TX,0.06128512366084352,0.7614,0.7614,53,0.03169793635606766
596,CA,0.9383171147484839,0.7714,0.7714,935,0.03752649575471878
596,NY,0.0008892609797505219,0.7518,0.7518,2,0.03752649575471878
596,TX,0.060793624271765545,0.7624,0.7624,63,0.03752649575471878
597,CA,0.9386162660344682,0.7726,0.7726,936,0.03794100135564804
597,NY,0.0008797019529951124,0.7548,0.7548,3,0.03794100135564804
597,TX,0.06050403201253657,0.7644,0.7644,61,0.03794100135564804
598,CA,0.9388873451297176,0.7706,0.7706,945,0.032437682151794434
598,NY,0.0008711197218825876,0.7526,0.7526,0,0.032437682151794434
598,TX,0.06024153514839983,0.7634,0.7634,55,0.032437682151794434
599,CA,0.9391257169449104,0.7718,0.7718,948,0.03732467442750931
599,NY,0.0008624827973043914,0.7472,0.7472,3,0.03732467442750931
599,TX,0.06001180025778522,0.7572,0.7572,49,0.03732467442750931
600,CA,0.939601610662367,,,0,
600,NY,0.0008509389135216886,,,0,
600,TX,0.05954745042411124,,,0,
