t,state,p,acc,fitness,sample_count,step_seconds
0,CA,0.3333333333333333,0.7752,0.7752,327,0.05920035392045975
0,NY,0.3333333333333333,0.7548,0.7548,317,0.05920035392045975
0,TX,0.3333333333333333,0.7674,0.7674,356,0.05920035392045975
1,CA,0.33510778872654506,0.7738,0.7738,329,0.04350610822439194
1,NY,0.3312568429795749,0.7562,0.7562,324,0.04350610822439194
1,TX,0.33363536829388,0.7664,0.7664,347,0.04350610822439194
2,CA,0.3366830169479669,0.7726,0.7726,317,0.038512878119945526
2,NY,0.3295117221362703,0.7552,0.7552,340,0.038512878119945526
2,TX,0.33380526091576274,0.7716,0.7716,343,0.038512878119945526
3,CA,0.3378393838726572,0.774,0.774,350,0.03820699453353882
3,NY,0.32739783289275226,0.7558,0.7558,308,0.03820699453353882
3,TX,0.33476278323459047,0.769,0.769,342,0.03820699453353882
4,CA,0.33929918408453386,0.7776,0.7776,345,0.03892131149768829
4,NY,0.325439128707599,0.7482,0.7482,344,0.03892131149768829
4,TX,0.33526168720786714,0.7716,0.7716,311,0.03892131149768829
5,CA,0.3415239081151252,0.7746,0.7746,337,0.03962261974811554
5,NY,0.3221551949860911,0.7572,0.7572,331,0.03962261974811554
5,TX,0.3363208968987837,0.7662,0.7662,332,0.03962261974811554
6,CA,0.34315413116280585,0.7776,0.7776,333,0.03838343918323517
6,NY,0.3205191457421871,0.7544,0.7544,320,0.03838343918323517
6,TX,0.336326723095007,0.766,0.766,347,0.03838343918323517
7,CA,0.3453567976559894,0.7744,0.7744,336,0.037753187119960785
7,NY,0.3183664762920279,0.7538,0.7538,315,0.037753187119960785
7,TX,0.33627672605198256,0.7636,0.7636,349,0.037753187119960785
8,CA,0.3473515906347368,0.776,0.776,340,0.03753739595413208
8,NY,0.31648792933554376,0.7522,0.7522,289,0.03753739595413208
8,TX,0.3361604800297196,0.7658,0.7658,371,0.03753739595413208
9,CA,0.34950871465714456,0.7752,0.7752,339,0.03795430064201355
9,NY,0.31418582150710156,0.7572,0.7572,322,0.03795430064201355
9,TX,0.336305463835754,0.77,0.77,339,0.03795430064201355
10,CA,0.3509725765917476,0.77,0.77,367,0.03786899894475937
10,NY,0.3123026452999678,0.7486,0.7486,274,0.03786899894475937
10,TX,0.33672477810828455,0.7624,0.7624,359,0.03786899894475937
11,CA,0.35281486517395605,0.7704,0.7704,372,0.037373706698417664
11,NY,0.3101462693646539,0.753,0.753,303,0.037373706698417664
11,TX,0.33703886546139,0.7718,0.7718,325,0.037373706698417664
12,CA,0.3537990217166458,0.77,0.77,366,0.03772885352373123
12,NY,0.30795469487715454,0.7502,0.7502,320,0.03772885352373123
12,TX,0.33824628340619967,0.7624,0.7624,314,0.03772885352373123
13,CA,0.3555401994375643,0.7782,0.7782,359,0.037818409502506256
13,NY,0.3060083848118764,0.7544,0.7544,301,0.037818409502506256
13,TX,0.3384514157505592,0.7704,0.7704,340,0.037818409502506256
14,CA,0.3575353602699473,0.7768,0.7768,366,0.038083516061306
14,NY,0.303606893155307,0.7532,0.7532,313,0.038083516061306
14,TX,0.33885774657474566,0.7658,0.7658,321,0.038083516061306
15,CA,0.3597407276164331,0.7792,0.7792,340,0.03909967094659805
15,NY,0.30142214273932777,0.757,0.757,320,0.03909967094659805
15,TX,0.33883712964423907,0.7692,0.7692,340,0.03909967094659805
16,CA,0.36179042795534166,0.7732,0.7732,347,0.03763337433338165
16,NY,0.2993571310534649,0.7546,0.7546,283,0.03763337433338165
16,TX,0.33885244099119344,0.7724,0.7724,370,0.03763337433338165
17,CA,0.36298573527137085,0.7732,0.7732,333,0.03793200105428696
17,NY,0.29719568281417025,0.758,0.758,313,0.03793200105428696
17,TX,0.3398185819144589,0.7672,0.7672,354,0.03793200105428696
18,CA,0.36433283102601133,0.7712,0.7712,369,0.03793605417013168
18,NY,0.2957415840039281,0.7572,0.7572,287,0.03793605417013168
18,TX,0.33992558497006065,0.7654,0.7654,344,0.03793605417013168
19,CA,0.36559440222897155,0.7802,0.7802,359,0.03782082349061966
19,NY,0.29441993648939635,0.75,0.75,308,0.03782082349061966
19,TX,0.33998566128163216,0.7706,0.7706,333,0.03782082349061966
20,CA,0.36810787148263396,0.7732,0.7732,370,0.0386161133646965
20,NY,0.29141508798058025,0.7452,0.7452,280,0.0386161133646965
20,TX,0.3404770405367858,0.7638,0.7638,350,0.0386161133646965
21,CA,0.3704813815231854,0.7706,0.7706,398,0.04059767723083496
21,NY,0.28866278568315373,0.747,0.747,261,0.04059767723083496
21,TX,0.3408558327936607,0.7578,0.7578,341,0.04059767723083496
22,CA,0.3728345805688115,0.777,0.777,363,0.03732181340456009
22,NY,0.2866243234050276,0.7538,0.7538,304,0.03732181340456009
22,TX,0.34054109602616084,0.775,0.775,333,0.03732181340456009
23,CA,0.37437902921474087,0.775,0.775,366,0.037231139838695526
23,NY,0.2840540643813656,0.7582,0.7582,297,0.037231139838695526
23,TX,0.3415669064038935,0.7644,0.7644,337,0.037231139838695526
24,CA,0.3761576120708712,0.7662,0.7662,356,0.03829292953014374
24,NY,0.2827022513377108,0.7516,0.7516,297,0.03829292953014374
24,TX,0.34114013659141795,0.7644,0.7644,347,0.03829292953014374
25,CA,0.37717015550973637,0.7726,0.7726,382,0.038410067558288574
25,NY,0.28112002915832207,0.7546,0.7546,277,0.038410067558288574
25,TX,0.3417098153319414,0.7636,0.7636,341,0.038410067558288574
26,CA,0.37890920229403174,0.774,0.774,393,0.03798038512468338
26,NY,0.2795483937595342,0.7576,0.7576,283,0.03798038512468338
26,TX,0.3415424039464341,0.765,0.765,324,0.03798038512468338
27,CA,0.3805520707447448,0.776,0.776,376,0.03785662353038788
27,NY,0.2781649245059265,0.7502,0.7502,293,0.03785662353038788
27,TX,0.3412830047493287,0.757,0.757,331,0.03785662353038788
28,CA,0.383501976617084,0.7762,0.7762,387,0.03720024973154068
28,NY,0.2762489281288112,0.7528,0.7528,258,0.03720024973154068
28,TX,0.3402490952541048,0.7654,0.7654,355,0.03720024973154068
29,CA,0.38570365244413224,0.77,0.77,371,0.03747105598449707
29,NY,0.2741746168221993,0.752,0.752,279,0.03747105598449707
29,TX,0.34012173073366847,0.766,0.766,350,0.03747105598449707
30,CA,0.38708044071812064,0.7758,0.7758,409,0.037878863513469696
30,NY,0.2723551275656827,0.755,0.755,269,0.037878863513469696
30,TX,0.3405644317161967,0.765,0.765,322,0.037878863513469696
31,CA,0.3891277731280566,0.7752,0.7752,381,0.037566401064395905
31,NY,0.2705886818675133,0.7538,0.7538,271,0.037566401064395905
31,TX,0.3402835450044301,0.7668,0.7668,348,0.037566401064395905
32,CA,0.39103293076063134,0.772,0.772,378,0.037239134311676025
32,NY,0.2686355643120526,0.7594,0.7594,284,0.037239134311676025
32,TX,0.34033150492731606,0.7688,0.7688,338,0.037239134311676025
33,CA,0.3920226926924386,0.774,0.774,393,0.03837733715772629
33,NY,0.267400522991682,0.7576,0.7576,277,0.03837733715772629
33,TX,0.34057678431587946,0.7706,0.7706,330,0.03837733715772629
34,CA,0.3932515104802004,0.7794,0.7794,388,0.03896334022283554
34,NY,0.2657589338140246,0.7556,0.7556,270,0.03896334022283554
34,TX,0.340989555705775,0.7662,0.7662,342,0.03896334022283554
35,CA,0.39565875508228127,0.7684,0.7684,429,0.03808939456939697
35,NY,0.2638093837842149,0.7494,0.7494,244,0.03808939456939697
35,TX,0.34053186113350387,0.76,0.76,327,0.03808939456939697
36,CA,0.39742808900626964,0.7754,0.7754,401,0.03803175687789917
36,NY,0.2621420152049273,0.755,0.755,261,0.03803175687789917
36,TX,0.34042989578880306,0.7666,0.7666,338,0.03803175687789917
37,CA,0.39930461833719144,0.7784,0.7784,390,0.03760586678981781
37,NY,0.2603534360830334,0.7582,0.7582,284,0.03760586678981781
37,TX,0.34034194557977526,0.7676,0.7676,326,0.03760586678981781
38,CA,0.4013208885159999,0.7712,0.7712,368,0.03738774359226227
38,NY,0.2586959154146719,0.751,0.751,269,0.03738774359226227
38,TX,0.3399831960693282,0.7672,0.7672,363,0.03738774359226227
39,CA,0.4028186292837638,0.7724,0.7724,406,0.03764921426773071
39,NY,0.2567000163859315,0.7502,0.7502,257,0.03764921426773071
39,TX,0.3404813543303048,0.7618,0.7618,337,0.03764921426773071
40,CA,0.4049452183168121,0.775,0.775,406,0.03735612332820892
40,NY,0.2548229636343521,0.7528,0.7528,238,0.03735612332820892
40,TX,0.3402318180488358,0.7734,0.7734,356,0.03735612332820892
41,CA,0.40636496379634723,0.7722,0.7722,398,0.03756798058748245
41,NY,0.2525181221514841,0.7452,0.7452,262,0.03756798058748245
41,TX,0.34111691405216865,0.7598,0.7598,340,0.03756798058748245
42,CA,0.408914121562441,0.7728,0.7728,435,0.0379948616027832
42,NY,0.2502308639456973,0.7518,0.7518,244,0.0379948616027832
42,TX,0.3408550144918618,0.767,0.767,321,0.0379948616027832
43,CA,0.4105890430475506,0.7772,0.7772,412,0.037471115589141846
43,NY,0.24827952228317599,0.7578,0.7578,250,0.037471115589141846
43,TX,0.3411314346692734,0.7746,0.7746,338,0.037471115589141846
44,CA,0.4119109881712393,0.777,0.777,377,0.03755706548690796
44,NY,0.24635993362127875,0.7466,0.7466,268,0.03755706548690796
44,TX,0.341729078207482,0.7636,0.7636,355,0.03755706548690796
45,CA,0.414727614529857,0.7756,0.7756,424,0.03735492378473282
45,NY,0.24380111233685206,0.7568,0.7568,222,0.03735492378473282
45,TX,0.34147127313329106,0.7636,0.7636,354,0.03735492378473282
46,CA,0.41676522850395004,0.7786,0.7786,424,0.037507422268390656
46,NY,0.2424048993294506,0.7562,0.7562,234,0.037507422268390656
46,TX,0.3408298721665993,0.7698,0.7698,342,0.037507422268390656
47,CA,0.4187497748532378,0.775,0.775,397,0.03773830085992813
47,NY,0.24049175233131626,0.7618,0.7618,246,0.03773830085992813
47,TX,0.3407584728154459,0.7668,0.7668,357,0.03773830085992813
48,CA,0.4201626363657463,0.7776,0.7776,414,0.037513963878154755
48,NY,0.2395086914505061,0.7588,0.7588,230,0.037513963878154755
48,TX,0.3403286721837475,0.7604,0.7604,356,0.037513963878154755
49,CA,0.42262487718318487,0.7732,0.7732,429,0.03963649272918701
49,NY,0.2383643604484757,0.7542,0.7542,234,0.03963649272918701
49,TX,0.3390107623683395,0.7672,0.7672,337,0.03963649272918701
50,CA,0.42419491207645377,0.774,0.774,426,0.03726276755332947
50,NY,0.23668629046139583,0.751,0.751,221,0.03726276755332947
50,TX,0.3391187974621505,0.7694,0.7694,353,0.03726276755332947
51,CA,0.4258762665712556,0.7726,0.7726,401,0.03721354156732559
51,NY,0.2345436161375599,0.7588,0.7588,236,0.03721354156732559
51,TX,0.33958011729118454,0.7668,0.7668,363,0.03721354156732559
52,CA,0.4271307835095105,0.7658,0.7658,441,0.03777194023132324
52,NY,0.23340317681516198,0.7476,0.7476,240,0.03777194023132324
52,TX,0.33946603967532746,0.7566,0.7566,319,0.03777194023132324
53,CA,0.4289212407259107,0.7784,0.7784,401,0.03771078586578369
53,NY,0.23196580452789192,0.7598,0.7598,270,0.03771078586578369
53,TX,0.3391129547461973,0.765,0.765,329,0.03771078586578369
54,CA,0.4310685061901871,0.7756,0.7756,426,0.037271738052368164
54,NY,0.23068883310664942,0.7526,0.7526,235,0.037271738052368164
54,TX,0.3382426607031635,0.7712,0.7712,339,0.037271738052368164
55,CA,0.4327242713823943,0.778,0.778,440,0.03770199418067932
55,NY,0.22857525033526552,0.752,0.752,254,0.03770199418067932
55,TX,0.3387004782823402,0.7636,0.7636,306,0.03770199418067932
56,CA,0.43537379355024924,0.775,0.775,427,0.04017411917448044
56,NY,0.2266118300024866,0.7496,0.7496,229,0.04017411917448044
56,TX,0.33801437644726423,0.7672,0.7672,344,0.04017411917448044
57,CA,0.4374420819706503,0.7788,0.7788,390,0.037201374769210815
57,NY,0.224430184485506,0.7606,0.7606,254,0.037201374769210815
57,TX,0.3381277335438438,0.7742,0.7742,356,0.037201374769210815
58,CA,0.4388334853254608,0.7732,0.7732,445,0.03805122524499893
58,NY,0.22284045804005428,0.7558,0.7558,204,0.03805122524499893
58,TX,0.338326056634485,0.7654,0.7654,351,0.03805122524499893
59,CA,0.44045211136697443,0.761,0.761,434,0.03798472881317139
59,NY,0.22146765213939126,0.7466,0.7466,231,0.03798472881317139
59,TX,0.33808023649363433,0.7582,0.7582,335,0.03798472881317139
60,CA,0.44148896081512223,0.7748,0.7748,448,0.03820512443780899
60,NY,0.22017375740661618,0.752,0.752,199,0.03820512443780899
60,TX,0.3383372817782616,0.7628,0.7628,353,0.03820512443780899
61,CA,0.4437592662884225,0.7698,0.7698,457,0.03774121403694153
61,NY,0.21846296409030155,0.754,0.754,211,0.03774121403694153
61,TX,0.33777776962127587,0.77,0.77,332,0.03774121403694153
62,CA,0.444609435316519,0.7756,0.7756,451,0.03661677986383438
62,NY,0.21692742455135577,0.7516,0.7516,214,0.03661677986383438
62,TX,0.33846314013212525,0.7648,0.7648,335,0.03661677986383438
63,CA,0.4468395208958239,0.7756,0.7756,465,0.03812871873378754
63,NY,0.21506867670411997,0.7564,0.7564,207,0.03812871873378754
63,TX,0.338091802400056,0.765,0.765,328,0.03812871873378754
64,CA,0.44878903145718774,0.7748,0.7748,443,0.03752686828374863
64,NY,0.21367126029909023,0.7492,0.7492,226,0.03752686828374863
64,TX,0.33753970824372204,0.767,0.767,331,0.03752686828374863
65,CA,0.450847361007706,0.7684,0.7684,466,0.03959093987941742
65,NY,0.21155507986501057,0.7524,0.7524,197,0.03959093987941742
65,TX,0.33759755912728334,0.7656,0.7656,337,0.03959093987941742
66,CA,0.45195402847242033,0.7726,0.7726,484,0.03835982084274292
66,NY,0.21015558022787423,0.7504,0.7504,206,0.03835982084274292
66,TX,0.33789039129970533,0.7644,0.7644,310,0.03835982084274292
67,CA,0.4538579878464092,0.7752,0.7752,465,0.037708573043346405
67,NY,0.2083978372271543,0.7512,0.7512,244,0.037708573043346405
67,TX,0.33774417492643655,0.767,0.767,291,0.037708573043346405
68,CA,0.4558535154549757,0.7686,0.7686,460,0.21396464109420776
68,NY,0.20648427911056236,0.748,0.748,205,0.21396464109420776
68,TX,0.337662205434462,0.7608,0.7608,335,0.21396464109420776
69,CA,0.4576356555514699,0.7788,0.7788,454,0.03831326216459274
69,NY,0.20487706557224283,0.7528,0.7528,233,0.03831326216459274
69,TX,0.3374872788762873,0.7726,0.7726,313,0.03831326216459274
70,CA,0.45955240990951146,0.7708,0.7708,461,0.03790111839771271
70,NY,0.20272802187398495,0.7526,0.7526,190,0.03790111839771271
70,TX,0.3377195682165036,0.7592,0.7592,349,0.03790111839771271
71,CA,0.4615351231460754,0.777,0.777,472,0.03771936893463135
71,NY,0.20151008473360563,0.7604,0.7604,191,0.03771936893463135
71,TX,0.3369547921203189,0.7712,0.7712,337,0.03771936893463135
72,CA,0.4629156394924418,0.774,0.774,477,0.038497455418109894
72,NY,0.20022477511515405,0.7568,0.7568,196,0.038497455418109894
72,TX,0.3368595853924042,0.7686,0.7686,327,0.038497455418109894
73,CA,0.46429305300618334,0.7772,0.7772,440,0.03747808188199997
73,NY,0.19887347107268274,0.755,0.755,191,0.03747808188199997
73,TX,0.33683347592113383,0.7618,0.7618,369,0.03747808188199997
74,CA,0.4668152597914559,0.7788,0.7788,481,0.03927558660507202
74,NY,0.1974560881340331,0.7564,0.7564,182,0.03927558660507202
74,TX,0.3357286520745109,0.7652,0.7652,337,0.03927558660507202
75,CA,0.4691862291607193,0.7758,0.7758,490,0.03807331621646881
75,NY,0.19595982774765233,0.7472,0.7472,198,0.03807331621646881
75,TX,0.33485394309162847,0.7598,0.7598,312,0.03807331621646881
76,CA,0.47210053253615425,0.775,0.775,485,0.03714387118816376
76,NY,0.19400139456907023,0.7564,0.7564,162,0.03714387118816376
76,TX,0.33389807289477547,0.7662,0.7662,353,0.03714387118816376
77,CA,0.4738482260085764,0.7702,0.7702,465,0.03659529983997345
77,NY,0.19267913662466787,0.7424,0.7424,199,0.03659529983997345
77,TX,0.33347263736675575,0.7604,0.7604,336,0.03659529983997345
78,CA,0.4761681434149651,0.778,0.778,454,0.03736887127161026
78,NY,0.1905817433951256,0.7518,0.7518,203,0.03736887127161026
78,TX,0.3332501131899093,0.7684,0.7684,343,0.03736887127161026
79,CA,0.4783723267143383,0.7728,0.7728,471,0.03716859221458435
79,NY,0.18864259942527822,0.7586,0.7586,179,0.03716859221458435
79,TX,0.33298507386038345,0.7674,0.7674,350,0.03716859221458435
80,CA,0.4795834166796255,0.7754,0.7754,484,0.037926897406578064
80,NY,0.18760534480473684,0.7562,0.7562,194,0.037926897406578064
80,TX,0.3328112385156377,0.7714,0.7714,322,0.037926897406578064
81,CA,0.4809197384954229,0.7812,0.7812,481,0.03964034467935562
81,NY,0.18609358792902825,0.761,0.761,183,0.03964034467935562
81,TX,0.3329866735755488,0.7672,0.7672,336,0.03964034467935562
82,CA,0.483204162377338,0.774,0.774,478,0.03782077133655548
82,NY,0.18485710321444562,0.7572,0.7572,189,0.03782077133655548
82,TX,0.33193873440821636,0.7644,0.7644,333,0.03782077133655548
83,CA,0.4849241427123562,0.7758,0.7758,493,0.03803931921720505
83,NY,0.1837582567795624,0.752,0.752,177,0.03803931921720505
83,TX,0.33131760050808146,0.7672,0.7672,330,0.03803931921720505
84,CA,0.48690454782306997,0.7756,0.7756,481,0.03765982389450073
84,NY,0.18203585449952744,0.7582,0.7582,175,0.03765982389450073
84,TX,0.33105959767740273,0.767,0.767,344,0.03765982389450073
85,CA,0.4885594580777649,0.7746,0.7746,483,0.037572383880615234
85,NY,0.1808646408811817,0.7616,0.7616,204,0.037572383880615234
85,TX,0.3305759010410533,0.7702,0.7702,313,0.037572383880615234
86,CA,0.48960946547029444,0.7714,0.7714,494,0.0406729057431221
86,NY,0.1799255648970894,0.7468,0.7468,176,0.0406729057431221
86,TX,0.33046496963261623,0.766,0.766,330,0.0406729057431221
87,CA,0.49133211785047537,0.7766,0.7766,486,0.0377059131860733
87,NY,0.1780511433836481,0.746,0.746,191,0.0377059131860733
87,TX,0.3306167387658765,0.767,0.767,323,0.0377059131860733
88,CA,0.49372830522851796,0.7702,0.7702,492,0.037549130618572235
88,NY,0.1758377912966879,0.7564,0.7564,168,0.037549130618572235
88,TX,0.3304339034747941,0.764,0.764,340,0.037549130618572235
89,CA,0.494979665866721,0.7676,0.7676,463,0.036525920033454895
89,NY,0.1749091963142035,0.7492,0.7492,183,0.036525920033454895
89,TX,0.3301111378190756,0.7604,0.7604,354,0.036525920033454895
90,CA,0.49655144091077846,0.7734,0.7734,505,0.038038745522499084
90,NY,0.17363809334386213,0.7568,0.7568,168,0.038038745522499084
90,TX,0.3298104657453594,0.7702,0.7702,327,0.038038745522499084
91,CA,0.49765647339870034,0.7798,0.7798,499,0.03781849890947342
91,NY,0.17239554478493957,0.7536,0.7536,188,0.03781849890947342
91,TX,0.3299479818163601,0.767,0.767,313,0.03781849890947342
92,CA,0.5001123847222936,0.775,0.775,465,0.03765752166509628
92,NY,0.17069599221234316,0.7522,0.7522,176,0.03765752166509628
92,TX,0.32919162306536337,0.7628,0.7628,359,0.03765752166509628
93,CA,0.5023504639877774,0.7732,0.7732,513,0.03782367706298828
93,NY,0.16925746856516263,0.747,0.747,161,0.03782367706298828
93,TX,0.32839206744706007,0.7608,0.7608,326,0.03782367706298828
94,CA,0.5047720167335578,0.777,0.777,529,0.03712823987007141
94,NY,0.16756043786907507,0.755,0.755,147,0.03712823987007141
94,TX,0.3276675453973673,0.771,0.771,324,0.03712823987007141
95,CA,0.5063827341244617,0.7698,0.7698,493,0.037518590688705444
95,NY,0.16601403228458766,0.7554,0.7554,184,0.037518590688705444
95,TX,0.3276032335909507,0.7694,0.7694,323,0.037518590688705444
96,CA,0.5071052669690932,0.7716,0.7716,512,0.03835362195968628
96,NY,0.16489820699561356,0.7466,0.7466,169,0.03835362195968628
96,TX,0.32799652603529317,0.7514,0.7514,319,0.03835362195968628
97,CA,0.5102005638803527,0.7764,0.7764,538,0.03793840855360031
97,NY,0.16356355098850828,0.7526,0.7526,125,0.03793840855360031
97,TX,0.326235885131139,0.7668,0.7668,337,0.03793840855360031
98,CA,0.5122261342188862,0.7744,0.7744,515,0.03729810565710068
98,NY,0.16201281646573917,0.7562,0.7562,173,0.03729810565710068
98,TX,0.3257610493153746,0.7666,0.7666,312,0.03729810565710068
99,CA,0.5138157573487103,0.7736,0.7736,520,0.03806827962398529
99,NY,0.16084868027362662,0.7544,0.7544,177,0.03806827962398529
99,TX,0.325335562377663,0.7634,0.7634,303,0.03806827962398529
100,CA,0.5156785260589166,0.779,0.779,520,0.03810936212539673
100,NY,0.15968424475701562,0.7556,0.7556,164,0.03810936212539673
100,TX,0.32463722918406773,0.7682,0.7682,316,0.03810936212539673
101,CA,0.5177865469738531,0.7718,0.7718,549,0.03738294541835785
101,NY,0.15822802539123593,0.752,0.752,157,0.03738294541835785
101,TX,0.32398542763491106,0.766,0.766,294,0.03738294541835785
102,CA,0.5192554056880763,0.7748,0.7748,531,0.03809848427772522
102,NY,0.15690366091045096,0.7528,0.7528,151,0.03809848427772522
102,TX,0.32384093340147285,0.766,0.766,318,0.03809848427772522
103,CA,0.5211056657424995,0.7746,0.7746,536,0.040816888213157654
103,NY,0.15551088392387497,0.7528,0.7528,147,0.040816888213157654
103,TX,0.32338345033362553,0.7702,0.7702,317,0.040816888213157654
104,CA,0.5225228387387012,0.7804,0.7804,506,0.03819136321544647
104,NY,0.15401824123901314,0.7548,0.7548,148,0.03819136321544647
104,TX,0.32345892002228555,0.765,0.765,346,0.03819136321544647
105,CA,0.5251551433052769,0.7764,0.7764,522,0.03792015463113785
105,NY,0.1525683837787679,0.752,0.752,136,0.03792015463113785
105,TX,0.3222764729159551,0.7606,0.7606,342,0.03792015463113785
106,CA,0.5277739994959914,0.7718,0.7718,545,0.03755398839712143
106,NY,0.15122313974244098,0.7594,0.7594,135,0.03755398839712143
106,TX,0.32100286076156775,0.7668,0.7668,320,0.03755398839712143
107,CA,0.5288126968802142,0.7678,0.7678,504,0.038315609097480774
107,NY,0.15046033485555346,0.7486,0.7486,145,0.038315609097480774
107,TX,0.3207269682642325,0.7598,0.7598,351,0.038315609097480774
108,CA,0.5304494307881537,0.777,0.777,523,0.037880778312683105
108,NY,0.1492868251683724,0.7576,0.7576,140,0.037880778312683105
108,TX,0.3202637440434739,0.7688,0.7688,337,0.037880778312683105
109,CA,0.5321030306706966,0.7748,0.7748,573,0.03717301785945892
109,NY,0.148117319191377,0.7552,0.7552,129,0.03717301785945892
109,TX,0.31977965013792636,0.764,0.764,298,0.03717301785945892
110,CA,0.5340156901510619,0.7776,0.7776,512,0.038061805069446564
110,NY,0.14700811812144488,0.7568,0.7568,158,0.038061805069446564
110,TX,0.3189761917274933,0.7654,0.7654,330,0.038061805069446564
111,CA,0.5361115431916497,0.775,0.775,540,0.037221089005470276
111,NY,0.1458581631965214,0.7502,0.7502,150,0.037221089005470276
111,TX,0.3180302936118291,0.766,0.766,310,0.037221089005470276
112,CA,0.538075763785409,0.7734,0.7734,515,0.04086796194314957
112,NY,0.14434719030885232,0.749,0.749,135,0.04086796194314957
112,TX,0.31757704590573854,0.7638,0.7638,350,0.04086796194314957
113,CA,0.5400768594289597,0.7746,0.7746,531,0.037617526948451996
113,NY,0.14289057336952257,0.752,0.752,139,0.037617526948451996
113,TX,0.3170325672015178,0.7598,0.7598,330,0.037617526948451996
114,CA,0.5424984485573527,0.7744,0.7744,589,0.03792054206132889
114,NY,0.14170335555773186,0.757,0.757,138,0.03792054206132889
114,TX,0.3157981958849154,0.7704,0.7704,273,0.03792054206132889
115,CA,0.5436408883058503,0.7718,0.7718,558,0.03805539011955261
115,NY,0.14060927861579295,0.7504,0.7504,146,0.03805539011955261
115,TX,0.31574983307835675,0.7632,0.7632,296,0.03805539011955261
116,CA,0.5454030243210167,0.775,0.775,557,0.037989504635334015
116,NY,0.1393612444626892,0.7506,0.7506,116,0.037989504635334015
116,TX,0.31523573121629417,0.7672,0.7672,327,0.037989504635334015
117,CA,0.54720935564276,0.7708,0.7708,581,0.0381283238530159
117,NY,0.13790072665474187,0.7514,0.7514,132,0.0381283238530159
117,TX,0.3148899177024982,0.7634,0.7634,287,0.0381283238530159
118,CA,0.5487605181355296,0.7778,0.7778,554,0.03708357363939285
118,NY,0.13677657684517422,0.7572,0.7572,156,0.03708357363939285
118,TX,0.31446290501929625,0.77,0.77,290,0.03708357363939285
119,CA,0.5503921929556078,0.7754,0.7754,542,0.03854566812515259
119,NY,0.13559367467621733,0.7526,0.7526,140,0.03854566812515259
119,TX,0.3140141323681748,0.7678,0.7678,318,0.03854566812515259
120,CA,0.5520956986904707,0.7748,0.7748,570,0.03929276764392853
120,NY,0.13426664001935049,0.754,0.754,133,0.03929276764392853
120,TX,0.3136376612901789,0.761,0.761,297,0.03929276764392853
121,CA,0.5543197696034714,0.7732,0.7732,535,0.03734106570482254
121,NY,0.1332276275150033,0.7556,0.7556,136,0.03734106570482254
121,TX,0.3124526028815253,0.7704,0.7704,329,0.03734106570482254
122,CA,0.5553281021052244,0.7768,0.7768,545,0.037922754883766174
122,NY,0.13214521052452632,0.7572,0.7572,127,0.037922754883766174
122,TX,0.3125266873702492,0.7626,0.7626,328,0.037922754883766174
123,CA,0.5575333602599837,0.775,0.775,554,0.0365898534655571
123,NY,0.13120647976384447,0.7528,0.7528,141,0.0365898534655571
123,TX,0.3112601599761719,0.7588,0.7588,305,0.0365898534655571
124,CA,0.5600433636935133,0.7776,0.7776,553,0.03802270442247391
124,NY,0.13014877581334847,0.7616,0.7616,129,0.03802270442247391
124,TX,0.30980786049313835,0.7698,0.7698,318,0.03802270442247391
125,CA,0.5614643592746907,0.7694,0.7694,573,0.03719157725572586
125,NY,0.12930457327545253,0.742,0.742,108,0.03719157725572586
125,TX,0.3092310674498567,0.7536,0.7536,319,0.03719157725572586
126,CA,0.5641517789398746,0.7762,0.7762,541,0.038118042051792145
126,NY,0.12791155593934697,0.7542,0.7542,138,0.038118042051792145
126,TX,0.30793666512077833,0.7666,0.7666,321,0.038118042051792145
127,CA,0.5659904820347705,0.7718,0.7718,556,0.036995209753513336
127,NY,0.12673897450559676,0.7526,0.7526,133,0.036995209753513336
127,TX,0.3072705434596326,0.7644,0.7644,311,0.036995209753513336
128,CA,0.5674981702051505,0.774,0.774,556,0.03790580481290817
128,NY,0.12569952495039285,0.7606,0.7606,129,0.03790580481290817
128,TX,0.30680230484445664,0.7716,0.7716,315,0.03790580481290817
129,CA,0.5682736039363155,0.771,0.771,563,0.04693928360939026
129,NY,0.12492050653531186,0.7592,0.7592,119,0.04693928360939026
129,TX,0.3068058895283725,0.7676,0.7676,318,0.04693928360939026
130,CA,0.5690824664566945,0.7788,0.7788,564,0.037896186113357544
130,NY,0.1242647965508278,0.7556,0.7556,129,0.037896186113357544
130,TX,0.3066527369924778,0.7656,0.7656,307,0.037896186113357544
131,CA,0.571308462353076,0.7774,0.7774,564,0.03758304566144943
131,NY,0.1231238015914642,0.7516,0.7516,139,0.03758304566144943
131,TX,0.3055677360554599,0.7636,0.7636,297,0.03758304566144943
132,CA,0.573694853754177,0.771,0.771,586,0.037281133234500885
132,NY,0.12184341820047752,0.7518,0.7518,116,0.037281133234500885
132,TX,0.3044617280453455,0.759,0.759,298,0.037281133234500885
133,CA,0.5756427868087236,0.7734,0.7734,568,0.03793036937713623
133,NY,0.12093169719234242,0.7506,0.7506,120,0.03793036937713623
133,TX,0.30342551599893397,0.761,0.761,312,0.03793036937713623
134,CA,0.5777668861657953,0.7752,0.7752,584,0.03829624503850937
134,NY,0.11981741569746007,0.7612,0.7612,125,0.03829624503850937
134,TX,0.30241569813674457,0.7622,0.7622,291,0.03829624503850937
135,CA,0.5795981603444276,0.773,0.773,585,0.03776136040687561
135,NY,0.11924925838118688,0.7548,0.7548,116,0.03776136040687561
135,TX,0.30115258127438554,0.7638,0.7638,299,0.03776136040687561
136,CA,0.5812178799254176,0.7786,0.7786,553,0.03800845891237259
136,NY,0.11835498223511066,0.7588,0.7588,125,0.03800845891237259
136,TX,0.30042713783947167,0.7722,0.7722,322,0.03800845891237259
137,CA,0.5826153451444576,0.78,0.78,606,0.038444675505161285
137,NY,0.11731881472120018,0.756,0.756,100,0.038444675505161285
137,TX,0.3000658401343421,0.7664,0.7664,294,0.038444675505161285
138,CA,0.5848814476054892,0.778,0.778,568,0.037796035408973694
138,NY,0.11618715100883818,0.7556,0.7556,143,0.037796035408973694
138,TX,0.2989314013856726,0.762,0.762,289,0.037796035408973694
139,CA,0.587321074504827,0.7748,0.7748,592,0.037279799580574036
139,NY,0.1152019040223467,0.76,0.76,120,0.037279799580574036
139,TX,0.2974770214728264,0.7682,0.7682,288,0.037279799580574036
140,CA,0.5885375235084401,0.7726,0.7726,597,0.03757711499929428
140,NY,0.11447785348780368,0.747,0.747,115,0.03757711499929428
140,TX,0.2969846230037561,0.7586,0.7586,288,0.03757711499929428
141,CA,0.5909004645861032,0.78,0.78,582,0.037474557757377625
141,NY,0.11327754066089782,0.7554,0.7554,119,0.037474557757377625
141,TX,0.29582199475299903,0.77,0.77,299,0.037474557757377625
142,CA,0.5928137367673851,0.7742,0.7742,591,0.03767799586057663
142,NY,0.11207373110350226,0.7534,0.7534,85,0.03767799586057663
142,TX,0.29511253212911265,0.7666,0.7666,324,0.03767799586057663
143,CA,0.5943459946601207,0.7776,0.7776,590,0.03786752372980118
143,NY,0.1110461074141331,0.7576,0.7576,100,0.03786752372980118
143,TX,0.2946078979257461,0.7654,0.7654,310,0.03786752372980118
144,CA,0.5962966853747472,0.7724,0.7724,606,0.037787288427352905
144,NY,0.11015707529308758,0.76,0.76,111,0.037787288427352905
144,TX,0.2935462393321651,0.7684,0.7684,283,0.037787288427352905
145,CA,0.5971525004209046,0.772,0.772,619,0.21462396532297134
145,NY,0.109543391596653,0.7582,0.7582,95,0.21462396532297134
145,TX,0.29330410798244233,0.7662,0.7662,286,0.21462396532297134
146,CA,0.5982371809416284,0.7744,0.7744,616,0.03820809721946716
146,NY,0.10888771578904974,0.7524,0.7524,106,0.03820809721946716
146,TX,0.29287510326932187,0.765,0.765,278,0.03820809721946716
147,CA,0.599978062639742,0.7736,0.7736,592,0.03815460950136185
147,NY,0.10785060188331642,0.7518,0.7518,104,0.03815460950136185
147,TX,0.2921713354769416,0.7628,0.7628,304,0.03815460950136185
148,CA,0.6018466490584995,0.7758,0.7758,610,0.04076270014047623
148,NY,0.10685673261907365,0.7554,0.7554,94,0.04076270014047623
148,TX,0.29129661832242687,0.768,0.768,296,0.04076270014047623
149,CA,0.6033592913130281,0.7718,0.7718,594,0.03748301416635513
149,NY,0.10589466749792681,0.7474,0.7474,124,0.03748301416635513
149,TX,0.29074604118904496,0.7584,0.7584,282,0.03748301416635513
150,CA,0.6055739964916013,0.7766,0.7766,597,0.03958463668823242
150,NY,0.10481970624882732,0.7582,0.7582,104,0.03958463668823242
150,TX,0.2896062972595715,0.7714,0.7714,299,0.03958463668823242
151,CA,0.6067469981141407,0.7734,0.7734,598,0.037306658923625946
151,NY,0.10393503685546092,0.7572,0.7572,117,0.037306658923625946
151,TX,0.28931796503039847,0.763,0.763,285,0.037306658923625946
152,CA,0.6083567918416185,0.7764,0.7764,601,0.038195252418518066
152,NY,0.10325882753876779,0.7564,0.7564,104,0.038195252418518066
152,TX,0.28838438061961374,0.7692,0.7692,295,0.038195252418518066
153,CA,0.6097784447998622,0.7748,0.7748,612,0.03766466677188873
153,NY,0.10233485081389755,0.7474,0.7474,96,0.03766466677188873
153,TX,0.28788670438624014,0.7616,0.7616,292,0.03766466677188873
154,CA,0.6120559216479837,0.772,0.772,589,0.03747233748435974
154,NY,0.10113128088914337,0.7438,0.7438,106,0.03747233748435974
154,TX,0.28681279746287297,0.7716,0.7716,305,0.03747233748435974
155,CA,0.6130823249920696,0.7716,0.7716,599,0.03747091442346573
155,NY,0.0996887511168617,0.756,0.756,94,0.03747091442346573
155,TX,0.2872289238910687,0.7646,0.7646,307,0.03747091442346573
156,CA,0.6143187809306131,0.776,0.776,619,0.038197584450244904
156,NY,0.09901021242244588,0.7536,0.7536,90,0.038197584450244904
156,TX,0.28667100664694106,0.761,0.761,291,0.038197584450244904
157,CA,0.6165816264237451,0.7694,0.7694,652,0.038080327212810516
157,NY,0.09812153957439601,0.7524,0.7524,86,0.038080327212810516
157,TX,0.2852968340018589,0.7588,0.7588,262,0.038080327212810516
158,CA,0.6182210661685243,0.7768,0.7768,621,0.038301244378089905
158,NY,0.09743720018643592,0.7578,0.7578,107,0.038301244378089905
158,TX,0.2843417336450398,0.7706,0.7706,272,0.038301244378089905
159,CA,0.6194811655931964,0.7692,0.7692,624,0.03769119083881378
159,NY,0.09659174631098615,0.7522,0.7522,99,0.03769119083881378
159,TX,0.28392708809581746,0.7654,0.7654,277,0.03769119083881378
160,CA,0.6204353787311305,0.7728,0.7728,617,0.03798811882734299
160,NY,0.0958109641955052,0.7584,0.7584,107,0.03798811882734299
160,TX,0.2837536570733643,0.764,0.764,276,0.03798811882734299
161,CA,0.6217951030855597,0.7734,0.7734,603,0.03836999088525772
161,NY,0.095240986649978,0.7564,0.7564,111,0.03836999088525772
161,TX,0.28296391026446216,0.7676,0.7676,286,0.03836999088525772
162,CA,0.622940340807926,0.7762,0.7762,629,0.037799157202243805
162,NY,0.09450173213236718,0.7558,0.7558,92,0.037799157202243805
162,TX,0.2825579270597068,0.7696,0.7696,279,0.037799157202243805
163,CA,0.6242733509188428,0.7758,0.7758,609,0.03690630942583084
163,NY,0.09361626017378769,0.7544,0.7544,104,0.03690630942583084
163,TX,0.2821103889073694,0.7636,0.7636,287,0.03690630942583084
164,CA,0.6261934475953673,0.7766,0.7766,635,0.03696513921022415
164,NY,0.09277256784458901,0.7504,0.7504,93,0.03696513921022415
164,TX,0.28103398456004364,0.7624,0.7624,272,0.03696513921022415
165,CA,0.6284649645778831,0.7778,0.7778,604,0.039266712963581085
165,NY,0.09173599532286303,0.7586,0.7586,96,0.039266712963581085
165,TX,0.2797990400992538,0.7718,0.7718,300,0.039266712963581085
166,CA,0.6296834311852606,0.7778,0.7778,649,0.03813520818948746
166,NY,0.09092119568285524,0.7488,0.7488,87,0.03813520818948746
166,TX,0.2793953731318841,0.761,0.761,264,0.03813520818948746
167,CA,0.6322906099009021,0.7708,0.7708,629,0.037724919617176056
167,NY,0.08980837688769744,0.7494,0.7494,81,0.037724919617176056
167,TX,0.27790101321140054,0.7654,0.7654,290,0.037724919617176056
168,CA,0.6335150543809772,0.7734,0.7734,669,0.037590377032756805
168,NY,0.08889486274556588,0.7456,0.7456,73,0.037590377032756805
168,TX,0.2775900828734569,0.765,0.765,258,0.037590377032756805
169,CA,0.6352355109509394,0.7762,0.7762,635,0.037170954048633575
169,NY,0.08773896788318464,0.758,0.758,78,0.037170954048633575
169,TX,0.27702552116587587,0.7634,0.7634,287,0.037170954048633575
170,CA,0.6370801006250743,0.7764,0.7764,638,0.037933215498924255
170,NY,0.08709210715415297,0.7522,0.7522,80,0.037933215498924255
170,TX,0.2758277922207728,0.7634,0.7634,282,0.037933215498924255
171,CA,0.6391285177034539,0.7798,0.7798,635,0.03733084350824356
171,NY,0.08618186057410832,0.761,0.761,87,0.03733084350824356
171,TX,0.2746896217224378,0.763,0.763,278,0.03733084350824356
172,CA,0.6413753872985507,0.7808,0.7808,647,0.03716081380844116
172,NY,0.08557129671969357,0.7586,0.7586,96,0.03716081380844116
172,TX,0.27305331598175575,0.766,0.766,257,0.03716081380844116
173,CA,0.6435222219019693,0.773,0.773,622,0.03761938214302063
173,NY,0.08478739525050194,0.7516,0.7516,84,0.03761938214302063
173,TX,0.27169038284752883,0.7584,0.7584,294,0.03761938214302063
174,CA,0.6456273858902457,0.7768,0.7768,646,0.0369776114821434
174,NY,0.08403803514615023,0.7576,0.7576,94,0.0369776114821434
174,TX,0.270334578963604,0.7676,0.7676,260,0.0369776114821434
175,CA,0.6471208512207013,0.773,0.773,644,0.037728384137153625
175,NY,0.08332222105613972,0.7582,0.7582,85,0.037728384137153625
175,TX,0.26955692772315903,0.7652,0.7652,271,0.037728384137153625
176,CA,0.6483406358951813,0.7802,0.7802,657,0.03814435005187988
176,NY,0.08278244078803529,0.7534,0.7534,97,0.03814435005187988
176,TX,0.2688769233167833,0.7636,0.7636,246,0.03814435005187988
177,CA,0.6507833312568677,0.774,0.774,670,0.03803021460771561
177,NY,0.08184339017093231,0.7576,0.7576,84,0.03803021460771561
177,TX,0.26737327857219995,0.7696,0.7696,246,0.03803021460771561
178,CA,0.651708608338818,0.7688,0.7688,652,0.037181511521339417
178,NY,0.08120206544385657,0.745,0.745,68,0.037181511521339417
178,TX,0.2670893262173255,0.7576,0.7576,280,0.037181511521339417
179,CA,0.6535279082604941,0.7712,0.7712,639,0.037703998386859894
179,NY,0.08033308745718344,0.7544,0.7544,78,0.037703998386859894
179,TX,0.2661390042823225,0.7638,0.7638,283,0.037703998386859894
180,CA,0.65475484331418,0.7764,0.7764,660,0.03659085929393768
180,NY,0.07972050753874971,0.7532,0.7532,83,0.03659085929393768
180,TX,0.26552464914707036,0.7692,0.7692,257,0.03659085929393768
181,CA,0.6561441421952038,0.7728,0.7728,634,0.037862181663513184
181,NY,0.07884629467055276,0.7554,0.7554,85,0.037862181663513184
181,TX,0.2650095631342434,0.7614,0.7614,281,0.037862181663513184
182,CA,0.6577741198761251,0.7746,0.7746,667,0.037873364984989166
182,NY,0.0782663653607774,0.7554,0.7554,71,0.037873364984989166
182,TX,0.26395951476309765,0.7672,0.7672,262,0.037873364984989166
183,CA,0.6590576275956923,0.7694,0.7694,671,0.03827475756406784
183,NY,0.07757064297917911,0.75,0.75,74,0.03827475756406784
183,TX,0.26337172942512865,0.7614,0.7614,255,0.03827475756406784
184,CA,0.6604057018445725,0.7766,0.7766,681,0.03904050588607788
184,NY,0.07687707315063314,0.7584,0.7584,76,0.03904050588607788
184,TX,0.2627172250047944,0.7628,0.7628,243,0.03904050588607788
185,CA,0.6622787886548991,0.7778,0.7778,644,0.03923787176609039
185,NY,0.07630533255298844,0.7558,0.7558,83,0.03923787176609039
185,TX,0.2614158787921125,0.7654,0.7654,273,0.03923787176609039
186,CA,0.6641168113917849,0.7778,0.7778,684,0.036712899804115295
186,NY,0.0755702154792692,0.7596,0.7596,79,0.036712899804115295
186,TX,0.26031297312894586,0.7636,0.7636,237,0.036712899804115295
187,CA,0.6660168671305794,0.7748,0.7748,648,0.036813125014305115
187,NY,0.0750105700456887,0.748,0.748,86,0.036813125014305115
187,TX,0.25897256282373193,0.764,0.764,266,0.036813125014305115
188,CA,0.6678257262244496,0.775,0.775,624,0.036927565932273865
188,NY,0.07407853606724431,0.745,0.745,98,0.036927565932273865
188,TX,0.25809573770830607,0.757,0.757,278,0.036927565932273865
189,CA,0.6704198087322826,0.7732,0.7732,688,0.03818143904209137
189,NY,0.0731093895927219,0.7492,0.7492,65,0.03818143904209137
189,TX,0.2564708016749956,0.7664,0.7664,247,0.03818143904209137
190,CA,0.6717452011101647,0.7776,0.7776,651,0.037477411329746246
190,NY,0.07226244281229553,0.7542,0.7542,76,0.037477411329746246
190,TX,0.25599235607753984,0.7602,0.7602,273,0.037477411329746246
191,CA,0.6740754971519667,0.7736,0.7736,656,0.037749335169792175
191,NY,0.071558573080765,0.758,0.758,69,0.037749335169792175
191,TX,0.2543659297672682,0.769,0.769,275,0.037749335169792175
192,CA,0.6749455882545916,0.7718,0.7718,693,0.03770875185728073
192,NY,0.07102072228437095,0.7472,0.7472,70,0.03770875185728073
192,TX,0.2540336894610375,0.7614,0.7614,237,0.03770875185728073
193,CA,0.6766216991749857,0.7704,0.7704,670,0.03776541352272034
193,NY,0.07020857638517454,0.7432,0.7432,77,0.03776541352272034
193,TX,0.25316972443983987,0.7588,0.7588,253,0.03776541352272034
194,CA,0.6784790248059258,0.777,0.777,680,0.03731418401002884
194,NY,0.06931967019958479,0.7526,0.7526,63,0.03731418401002884
194,TX,0.2522013049944893,0.7638,0.7638,257,0.03731418401002884
195,CA,0.6804013240246444,0.772,0.772,669,0.03771869093179703
195,NY,0.06856154433835411,0.7446,0.7446,62,0.03771869093179703
195,TX,0.25103713163700164,0.755,0.755,269,0.03771869093179703
196,CA,0.6827695238168179,0.776,0.776,705,0.037637367844581604
196,NY,0.0677363388982985,0.7554,0.7554,60,0.037637367844581604
196,TX,0.2494941372848837,0.769,0.769,235,0.037637367844581604
197,CA,0.6839795157542983,0.7744,0.7744,687,0.03732523322105408
197,NY,0.06706930715006766,0.7548,0.7548,67,0.03732523322105408
197,TX,0.24895117709563408,0.7618,0.7618,246,0.03732523322105408
198,CA,0.6856996942408551,0.7716,0.7716,678,0.037737466394901276
198,NY,0.06649527359915128,0.754,0.754,63,0.037737466394901276
198,TX,0.24780503215999367,0.755,0.755,259,0.037737466394901276
199,CA,0.6877509437876058,0.7714,0.7714,692,0.038877375423908234
199,NY,0.06603161721468616,0.7494,0.7494,66,0.038877375423908234
199,TX,0.246217438997708,0.7652,0.7652,242,0.038877375423908234
200,CA,0.688909592067151,0.776,0.776,667,0.0387197881937027
200,NY,0.06532139523011163,0.7534,0.7534,79,0.0387197881937027
200,TX,0.24576901270273743,0.7674,0.7674,254,0.0387197881937027
201,CA,0.6903049241610933,0.7726,0.7726,697,0.03770596534013748
201,NY,0.06462078551283239,0.7572,0.7572,70,0.03770596534013748
201,TX,0.24507429032607425,0.7628,0.7628,233,0.03770596534013748
202,CA,0.6916303167039817,0.78,0.78,699,0.03716856986284256
202,NY,0.06418236749759287,0.7584,0.7584,57,0.03716856986284256
202,TX,0.24418731579842543,0.7624,0.7624,244,0.03716856986284256
203,CA,0.6938459601555654,0.7706,0.7706,692,0.039301663637161255
203,NY,0.06360663900398308,0.7504,0.7504,66,0.039301663637161255
203,TX,0.2425474008404515,0.7696,0.7696,242,0.039301663637161255
204,CA,0.6944450205713253,0.7732,0.7732,685,0.03784661740064621
204,NY,0.06293526959126705,0.7514,0.7514,55,0.03784661740064621
204,TX,0.2426197098374077,0.7668,0.7668,260,0.03784661740064621
205,CA,0.6955923458620243,0.7758,0.7758,702,0.03720911592245102
205,NY,0.062264233471441575,0.748,0.748,59,0.03720911592245102
205,TX,0.24214342066653402,0.7632,0.7632,239,0.03720911592245102
206,CA,0.6974705253446494,0.7786,0.7786,702,0.037340424954891205
206,NY,0.06145498081151395,0.7512,0.7512,68,0.037340424954891205
206,TX,0.2410744938438367,0.7626,0.7626,230,0.037340424954891205
207,CA,0.6996502187578588,0.7778,0.7778,693,0.03691941499710083
207,NY,0.06069734055120287,0.7522,0.7522,67,0.03691941499710083
207,TX,0.2396524406909383,0.7686,0.7686,240,0.03691941499710083
208,CA,0.7011325649052096,0.7718,0.7718,702,0.037048302590847015
208,NY,0.05995005718212111,0.7556,0.7556,47,0.037048302590847015
208,TX,0.23891737791266923,0.7608,0.7608,251,0.037048302590847015
209,CA,0.7025597636691134,0.7734,0.7734,708,0.03713078051805496
209,NY,0.05952283545780996,0.7562,0.7562,50,0.03713078051805496
209,TX,0.2379174008730766,0.7644,0.7644,242,0.03713078051805496
210,CA,0.7038158886496076,0.7778,0.7778,733,0.03716185688972473
210,NY,0.05905092066692071,0.7506,0.7506,51,0.03716185688972473
210,TX,0.2371331906834717,0.7684,0.7684,216,0.03716185688972473
211,CA,0.7053375089309214,0.772,0.772,688,0.0376032218337059
211,NY,0.05827316521592351,0.7548,0.7548,53,0.0376032218337059
211,TX,0.23638932585315514,0.7604,0.7604,259,0.0376032218337059
212,CA,0.7068311143256675,0.7794,0.7794,726,0.038865067064762115
212,NY,0.057829734098659956,0.7528,0.7528,63,0.038865067064762115
212,TX,0.23533915157567248,0.7646,0.7646,211,0.038865067064762115
213,CA,0.7088313661594849,0.7718,0.7718,717,0.03785935789346695
213,NY,0.05712645072780864,0.7508,0.7508,47,0.03785935789346695
213,TX,0.2340421831127065,0.7612,0.7612,236,0.03785935789346695
214,CA,0.7103068635421039,0.7712,0.7712,705,0.03773753345012665
214,NY,0.056566872364495945,0.748,0.748,52,0.03773753345012665
214,TX,0.23312626409340018,0.7516,0.7516,243,0.03773753345012665
215,CA,0.7126734391872709,0.7738,0.7738,703,0.037895530462265015
215,NY,0.05601193210329455,0.7556,0.7556,65,0.037895530462265015
215,TX,0.23131462870943442,0.7678,0.7678,232,0.037895530462265015
216,CA,0.7136419552554896,0.7714,0.7714,735,0.037171103060245514
216,NY,0.0555125626714978,0.751,0.751,45,0.037171103060245514
216,TX,0.2308454820730126,0.7624,0.7624,220,0.037171103060245514
217,CA,0.7149375386421946,0.774,0.774,721,0.03779064863920212
217,NY,0.05497288235141972,0.7578,0.7578,50,0.03779064863920212
217,TX,0.23008957900638569,0.7688,0.7688,229,0.03779064863920212
218,CA,0.715779619271905,0.7702,0.7702,719,0.037878818809986115
218,NY,0.05453503306470048,0.7522,0.7522,55,0.037878818809986115
218,TX,0.22968534766339443,0.7676,0.7676,226,0.037878818809986115
219,CA,0.7164185813161724,0.7742,0.7742,711,0.036828234791755676
219,NY,0.054028689473629286,0.75,0.75,56,0.036828234791755676
219,TX,0.22955272921019837,0.7656,0.7656,233,0.036828234791755676
220,CA,0.717746159985788,0.773,0.773,697,0.03681597858667374
220,NY,0.0533904945188851,0.7496,0.7496,60,0.03681597858667374
220,TX,0.22886334549532691,0.7652,0.7652,243,0.03681597858667374
221,CA,0.7189766813442139,0.7726,0.7726,721,0.03803353011608124
221,NY,0.05277617428978882,0.7592,0.7592,55,0.03803353011608124
221,TX,0.22824714436599736,0.7654,0.7654,224,0.03803353011608124
222,CA,0.7199313560439877,0.7784,0.7784,701,0.0379091277718544
222,NY,0.05244675963219374,0.753,0.753,73,0.0379091277718544
222,TX,0.2276218843238186,0.7674,0.7674,226,0.0379091277718544
223,CA,0.7214875965225277,0.7762,0.7762,706,0.03780073672533035
223,NY,0.051809441099558706,0.7588,0.7588,50,0.03780073672533035
223,TX,0.2267029623779136,0.7658,0.7658,244,0.03780073672533035
224,CA,0.7228139063582164,0.777,0.777,731,0.03774330019950867
224,NY,0.05139621399272497,0.7544,0.7544,50,0.03774330019950867
224,TX,0.22578987964905867,0.7678,0.7678,219,0.03774330019950867
225,CA,0.72413373741832,0.7738,0.7738,730,0.03730904310941696
225,NY,0.050835207644129986,0.7546,0.7546,47,0.03730904310941696
225,TX,0.22503105493755013,0.7688,0.7688,223,0.03730904310941696
226,CA,0.7249925422409476,0.7686,0.7686,727,0.03893666714429855
226,NY,0.05034459293670684,0.7486,0.7486,51,0.03893666714429855
226,TX,0.2246628648223457,0.7592,0.7592,222,0.03893666714429855
227,CA,0.7262732416127551,0.7756,0.7756,735,0.03755616396665573
227,NY,0.04986320520382261,0.7592,0.7592,49,0.03755616396665573
227,TX,0.2238635531834223,0.7636,0.7636,216,0.03755616396665573
228,CA,0.7277093648160952,0.7706,0.7706,715,0.037674881517887115
228,NY,0.049500341118754745,0.7538,0.7538,58,0.037674881517887115
228,TX,0.22279029406515005,0.7672,0.7672,227,0.037674881517887115
229,CA,0.7283630621205487,0.7764,0.7764,722,0.2228519544005394
229,NY,0.049074710561325084,0.7574,0.7574,54,0.2228519544005394
229,TX,0.22256222731812617,0.7656,0.7656,224,0.2228519544005394
230,CA,0.7297335067218134,0.7726,0.7726,733,0.038650237023830414
230,NY,0.04864116624884876,0.7578,0.7578,51,0.038650237023830414
230,TX,0.22162532702933777,0.768,0.768,216,0.038650237023830414
231,CA,0.7304502618715378,0.7824,0.7824,750,0.038550831377506256
231,NY,0.04828242289611549,0.758,0.758,35,0.038550831377506256
231,TX,0.22126731523234655,0.7738,0.7738,215,0.038550831377506256
232,CA,0.731715077208968,0.7744,0.7744,745,0.03767258673906326
232,NY,0.04770392435293889,0.7488,0.7488,43,0.03767258673906326
232,TX,0.22058099843809323,0.7592,0.7592,212,0.03767258673906326
233,CA,0.7336061685627803,0.774,0.774,743,0.040023595094680786
233,NY,0.04713719051622568,0.7568,0.7568,47,0.040023595094680786
233,TX,0.2192566409209942,0.7612,0.7612,210,0.040023595094680786
234,CA,0.7351050721207625,0.7726,0.7726,718,0.03713114559650421
234,NY,0.04677554390432838,0.7538,0.7538,41,0.03713114559650421
234,TX,0.2181193839749091,0.7594,0.7594,241,0.03713114559650421
235,CA,0.7366670739937812,0.7678,0.7678,726,0.037299707531929016
235,NY,0.046377785404130664,0.7502,0.7502,57,0.037299707531929016
235,TX,0.21695514060208818,0.7612,0.7612,217,0.037299707531929016
236,CA,0.7376051037996663,0.7718,0.7718,744,0.038208164274692535
236,NY,0.045974520742613295,0.7502,0.7502,40,0.038208164274692535
236,TX,0.21642037545772047,0.7612,0.7612,216,0.038208164274692535
237,CA,0.7389760781903975,0.771,0.771,708,0.038068339228630066
237,NY,0.04549845605298225,0.755,0.755,49,0.038068339228630066
237,TX,0.21552546575662038,0.7672,0.7672,243,0.038068339228630066
238,CA,0.7396221396189239,0.777,0.777,744,0.03748492896556854
238,NY,0.04512682117719083,0.7538,0.7538,43,0.03748492896556854
238,TX,0.21525103920388539,0.7646,0.7646,213,0.03748492896556854
239,CA,0.7411720756343358,0.7726,0.7726,746,0.038258351385593414
239,NY,0.04463099054714067,0.7478,0.7478,42,0.038258351385593414
239,TX,0.21419693381852342,0.7616,0.7616,212,0.038258351385593414
240,CA,0.7426228903064857,0.7704,0.7704,749,0.03827478736639023
240,NY,0.04409271070161399,0.747,0.747,41,0.03827478736639023
240,TX,0.2132843989919004,0.7688,0.7688,210,0.03827478736639023
241,CA,0.7431992746203422,0.7778,0.7778,741,0.037542954087257385
241,NY,0.04354369190587918,0.7526,0.7526,44,0.037542954087257385
241,TX,0.2132570334737786,0.7626,0.7626,215,0.037542954087257385
242,CA,0.745017526371077,0.774,0.774,751,0.03740333020687103
242,NY,0.043031488242382586,0.7546,0.7546,48,0.03740333020687103
242,TX,0.21195098538654056,0.7658,0.7658,201,0.03740333020687103
243,CA,0.7460995848214521,0.7784,0.7784,739,0.037563130259513855
243,NY,0.042622722317714294,0.757,0.757,43,0.037563130259513855
243,TX,0.21127769286083353,0.7716,0.7716,218,0.037563130259513855
244,CA,0.7470862960092649,0.762,0.762,750,0.03670994192361832
244,NY,0.04216552074992867,0.7426,0.7426,47,0.03670994192361832
244,TX,0.21074818324080638,0.7562,0.7562,203,0.03670994192361832
245,CA,0.7479524056083765,0.775,0.775,752,0.03695089370012283
245,NY,0.041749614249638425,0.7528,0.7528,40,0.03695089370012283
245,TX,0.21029798014198514,0.7606,0.7606,208,0.03695089370012283
246,CA,0.7496227476815827,0.7774,0.7774,761,0.03776352107524872
246,NY,0.04131952001525691,0.7558,0.7558,35,0.03776352107524872
246,TX,0.2090577323031604,0.7632,0.7632,204,0.03776352107524872
247,CA,0.7512547302060367,0.7754,0.7754,751,0.03723283112049103
247,NY,0.04090624351089858,0.7562,0.7562,45,0.03723283112049103
247,TX,0.20783902628306478,0.7678,0.7678,204,0.03723283112049103
248,CA,0.7522567971365919,0.7744,0.7744,760,0.03989033401012421
248,NY,0.04051783743731199,0.7464,0.7464,42,0.03989033401012421
248,TX,0.2072253654260962,0.7636,0.7636,198,0.03989033401012421
249,CA,0.7536893052245135,0.7712,0.7712,747,0.042490437626838684
249,NY,0.039954406487077654,0.7484,0.7484,42,0.042490437626838684
249,TX,0.2063562882884087,0.7614,0.7614,211,0.042490437626838684
250,CA,0.7549395468720127,0.7742,0.7742,760,0.03877586871385574
250,NY,0.039505512607018616,0.7514,0.7514,43,0.03877586871385574
250,TX,0.20555494052096882,0.7628,0.7628,197,0.03877586871385574
251,CA,0.7563224514873244,0.7734,0.7734,758,0.037134259939193726
251,NY,0.03906926926016278,0.7522,0.7522,37,0.037134259939193726
251,TX,0.20460827925251296,0.7592,0.7592,205,0.037134259939193726
252,CA,0.7579181680020631,0.78,0.78,733,0.03798241168260574
252,NY,0.0386836624693651,0.7624,0.7624,41,0.03798241168260574
252,TX,0.20339816952857181,0.764,0.764,226,0.03798241168260574
253,CA,0.7595974772165144,0.7726,0.7726,758,0.03770852088928223
253,NY,0.03838603572221374,0.7456,0.7456,43,0.03770852088928223
253,TX,0.20201648706127184,0.7602,0.7602,199,0.03770852088928223
254,CA,0.7611180935282297,0.7812,0.7812,746,0.037833936512470245
254,NY,0.037877018316227834,0.7518,0.7518,36,0.037833936512470245
254,TX,0.20100488815554254,0.7638,0.7638,218,0.037833936512470245
255,CA,0.7630935467603244,0.771,0.771,760,0.03866676986217499
255,NY,0.03734851632992844,0.745,0.745,36,0.03866676986217499
255,TX,0.19955793690974713,0.7544,0.7544,204,0.03866676986217499
256,CA,0.7649438050930142,0.7772,0.7772,770,0.0379047617316246
256,NY,0.03688943258785909,0.7528,0.7528,41,0.0379047617316246
256,TX,0.1981667623191267,0.7662,0.7662,189,0.0379047617316246
257,CA,0.766271775181047,0.7758,0.7758,772,0.038094520568847656
257,NY,0.0364461226563887,0.7542,0.7542,32,0.038094520568847656
257,TX,0.1972821021625642,0.7732,0.7732,196,0.038094520568847656
258,CA,0.7668332197856319,0.773,0.773,743,0.03765900433063507
258,NY,0.036029188209935614,0.752,0.752,39,0.03765900433063507
258,TX,0.19713759200443248,0.7622,0.7622,218,0.03765900433063507
259,CA,0.7680833366921045,0.775,0.775,764,0.037709347903728485
259,NY,0.03566048684326376,0.7556,0.7556,37,0.037709347903728485
259,TX,0.19625617646463167,0.764,0.764,199,0.037709347903728485
260,CA,0.769318854705042,0.7758,0.7758,791,0.03687598556280136
260,NY,0.03532746833354863,0.75,0.75,38,0.03687598556280136
260,TX,0.19535367696140937,0.757,0.757,171,0.03687598556280136
261,CA,0.7713099348848169,0.777,0.777,766,0.037726759910583496
261,NY,0.03490431037078284,0.7562,0.7562,30,0.037726759910583496
261,TX,0.1937857547444003,0.7674,0.7674,204,0.037726759910583496
262,CA,0.7724341821487627,0.7786,0.7786,790,0.03868415951728821
262,NY,0.03454603157127189,0.7604,0.7604,32,0.03868415951728821
262,TX,0.19301978627996538,0.766,0.766,178,0.03868415951728821
263,CA,0.7737657531718085,0.768,0.768,760,0.037809424102306366
263,NY,0.03425147331897661,0.7524,0.7524,41,0.037809424102306366
263,TX,0.1919827735092149,0.7662,0.7662,199,0.037809424102306366
264,CA,0.7741510299136098,0.771,0.771,772,0.038058288395404816
264,NY,0.03396615859421965,0.7514,0.7514,22,0.038058288395404816
264,TX,0.19188281149217046,0.7628,0.7628,206,0.038058288395404816
265,CA,0.7751310720985591,0.778,0.778,767,0.03855278342962265
265,NY,0.03363277236059738,0.7502,0.7502,35,0.03855278342962265
265,TX,0.19123615554084344,0.7616,0.7616,198,0.03855278342962265
266,CA,0.7769100405444441,0.7784,0.7784,786,0.037979766726493835
266,NY,0.03318288778555756,0.7614,0.7614,26,0.037979766726493835
266,TX,0.18990707166999843,0.7684,0.7684,188,0.037979766726493835
267,CA,0.777987595277002,0.7758,0.7758,803,0.038127243518829346
267,NY,0.03291127132506708,0.757,0.757,25,0.038127243518829346
267,TX,0.1891011333979309,0.7674,0.7674,172,0.038127243518829346
268,CA,0.7789557767831683,0.7798,0.7798,789,0.03808972239494324
268,NY,0.03260337046497914,0.7602,0.7602,33,0.03808972239494324
268,TX,0.1884408527518526,0.7698,0.7698,178,0.03808972239494324
269,CA,0.7800617633180745,0.7728,0.7728,767,0.037308335304260254
269,NY,0.03229010825288925,0.7518,0.7518,33,0.037308335304260254
269,TX,0.1876481284290362,0.7612,0.7612,200,0.037308335304260254
270,CA,0.7813199540095555,0.7746,0.7746,770,0.03676115721464157
270,NY,0.031959075328997694,0.755,0.755,39,0.03676115721464157
270,TX,0.18672097066144674,0.7608,0.7608,191,0.03676115721464157
271,CA,0.7827327841582933,0.777,0.777,786,0.03757106512784958
271,NY,0.03166324763194662,0.755,0.755,22,0.03757106512784958
271,TX,0.18560396820976013,0.7608,0.7608,192,0.03757106512784958
272,CA,0.7843674534846368,0.7708,0.7708,796,0.036804139614105225
272,NY,0.03133655071217028,0.7424,0.7424,26,0.036804139614105225
272,TX,0.18429599580319303,0.751,0.751,178,0.036804139614105225
273,CA,0.7863831570650571,0.7758,0.7758,791,0.03744794428348541
273,NY,0.030913215283997465,0.7486,0.7486,37,0.03744794428348541
273,TX,0.1827036276509454,0.7576,0.7576,172,0.03744794428348541
274,CA,0.7882323584691453,0.7812,0.7812,799,0.0380634069442749
274,NY,0.030511296144248957,0.7572,0.7572,36,0.0380634069442749
274,TX,0.18125634538660573,0.7658,0.7658,165,0.0380634069442749
275,CA,0.7897947521687558,0.7704,0.7704,797,0.037327930331230164
275,NY,0.03015984807610435,0.7568,0.7568,28,0.037327930331230164
275,TX,0.1800453997551399,0.7656,0.7656,175,0.037327930331230164
276,CA,0.7903636818099311,0.7722,0.7722,806,0.03769466280937195
276,NY,0.029949722538687783,0.748,0.748,29,0.03769466280937195
276,TX,0.1796865956513812,0.7576,0.7576,165,0.03769466280937195
277,CA,0.7918597379991913,0.779,0.779,801,0.03903769701719284
277,NY,0.029596665600830192,0.7546,0.7546,24,0.03903769701719284
277,TX,0.17854359639997852,0.765,0.765,175,0.03903769701719284
278,CA,0.7932963977712116,0.776,0.776,808,0.03667107969522476
278,NY,0.02924369076970165,0.7546,0.7546,26,0.03667107969522476
278,TX,0.17745991145908674,0.758,0.758,166,0.03667107969522476
279,CA,0.7950064195997674,0.774,0.774,781,0.03694341331720352
279,NY,0.028953595305475827,0.7464,0.7464,38,0.03694341331720352
279,TX,0.17603998509475677,0.7532,0.7532,181,0.03694341331720352
280,CA,0.7970105150838319,0.775,0.775,794,0.0363900363445282
280,NY,0.02857498575845857,0.751,0.751,30,0.0363900363445282
280,TX,0.1744144991577096,0.7548,0.7548,176,0.0363900363445282
281,CA,0.798904920081942,0.779,0.779,812,0.03747481107711792
281,NY,0.028255620955378244,0.7528,0.7528,29,0.03747481107711792
281,TX,0.1728394589626798,0.7722,0.7722,159,0.03747481107711792
282,CA,0.7997660985018208,0.7618,0.7618,807,0.037118881940841675
282,NY,0.027869499370078796,0.741,0.741,21,0.037118881940841675
282,TX,0.17236440212810053,0.752,0.752,172,0.037118881940841675
283,CA,0.8007973702131245,0.7804,0.7804,800,0.03705216199159622
283,NY,0.027575981583975697,0.756,0.756,25,0.03705216199159622
283,TX,0.17162664820289986,0.7608,0.7608,175,0.03705216199159622
284,CA,0.8026171600295242,0.776,0.776,809,0.037454620003700256
284,NY,0.027259865507117467,0.7504,0.7504,27,0.037454620003700256
284,TX,0.17012297446335833,0.7666,0.7666,164,0.037454620003700256
285,CA,0.8036565778245446,0.7794,0.7794,804,0.03676220029592514
285,NY,0.026901724140275304,0.7578,0.7578,25,0.03676220029592514
285,TX,0.1694416980351802,0.7636,0.7636,171,0.03676220029592514
286,CA,0.8051308514472166,0.7738,0.7738,806,0.0373089462518692
286,NY,0.026623917181944165,0.7542,0.7542,19,0.0373089462518692
286,TX,0.1682452313708392,0.7672,0.7672,175,0.0373089462518692
287,CA,0.8058724136720639,0.7738,0.7738,808,0.03722861409187317
287,NY,0.026353981133846505,0.752,0.752,31,0.03722861409187317
287,TX,0.1677736051940896,0.7606,0.7606,161,0.03722861409187317
288,CA,0.8071415654618439,0.7698,0.7698,807,0.03736850619316101
288,NY,0.026071084986730206,0.749,0.749,26,0.03736850619316101
288,TX,0.16678734955142593,0.7594,0.7594,167,0.03736850619316101
289,CA,0.8081812995184395,0.7804,0.7804,812,0.037651412189006805
289,NY,0.025797867530297294,0.7564,0.7564,26,0.037651412189006805
289,TX,0.16602083295126333,0.7672,0.7672,162,0.037651412189006805
290,CA,0.8094591500941964,0.7818,0.7818,802,0.03753208369016647
290,NY,0.025490349535885096,0.7588,0.7588,30,0.03753208369016647
290,TX,0.1650505003699184,0.7686,0.7686,168,0.03753208369016647
291,CA,0.8107171971096392,0.7774,0.7774,825,0.0404529795050621
291,NY,0.025200417849410284,0.7556,0.7556,17,0.0404529795050621
291,TX,0.16408238504095046,0.7642,0.7642,158,0.0404529795050621
292,CA,0.8119575893661223,0.781,0.781,810,0.037010885775089264
292,NY,0.024929415627621118,0.7586,0.7586,35,0.037010885775089264
292,TX,0.16311299500625664,0.7632,0.7632,155,0.037010885775089264
293,CA,0.8135389108640038,0.7786,0.7786,845,0.03803820163011551
293,NY,0.024663813733006586,0.7548,0.7548,21,0.03803820163011551
293,TX,0.16179727540298974,0.7654,0.7654,134,0.03803820163011551
294,CA,0.8147862047910666,0.7754,0.7754,806,0.03688971698284149
294,NY,0.024371087402487494,0.7504,0.7504,23,0.03688971698284149
294,TX,0.16084270780644586,0.7602,0.7602,171,0.03688971698284149
295,CA,0.8161902351228038,0.773,0.773,802,0.03777971863746643
295,NY,0.024069314607615147,0.7472,0.7472,20,0.03777971863746643
295,TX,0.15974045026958097,0.763,0.763,178,0.03777971863746643
296,CA,0.8172127387165048,0.7786,0.7786,836,0.037344515323638916
296,NY,0.023748782069962084,0.7534,0.7534,25,0.037344515323638916
296,TX,0.15903847921353315,0.7672,0.7672,139,0.037344515323638916
297,CA,0.8183222578032588,0.7714,0.7714,824,0.03743824362754822
297,NY,0.023444085280559444,0.7448,0.7448,27,0.03743824362754822
297,TX,0.15823365691618177,0.7548,0.7548,149,0.03743824362754822
298,CA,0.8198265341448587,0.7786,0.7786,820,0.03779306262731552
298,NY,0.02313448900731944,0.7516,0.7516,34,0.03779306262731552
298,TX,0.15703897684782184,0.7652,0.7652,146,0.03779306262731552
299,CA,0.8210863488641623,0.7698,0.7698,824,0.037749797105789185
299,NY,0.02281830712028564,0.752,0.752,20,0.037749797105789185
299,TX,0.15609534401555206,0.7644,0.7644,156,0.037749797105789185
300,CA,0.821666260429205,0.7796,0.7796,833,0.03696229308843613
300,NY,0.022604762825328147,0.756,0.756,23,0.03696229308843613
300,TX,0.15572897674546685,0.76,0.76,144,0.03696229308843613
301,CA,0.8233251988708241,0.7746,0.7746,821,0.03771843761205673
301,NY,0.022350025486861637,0.7544,0.7544,28,0.03771843761205673
301,TX,0.15432477564231423,0.7662,0.7662,151,0.03771843761205673
302,CA,0.8241368890126805,0.7714,0.7714,825,0.036757513880729675
302,NY,0.022117401937879706,0.75,0.75,26,0.036757513880729675
302,TX,0.1537457090494397,0.761,0.761,149,0.036757513880729675
303,CA,0.8251021326397754,0.7778,0.7778,836,0.036897093057632446
303,NY,0.021875796488324207,0.7534,0.7534,20,0.036897093057632446
303,TX,0.15302207087190048,0.761,0.761,144,0.036897093057632446
304,CA,0.8265455142331489,0.7724,0.7724,819,0.03714406490325928
304,NY,0.021613297848572768,0.7496,0.7496,20,0.03714406490325928
304,TX,0.1518411879182783,0.7568,0.7568,161,0.03714406490325928
305,CA,0.8278821139886846,0.7792,0.7792,834,0.03775966912508011
305,NY,0.021369767336596988,0.759,0.759,15,0.03775966912508011
305,TX,0.1507481186747185,0.765,0.765,151,0.03775966912508011
306,CA,0.8290807641135781,0.777,0.777,828,0.03634197264909744
306,NY,0.02115773641725699,0.753,0.753,19,0.03634197264909744
306,TX,0.14976149946916484,0.7574,0.7574,153,0.03634197264909744
307,CA,0.8306903077201875,0.7818,0.7818,823,0.237589992582798
307,NY,0.02091250197319255,0.758,0.758,24,0.237589992582798
307,TX,0.14839719030661996,0.7614,0.7614,153,0.237589992582798
308,CA,0.8323369597690767,0.775,0.775,812,0.03742477297782898
308,NY,0.020674068345499272,0.7538,0.7538,29,0.03742477297782898
308,TX,0.14698897188542392,0.7664,0.7664,159,0.03742477297782898
309,CA,0.8331360171939745,0.7722,0.7722,842,0.036946266889572144
309,NY,0.020446754662289925,0.7438,0.7438,23,0.036946266889572144
309,TX,0.14641722814373567,0.7602,0.7602,135,0.036946266889572144
310,CA,0.8342364516953489,0.774,0.774,842,0.03854869306087494
310,NY,0.020145663688476166,0.756,0.756,13,0.03854869306087494
310,TX,0.14561788461617486,0.7708,0.7708,145,0.03854869306087494
311,CA,0.8346262885927378,0.7738,0.7738,859,0.038184598088264465
311,NY,0.019950572979322873,0.7518,0.7518,18,0.038184598088264465
311,TX,0.1454231384279394,0.767,0.767,123,0.038184598088264465
312,CA,0.8352986479411152,0.7768,0.7768,827,0.03768233209848404
312,NY,0.019719003461541432,0.7542,0.7542,21,0.03768233209848404
312,TX,0.14498234859734335,0.7632,0.7632,152,0.03768233209848404
313,CA,0.836436654383502,0.7774,0.7774,867,0.037909604609012604
313,NY,0.019494711036875403,0.761,0.761,13,0.037909604609012604
313,TX,0.14406863457962252,0.768,0.768,120,0.037909604609012604
314,CA,0.8372251544970805,0.777,0.777,828,0.03785549849271774
314,NY,0.019333041996449186,0.7494,0.7494,20,0.03785549849271774
314,TX,0.14344180350647046,0.7586,0.7586,152,0.03785549849271774
315,CA,0.8387227353077127,0.7794,0.7794,829,0.037001244723796844
315,NY,0.019066809877766332,0.7546,0.7546,30,0.037001244723796844
315,TX,0.14221045481452102,0.7588,0.7588,141,0.037001244723796844
316,CA,0.8403295301173129,0.7786,0.7786,844,0.03795062005519867
316,NY,0.018837088780761586,0.7522,0.7522,17,0.03795062005519867
316,TX,0.1408333811019255,0.7692,0.7692,139,0.03795062005519867
317,CA,0.8411908369487309,0.7738,0.7738,820,0.03744111210107803
317,NY,0.018576508069351634,0.7542,0.7542,14,0.03744111210107803
317,TX,0.1402326549819175,0.7674,0.7674,166,0.03744111210107803
318,CA,0.8417895470931435,0.7774,0.7774,833,0.037642352283000946
318,NY,0.018384318356520227,0.755,0.755,20,0.037642352283000946
318,TX,0.1398261345503363,0.7674,0.7674,147,0.037642352283000946
319,CA,0.8426476833352933,0.7724,0.7724,827,0.038213953375816345
319,NY,0.01817113184297375,0.7482,0.7482,22,0.038213953375816345
319,TX,0.13918118482173308,0.7566,0.7566,151,0.038213953375816345
320,CA,0.843904113963274,0.7712,0.7712,824,0.03722374141216278
320,NY,0.017949750939095198,0.7454,0.7454,18,0.03722374141216278
320,TX,0.1381461350976308,0.7598,0.7598,158,0.03722374141216278
321,CA,0.844876241347679,0.7756,0.7756,855,0.03749536722898483
321,NY,0.01770866362110225,0.7532,0.7532,13,0.03749536722898483
321,TX,0.13741509503121876,0.7628,0.7628,132,0.03749536722898483
322,CA,0.8459031720297122,0.7706,0.7706,844,0.03777046501636505
322,NY,0.017506513786313283,0.7432,0.7432,19,0.03777046501636505
322,TX,0.13659031418397455,0.7546,0.7546,137,0.03777046501636505
323,CA,0.8471783527258112,0.7786,0.7786,854,0.036801859736442566
323,NY,0.017261583126182672,0.7566,0.7566,18,0.036801859736442566
323,TX,0.13556006414800614,0.7616,0.7616,128,0.036801859736442566
324,CA,0.8484588529323988,0.7742,0.7742,856,0.037768952548503876
324,NY,0.01707383774370731,0.7574,0.7574,14,0.037768952548503876
324,TX,0.13446730932389395,0.7676,0.7676,130,0.037768952548503876
325,CA,0.8490208110670634,0.7756,0.7756,836,0.03662944585084915
325,NY,0.01692336601159414,0.7548,0.7548,16,0.03662944585084915
325,TX,0.13405582292134247,0.7624,0.7624,148,0.03662944585084915
326,CA,0.8500364614380741,0.776,0.776,843,0.03750486671924591
326,NY,0.016745127383897145,0.7508,0.7508,21,0.03750486671924591
326,TX,0.13321841117802877,0.7626,0.7626,136,0.03750486671924591
327,CA,0.8510941490690312,0.7732,0.7732,842,0.03798244148492813
327,NY,0.016528067672677473,0.7424,0.7424,15,0.03798244148492813
327,TX,0.13237778325829122,0.7558,0.7558,143,0.03798244148492813
328,CA,0.8524461973457168,0.7748,0.7748,860,0.037578076124191284
328,NY,0.016266780070983256,0.7492,0.7492,9,0.037578076124191284
328,TX,0.1312870225833,0.7592,0.7592,131,0.037578076124191284
329,CA,0.8536315596730086,0.7702,0.7702,856,0.037315718829631805
329,NY,0.016054438798131333,0.7548,0.7548,12,0.037315718829631805
329,TX,0.13031400152886,0.7612,0.7612,132,0.037315718829631805
330,CA,0.854316897481093,0.7732,0.7732,860,0.037259556353092194
330,NY,0.015927549061068715,0.7518,0.7518,19,0.037259556353092194
330,TX,0.12975555345783849,0.7636,0.7636,121,0.037259556353092194
331,CA,0.8550819493425968,0.7714,0.7714,860,0.036575719714164734
331,NY,0.0157494174041191,0.7546,0.7546,12,0.036575719714164734
331,TX,0.12916863325328398,0.7668,0.7668,128,0.036575719714164734
332,CA,0.8554966898904862,0.7712,0.7712,866,0.037141092121601105
332,NY,0.015607616047253456,0.7542,0.7542,15,0.037141092121601105
332,TX,0.12889569406226017,0.766,0.766,119,0.037141092121601105
333,CA,0.855948821021775,0.7714,0.7714,852,0.03894726186990738
333,NY,0.015465983426148838,0.7458,0.7458,17,0.03894726186990738
333,TX,0.12858519555207604,0.7562,0.7562,131,0.03894726186990738
334,CA,0.8570860660181452,0.778,0.778,853,0.03930461406707764
334,NY,0.015262723122029153,0.7522,0.7522,18,0.03930461406707764
334,TX,0.1276512108598257,0.7616,0.7616,129,0.03930461406707764
335,CA,0.8582867300417629,0.7772,0.7772,883,0.03806859254837036
335,NY,0.01506232133598868,0.7588,0.7588,12,0.03806859254837036
335,TX,0.1266509486222484,0.7656,0.7656,105,0.03806859254837036
336,CA,0.859130922236092,0.7744,0.7744,853,0.038553327322006226
336,NY,0.014921037215257258,0.7442,0.7442,22,0.038553327322006226
336,TX,0.12594804054865077,0.7586,0.7586,125,0.038553327322006226
337,CA,0.8603142394614011,0.7762,0.7762,854,0.03770926594734192
337,NY,0.01468728517599361,0.7594,0.7594,18,0.03770926594734192
337,TX,0.12499847536260537,0.768,0.768,128,0.03770926594734192
338,CA,0.860930653540968,0.7704,0.7704,857,0.038024917244911194
338,NY,0.0145587909280758,0.7486,0.7486,16,0.038024917244911194
338,TX,0.12451055553095627,0.7628,0.7628,127,0.038024917244911194
339,CA,0.8615456006262814,0.7726,0.7726,858,0.037548281252384186
339,NY,0.014389790808129443,0.7438,0.7438,11,0.037548281252384186
339,TX,0.1240646085655893,0.7602,0.7602,131,0.037548281252384186
340,CA,0.8624957897102906,0.7782,0.7782,857,0.03652558475732803
340,NY,0.014171607757644323,0.7562,0.7562,17,0.03652558475732803
340,TX,0.12333260253206504,0.7634,0.7634,126,0.03652558475732803
341,CA,0.8635336121480716,0.776,0.776,870,0.03738785535097122
341,NY,0.014013117167405083,0.75,0.75,13,0.03738785535097122
341,TX,0.12245327068452343,0.7682,0.7682,117,0.03738785535097122
342,CA,0.8641756501616505,0.7738,0.7738,858,0.036483973264694214
342,NY,0.013818236420035908,0.7538,0.7538,14,0.036483973264694214
342,TX,0.12200611341831355,0.7622,0.7622,128,0.036483973264694214
343,CA,0.8650005829715961,0.7706,0.7706,867,0.03741899132728577
343,NY,0.01367547466109202,0.751,0.751,9,0.03741899132728577
343,TX,0.12132394236731182,0.7604,0.7604,124,0.03741899132728577
344,CA,0.8657367200465989,0.7762,0.7762,866,0.03702997416257858
344,NY,0.013535600681919824,0.7524,0.7524,10,0.03702997416257858
344,TX,0.12072767927148129,0.7576,0.7576,124,0.03702997416257858
345,CA,0.8669900444721522,0.773,0.773,874,0.03693781793117523
345,NY,0.013373564743954978,0.75,0.75,9,0.03693781793117523
345,TX,0.11963639078389274,0.756,0.756,117,0.03693781793117523
346,CA,0.8681364990854435,0.777,0.777,874,0.03729516267776489
346,NY,0.01321753298035872,0.7468,0.7468,15,0.03729516267776489
346,TX,0.11864596793419772,0.7608,0.7608,111,0.03729516267776489
347,CA,0.8692719992956152,0.7754,0.7754,867,0.03662385046482086
347,NY,0.0130098962441676,0.7578,0.7578,17,0.03662385046482086
347,TX,0.11771810446021723,0.7648,0.7648,116,0.03662385046482086
348,CA,0.8699956657876272,0.7822,0.7822,896,0.03679138422012329
348,NY,0.01289164910778618,0.7584,0.7584,12,0.03679138422012329
348,TX,0.11711268510458654,0.7622,0.7622,92,0.03679138422012329
349,CA,0.8712907586636732,0.7782,0.7782,854,0.036662496626377106
349,NY,0.012738424886888368,0.7554,0.7554,14,0.036662496626377106
349,TX,0.11597081644943837,0.765,0.765,132,0.036662496626377106
350,CA,0.87218405861351,0.7752,0.7752,855,0.03771459311246872
350,NY,0.01258798612476468,0.7542,0.7542,10,0.03771459311246872
350,TX,0.11522795526172529,0.7724,0.7724,135,0.03771459311246872
351,CA,0.8724725495764785,0.7722,0.7722,891,0.03732340782880783
351,NY,0.01244318907032148,0.7514,0.7514,7,0.03732340782880783
351,TX,0.11508426135320007,0.7614,0.7614,102,0.03732340782880783
352,CA,0.8732124931274953,0.7724,0.7724,878,0.03690912574529648
352,NY,0.012307574749885813,0.7554,0.7554,11,0.03690912574529648
352,TX,0.11447993212261899,0.7678,0.7678,111,0.03690912574529648
353,CA,0.8735751699833542,0.7708,0.7708,857,0.037429675459861755
353,NY,0.012194589223254684,0.7542,0.7542,14,0.037429675459861755
353,TX,0.114230240793391,0.7616,0.7616,129,0.037429675459861755
354,CA,0.874193912663829,0.7748,0.7748,863,0.0372505784034729
354,NY,0.012088829868400354,0.7546,0.7546,9,0.0372505784034729
354,TX,0.11371725746777075,0.7674,0.7674,128,0.0372505784034729
355,CA,0.8747290124487528,0.7734,0.7734,849,0.03931375592947006
355,NY,0.011958555507971471,0.7474,0.7474,8,0.03931375592947006
355,TX,0.11331243204327578,0.758,0.758,143,0.03931375592947006
356,CA,0.875744278235627,0.7788,0.7788,868,0.041376642882823944
356,NY,0.011796906255823037,0.7578,0.7578,13,0.041376642882823944
356,TX,0.11245881550855003,0.7648,0.7648,119,0.041376642882823944
357,CA,0.8766422887780162,0.7716,0.7716,865,0.038918107748031616
357,NY,0.011669589418391552,0.7468,0.7468,15,0.038918107748031616
357,TX,0.11168812180359215,0.7614,0.7614,120,0.038918107748031616
358,CA,0.8773497868254766,0.774,0.774,866,0.03806745260953903
358,NY,0.011515517130159659,0.7582,0.7582,10,0.03806745260953903
358,TX,0.11113469604436375,0.7708,0.7708,124,0.03806745260953903
359,CA,0.8776157312043291,0.7756,0.7756,885,0.036835648119449615
359,NY,0.01141641454959135,0.7512,0.7512,8,0.036835648119449615
359,TX,0.11096785424607947,0.762,0.762,107,0.036835648119449615
360,CA,0.8785002296039097,0.7784,0.7784,911,0.04030630737543106
360,NY,0.011270879913407451,0.7562,0.7562,9,0.04030630737543106
360,TX,0.11022889048268296,0.7616,0.7616,80,0.04030630737543106
361,CA,0.8795398407966323,0.7694,0.7694,864,0.03808104991912842
361,NY,0.011143355428089778,0.7488,0.7488,11,0.03808104991912842
361,TX,0.10931680377527786,0.7586,0.7586,125,0.03808104991912842
362,CA,0.88024137466727,0.775,0.775,887,0.038228340446949005
362,NY,0.011022405045947032,0.7574,0.7574,5,0.038228340446949005
362,TX,0.10873622028678302,0.7678,0.7678,108,0.038228340446949005
363,CA,0.8807260941145275,0.7706,0.7706,887,0.03722628206014633
363,NY,0.010919121951910334,0.7528,0.7528,8,0.03722628206014633
363,TX,0.1083547839335622,0.7642,0.7642,105,0.03722628206014633
364,CA,0.881167937670737,0.7726,0.7726,881,0.037986189126968384
364,NY,0.010814773889469583,0.747,0.747,12,0.037986189126968384
364,TX,0.10801728843979343,0.7566,0.7566,107,0.037986189126968384
365,CA,0.8821658285799824,0.7744,0.7744,895,0.03778906166553497
365,NY,0.010670656713473042,0.7496,0.7496,6,0.03778906166553497
365,TX,0.10716351470654453,0.7646,0.7646,99,0.03778906166553497
366,CA,0.8828200003548646,0.7766,0.7766,892,0.03808613121509552
366,NY,0.010529319939945485,0.7504,0.7504,10,0.03808613121509552
366,TX,0.10665067970518988,0.759,0.759,98,0.03808613121509552
367,CA,0.8838911176538592,0.7772,0.7772,898,0.03658375144004822
367,NY,0.010386627942935952,0.749,0.749,8,0.03658375144004822
367,TX,0.10572225440320478,0.763,0.763,94,0.03658375144004822
368,CA,0.8847843450483007,0.7718,0.7718,880,0.03769616037607193
368,NY,0.010232146279945517,0.7576,0.7576,9,0.03769616037607193
368,TX,0.10498350867175361,0.764,0.764,111,0.03769616037607193
369,CA,0.8852660840099825,0.7698,0.7698,893,0.03755205124616623
369,NY,0.010155667722029828,0.7436,0.7436,9,0.03755205124616623
369,TX,0.10457824826798762,0.7558,0.7558,98,0.03755205124616623
370,CA,0.8861323757777564,0.7746,0.7746,885,0.03662712872028351
370,NY,0.010015114776259661,0.7464,0.7464,8,0.03662712872028351
370,TX,0.10385250944598398,0.7538,0.7538,107,0.03662712872028351
371,CA,0.8873537289468317,0.7784,0.7784,884,0.03829916566610336
371,NY,0.00986954998185485,0.7522,0.7522,11,0.03829916566610336
371,TX,0.10277672107131336,0.7588,0.7588,105,0.03829916566610336
372,CA,0.8884893235894242,0.7736,0.7736,868,0.03784453868865967
372,NY,0.009736592899080972,0.7538,0.7538,9,0.03784453868865967
372,TX,0.10177408351149479,0.7644,0.7644,123,0.03784453868865967
373,CA,0.8890553124162957,0.777,0.777,895,0.036912791430950165
373,NY,0.009634029357125155,0.7574,0.7574,7,0.036912791430950165
373,TX,0.10131065822657923,0.7608,0.7608,98,0.036912791430950165
374,CA,0.889971858042044,0.7706,0.7706,893,0.03711459040641785
374,NY,0.00953759006800528,0.7534,0.7534,12,0.03711459040641785
374,TX,0.10049055188995058,0.7586,0.7586,95,0.03711459040641785
375,CA,0.8906609724727805,0.7766,0.7766,882,0.03647899627685547
375,NY,0.00945225312342876,0.7548,0.7548,9,0.03647899627685547
375,TX,0.09988677440379072,0.7588,0.7588,109,0.03647899627685547
376,CA,0.8916567430152502,0.7782,0.7782,891,0.04139900207519531
376,NY,0.009346706098371144,0.7542,0.7542,15,0.04139900207519531
376,TX,0.09899655088637864,0.7634,0.7634,94,0.04139900207519531
377,CA,0.8925047127865899,0.7706,0.7706,898,0.041833363473415375
377,NY,0.009229324318632055,0.7526,0.7526,7,0.041833363473415375
377,TX,0.09826596289477794,0.7596,0.7596,95,0.041833363473415375
378,CA,0.8931337569041881,0.7796,0.7796,904,0.22487469017505646
378,NY,0.009141937357488526,0.7526,0.7526,8,0.22487469017505646
378,TX,0.09772430573832339,0.7596,0.7596,88,0.22487469017505646
379,CA,0.8942399081655958,0.7742,0.7742,884,0.03735759109258652
379,NY,0.009014386912069993,0.7542,0.7542,8,0.03735759109258652
379,TX,0.09674570492233425,0.7624,0.7624,108,0.03735759109258652
380,CA,0.8949066681369796,0.7808,0.7808,892,0.037750646471977234
380,NY,0.008919416064591896,0.761,0.761,12,0.037750646471977234
380,TX,0.09617391579842853,0.7662,0.7662,96,0.037750646471977234
381,CA,0.89570174608535,0.7716,0.7716,885,0.03766901046037674
381,NY,0.008828080987390245,0.753,0.753,9,0.03766901046037674
381,TX,0.09547017292725973,0.7624,0.7624,106,0.03766901046037674
382,CA,0.8962291472415758,0.7756,0.7756,883,0.037726230919361115
382,NY,0.00874053862398284,0.7564,0.7564,12,0.037726230919361115
382,TX,0.0950303141344415,0.7654,0.7654,105,0.037726230919361115
383,CA,0.8968034770100113,0.7776,0.7776,892,0.0375962033867836
383,NY,0.008651565652613723,0.7482,0.7482,5,0.0375962033867836
383,TX,0.09454495733737514,0.7654,0.7654,103,0.0375962033867836
384,CA,0.8975142807070757,0.7792,0.7792,921,0.03135008364915848
384,NY,0.008515219868829747,0.7582,0.7582,0,0.03135008364915848
384,TX,0.09397049942409445,0.766,0.766,79,0.03135008364915848
385,CA,0.8982307804028825,0.7778,0.7778,907,0.03722458332777023
385,NY,0.008421431836694892,0.755,0.755,5,0.03722458332777023
385,TX,0.09334778776042256,0.7688,0.7688,88,0.03722458332777023
386,CA,0.8987525698849428,0.7772,0.7772,897,0.03773346543312073
386,NY,0.008318257660785767,0.7518,0.7518,9,0.03773346543312073
386,TX,0.09292917245427154,0.765,0.765,94,0.03773346543312073
387,CA,0.8994332785458601,0.777,0.777,904,0.037138551473617554
387,NY,0.008205582061256182,0.7554,0.7554,3,0.037138551473617554
387,TX,0.0923611393928837,0.768,0.768,93,0.037138551473617554
388,CA,0.8999440187190424,0.7664,0.7664,892,0.03758229315280914
388,NY,0.00811044347674664,0.7476,0.7476,12,0.03758229315280914
388,TX,0.09194553780421101,0.7596,0.7596,96,0.03758229315280914
389,CA,0.9003404182549944,0.777,0.777,898,0.03682096302509308
389,NY,0.008027657482624495,0.7536,0.7536,7,0.03682096302509308
389,TX,0.09163192426238101,0.7608,0.7608,95,0.03682096302509308
390,CA,0.9011885012231062,0.7718,0.7718,909,0.036663658916950226
390,NY,0.007929409335245339,0.7458,0.7458,7,0.036663658916950226
390,TX,0.09088208944164838,0.7624,0.7624,84,0.036663658916950226
391,CA,0.9017282028478326,0.7758,0.7758,919,0.03709191083908081
391,NY,0.00781772952809111,0.7486,0.7486,5,0.03709191083908081
391,TX,0.09045406762407625,0.7626,0.7626,76,0.03709191083908081
392,CA,0.9024430405609012,0.7736,0.7736,928,0.3201059326529503
392,NY,0.007704087565740878,0.755,0.755,7,0.3201059326529503
392,TX,0.08985287187335783,0.7648,0.7648,65,0.3201059326529503
393,CA,0.9029185294430533,0.7736,0.7736,903,0.04213058203458786
393,NY,0.0076273103268184525,0.7494,0.7494,8,0.04213058203458786
393,TX,0.0894541602301282,0.754,0.754,89,0.04213058203458786
394,CA,0.9039061613142967,0.776,0.776,908,0.03985738009214401
394,NY,0.007531468079360109,0.751,0.751,10,0.03985738009214401
394,TX,0.0885623706063433,0.7638,0.7638,82,0.03985738009214401
395,CA,0.9045523598823286,0.7724,0.7724,908,0.036940060555934906
395,NY,0.007430759214556834,0.749,0.749,7,0.036940060555934906
395,TX,0.08801688090311462,0.7596,0.7596,85,0.036940060555934906
396,CA,0.9052165611761547,0.7814,0.7814,912,0.03775227069854736
396,NY,0.007338039356762464,0.7594,0.7594,7,0.03775227069854736
396,TX,0.08744539946708293,0.765,0.765,81,0.03775227069854736
397,CA,0.9060280607247958,0.775,0.775,917,0.03860911726951599
397,NY,0.007253912856565976,0.7576,0.7576,8,0.03860911726951599
397,TX,0.0867180264186383,0.7644,0.7644,75,0.03860911726951599
398,CA,0.9065620023337986,0.7818,0.7818,903,0.03778473287820816
398,NY,0.007187037056247805,0.7576,0.7576,7,0.03778473287820816
398,TX,0.08625096060995369,0.7668,0.7668,90,0.03778473287820816
399,CA,0.9073093642831441,0.769,0.769,909,0.03737442195415497
399,NY,0.0070952688237567105,0.7484,0.7484,7,0.03737442195415497
399,TX,0.08559536689309918,0.761,0.761,84,0.03737442195415497
400,CA,0.9077357411910187,0.7768,0.7768,902,0.037725940346717834
400,NY,0.007015939929146294,0.75,0.75,4,0.037725940346717834
400,TX,0.08524831887983494,0.7572,0.7572,94,0.037725940346717834
401,CA,0.9086864120247714,0.775,0.775,891,0.03801263868808746
401,NY,0.006917353390579027,0.7508,0.7508,8,0.03801263868808746
401,TX,0.08439623458464958,0.766,0.766,101,0.03801263868808746
402,CA,0.909161207284058,0.776,0.776,914,0.03679469972848892
402,NY,0.0068266086483212834,0.752,0.752,10,0.03679469972848892
402,TX,0.08401218406762069,0.758,0.758,76,0.03679469972848892
403,CA,0.9100200171138718,0.7718,0.7718,909,0.03757568448781967
403,NY,0.006740718573544936,0.747,0.747,8,0.03757568448781967
403,TX,0.08323926431258329,0.757,0.757,83,0.03757568448781967
404,CA,0.9107391869711368,0.7758,0.7758,910,0.036397211253643036
404,NY,0.0066516207830110766,0.7456,0.7456,6,0.036397211253643036
404,TX,0.08260919224585217,0.7564,0.7564,84,0.036397211253643036
405,CA,0.911665071346577,0.7728,0.7728,911,0.03716295212507248
405,NY,0.006545147761567238,0.7528,0.7528,6,0.03716295212507248
405,TX,0.08178978089185569,0.7644,0.7644,83,0.03716295212507248
406,CA,0.9120858908986874,0.7746,0.7746,900,0.03651358187198639
406,NY,0.006474295218200414,0.7538,0.7538,10,0.03651358187198639
406,TX,0.0814398138831122,0.7654,0.7654,90,0.03651358187198639
407,CA,0.912540418728832,0.779,0.779,919,0.03795928508043289
407,NY,0.006401598896305538,0.7448,0.7448,9,0.03795928508043289
407,TX,0.08105798237486249,0.752,0.752,72,0.03795928508043289
408,CA,0.9137770226471027,0.7782,0.7782,914,0.03709562122821808
408,NY,0.006287040925576007,0.7498,0.7498,8,0.03709562122821808
408,TX,0.07993593642732132,0.7636,0.7636,78,0.03709562122821808
409,CA,0.9144690284597715,0.7784,0.7784,907,0.03656753897666931
409,NY,0.006191314445663076,0.7524,0.7524,5,0.03656753897666931
409,TX,0.07933965709456535,0.7626,0.7626,88,0.03656753897666931
410,CA,0.9151969768544338,0.7746,0.7746,914,0.036267973482608795
410,NY,0.006105654595061298,0.7548,0.7548,5,0.036267973482608795
410,TX,0.07869736855050485,0.7658,0.7658,81,0.036267973482608795
411,CA,0.9156166708551685,0.7758,0.7758,915,0.03783643990755081
411,NY,0.0060402998068650035,0.7558,0.7558,4,0.03783643990755081
411,TX,0.07834302933796651,0.766,0.766,81,0.03783643990755081
412,CA,0.9160750528169495,0.7688,0.7688,926,0.037969641387462616
412,NY,0.005975260628668538,0.7414,0.7414,9,0.037969641387462616
412,TX,0.07794968655438207,0.7516,0.7516,65,0.037969641387462616
413,CA,0.9168548857667608,0.7752,0.7752,891,0.03740696609020233
413,NY,0.005887707292934215,0.7524,0.7524,3,0.03740696609020233
413,TX,0.07725740694030497,0.7628,0.7628,106,0.03740696609020233
414,CA,0.9174193485752266,0.7794,0.7794,918,0.03757071495056152
414,NY,0.0058156660174495025,0.7548,0.7548,3,0.03757071495056152
414,TX,0.07676498540732403,0.7658,0.7658,79,0.03757071495056152
415,CA,0.9180317838016645,0.7802,0.7802,927,0.037939831614494324
415,NY,0.005739093755631554,0.758,0.758,6,0.037939831614494324
415,TX,0.07622912244270397,0.7678,0.7678,67,0.037939831614494324
416,CA,0.918585271933923,0.7726,0.7726,920,0.0403926819562912
416,NY,0.005670941327908555,0.7466,0.7466,3,0.0403926819562912
416,TX,0.0757437867381685,0.7572,0.7572,77,0.0403926819562912
417,CA,0.9192666571018815,0.7764,0.7764,932,0.03842052072286606
417,NY,0.005591906421306256,0.7542,0.7542,3,0.03842052072286606
417,TX,0.07514143647681232,0.7684,0.7684,65,0.03842052072286606
418,CA,0.919642130259043,0.772,0.772,922,0.0371403694152832
418,NY,0.005524278793041396,0.7526,0.7526,5,0.0371403694152832
418,TX,0.07483359094791564,0.76,0.76,73,0.0371403694152832
419,CA,0.9201640970299502,0.7742,0.7742,911,0.0374305322766304
419,NY,0.005466899660626577,0.748,0.748,4,0.0374305322766304
419,TX,0.07436900330942324,0.7566,0.7566,85,0.0374305322766304
420,CA,0.9209178394889288,0.7742,0.7742,922,0.03677179664373398
420,NY,0.005390580777761626,0.7506,0.7506,6,0.03677179664373398
420,TX,0.07369157973330952,0.7586,0.7586,72,0.03677179664373398
421,CA,0.9215810570212386,0.777,0.777,920,0.037017300724983215
421,NY,0.005322707009164146,0.753,0.753,7,0.037017300724983215
421,TX,0.07309623596959726,0.7556,0.7556,73,0.037017300724983215
422,CA,0.9224593943147545,0.7788,0.7788,916,0.037021033465862274
422,NY,0.005255823446007575,0.7592,0.7592,4,0.037021033465862274
422,TX,0.07228478223923787,0.7648,0.7648,80,0.037021033465862274
423,CA,0.9230379800774712,0.7744,0.7744,924,0.03745640814304352
423,NY,0.00520117153032761,0.7502,0.7502,6,0.03745640814304352
423,TX,0.07176084839220125,0.7598,0.7598,70,0.03745640814304352
424,CA,0.9236488754978711,0.7772,0.7772,926,0.03784024715423584
424,NY,0.005133631155592199,0.756,0.756,3,0.03784024715423584
424,TX,0.07121749334653661,0.7636,0.7636,71,0.03784024715423584
425,CA,0.9242091582615309,0.7754,0.7754,923,0.03666352480649948
425,NY,0.005075469600455753,0.7536,0.7536,2,0.03666352480649948
425,TX,0.07071537213801331,0.7618,0.7618,75,0.03666352480649948
426,CA,0.9247677350053514,0.7804,0.7804,931,0.03681475669145584
426,NY,0.005016178163736639,0.756,0.756,4,0.03681475669145584
426,TX,0.07021608683091204,0.7618,0.7618,65,0.03681475669145584
427,CA,0.9255102713982244,0.773,0.773,929,0.03731417655944824
427,NY,0.004951405027856709,0.7536,0.7536,4,0.03731417655944824
427,TX,0.06953832357391894,0.7648,0.7648,67,0.03731417655944824
428,CA,0.9258581974783505,0.7714,0.7714,925,0.03671550750732422
428,NY,0.00489906822698187,0.7434,0.7434,7,0.03671550750732422
428,TX,0.06924273429466768,0.7578,0.7578,68,0.03671550750732422
429,CA,0.92642243711733,0.7698,0.7698,930,0.03644459694623947
429,NY,0.004824568507245843,0.7414,0.7414,5,0.03644459694623947
429,TX,0.06875299437542418,0.7536,0.7536,65,0.03644459694623947
430,CA,0.9270776545427308,0.7732,0.7732,922,0.03782440721988678
430,NY,0.0047505060507985605,0.7526,0.7526,7,0.03782440721988678
430,TX,0.06817183940647066,0.7624,0.7624,71,0.03782440721988678
431,CA,0.9275139586834705,0.7762,0.7762,930,0.03615444153547287
431,NY,0.004697527176049474,0.7508,0.7508,2,0.03615444153547287
431,TX,0.06778851414048014,0.7574,0.7574,68,0.03615444153547287
432,CA,0.9282423280271488,0.7748,0.7748,927,0.0369543582201004
432,NY,0.004633987816590319,0.749,0.749,4,0.0369543582201004
432,TX,0.06712368415626092,0.7608,0.7608,69,0.0369543582201004
433,CA,0.928796679846074,0.776,0.776,927,0.03729546070098877
433,NY,0.004569351449455814,0.7594,0.7594,7,0.03729546070098877
433,TX,0.06663396870447025,0.767,0.767,66,0.03729546070098877
434,CA,0.9291501110495334,0.7774,0.7774,918,0.03757508099079132
434,NY,0.004528364926003002,0.7484,0.7484,6,0.03757508099079132
434,TX,0.06632152402446369,0.7636,0.7636,76,0.03757508099079132
435,CA,0.9296975308139924,0.7734,0.7734,935,0.03758598864078522
435,NY,0.0044571046823344744,0.7508,0.7508,6,0.03758598864078522
435,TX,0.0658453645036731,0.7594,0.7594,59,0.03758598864078522
436,CA,0.9302339158745505,0.7726,0.7726,924,0.03786730021238327
436,NY,0.004402842603768613,0.7542,0.7542,9,0.03786730021238327
436,TX,0.06536324152168078,0.7596,0.7596,67,0.03786730021238327
437,CA,0.9307226079589179,0.7788,0.7788,918,0.037343353033065796
437,NY,0.004359429068215908,0.749,0.749,8,0.037343353033065796
437,TX,0.0649179629728662,0.7632,0.7632,74,0.037343353033065796
438,CA,0.9313208518708678,0.7788,0.7788,925,0.03957509994506836
438,NY,0.004289151314627933,0.755,0.755,4,0.03957509994506836
438,TX,0.06438999681450427,0.7582,0.7582,71,0.03957509994506836
439,CA,0.93206937659045,0.7746,0.7746,928,0.03713008016347885
439,NY,0.00423516446832593,0.7486,0.7486,3,0.03713008016347885
439,TX,0.06369545894122414,0.7582,0.7582,69,0.03713008016347885
440,CA,0.9326762625083647,0.775,0.775,940,0.03815639019012451
440,NY,0.004175831457563382,0.7486,0.7486,6,0.03815639019012451
440,TX,0.06314790603407187,0.7616,0.7616,54,0.03815639019012451
441,CA,0.9331790877333808,0.7784,0.7784,931,0.036544524133205414
441,NY,0.004115941110483791,0.7478,0.7478,1,0.036544524133205414
441,TX,0.06270497115613538,0.7606,0.7606,68,0.036544524133205414
442,CA,0.933831307930179,0.778,0.778,931,0.04016023874282837
442,NY,0.004047947488438514,0.7464,0.7464,3,0.04016023874282837
442,TX,0.06212074458138248,0.756,0.756,66,0.04016023874282837
443,CA,0.934616938897737,0.7728,0.7728,937,0.0366831049323082
443,NY,0.0039793492215012835,0.7476,0.7476,8,0.0366831049323082
443,TX,0.06140371188076177,0.7614,0.7614,55,0.0366831049323082
444,CA,0.9350390366141125,0.7784,0.7784,936,0.037240780889987946
444,NY,0.003924555195197432,0.7522,0.7522,3,0.037240780889987946
444,TX,0.06103640819069018,0.7582,0.7582,61,0.037240780889987946
445,CA,0.9357418736779911,0.776,0.776,937,0.03700216859579086
445,NY,0.003869643794277651,0.7574,0.7574,2,0.03700216859579086
445,TX,0.06038848252773123,0.764,0.764,61,0.03700216859579086
446,CA,0.93616179556916,0.7768,0.7768,947,0.036835022270679474
446,NY,0.003830835467325144,0.7538,0.7538,2,0.036835022270679474
446,TX,0.0600073689635149,0.7632,0.7632,51,0.036835022270679474
447,CA,0.9366384487216,0.7752,0.7752,943,0.036956071853637695
447,NY,0.0037831720072112147,0.747,0.747,3,0.036956071853637695
447,TX,0.05957837927118874,0.7566,0.7566,54,0.036956071853637695
448,CA,0.9372798683774439,0.7706,0.7706,924,0.03740184009075165
448,NY,0.0037256238991939233,0.7498,0.7498,2,0.03740184009075165
448,TX,0.058994507723362136,0.7628,0.7628,74,0.03740184009075165
449,CA,0.9375645638007455,0.778,0.778,925,0.036492399871349335
449,NY,0.00368297574337727,0.7512,0.7512,4,0.036492399871349335
449,TX,0.05875246045587725,0.7606,0.7606,71,0.036492399871349335
450,CA,0.9381560540769567,0.7764,0.7764,930,0.2139952927827835
450,NY,0.003629750314637444,0.7558,0.7558,5,0.2139952927827835
450,TX,0.058214195608405885,0.7648,0.7648,65,0.2139952927827835
451,CA,0.9385523433407683,0.7704,0.7704,934,0.03677503764629364
451,NY,0.0035891734344660046,0.7448,0.7448,3,0.03677503764629364
451,TX,0.05785848322476567,0.7578,0.7578,63,0.03677503764629364
452,CA,0.9389877335212719,0.7772,0.7772,952,0.03726768493652344
452,NY,0.0035389148795302015,0.7578,0.7578,2,0.03726768493652344
452,TX,0.057473351599197905,0.7648,0.7648,46,0.03726768493652344
453,CA,0.9394007297025755,0.7738,0.7738,941,0.03743230551481247
453,NY,0.003501823450216215,0.7548,0.7548,2,0.03743230551481247
453,TX,0.057097446847208286,0.7606,0.7606,57,0.03743230551481247
454,CA,0.9398353179377906,0.7712,0.7712,939,0.03716769814491272
454,NY,0.003465916454902278,0.7446,0.7446,5,0.03716769814491272
454,TX,0.05669876560730715,0.7556,0.7556,56,0.03716769814491272
455,CA,0.9403538579586193,0.7774,0.7774,938,0.037417635321617126
455,NY,0.0034157486386841274,0.7594,0.7594,5,0.037417635321617126
455,TX,0.056230393402696574,0.7694,0.7694,57,0.037417635321617126
456,CA,0.9406244590207757,0.7758,0.7758,946,0.03703218698501587
456,NY,0.003382129812037378,0.7476,0.7476,2,0.03703218698501587
456,TX,0.05599341116718684,0.7594,0.7594,52,0.03703218698501587
457,CA,0.9411616960394243,0.772,0.772,949,0.03949999809265137
457,NY,0.0033303220522713124,0.7514,0.7514,5,0.03949999809265137
457,TX,0.0555079819083043,0.7582,0.7582,46,0.03949999809265137
458,CA,0.9416051935652802,0.7762,0.7762,947,0.04010118544101715
458,NY,0.003293157200923203,0.7528,0.7528,3,0.04010118544101715
458,TX,0.055101649233796623,0.7642,0.7642,50,0.04010118544101715
459,CA,0.9419967356430186,0.7806,0.7806,936,0.03797600418329239
459,NY,0.0032511238489011563,0.7566,0.7566,2,0.03797600418329239
459,TX,0.05475214050808027,0.7636,0.7636,62,0.03797600418329239
460,CA,0.942530734069219,0.7764,0.7764,941,0.03735312074422836
460,NY,0.0032091213958896163,0.7516,0.7516,1,0.03735312074422836
460,TX,0.05426014453489135,0.7636,0.7636,58,0.03735312074422836
461,CA,0.9429416473057924,0.7764,0.7764,934,0.03733663260936737
461,NY,0.003165698972899349,0.753,0.753,2,0.03733663260936737
461,TX,0.0538926537213082,0.7598,0.7598,64,0.03733663260936737
462,CA,0.943456126937389,0.7742,0.7742,931,0.03654847294092178
462,NY,0.003125702630757112,0.7508,0.7508,4,0.03654847294092178
462,TX,0.053418170431853956,0.7596,0.7596,65,0.03654847294092178
463,CA,0.9439099648975076,0.7716,0.7716,947,0.037547916173934937
463,NY,0.0030859613545099226,0.7498,0.7498,1,0.037547916173934937
463,TX,0.053004073747982446,0.7598,0.7598,52,0.037547916173934937
464,CA,0.9442791921478751,0.7682,0.7682,949,0.036933161318302155
464,NY,0.003049180070175358,0.7568,0.7568,3,0.036933161318302155
464,TX,0.052671627781949525,0.7642,0.7642,48,0.036933161318302155
465,CA,0.9444102875141541,0.7778,0.7778,946,0.03743760287761688
465,NY,0.003029941883229371,0.7526,0.7526,2,0.03743760287761688
465,TX,0.052559770602616476,0.7588,0.7588,52,0.03743760287761688
466,CA,0.9449816937680398,0.7702,0.7702,944,0.03708368539810181
466,NY,0.0029888002449386,0.7498,0.7498,3,0.03708368539810181
466,TX,0.05202950598702173,0.759,0.759,53,0.03708368539810181
467,CA,0.9453254446842527,0.773,0.773,944,0.03771061450242996
467,NY,0.0029554316381349005,0.751,0.751,4,0.03771061450242996
467,TX,0.0517191236776125,0.7582,0.7582,52,0.03771061450242996
468,CA,0.9457684369265444,0.7792,0.7792,935,0.037466228008270264
468,NY,0.0029201273856404378,0.7576,0.7576,7,0.037466228008270264
468,TX,0.051311435687815155,0.7682,0.7682,58,0.037466228008270264
469,CA,0.9461021147546574,0.7754,0.7754,944,0.03777901828289032
469,NY,0.0028856939453251007,0.753,0.753,4,0.03777901828289032
469,TX,0.05101219130001744,0.7678,0.7678,52,0.03777901828289032
470,CA,0.94634322183466,0.7758,0.7758,955,0.036892205476760864
470,NY,0.0028500116245229676,0.7508,0.7508,5,0.036892205476760864
470,TX,0.050806766540817,0.7598,0.7598,40,0.036892205476760864
471,CA,0.9468146343018123,0.779,0.779,953,0.03733129799365997
471,NY,0.002811288420386877,0.7576,0.7576,2,0.03733129799365997
471,TX,0.05037407727780074,0.768,0.768,45,0.03733129799365997
472,CA,0.9471416757857739,0.7724,0.7724,942,0.037583112716674805
472,NY,0.0027784301584087463,0.7496,0.7496,2,0.037583112716674805
472,TX,0.05007989405581736,0.764,0.764,56,0.037583112716674805
473,CA,0.9474003984750314,0.7724,0.7724,942,0.03976495563983917
473,NY,0.0027434378707279572,0.7536,0.7536,2,0.03976495563983917
473,TX,0.04985616365424053,0.7636,0.7636,56,0.03976495563983917
474,CA,0.9476625567094382,0.774,0.774,941,0.03144901990890503
474,NY,0.0027150890813608278,0.7436,0.7436,0,0.03144901990890503
474,TX,0.04962235420920103,0.7578,0.7578,59,0.03144901990890503
475,CA,0.9481363153312015,0.7726,0.7726,953,0.036958158016204834
475,NY,0.002669896264919573,0.746,0.746,1,0.036958158016204834
475,TX,0.04919378840387902,0.7598,0.7598,46,0.036958158016204834
476,CA,0.9485112569896561,0.7788,0.7788,947,0.03691979497671127
476,NY,0.0026308712226733597,0.7476,0.7476,2,0.03691979497671127
476,TX,0.04885787178767042,0.7582,0.7582,51,0.03691979497671127
477,CA,0.9490920638454997,0.78,0.78,954,0.03697405755519867
477,NY,0.002586308684999115,0.7598,0.7598,3,0.03697405755519867
477,TX,0.04832162746950112,0.7656,0.7656,43,0.03697405755519867
478,CA,0.9494911034155565,0.7738,0.7738,963,0.03606201708316803
478,NY,0.0025580334968761946,0.7418,0.7418,2,0.03606201708316803
478,TX,0.047950863087567214,0.757,0.757,35,0.03606201708316803
479,CA,0.949966371286794,0.7746,0.7746,961,0.037519671022892
479,NY,0.0025131429627175818,0.7578,0.7578,2,0.037519671022892
479,TX,0.04752048575048849,0.7658,0.7658,37,0.037519671022892
480,CA,0.9502128939054924,0.7726,0.7726,954,0.03321059048175812
480,NY,0.002489997237277801,0.7558,0.7558,0,0.03321059048175812
480,TX,0.047297108857229805,0.7604,0.7604,46,0.03321059048175812
481,CA,0.9505447516121025,0.777,0.777,952,0.030781090259552002
481,NY,0.002467259409445588,0.7508,0.7508,0,0.030781090259552002
481,TX,0.04698798897845182,0.7612,0.7612,48,0.030781090259552002
482,CA,0.9509766525750143,0.7784,0.7784,951,0.03773592412471771
482,NY,0.0024319867838393052,0.7586,0.7586,3,0.03773592412471771
482,TX,0.04659136064114637,0.7686,0.7686,46,0.03773592412471771
483,CA,0.9512466370989651,0.7766,0.7766,954,0.03733547776937485
483,NY,0.002405592767552884,0.7508,0.7508,2,0.03733547776937485
483,TX,0.04634777013348204,0.7606,0.7606,44,0.03733547776937485
484,CA,0.9516771194618789,0.7784,0.7784,954,0.037587687373161316
484,NY,0.002371731289296429,0.756,0.756,4,0.037587687373161316
484,TX,0.045951149248824576,0.763,0.763,42,0.037587687373161316
485,CA,0.952084407765736,0.7708,0.7708,949,0.03638654202222824
485,NY,0.002342860173320394,0.7436,0.7436,1,0.03638654202222824
485,TX,0.04557273206094368,0.757,0.757,50,0.03638654202222824
486,CA,0.9524569511252485,0.777,0.777,958,0.03653641790151596
486,NY,0.002307775825511422,0.7542,0.7542,3,0.03653641790151596
486,TX,0.04523527304924006,0.7622,0.7622,39,0.03653641790151596
487,CA,0.9528441475914966,0.7774,0.7774,952,0.03595665842294693
487,NY,0.002279091774763978,0.7522,0.7522,3,0.03595665842294693
487,TX,0.044876760633739333,0.7558,0.7558,45,0.03595665842294693
488,CA,0.9533949062147804,0.7724,0.7724,963,0.03623787313699722
488,NY,0.002248077455158269,0.7462,0.7462,1,0.03623787313699722
488,TX,0.044357016330061186,0.758,0.758,36,0.03623787313699722
489,CA,0.9537703231421086,0.774,0.774,955,0.039899058640003204
489,NY,0.0022157180248208656,0.7486,0.7486,4,0.039899058640003204
489,TX,0.04401395883307052,0.7714,0.7714,41,0.039899058640003204
490,CA,0.9538621151811728,0.7778,0.7778,958,0.03707656264305115
490,NY,0.0021842037292563545,0.7528,0.7528,1,0.03707656264305115
490,TX,0.0439536810895709,0.7586,0.7586,41,0.03707656264305115
491,CA,0.9543444492670219,0.7632,0.7632,951,0.03626418858766556
491,NY,0.002154577690782834,0.7436,0.7436,3,0.03626418858766556
491,TX,0.043500973042195246,0.754,0.754,46,0.03626418858766556
492,CA,0.9545839824295118,0.7736,0.7736,955,0.03696201741695404
492,NY,0.0021311618478179043,0.752,0.752,1,0.03696201741695404
492,TX,0.04328485572267025,0.761,0.761,44,0.03696201741695404
493,CA,0.9549024029044842,0.7762,0.7762,953,0.03749437630176544
493,NY,0.0021059094717828545,0.7562,0.7562,2,0.03749437630176544
493,TX,0.04299168762373286,0.7678,0.7678,45,0.03749437630176544
494,CA,0.9551192423782613,0.775,0.775,966,0.036881983280181885
494,NY,0.0020826697711553268,0.752,0.752,3,0.036881983280181885
494,TX,0.04279808785058335,0.7678,0.7678,31,0.036881983280181885
495,CA,0.9553108683937774,0.7774,0.7774,940,0.03720086067914963
495,NY,0.0020560954969057964,0.7624,0.7624,3,0.03720086067914963
495,TX,0.04263303610931675,0.7684,0.7684,57,0.03720086067914963
496,CA,0.9555337252426306,0.7698,0.7698,948,0.03630933165550232
496,NY,0.002039219106054429,0.751,0.751,3,0.03630933165550232
496,TX,0.04242705565131493,0.7642,0.7642,49,0.03630933165550232
497,CA,0.9556827253652802,0.7738,0.7738,958,0.037072017788887024
497,NY,0.002017871761609941,0.753,0.753,1,0.037072017788887024
497,TX,0.04229940287310988,0.7578,0.7578,41,0.037072017788887024
498,CA,0.9560701349114941,0.78,0.78,964,0.03689209371805191
498,NY,0.001995018120234917,0.7578,0.7578,1,0.03689209371805191
498,TX,0.04193484696827106,0.768,0.768,35,0.03689209371805191
499,CA,0.9563643015917566,0.7732,0.7732,956,0.03696480393409729
499,NY,0.00197074261137027,0.7514,0.7514,3,0.03696480393409729
499,TX,0.04166495579687327,0.7616,0.7616,41,0.03696480393409729
500,CA,0.956648229345962,0.7798,0.7798,956,0.036779165267944336
500,NY,0.0019470918771983595,0.7588,0.7588,1,0.036779165267944336
500,TX,0.04140467877683955,0.7644,0.7644,43,0.036779165267944336
501,CA,0.9570130756502864,0.7722,0.7722,968,0.03702671825885773
501,NY,0.0019248518069197862,0.7506,0.7506,3,0.03702671825885773
501,TX,0.041062072542793794,0.7636,0.7636,29,0.03702671825885773
502,CA,0.9572262724555312,0.7766,0.7766,958,0.03301354497671127
502,NY,0.0019018148288621566,0.756,0.756,0,0.03301354497671127
502,TX,0.04087191271560666,0.7622,0.7622,42,0.03301354497671127
503,CA,0.9575646124524234,0.7694,0.7694,965,0.03780975192785263
503,NY,0.0018804273588060739,0.7532,0.7532,3,0.03780975192785263
503,TX,0.040554960188770556,0.7586,0.7586,32,0.03780975192785263
504,CA,0.9578181990663642,0.774,0.774,968,0.03722183406352997
504,NY,0.001863704255577503,0.7426,0.7426,1,0.03722183406352997
504,TX,0.040318096678058246,0.756,0.756,31,0.03722183406352997
505,CA,0.9582418165202657,0.7718,0.7718,963,0.03876526653766632
505,NY,0.001831526157232612,0.7534,0.7534,1,0.03876526653766632
505,TX,0.039926657322501745,0.7648,0.7648,36,0.03876526653766632
506,CA,0.9584112270816885,0.77,0.77,955,0.036560311913490295
506,NY,0.0018128263444861334,0.744,0.744,2,0.036560311913490295
506,TX,0.039775946573825396,0.7586,0.7586,43,0.036560311913490295
507,CA,0.9586823550585878,0.7768,0.7768,961,0.03643299639225006
507,NY,0.0017867025599194954,0.751,0.751,2,0.03643299639225006
507,TX,0.03953094238149279,0.7612,0.7612,37,0.03643299639225006
508,CA,0.9590400949486131,0.7758,0.7758,959,0.03739432245492935
508,NY,0.0017614158109711673,0.7556,0.7556,2,0.03739432245492935
508,TX,0.039198489240415656,0.7652,0.7652,39,0.03739432245492935
509,CA,0.9592837699804835,0.7732,0.7732,959,0.03649928420782089
509,NY,0.0017418218868929774,0.7538,0.7538,2,0.03649928420782089
509,TX,0.038974408132623435,0.76,0.76,39,0.03649928420782089
510,CA,0.959580461485788,0.7816,0.7816,958,0.03097183257341385
510,NY,0.001723298008940288,0.75,0.75,0,0.03097183257341385
510,TX,0.03869624050527165,0.7666,0.7666,42,0.03097183257341385
511,CA,0.9599225442512987,0.775,0.775,967,0.03744593262672424
511,NY,0.0016933355489945295,0.7542,0.7542,4,0.03744593262672424
511,TX,0.03838412019970671,0.7614,0.7614,29,0.03744593262672424
512,CA,0.9602239980087257,0.776,0.776,968,0.03757684677839279
512,NY,0.0016740180613713138,0.7562,0.7562,1,0.03757684677839279
512,TX,0.03810198392990298,0.7622,0.7622,31,0.03757684677839279
513,CA,0.9605263003710857,0.776,0.776,954,0.03662476688623428
513,NY,0.0016558761690463907,0.7512,0.7512,1,0.03662476688623428
513,TX,0.037817823459867846,0.756,0.756,45,0.03662476688623428
514,CA,0.9609577694346387,0.7726,0.7726,957,0.037410542368888855
514,NY,0.0016334870079023622,0.7514,0.7514,4,0.037410542368888855
514,TX,0.03740874355745892,0.7598,0.7598,39,0.037410542368888855
515,CA,0.9612362068223467,0.7738,0.7738,950,0.03684566169977188
515,NY,0.0016144184180836463,0.7512,0.7512,2,0.03684566169977188
515,TX,0.03714937475956969,0.7608,0.7608,48,0.03684566169977188
516,CA,0.9615177712554694,0.7694,0.7694,953,0.03110376000404358
516,NY,0.0015943159689196795,0.7474,0.7474,0,0.03110376000404358
516,TX,0.03688791277561086,0.7564,0.7564,47,0.03110376000404358
517,CA,0.9617975034426526,0.78,0.78,967,0.03754293918609619
517,NY,0.0015749509562076648,0.759,0.759,2,0.03754293918609619
517,TX,0.036627545601139865,0.7644,0.7644,31,0.03754293918609619
518,CA,0.962124227685735,0.7804,0.7804,961,0.03626270592212677
518,NY,0.0015568987756937615,0.7604,0.7604,2,0.03626270592212677
518,TX,0.03631887353857118,0.7642,0.7642,37,0.03626270592212677
519,CA,0.9624591226606948,0.7732,0.7732,956,0.037542104721069336
519,NY,0.0015399452968893781,0.748,0.748,2,0.037542104721069336
519,TX,0.036000932042415876,0.7622,0.7622,42,0.037542104721069336
520,CA,0.9626951908500984,0.7762,0.7762,962,0.03692326694726944
520,NY,0.0015184325620700278,0.7424,0.7424,1,0.03692326694726944
520,TX,0.03578637658783166,0.751,0.751,37,0.03692326694726944
521,CA,0.9632120671427082,0.7688,0.7688,956,0.0319485142827034
521,NY,0.001490337459726322,0.7498,0.7498,0,0.0319485142827034
521,TX,0.03529759539756543,0.7604,0.7604,44,0.0319485142827034
522,CA,0.9633889805079084,0.7736,0.7736,957,0.038609012961387634
522,NY,0.0014745994238069657,0.7498,0.7498,2,0.038609012961387634
522,TX,0.035136420068284574,0.7606,0.7606,41,0.038609012961387634
523,CA,0.9636562293552798,0.7722,0.7722,966,0.03200665861368179
523,NY,0.0014552152948597873,0.75,0.75,0,0.03200665861368179
523,TX,0.034888555349860406,0.76,0.76,34,0.03200665861368179
524,CA,0.9639053077489649,0.775,0.775,964,0.03731069713830948
524,NY,0.0014373575207958299,0.7546,0.7546,1,0.03731069713830948
524,TX,0.034657334730239325,0.764,0.764,35,0.03731069713830948
525,CA,0.9641283080603851,0.7742,0.7742,969,0.03455471247434616
525,NY,0.001421166743627801,0.752,0.752,0,0.03455471247434616
525,TX,0.034450525195987236,0.758,0.758,31,0.03455471247434616
526,CA,0.9644488388484816,0.7766,0.7766,960,0.03710956126451492
526,NY,0.0014038507006928671,0.7534,0.7534,2,0.03710956126451492
526,TX,0.034147310450825544,0.7632,0.7632,38,0.03710956126451492
527,CA,0.9647149925051369,0.7772,0.7772,972,0.031071461737155914
527,NY,0.0013859006577235113,0.752,0.752,0,0.031071461737155914
527,TX,0.03389910683713964,0.7546,0.7546,28,0.031071461737155914
528,CA,0.9651500184586979,0.7758,0.7758,966,0.03680041432380676
528,NY,0.0013668652218179914,0.7498,0.7498,2,0.03680041432380676
528,TX,0.03348311631948416,0.7648,0.7648,32,0.03680041432380676
529,CA,0.9653695629891549,0.7768,0.7768,970,0.03135848790407181
529,NY,0.001347158924995904,0.75,0.75,0,0.03135848790407181
529,TX,0.03328327808584925,0.757,0.757,30,0.03135848790407181
530,CA,0.965747378911671,0.785,0.785,963,0.037498004734516144
530,NY,0.0013273586124822633,0.7568,0.7568,1,0.037498004734516144
530,TX,0.03292526247584681,0.7694,0.7694,36,0.037498004734516144
531,CA,0.9660456167350066,0.7762,0.7762,976,0.2107776552438736
531,NY,0.0013067920103876272,0.7566,0.7566,1,0.2107776552438736
531,TX,0.03264759125460578,0.763,0.763,23,0.2107776552438736
532,CA,0.9662939966867752,0.7746,0.7746,966,0.03689616918563843
532,NY,0.0012927041122357018,0.7506,0.7506,2,0.03689616918563843
532,TX,0.03241329920098913,0.7564,0.7564,32,0.03689616918563843
533,CA,0.9666322291497579,0.7736,0.7736,977,0.037092529237270355
533,NY,0.001275667722784873,0.7532,0.7532,2,0.037092529237270355
533,TX,0.032092103127457285,0.761,0.761,21,0.037092529237270355
534,CA,0.9668668503379959,0.7772,0.7772,972,0.03766859322786331
534,NY,0.0012613010236348391,0.7564,0.7564,1,0.03766859322786331
534,TX,0.03187184863836918,0.7644,0.7644,27,0.03766859322786331
535,CA,0.9671031271077581,0.7758,0.7758,978,0.031189918518066406
535,NY,0.0012468436252733553,0.751,0.751,0,0.031189918518066406
535,TX,0.031650029266968485,0.7644,0.7644,22,0.031189918518066406
536,CA,0.9673165119966038,0.7734,0.7734,975,0.0315726175904274
536,NY,0.0012297020506620482,0.7558,0.7558,0,0.0315726175904274
536,TX,0.031453785952734147,0.7626,0.7626,25,0.0315726175904274
537,CA,0.9675136502104054,0.7846,0.7846,962,0.036358729004859924
537,NY,0.0012177460727169677,0.756,0.756,1,0.036358729004859924
537,TX,0.03126860371687774,0.7704,0.7704,37,0.036358729004859924
538,CA,0.9677733219759729,0.7816,0.7816,967,0.03620839864015579
538,NY,0.001198552067921816,0.7542,0.7542,2,0.03620839864015579
538,TX,0.031028125956105292,0.758,0.758,31,0.03620839864015579
539,CA,0.968189108603621,0.7738,0.7738,981,0.032378263771533966
539,NY,0.0011806260324233884,0.7534,0.7534,0,0.032378263771533966
539,TX,0.030630265363955668,0.7652,0.7652,19,0.032378263771533966
540,CA,0.9683460622546167,0.7722,0.7722,974,0.037043288350105286
540,NY,0.0011672371585480464,0.7414,0.7414,1,0.037043288350105286
540,TX,0.03048670058683527,0.7564,0.7564,25,0.037043288350105286
541,CA,0.9686289884813853,0.7726,0.7726,975,0.03763861209154129
541,NY,0.0011472862374626155,0.7494,0.7494,1,0.03763861209154129
541,TX,0.03022372528115211,0.7624,0.7624,24,0.03763861209154129
542,CA,0.96881202707804,0.7732,0.7732,967,0.036373160779476166
542,NY,0.001132484379864109,0.7484,0.7484,3,0.036373160779476166
542,TX,0.03005548854209589,0.759,0.759,30,0.036373160779476166
543,CA,0.9690606172218714,0.7752,0.7752,965,0.037225499749183655
543,NY,0.001116931960613777,0.7432,0.7432,3,0.037225499749183655
543,TX,0.029822450817514827,0.7538,0.7538,32,0.037225499749183655
544,CA,0.9694286540334587,0.7742,0.7742,971,0.03726352006196976
544,NY,0.0010972145408971172,0.7534,0.7534,2,0.03726352006196976
544,TX,0.029474131425644264,0.7612,0.7612,27,0.03726352006196976
545,CA,0.9696505367528525,0.7726,0.7726,964,0.03771970421075821
545,NY,0.0010845994295708649,0.7512,0.7512,1,0.03771970421075821
545,TX,0.029264863817576592,0.7574,0.7574,35,0.03771970421075821
546,CA,0.9699066303818209,0.775,0.775,964,0.03919436037540436
546,NY,0.001071788422099702,0.7524,0.7524,2,0.03919436037540436
546,TX,0.029021581196079376,0.763,0.763,34,0.03919436037540436
547,CA,0.9701102067203359,0.7772,0.7772,975,0.03659849613904953
547,NY,0.001058364085530181,0.7394,0.7394,3,0.03659849613904953
547,TX,0.028831429194133788,0.7494,0.7494,22,0.03659849613904953
548,CA,0.9705697800820755,0.7782,0.7782,973,0.03651241958141327
548,NY,0.0010363440212030714,0.7524,0.7524,1,0.03651241958141327
548,TX,0.028393875896721453,0.7586,0.7586,26,0.03651241958141327
549,CA,0.9708882358150365,0.7746,0.7746,972,0.03670062869787216
549,NY,0.0010216427531778195,0.7514,0.7514,2,0.03670062869787216
549,TX,0.02809012143178568,0.7594,0.7594,26,0.03670062869787216
550,CA,0.9711348622376073,0.77,0.77,983,0.03719213604927063
550,NY,0.0010085425672088117,0.7456,0.7456,1,0.03719213604927063
550,TX,0.02785659519518395,0.7548,0.7548,16,0.03719213604927063
551,CA,0.9713807415804739,0.7786,0.7786,970,0.03188745677471161
551,NY,0.0009948913249561262,0.7584,0.7584,0,0.03188745677471161
551,TX,0.027624367094569995,0.7684,0.7684,30,0.03188745677471161
552,CA,0.971545633046635,0.7736,0.7736,969,0.03125432878732681
552,NY,0.0009837590625074296,0.7458,0.7458,0,0.03125432878732681
552,TX,0.0274706078908576,0.7584,0.7584,31,0.03125432878732681
553,CA,0.9717894032305754,0.7784,0.7784,967,0.03704319894313812
553,NY,0.0009685822593932271,0.7604,0.7604,3,0.03704319894313812
553,TX,0.027242014510031463,0.7684,0.7684,30,0.03704319894313812
554,CA,0.9719478172942556,0.7722,0.7722,973,0.03133052587509155
554,NY,0.0009589350883980103,0.7508,0.7508,0,0.03133052587509155
554,TX,0.027093247617346286,0.7632,0.7632,27,0.03133052587509155
555,CA,0.9720928251299601,0.7702,0.7702,970,0.031184159219264984
555,NY,0.0009474969153979045,0.7474,0.7474,0,0.031184159219264984
555,TX,0.026959677954641933,0.7594,0.7594,30,0.031184159219264984
556,CA,0.9722646095182674,0.7756,0.7756,967,0.0312855988740921
556,NY,0.000935458530644553,0.7566,0.7566,0,0.0312855988740921
556,TX,0.026799931951087957,0.7674,0.7674,33,0.0312855988740921
557,CA,0.9723946928582125,0.7708,0.7708,977,0.031348101794719696
557,NY,0.0009255723750032592,0.7464,0.7464,0,0.031348101794719696
557,TX,0.02667973476678422,0.756,0.756,23,0.031348101794719696
558,CA,0.9726239768444219,0.7736,0.7736,973,0.04055292159318924
558,NY,0.000913034072926478,0.7392,0.7392,1,0.04055292159318924
558,TX,0.026462989082651583,0.7546,0.7546,26,0.04055292159318924
559,CA,0.9729170177192921,0.7688,0.7688,968,0.030813507735729218
559,NY,0.0008955949994970243,0.7486,0.7486,0,0.030813507735729218
559,TX,0.026187387281210835,0.7534,0.7534,32,0.030813507735729218
560,CA,0.9731488485262173,0.7708,0.7708,976,0.03217979520559311
560,NY,0.0008855781197307728,0.7452,0.7452,0,0.03217979520559311
560,TX,0.025965573354051835,0.7566,0.7566,24,0.03217979520559311
561,CA,0.9733639812824707,0.7768,0.7768,970,0.036534279584884644
561,NY,0.000872968488059557,0.7462,0.7462,4,0.036534279584884644
561,TX,0.025763050229469755,0.7548,0.7548,26,0.036534279584884644
562,CA,0.9736892201920413,0.777,0.777,979,0.031439170241355896
562,NY,0.0008582209184567093,0.7556,0.7556,0,0.031439170241355896
562,TX,0.02545255888950203,0.7664,0.7664,21,0.031439170241355896
563,CA,0.97384714183777,0.7756,0.7756,973,0.03182453662157059
563,NY,0.000848023080113355,0.752,0.752,0,0.03182453662157059
563,TX,0.025304835082116516,0.764,0.764,27,0.03182453662157059
564,CA,0.9740191418086666,0.7774,0.7774,974,0.03674100339412689
564,NY,0.0008368995526794793,0.7464,0.7464,2,0.03674100339412689
564,TX,0.025143958638653954,0.7584,0.7584,24,0.03674100339412689
565,CA,0.9742952373125062,0.7768,0.7768,977,0.03654608875513077
565,NY,0.0008225361050099875,0.7462,0.7462,1,0.03654608875513077
565,TX,0.02488222658248387,0.7612,0.7612,22,0.03654608875513077
566,CA,0.9745219378035274,0.7784,0.7784,978,0.03182308375835419
566,NY,0.0008085585040221354,0.7574,0.7574,0,0.03182308375835419
566,TX,0.024669503692450526,0.766,0.766,22,0.03182308375835419
567,CA,0.974698901543894,0.7738,0.7738,962,0.030832432210445404
567,NY,0.0007991558410169907,0.7536,0.7536,0,0.030832432210445404
567,TX,0.024501942615089034,0.7638,0.7638,38,0.030832432210445404
568,CA,0.9748424307826102,0.7784,0.7784,975,0.03769863396883011
568,NY,0.0007901714093182035,0.7558,0.7558,1,0.03769863396883011
568,TX,0.024367397808071477,0.7578,0.7578,24,0.03769863396883011
569,CA,0.9751274605111873,0.7766,0.7766,974,0.038862429559230804
569,NY,0.0007803579684277313,0.7526,0.7526,1,0.038862429559230804
569,TX,0.024092181520384927,0.7544,0.7544,25,0.038862429559230804
570,CA,0.9754313975011404,0.7768,0.7768,974,0.037509746849536896
570,NY,0.0007700560955114725,0.751,0.751,2,0.037509746849536896
570,TX,0.02379854640334808,0.7568,0.7568,24,0.037509746849536896
571,CA,0.9757036798781301,0.7784,0.7784,974,0.037111930549144745
571,NY,0.0007590863391364935,0.7508,0.7508,1,0.037111930549144745
571,TX,0.0235372337827333,0.7618,0.7618,25,0.037111930549144745
572,CA,0.9759295907113014,0.769,0.769,981,0.03665880113840103
572,NY,0.0007474786753582644,0.7474,0.7474,1,0.03665880113840103
572,TX,0.023322930613340377,0.7546,0.7546,18,0.03665880113840103
573,CA,0.9761238198953207,0.776,0.776,978,0.03640858083963394
573,NY,0.0007384986917550519,0.7492,0.7492,1,0.03640858083963394
573,TX,0.023137681412924212,0.7602,0.7602,21,0.03640858083963394
574,CA,0.9763356710646385,0.7796,0.7796,976,0.037296973168849945
574,NY,0.0007275125399991185,0.7564,0.7564,1,0.037296973168849945
574,TX,0.0229368163953625,0.7656,0.7656,23,0.037296973168849945
575,CA,0.9765211385925906,0.775,0.775,975,0.0373506098985672
575,NY,0.0007181646214805409,0.7452,0.7452,2,0.0373506098985672
575,TX,0.02276069678592888,0.7624,0.7624,23,0.0373506098985672
576,CA,0.9766907174594567,0.7796,0.7796,977,0.04256872832775116
576,NY,0.0007062301677287316,0.7526,0.7526,1,0.04256872832775116
576,TX,0.022603052372814604,0.7664,0.7664,22,0.04256872832775116
577,CA,0.9768649615509166,0.7728,0.7728,982,0.03181371092796326
577,NY,0.0006956393614994978,0.7558,0.7558,0,0.03181371092796326
577,TX,0.022439399087583873,0.7602,0.7602,18,0.03181371092796326
578,CA,0.9770273010176662,0.7714,0.7714,982,0.03750772029161453
578,NY,0.000689083127724612,0.7538,0.7538,1,0.03750772029161453
578,TX,0.022283615854609203,0.763,0.763,17,0.03750772029161453
579,CA,0.9771372442574646,0.7758,0.7758,985,0.03227226436138153
579,NY,0.0006823134139387701,0.7458,0.7458,0,0.03227226436138153
579,TX,0.022180442328596676,0.7606,0.7606,15,0.03227226436138153
580,CA,0.9773340606281428,0.776,0.776,982,0.03603988140821457
580,NY,0.0006709216622233283,0.7528,0.7528,1,0.03603988140821457
580,TX,0.02199501770963382,0.7632,0.7632,17,0.03603988140821457
581,CA,0.9774975832097906,0.7788,0.7788,971,0.03758370876312256
581,NY,0.0006622681590545372,0.7568,0.7568,2,0.03758370876312256
581,TX,0.021840148631154764,0.7578,0.7578,27,0.03758370876312256
582,CA,0.9777576954611028,0.7766,0.7766,970,0.03658788651227951
582,NY,0.0006542513503962582,0.7536,0.7536,1,0.03658788651227951
582,TX,0.02158805318850088,0.7628,0.7628,29,0.03658788651227951
583,CA,0.9779299659850698,0.7748,0.7748,984,0.030977927148342133
583,NY,0.0006458951420023319,0.7458,0.7458,0,0.030977927148342133
583,TX,0.02142413887292789,0.754,0.754,16,0.030977927148342133
584,CA,0.9781858954428913,0.774,0.774,980,0.03653814643621445
584,NY,0.0006355075719999718,0.757,0.757,1,0.03653814643621445
584,TX,0.021178596985108766,0.764,0.764,19,0.03653814643621445
585,CA,0.9783086470376076,0.7772,0.7772,974,0.036844730377197266
585,NY,0.0006294965746301026,0.7538,0.7538,1,0.036844730377197266
585,TX,0.02106185638776238,0.7618,0.7618,25,0.036844730377197266
586,CA,0.9784953401209726,0.7736,0.7736,979,0.03665553778409958
586,NY,0.0006213266789226782,0.7432,0.7432,1,0.03665553778409958
586,TX,0.020883333200104773,0.7532,0.7532,20,0.03665553778409958
587,CA,0.9787408576891132,0.7784,0.7784,976,0.03738793730735779
587,NY,0.0006108301929059689,0.756,0.756,1,0.03738793730735779
587,TX,0.020648312117980808,0.7608,0.7608,23,0.03738793730735779
588,CA,0.9789484344400748,0.7716,0.7716,980,0.03671909123659134
588,NY,0.0006032643417885277,0.7536,0.7536,1,0.03671909123659134
588,TX,0.020448301218136705,0.7578,0.7578,19,0.03671909123659134
589,CA,0.9791103918306578,0.7706,0.7706,980,0.03633800148963928
589,NY,0.0005972337809447987,0.7406,0.7406,1,0.03633800148963928
589,TX,0.02029237438839732,0.7576,0.7576,19,0.03633800148963928
590,CA,0.9792662016119419,0.7718,0.7718,979,0.037316419184207916
590,NY,0.0005872080346297482,0.7546,0.7546,1,0.037316419184207916
590,TX,0.020146590353428414,0.7606,0.7606,20,0.037316419184207916
591,CA,0.9793965124185273,0.7766,0.7766,977,0.03109685331583023
591,NY,0.0005815850104147409,0.7512,0.7512,0,0.03109685331583023
591,TX,0.020021902571057938,0.756,0.756,23,0.03109685331583023
592,CA,0.9796320870003814,0.7766,0.7766,985,0.03445346653461456
592,NY,0.0005734079948110845,0.751,0.751,0,0.03445346653461456
592,TX,0.019794505004807523,0.7612,0.7612,15,0.03445346653461456
593,CA,0.9798083017245199,0.7798,0.7798,986,0.03810454159975052
593,NY,0.0005652471032469848,0.7562,0.7562,2,0.03810454159975052
593,TX,0.019626451172233158,0.7618,0.7618,12,0.03810454159975052
594,CA,0.9800101712394208,0.772,0.772,977,0.03663855046033859
594,NY,0.000557866887078695,0.7502,0.7502,1,0.03663855046033859
594,TX,0.01943196187350049,0.7614,0.7614,22,0.03663855046033859
595,CA,0.9801308292683444,0.776,0.776,972,0.038797527551651
595,NY,0.0005510715782625438,0.7514,0.7514,1,0.038797527551651
595,TX,0.01931809915339309,0.7608,0.7608,27,0.038797527551651
596,CA,0.9803003900317749,0.7746,0.7746,986,0.030424349009990692
596,NY,0.0005435325060345891,0.7452,0.7452,0,0.030424349009990692
596,TX,0.019156077462190575,0.755,0.755,14,0.030424349009990692
597,CA,0.980516671131558,0.772,0.772,984,0.04050789773464203
597,NY,0.0005346456726502235,0.744,0.744,1,0.04050789773464203
597,TX,0.018948683195791762,0.7646,0.7646,15,0.04050789773464203
598,CA,0.9806025515141565,0.7742,0.7742,981,0.037835367023944855
598,NY,0.0005262436348914833,0.7516,0.7516,2,0.037835367023944855
598,TX,0.01887120485095207,0.7614,0.7614,17,0.037835367023944855
599,CA,0.9807426506339938,0.7788,0.7788,985,0.030832931399345398
599,NY,0.0005196144991136945,0.7546,0.7546,0,0.030832931399345398
599,TX,0.018737734866892466,0.761,0.761,15,0.030832931399345398
600,CA,0.9809335137549288,,,0,
600,NY,0.0005126450583852404,,,0,
600,TX,0.01855384118668611,,,0,
