t,state,p,acc,fitness,sample_count,step_seconds
0,CA,0.3333333333333333,0.5892,0.5892,353,0.03553575277328491
0,NY,0.3333333333333333,0.5922,0.5922,324,0.03553575277328491
0,TX,0.3333333333333333,0.626,0.626,323,0.03553575277328491
1,CA,0.33057369888089194,0.5926,0.5926,316,0.032455071806907654
1,NY,0.3311977368223988,0.5926,0.5926,319,0.032455071806907654
1,TX,0.3382285642967092,0.6272,0.6272,365,0.032455071806907654
2,CA,0.32816230385068035,0.58,0.58,322,0.0323406420648098
2,NY,0.3287817896998825,0.5924,0.5924,333,0.0323406420648098
2,TX,0.3430559064494371,0.618,0.618,345,0.0323406420648098
3,CA,0.324646054495537,0.5912,0.5912,315,0.03227142244577408
3,NY,0.32781156737723105,0.593,0.593,325,0.03227142244577408
3,TX,0.347542378127232,0.626,0.626,360,0.03227142244577408
4,CA,0.3220785477094575,0.5784,0.5784,313,0.03226076252758503
4,NY,0.32558692053418536,0.5926,0.5926,307,0.03226076252758503
4,TX,0.3523345317563571,0.6188,0.6188,380,0.03226076252758503
5,CA,0.31827600256604904,0.594,0.594,320,0.032287973910570145
5,NY,0.32463749968721917,0.5914,0.5914,325,0.032287973910570145
5,TX,0.35708649774673185,0.6272,0.6272,355,0.032287973910570145
6,CA,0.3160924631513782,0.5832,0.5832,303,0.03218303248286247
6,NY,0.32188442823521185,0.5954,0.5954,346,0.03218303248286247
6,TX,0.3620231086134101,0.619,0.619,351,0.03218303248286247
7,CA,0.31275640458550175,0.5888,0.5888,328,0.0320185050368309
7,NY,0.3209414756031776,0.5922,0.5922,325,0.0320185050368309
7,TX,0.3663021198113207,0.626,0.626,347,0.0320185050368309
8,CA,0.30988581805965093,0.5752,0.5752,293,0.032204583287239075
8,NY,0.31867626819217426,0.6,0.6,327,0.032204583287239075
8,TX,0.37143791374817475,0.6082,0.6082,380,0.032204583287239075
9,CA,0.3059697811837396,0.576,0.576,302,0.03223756514489651
9,NY,0.3196029925039513,0.598,0.598,314,0.03223756514489651
9,TX,0.3744272263123091,0.6142,0.6142,384,0.03223756514489651
10,CA,0.3018831744987765,0.5794,0.5794,317,0.03203895501792431
10,NY,0.3197361720475809,0.5966,0.5966,320,0.03203895501792431
10,TX,0.3783806534536425,0.6164,0.6164,363,0.03203895501792431
11,CA,0.2982015267286046,0.5694,0.5694,293,0.03218231350183487
11,NY,0.3192763256832963,0.6012,0.6012,316,0.03218231350183487
11,TX,0.3825221475880991,0.5958,0.5958,391,0.03218231350183487
12,CA,0.29440254980047487,0.592,0.592,299,0.03227274306118488
12,NY,0.3215957897542035,0.593,0.593,320,0.03227274306118488
12,TX,0.3840016604453217,0.6256,0.6256,381,0.03227274306118488
13,CA,0.29197722200886694,0.5948,0.5948,312,0.03221190348267555
13,NY,0.31914678363681714,0.591,0.591,320,0.03221190348267555
13,TX,0.38887599435431575,0.6272,0.6272,368,0.03221190348267555
14,CA,0.28990729258553327,0.5924,0.5924,280,0.03213721513748169
14,NY,0.3161291856216306,0.5926,0.5926,299,0.03213721513748169
14,TX,0.39396352179283617,0.6272,0.6272,421,0.03213721513748169
15,CA,0.2874212975574868,0.5942,0.5942,317,0.03215309605002403
15,NY,0.31345769851543426,0.5914,0.5914,281,0.03215309605002403
15,TX,0.39912100392707883,0.6274,0.6274,402,0.03215309605002403
16,CA,0.28520770225953135,0.5878,0.5878,295,0.032196564599871635
16,NY,0.31049727541782335,0.5936,0.5936,309,0.032196564599871635
16,TX,0.40429502232264525,0.6264,0.6264,396,0.032196564599871635
17,CA,0.2821149435335871,0.5924,0.5924,265,0.03248957172036171
17,NY,0.30825218130393656,0.5926,0.5926,309,0.03248957172036171
17,TX,0.40963287516247643,0.6272,0.6272,426,0.03248957172036171
18,CA,0.2796011190365728,0.5878,0.5878,291,0.03213460557162762
18,NY,0.3055438277511659,0.5936,0.5936,304,0.03213460557162762
18,TX,0.41485505321226135,0.6264,0.6264,405,0.03213460557162762
19,CA,0.2765038924567057,0.5746,0.5746,295,0.03207625448703766
19,NY,0.3032629691376921,0.5984,0.5984,315,0.03207625448703766
19,TX,0.4202331384056023,0.6124,0.6124,390,0.03207625448703766
20,CA,0.272505699204954,0.5876,0.5876,279,0.032219115644693375
20,NY,0.30339536839804715,0.5942,0.5942,294,0.032219115644693375
20,TX,0.424098932396999,0.6258,0.6258,427,0.032219115644693375
21,CA,0.26941664146594274,0.585,0.585,263,0.03674013167619705
21,NY,0.3012031361998488,0.5948,0.5948,329,0.03674013167619705
21,TX,0.42938022233420853,0.6238,0.6238,408,0.03674013167619705
22,CA,0.26612380128104407,0.592,0.592,264,0.03240645118057728
22,NY,0.29936136489021803,0.5926,0.5926,284,0.03240645118057728
22,TX,0.43451483382873785,0.627,0.627,452,0.03240645118057728
23,CA,0.2635761792301402,0.5874,0.5874,243,0.03234001062810421
23,NY,0.2966073018389755,0.5946,0.5946,304,0.03234001062810421
23,TX,0.4398165189308844,0.6258,0.6258,453,0.03234001062810421
24,CA,0.2604547054054793,0.5766,0.5766,273,0.03698272071778774
24,NY,0.29442404270625144,0.5994,0.5994,304,0.03698272071778774
24,TX,0.4451212518882693,0.613,0.613,423,0.03698272071778774
25,CA,0.25672332939198605,0.5764,0.5764,237,0.032249193638563156
25,NY,0.29440282270476376,0.602,0.602,295,0.032249193638563156
25,TX,0.44887384790325013,0.6114,0.6114,468,0.032249193638563156
26,CA,0.25299242978638237,0.5748,0.5748,265,0.032240722328424454
26,NY,0.2948358196684115,0.5984,0.5984,281,0.032240722328424454
26,TX,0.45217175054520614,0.6066,0.6066,454,0.032240722328424454
27,CA,0.24961042300728087,0.5946,0.5946,236,0.0322936549782753
27,NY,0.295253802738818,0.5912,0.5912,295,0.0322936549782753
27,TX,0.45513577425390106,0.6272,0.6272,469,0.0322936549782753
28,CA,0.2474636128009961,0.5874,0.5874,254,0.032154154032468796
28,NY,0.2920903055210994,0.5946,0.5946,286,0.032154154032468796
28,TX,0.46044608167790446,0.6258,0.6258,460,0.032154154032468796
29,CA,0.2444173753780868,0.5878,0.5878,217,0.036705490201711655
29,NY,0.2898032515852664,0.5936,0.5936,275,0.036705490201711655
29,TX,0.46577937303664685,0.6264,0.6264,508,0.036705490201711655
30,CA,0.24142804329140033,0.5902,0.5902,231,0.03986838273704052
30,NY,0.28730449168301364,0.5922,0.5922,292,0.03986838273704052
30,TX,0.47126746502558603,0.6252,0.6252,477,0.03986838273704052
31,CA,0.23886411144990652,0.5912,0.5912,238,0.032319312915205956
31,NY,0.28461086484106374,0.593,0.593,301,0.032319312915205956
31,TX,0.47652502370902977,0.626,0.626,461,0.032319312915205956
32,CA,0.2363251061581214,0.5758,0.5758,250,0.03223966248333454
32,NY,0.28190413032413747,0.6004,0.6004,279,0.03223966248333454
32,TX,0.4817707635177412,0.6126,0.6126,471,0.03223966248333454
33,CA,0.23268320996715708,0.5874,0.5874,257,0.032226523384451866
33,NY,0.2818928564235087,0.593,0.593,271,0.032226523384451866
33,TX,0.4854239336093343,0.626,0.626,472,0.032226523384451866
34,CA,0.22974289974778475,0.5816,0.5816,256,0.036475032567977905
34,NY,0.27931259649370066,0.5964,0.5964,272,0.036475032567977905
34,TX,0.4909445037585145,0.6244,0.6244,472,0.036475032567977905
35,CA,0.22614732722868572,0.5772,0.5772,221,0.03594844043254852
35,NY,0.2775140310503837,0.5978,0.5978,294,0.03594844043254852
35,TX,0.4963386417209305,0.6154,0.6154,485,0.03594844043254852
36,CA,0.2226635260826493,0.5772,0.5772,245,0.033940237015485764
36,NY,0.27680773213575505,0.5978,0.5978,280,0.033940237015485764
36,TX,0.5005287417815956,0.6154,0.6154,475,0.033940237015485764
37,CA,0.2192134798981934,0.5748,0.5748,229,0.032145604491233826
37,NY,0.27607815229763205,0.6,0.6,273,0.032145604491233826
37,TX,0.5047083678041746,0.609,0.609,498,0.032145604491233826
38,CA,0.2158933457355132,0.594,0.594,204,0.0325158704072237
38,NY,0.2762476655281717,0.592,0.592,269,0.0325158704072237
38,TX,0.5078589887363151,0.6268,0.6268,527,0.0325158704072237
39,CA,0.21373384553423916,0.5902,0.5902,214,0.03216720558702946
39,NY,0.2731413213287258,0.5922,0.5922,254,0.03216720558702946
39,TX,0.513124833137035,0.6252,0.6252,532,0.03216720558702946
40,CA,0.2112751706862802,0.5822,0.5822,210,0.03325624391436577
40,NY,0.2703388350331983,0.5902,0.5902,280,0.03325624391436577
40,TX,0.5183859942805216,0.621,0.621,510,0.03325624391436577
41,CA,0.2083418866223386,0.5872,0.5872,197,0.03265104070305824
41,NY,0.267933451226669,0.5942,0.5942,300,0.03265104070305824
41,TX,0.5237246621509924,0.6244,0.6244,503,0.03265104070305824
42,CA,0.20557556744499458,0.5902,0.5902,196,0.03234056197106838
42,NY,0.26554186024029997,0.5922,0.5922,263,0.03234056197106838
42,TX,0.5288825723147056,0.6252,0.6252,541,0.03234056197106838
43,CA,0.20314301558325643,0.5926,0.5926,199,0.03209259547293186
43,NY,0.26272975523312764,0.5926,0.5926,256,0.03209259547293186
43,TX,0.534127229183616,0.6272,0.6272,545,0.03209259547293186
44,CA,0.20081275016759717,0.5704,0.5704,189,0.03231353312730789
44,NY,0.25971596684110954,0.6026,0.6026,261,0.03231353312730789
44,TX,0.5394712829912934,0.6042,0.6042,550,0.03231353312730789
45,CA,0.1974683397163161,0.5874,0.5874,188,0.03201174736022949
45,NY,0.2606271725999428,0.595,0.595,266,0.03201174736022949
45,TX,0.5419044876837411,0.6262,0.6262,546,0.03201174736022949
46,CA,0.19464725906082353,0.5796,0.5796,179,0.032438961789011955
46,NY,0.2581337686055525,0.5958,0.5958,269,0.032438961789011955
46,TX,0.5472189723336239,0.617,0.617,552,0.032438961789011955
47,CA,0.19165668715717038,0.5948,0.5948,206,0.032171424478292465
47,NY,0.25677447030344547,0.591,0.591,240,0.032171424478292465
47,TX,0.5515688425393841,0.6272,0.6272,554,0.032171424478292465
48,CA,0.18964758721841415,0.5872,0.5872,199,0.03223859332501888
48,NY,0.25347733911856474,0.5944,0.5944,241,0.03223859332501888
48,TX,0.556875073663021,0.6244,0.6244,560,0.03223859332501888
49,CA,0.1869920004395521,0.582,0.582,197,0.03208732418715954
49,NY,0.25106170639783815,0.5928,0.5928,237,0.03208732418715954
49,TX,0.5619462931626097,0.625,0.625,566,0.03208732418715954
50,CA,0.18386842720632532,0.594,0.594,183,0.03232370316982269
50,NY,0.24855321073352568,0.5916,0.5916,237,0.03232370316982269
50,TX,0.5675783620601491,0.6274,0.6274,580,0.03232370316982269
51,CA,0.18177464449310723,0.5818,0.5818,182,0.03222481533885002
51,NY,0.24535286508385712,0.5938,0.5938,249,0.03222481533885002
51,TX,0.5728724904230356,0.624,0.624,569,0.03222481533885002
52,CA,0.1787107067652425,0.5892,0.5892,157,0.032096074894070625
52,NY,0.24304721751335082,0.5922,0.5922,252,0.032096074894070625
52,TX,0.5782420757214067,0.626,0.626,591,0.032096074894070625
53,CA,0.17626959142650558,0.5942,0.5942,151,0.03224731422960758
53,NY,0.2401798350271618,0.5914,0.5914,235,0.03224731422960758
53,TX,0.5835505735463327,0.6274,0.6274,614,0.03224731422960758
54,CA,0.1742257691139883,0.594,0.594,161,0.03243841230869293
54,NY,0.23697802932486708,0.5918,0.5918,238,0.03243841230869293
54,TX,0.5887962015611446,0.627,0.627,601,0.03243841230869293
55,CA,0.17218323490540646,0.5942,0.5942,174,0.03218541480600834
55,NY,0.23387658267816716,0.5914,0.5914,227,0.03218541480600834
55,TX,0.5939401824164263,0.6274,0.6274,599,0.03218541480600834
56,CA,0.17014854354649514,0.576,0.576,189,0.03226550295948982
56,NY,0.23070694132447706,0.6006,0.6006,236,0.03226550295948982
56,TX,0.5991445151290279,0.612,0.612,575,0.03226550295948982
57,CA,0.16725713952175103,0.5762,0.5762,155,0.032284682616591454
57,NY,0.23032638427527657,0.6018,0.6018,240,0.032284682616591454
57,TX,0.6024164762029723,0.61,0.61,605,0.032284682616591454
58,CA,0.16451644785376965,0.576,0.576,138,0.03223131410777569
58,NY,0.23023180319735578,0.6006,0.6006,234,0.03223131410777569
58,TX,0.6052517489488746,0.612,0.612,628,0.03223131410777569
59,CA,0.16169975656605348,0.584,0.584,171,0.032268963754177094
59,NY,0.22982218882135724,0.5954,0.5954,244,0.032268963754177094
59,TX,0.6084780546125892,0.6248,0.6248,585,0.032268963754177094
60,CA,0.1589457132653794,0.5834,0.5834,130,0.032179733738303185
60,NY,0.22753374788860597,0.5954,0.5954,260,0.032179733738303185
60,TX,0.6135205388460145,0.6248,0.6248,610,0.032179733738303185
61,CA,0.1561712274259136,0.5932,0.5932,161,0.03243847191333771
61,NY,0.22525631319493344,0.592,0.592,226,0.03243847191333771
61,TX,0.618572459379153,0.6264,0.6264,613,0.03243847191333771
62,CA,0.15420960439752204,0.5918,0.5918,156,0.03224632330238819
62,NY,0.22225939955117766,0.5926,0.5926,214,0.03224632330238819
62,TX,0.6235309960513002,0.6272,0.6272,630,0.03224632330238819
63,CA,0.15208371852548705,0.5902,0.5902,145,0.03221617452800274
63,NY,0.21930556254918143,0.5922,0.5922,209,0.03221617452800274
63,TX,0.6286107189253315,0.6252,0.6252,646,0.03221617452800274
64,CA,0.14996746406864558,0.5686,0.5686,164,0.032113805413246155
64,NY,0.21652589521525034,0.6016,0.6016,225,0.032113805413246155
64,TX,0.6335066407161042,0.5978,0.5978,611,0.032113805413246155
65,CA,0.14755520563692878,0.5936,0.5936,153,0.032264603301882744
65,NY,0.21752500150224094,0.592,0.592,227,0.032264603301882744
65,TX,0.6349197928608303,0.6264,0.6264,620,0.032264603301882744
66,CA,0.1456832156976372,0.5902,0.5902,149,0.032310912385582924
66,NY,0.21454969729515444,0.5922,0.5922,203,0.032310912385582924
66,TX,0.6397670870072084,0.6252,0.6252,648,0.032310912385582924
67,CA,0.14362209614827248,0.5898,0.5898,140,0.03232896141707897
67,NY,0.21178028008596894,0.592,0.592,244,0.03232896141707897
67,TX,0.6445976237657586,0.6254,0.6254,616,0.03232896141707897
68,CA,0.14153761757629327,0.594,0.594,162,0.032146116718649864
68,NY,0.2089953912886524,0.592,0.592,183,0.032146116718649864
68,TX,0.6494669911350545,0.627,0.627,655,0.032146116718649864
69,CA,0.13969594304124258,0.592,0.592,139,0.03244898281991482
69,NY,0.20601714686052816,0.5928,0.5928,204,0.03244898281991482
69,TX,0.6542869100982293,0.6254,0.6254,657,0.03244898281991482
70,CA,0.1377902488088045,0.5912,0.5912,133,0.03235340304672718
70,NY,0.20330883064998498,0.593,0.593,189,0.03235340304672718
70,TX,0.6589009205412105,0.626,0.626,678,0.03235340304672718
71,CA,0.13580206056148605,0.5948,0.5948,139,0.0323838721960783
71,NY,0.2006019375800455,0.591,0.591,200,0.0323838721960783
71,TX,0.6635960018584683,0.6272,0.6272,661,0.0323838721960783
72,CA,0.13405880658658934,0.594,0.594,115,0.03233703412115574
72,NY,0.19755501796667085,0.592,0.592,205,0.03233703412115574
72,TX,0.6683861754467397,0.6268,0.6268,680,0.03233703412115574
73,CA,0.13227238614892226,0.5832,0.5832,147,0.03223424404859543
73,NY,0.19467789915605568,0.592,0.592,188,0.03223424404859543
73,TX,0.6730497146950221,0.6236,0.6236,665,0.03223424404859543
74,CA,0.12990079620785125,0.5946,0.5946,130,0.03234655223786831
74,NY,0.19225009277165056,0.5912,0.5912,201,0.03234655223786831
74,TX,0.6778491110204983,0.6272,0.6272,669,0.03234655223786831
75,CA,0.12817706699947368,0.5948,0.5948,140,0.03219919465482235
75,NY,0.1892945389774489,0.591,0.591,180,0.03219919465482235
75,TX,0.6825283940230774,0.6272,0.6272,680,0.03219919465482235
76,CA,0.12648030525526952,0.5882,0.5882,116,0.03210308402776718
76,NY,0.18634365649983173,0.5932,0.5932,191,0.03210308402776718
76,TX,0.6871760382448987,0.626,0.626,693,0.03210308402776718
77,CA,0.12437319894172966,0.592,0.592,132,0.032183483242988586
77,NY,0.18381613019156004,0.5928,0.5928,183,0.032183483242988586
77,TX,0.6918106708667103,0.627,0.627,685,0.032183483242988586
78,CA,0.12249875057763528,0.5926,0.5926,122,0.032179802656173706
78,NY,0.18113678570071096,0.5922,0.5922,179,0.032179802656173706
78,TX,0.6963644637216537,0.6268,0.6268,699,0.032179802656173706
79,CA,0.12069931000395664,0.5874,0.5874,103,0.031960707157850266
79,NY,0.17843115770102172,0.595,0.595,190,0.031960707157850266
79,TX,0.7008695322950217,0.6262,0.6262,707,0.031960707157850266
80,CA,0.11856685335342082,0.5946,0.5946,111,0.03242117166519165
80,NY,0.17611790536607327,0.591,0.591,191,0.03242117166519165
80,TX,0.7053152412805058,0.6272,0.6272,698,0.03242117166519165
81,CA,0.11692731531483422,0.5792,0.5792,115,0.03231106325984001
81,NY,0.17329044440693966,0.5964,0.5964,175,0.03231106325984001
81,TX,0.7097822402782262,0.616,0.616,710,0.03231106325984001
82,CA,0.11481163310012904,0.5948,0.5948,102,0.032023847103118896
82,NY,0.172008185865619,0.591,0.591,185,0.032023847103118896
82,TX,0.7131801810342521,0.6272,0.6272,713,0.032023847103118896
83,CA,0.11321762668906611,0.5948,0.5948,102,0.032233212143182755
83,NY,0.16921592037984406,0.591,0.591,162,0.032233212143182755
83,TX,0.7175664529310899,0.6272,0.6272,736,0.032233212143182755
84,CA,0.11163520862628375,0.5948,0.5948,93,0.03194543533027172
84,NY,0.16645326359390922,0.591,0.591,170,0.03194543533027172
84,TX,0.7219115277798069,0.6272,0.6272,737,0.03194543533027172
85,CA,0.11006461316034613,0.5948,0.5948,113,0.03231601230800152
85,NY,0.16372039753326448,0.591,0.591,168,0.03231601230800152
85,TX,0.7262149893063894,0.6272,0.6272,719,0.03231601230800152
86,CA,0.10850606464163887,0.5794,0.5794,114,0.20579441636800766
86,NY,0.16101748693702092,0.5966,0.5966,169,0.20579441636800766
86,TX,0.7304764484213403,0.6164,0.6164,717,0.20579441636800766
87,CA,0.10649688305274752,0.5948,0.5948,112,0.03231918066740036
87,NY,0.15975700860514752,0.591,0.591,166,0.03231918066740036
87,TX,0.733746108342105,0.6272,0.6272,722,0.03231918066740036
88,CA,0.10497204384188921,0.5918,0.5918,104,0.032089995220303535
88,NY,0.15709437280520974,0.593,0.593,160,0.032089995220303535
88,TX,0.737933583352901,0.626,0.626,736,0.032089995220303535
89,CA,0.10332168523954775,0.5784,0.5784,108,0.032067226245999336
89,NY,0.15474111865567838,0.5926,0.5926,154,0.032067226245999336
89,TX,0.7419371961047739,0.6188,0.6188,738,0.032067226245999336
90,CA,0.10125780768653375,0.5948,0.5948,97,0.03220341354608536
90,NY,0.15301443761970754,0.591,0.591,135,0.03220341354608536
90,TX,0.7457277546937587,0.6272,0.6272,768,0.03220341354608536
91,CA,0.09978246103302761,0.5902,0.5902,81,0.03214714489877224
91,NY,0.15042570443383707,0.5922,0.5922,160,0.03214714489877224
91,TX,0.7497918345331354,0.6252,0.6252,759,0.03214714489877224
92,CA,0.098144240626134,0.5792,0.5792,102,0.03199423663318157
92,NY,0.1481421121401362,0.5964,0.5964,167,0.03199423663318157
92,TX,0.7537136472337298,0.616,0.616,731,0.03199423663318157
93,CA,0.09629751942738558,0.5902,0.5902,87,0.03200842626392841
93,NY,0.14693775396467593,0.5922,0.5922,158,0.03200842626392841
93,TX,0.7567647266079385,0.6252,0.6252,755,0.03200842626392841
94,CA,0.09470262754938312,0.5794,0.5794,94,0.03185960650444031
94,NY,0.14468589538998253,0.5966,0.5966,155,0.03185960650444031
94,TX,0.7606114770606344,0.6164,0.6164,751,0.03185960650444031
95,CA,0.0929008878230744,0.5948,0.5948,88,0.03236375190317631
95,NY,0.14347889495287824,0.591,0.591,160,0.03236375190317631
95,TX,0.7636202172240474,0.6272,0.6272,752,0.03236375190317631
96,CA,0.091512473789369,0.5872,0.5872,93,0.03801026940345764
96,NY,0.1409978228863706,0.5946,0.5946,143,0.03801026940345764
96,TX,0.7674897033242603,0.626,0.626,764,0.03801026940345764
97,CA,0.0897692366363566,0.5802,0.5802,89,0.032052693888545036
97,NY,0.13895678213605386,0.5912,0.5912,156,0.032052693888545036
97,TX,0.7712739812275895,0.623,0.623,755,0.032052693888545036
98,CA,0.08784908474525238,0.5948,0.5948,97,0.03692683018743992
98,NY,0.13693112308019842,0.591,0.591,123,0.03692683018743992
98,TX,0.7752197921745492,0.6272,0.6272,780,0.03692683018743992
99,CA,0.08651475773114252,0.5948,0.5948,78,0.03759307228028774
99,NY,0.13452997999488042,0.591,0.591,129,0.03759307228028774
99,TX,0.7789552622739769,0.6272,0.6272,793,0.03759307228028774
100,CA,0.08519385044717201,0.5948,0.5948,94,0.03212551586329937
100,NY,0.1321603199911427,0.591,0.591,141,0.03212551586329937
100,TX,0.7826458295616854,0.6272,0.6272,765,0.03212551586329937
101,CA,0.08388645077878251,0.591,0.591,77,0.03222215548157692
101,NY,0.12982209307637096,0.5934,0.5934,143,0.03222215548157692
101,TX,0.7862914561448465,0.625,0.625,780,0.03222215548157692
102,CA,0.08248429641184582,0.57,0.57,84,0.032148513942956924
102,NY,0.12784468999236495,0.6026,0.6026,143,0.032148513942956924
102,TX,0.7896710135957892,0.6026,0.6026,773,0.032148513942956924
103,CA,0.0809422176611029,0.5874,0.5874,83,0.03183203749358654
103,NY,0.1280595599712237,0.593,0.593,128,0.03183203749358654
103,TX,0.7909982223676735,0.626,0.626,789,0.03183203749358654
104,CA,0.0793795464824355,0.5938,0.5938,77,0.03187362849712372
104,NY,0.12603028527753637,0.592,0.592,160,0.03187362849712372
104,TX,0.7945901682400281,0.6268,0.6268,763,0.03187362849712372
105,CA,0.0781056558285143,0.5948,0.5948,65,0.03202595375478268
105,NY,0.12386768764129556,0.591,0.591,126,0.03202595375478268
105,TX,0.7980266565301901,0.6272,0.6272,809,0.03202595375478268
106,CA,0.07688188184762378,0.579,0.579,75,0.03208938613533974
106,NY,0.12163638501937063,0.5952,0.5952,117,0.03208938613533974
106,TX,0.8014817331330055,0.6176,0.6176,808,0.03208938613533974
107,CA,0.07531230920407235,0.5828,0.5828,83,0.03191258944571018
107,NY,0.12037560268551456,0.595,0.595,116,0.03191258944571018
107,TX,0.804312088110413,0.6206,0.6206,801,0.03191258944571018
108,CA,0.0738257392634073,0.587,0.587,72,0.031852519139647484
108,NY,0.11890906407643186,0.594,0.594,110,0.031852519139647484
108,TX,0.8072651966601608,0.6256,0.6256,818,0.031852519139647484
109,CA,0.07236687415049678,0.5902,0.5902,76,0.03180801682174206
109,NY,0.11707343487456785,0.5922,0.5922,109,0.03180801682174206
109,TX,0.8105596909749353,0.6252,0.6252,815,0.03180801682174206
110,CA,0.07108817499683008,0.5942,0.5942,62,0.033703409135341644
110,NY,0.11514942723179113,0.5914,0.5914,119,0.033703409135341644
110,TX,0.8137623977713788,0.6274,0.6274,819,0.033703409135341644
111,CA,0.0699174246409637,0.5948,0.5948,72,0.03221479617059231
111,NY,0.11305411873773212,0.591,0.591,128,0.03221479617059231
111,TX,0.8170284566213042,0.6272,0.6272,800,0.03221479617059231
112,CA,0.06879405939238938,0.5888,0.5888,66,0.03185323812067509
112,NY,0.11097262410574721,0.5928,0.5928,109,0.03185323812067509
112,TX,0.8202333165018635,0.6258,0.6258,825,0.03185323812067509
113,CA,0.06748611147339754,0.5544,0.5544,78,0.03201059438288212
113,NY,0.10913683111208321,0.582,0.582,122,0.03201059438288212
113,TX,0.8233770574145193,0.5794,0.5794,800,0.03201059438288212
114,CA,0.06647695658947739,0.5948,0.5948,70,0.031887197867035866
114,NY,0.1094137126112395,0.591,0.591,107,0.031887197867035866
114,TX,0.8241093307992831,0.6272,0.6272,823,0.031887197867035866
115,CA,0.06539905443423158,0.5948,0.5948,59,0.031777167692780495
115,NY,0.10738312735617025,0.591,0.591,106,0.031777167692780495
115,TX,0.8272178182095982,0.6272,0.6272,835,0.031777167692780495
116,CA,0.06433432691388861,0.581,0.581,69,0.03198831528425217
116,NY,0.10538317841666216,0.5908,0.5908,108,0.03198831528425217
116,TX,0.8302824946694493,0.6236,0.6236,823,0.03198831528425217
117,CA,0.0628863580031563,0.5948,0.5948,49,0.03177956864237785
117,NY,0.10364985229510935,0.591,0.591,113,0.03177956864237785
117,TX,0.8334637897017343,0.6272,0.6272,838,0.03177956864237785
118,CA,0.06185427599432326,0.5764,0.5764,58,0.03199333697557449
118,NY,0.10170584778506168,0.6022,0.6022,121,0.03199333697557449
118,TX,0.8364398762206151,0.6114,0.6114,821,0.03199333697557449
119,CA,0.060627443050039545,0.5896,0.5896,83,0.03210568614304066
119,NY,0.10132013271815793,0.5922,0.5922,89,0.03210568614304066
119,TX,0.8380524242318026,0.6258,0.6258,828,0.03210568614304066
120,CA,0.059482365231243436,0.594,0.594,52,0.031934596598148346
120,NY,0.09956907956081058,0.5916,0.5916,94,0.031934596598148346
120,TX,0.8409485552079461,0.6274,0.6274,854,0.031934596598148346
121,CA,0.05846099531107544,0.5948,0.5948,62,0.031882137060165405
121,NY,0.097712040260097,0.591,0.591,104,0.031882137060165405
121,TX,0.8438269644288275,0.6272,0.6272,834,0.031882137060165405
122,CA,0.05748883673611034,0.5948,0.5948,57,0.03173648752272129
122,NY,0.09585821776818448,0.591,0.591,101,0.03173648752272129
122,TX,0.8466529454957052,0.6272,0.6272,842,0.03173648752272129
123,CA,0.056529407279035424,0.5924,0.5924,58,0.03176266886293888
123,NY,0.09403384914040912,0.5926,0.5926,80,0.03176266886293888
123,TX,0.8494367435805554,0.6272,0.6272,862,0.03176266886293888
124,CA,0.05549850938215928,0.5948,0.5948,43,0.031455280259251595
124,NY,0.09233059686470907,0.591,0.591,90,0.031455280259251595
124,TX,0.8521708937531317,0.6272,0.6272,867,0.031455280259251595
125,CA,0.05456583054836166,0.5942,0.5942,44,0.03194470703601837
125,NY,0.09056263433034391,0.5914,0.5914,105,0.03194470703601837
125,TX,0.8548715351212944,0.6274,0.6274,851,0.03194470703601837
126,CA,0.053619760309275226,0.5892,0.5892,62,0.0319757666438818
126,NY,0.08883614293531146,0.5922,0.5922,82,0.0319757666438818
126,TX,0.8575440967554133,0.626,0.626,856,0.0319757666438818
127,CA,0.05256709104075867,0.5922,0.5922,46,0.03174117021262646
127,NY,0.08725650905506235,0.5926,0.5926,85,0.03174117021262646
127,TX,0.8601763999041789,0.6266,0.6266,869,0.03174117021262646
128,CA,0.051606877353638184,0.593,0.593,45,0.03175744041800499
128,NY,0.08568416372078945,0.5922,0.5922,101,0.03175744041800499
128,TX,0.8627089589255724,0.6268,0.6268,854,0.03175744041800499
129,CA,0.05068134576898739,0.5938,0.5938,64,0.031667960807681084
129,NY,0.0841052223175103,0.592,0.592,93,0.031667960807681084
129,TX,0.8652134319135023,0.6268,0.6268,843,0.031667960807681084
130,CA,0.04979404286070095,0.5948,0.5948,43,0.031725188717246056
130,NY,0.0825394279132203,0.591,0.591,78,0.031725188717246056
130,TX,0.8676665292260787,0.6272,0.6272,879,0.031725188717246056
131,CA,0.04894095953400147,0.5924,0.5924,43,0.031707558780908585
131,NY,0.08093204198280905,0.5928,0.5928,79,0.031707558780908585
131,TX,0.8701269984831895,0.6268,0.6268,878,0.031707558780908585
132,CA,0.048037030123561794,0.58,0.58,58,0.03169848024845123
132,NY,0.07945719798243295,0.5924,0.5924,75,0.03169848024845123
132,TX,0.8725057718940054,0.618,0.618,867,0.03169848024845123
133,CA,0.047021004758805385,0.5918,0.5918,37,0.03175804950296879
133,NY,0.07838700717927635,0.593,0.593,79,0.03175804950296879
133,TX,0.8745919880619183,0.626,0.626,884,0.03175804950296879
134,CA,0.046151066422888895,0.594,0.594,51,0.03328852355480194
134,NY,0.07699476443613111,0.5918,0.5918,72,0.03328852355480194
134,TX,0.8768541691409799,0.6274,0.6274,877,0.03328852355480194
135,CA,0.04532315006792247,0.5946,0.5946,48,0.032252974808216095
135,NY,0.07550917475235744,0.5912,0.5912,68,0.032252974808216095
135,TX,0.87916767517972,0.6272,0.6272,884,0.032252974808216095
136,CA,0.04452995130389209,0.5924,0.5924,51,0.03211888298392296
136,NY,0.07402950878169809,0.5932,0.5932,78,0.03211888298392296
136,TX,0.8814405399144098,0.627,0.627,871,0.03211888298392296
137,CA,0.04369154053994661,0.5794,0.5794,46,0.0318010076880455
137,NY,0.07267217096553012,0.5966,0.5966,85,0.0318010076880455
137,TX,0.8836362884945232,0.6164,0.6164,869,0.0318010076880455
138,CA,0.04277227768592825,0.5892,0.5892,37,0.031569549813866615
138,NY,0.0719179244574372,0.5922,0.5922,82,0.031569549813866615
138,TX,0.8853097978566346,0.626,0.626,881,0.031569549813866615
139,CA,0.041907464098662334,0.5802,0.5802,37,0.03193352557718754
139,NY,0.07059683194190179,0.5898,0.5898,75,0.03193352557718754
139,TX,0.8874957039594358,0.6224,0.6224,888,0.03193352557718754
140,CA,0.040920067472347124,0.5832,0.5832,44,0.03143136203289032
140,NY,0.06935225823655015,0.5954,0.5954,71,0.03143136203289032
140,TX,0.8897276742911028,0.619,0.619,885,0.03143136203289032
141,CA,0.04009203356806017,0.5822,0.5822,43,0.03170523792505264
141,NY,0.06847249575301116,0.5902,0.5902,82,0.03170523792505264
141,TX,0.8914354706789287,0.621,0.621,875,0.03170523792505264
142,CA,0.0392210623236388,0.5888,0.5888,49,0.03172049857676029
142,NY,0.06732367177177029,0.5928,0.5928,59,0.03172049857676029
142,TX,0.8934552659045909,0.6258,0.6258,892,0.03172049857676029
143,CA,0.03841525260345695,0.5948,0.5948,40,0.031784847378730774
143,NY,0.06610649793421217,0.591,0.591,52,0.031784847378730774
143,TX,0.8954782494623309,0.6272,0.6272,908,0.031784847378730774
144,CA,0.03773470547268836,0.5918,0.5918,35,0.03160464018583298
144,NY,0.06478066091020329,0.593,0.593,62,0.03160464018583298
144,TX,0.8974846336171083,0.6266,0.6266,903,0.03160464018583298
145,CA,0.0370067935595634,0.588,0.588,31,0.03182925842702389
145,NY,0.06357891947205074,0.595,0.595,58,0.03182925842702389
145,TX,0.8994142869683859,0.6256,0.6256,911,0.03182925842702389
146,CA,0.036225191044465505,0.5948,0.5948,36,0.03201824799180031
146,NY,0.06251044048096202,0.591,0.591,58,0.03201824799180031
146,TX,0.9012643684745725,0.6272,0.6272,906,0.03201824799180031
147,CA,0.0355790343331244,0.5948,0.5948,50,0.031941184774041176
147,NY,0.06124913840342566,0.591,0.591,65,0.031941184774041176
147,TX,0.9031718272634499,0.6272,0.6272,885,0.031941184774041176
148,CA,0.03494297016247115,0.5902,0.5902,34,0.03181423805654049
148,NY,0.060010825006918456,0.5922,0.5922,53,0.03181423805654049
148,TX,0.9050462048306105,0.6252,0.6252,913,0.03181423805654049
149,CA,0.03425796935856622,0.5832,0.5832,38,0.03179545886814594
149,NY,0.058908405411728454,0.5952,0.5952,55,0.03179545886814594
149,TX,0.9068336252297053,0.625,0.625,907,0.03179545886814594
150,CA,0.033442346471477105,0.5948,0.5948,41,0.03181374818086624
150,NY,0.05794176923924167,0.591,0.591,52,0.03181374818086624
150,TX,0.9086158842892812,0.6272,0.6272,907,0.03181374818086624
151,CA,0.032840659464733184,0.5814,0.5814,23,0.031681787222623825
151,NY,0.05676371780506106,0.5962,0.5962,49,0.031681787222623825
151,TX,0.9103956227302058,0.624,0.624,928,0.031681787222623825
152,CA,0.03203792930113805,0.5876,0.5876,28,0.03146370127797127
152,NY,0.05589448686968172,0.594,0.594,59,0.03146370127797127
152,TX,0.9120675838291802,0.6246,0.6246,913,0.03146370127797127
153,CA,0.031364175886342084,0.5932,0.5932,28,0.03168653883039951
153,NY,0.05493961887706208,0.592,0.592,55,0.03168653883039951
153,TX,0.9136962052365959,0.6264,0.6264,917,0.03168653883039951
154,CA,0.030779406070833366,0.5924,0.5924,30,0.031660398468375206
154,NY,0.05387468732453778,0.5932,0.5932,62,0.031660398468375206
154,TX,0.9153459066046289,0.627,0.627,908,0.031660398468375206
155,CA,0.030178376746640274,0.5902,0.5902,29,0.03170070797204971
155,NY,0.05284921393784597,0.5922,0.5922,54,0.03170070797204971
155,TX,0.9169724093155137,0.6252,0.6252,917,0.03170070797204971
156,CA,0.0295794271495891,0.5838,0.5838,26,0.03151408024132252
156,NY,0.05186546615673135,0.5946,0.5946,52,0.03151408024132252
156,TX,0.9185551066936795,0.6182,0.6182,922,0.03151408024132252
157,CA,0.028990780629919083,0.587,0.587,23,0.031702619045972824
157,NY,0.051179950020926644,0.5942,0.5942,48,0.031702619045972824
157,TX,0.9198292693491543,0.625,0.625,929,0.031702619045972824
158,CA,0.02835957882364785,0.594,0.594,26,0.03166861832141876
158,NY,0.05029277537214227,0.5914,0.5914,53,0.03166861832141876
158,TX,0.9213476458042098,0.6272,0.6272,921,0.03166861832141876
159,CA,0.027827847309112745,0.5938,0.5938,31,0.03163977898657322
159,NY,0.04926930932152958,0.592,0.592,54,0.03163977898657322
159,TX,0.9229028433693577,0.6268,0.6268,915,0.03163977898657322
160,CA,0.027307549077594286,0.5948,0.5948,27,0.03155968151986599
160,NY,0.04829351610535634,0.591,0.591,45,0.03155968151986599
160,TX,0.9243989348170493,0.6272,0.6272,928,0.03155968151986599
161,CA,0.026807191699372433,0.5946,0.5946,29,0.031830357387661934
161,NY,0.047295669335068825,0.591,0.591,42,0.031830357387661934
161,TX,0.9258971389655587,0.6272,0.6272,929,0.031830357387661934
162,CA,0.026311941389768126,0.5946,0.5946,21,0.03160247951745987
162,NY,0.04631710100426918,0.5912,0.5912,47,0.03160247951745987
162,TX,0.9273709576059627,0.6274,0.6274,932,0.03160247951745987
163,CA,0.02582192574789059,0.5948,0.5948,22,0.03157606162130833
163,NY,0.045357604961398144,0.591,0.591,38,0.03157606162130833
163,TX,0.9288204692907113,0.6272,0.6272,940,0.03157606162130833
164,CA,0.025346380349678774,0.5854,0.5854,21,0.031573159620165825
164,NY,0.0444161986258056,0.5944,0.5944,35,0.031573159620165825
164,TX,0.9302374210245156,0.6234,0.6234,944,0.031573159620165825
165,CA,0.024787454553752142,0.594,0.594,28,0.03168465010821819
165,NY,0.043683336468666435,0.5918,0.5918,42,0.03168465010821819
165,TX,0.9315292089775814,0.627,0.627,930,0.03168465010821819
166,CA,0.024319908724613634,0.5912,0.5912,25,0.20390854217112064
166,NY,0.042800219345866614,0.593,0.593,37,0.20390854217112064
166,TX,0.9328798719295198,0.626,0.626,938,0.20390854217112064
167,CA,0.023832515510558344,0.5946,0.5946,23,0.03185291774570942
167,NY,0.04198991003072136,0.5912,0.5912,43,0.03185291774570942
167,TX,0.9341775744587203,0.6272,0.6272,934,0.03185291774570942
168,CA,0.023387938991478865,0.5948,0.5948,22,0.031412871554493904
168,NY,0.041118761235573446,0.591,0.591,48,0.031412871554493904
168,TX,0.9354932997729477,0.6272,0.6272,930,0.031412871554493904
169,CA,0.022953936704663155,0.5948,0.5948,20,0.031700288876891136
169,NY,0.040259576536114,0.591,0.591,32,0.031700288876891136
169,TX,0.9367864867592229,0.6272,0.6272,948,0.031700288876891136
170,CA,0.022527361927234917,0.582,0.582,19,0.03158748894929886
170,NY,0.039417249104163575,0.5928,0.5928,34,0.03158748894929886
170,TX,0.9380553889686015,0.6208,0.6208,947,0.03158748894929886
171,CA,0.022014947255879658,0.5902,0.5902,19,0.03158751130104065
171,NY,0.0387836244308888,0.5922,0.5922,28,0.03158751130104065
171,TX,0.9392014283132316,0.6252,0.6252,953,0.03158751130104065
172,CA,0.021568048166644933,0.5786,0.5786,18,0.03158316947519779
172,NY,0.038044112608589684,0.5944,0.5944,45,0.03158316947519779
172,TX,0.9403878392247653,0.6182,0.6182,937,0.03158316947519779
173,CA,0.02106314570503422,0.594,0.594,24,0.031537970528006554
173,NY,0.03752537431244603,0.5918,0.5918,37,0.031537970528006554
173,TX,0.9414114799825198,0.6268,0.6268,939,0.031537970528006554
174,CA,0.020663923108850454,0.5876,0.5876,18,0.031514981761574745
174,NY,0.036763323126440636,0.594,0.594,39,0.031514981761574745
174,TX,0.942572753764709,0.6246,0.6246,943,0.031514981761574745
175,CA,0.02021681919813648,0.5942,0.5942,27,0.03134230338037014
175,NY,0.03611287280661693,0.5914,0.5914,22,0.03134230338037014
175,TX,0.9436703079952465,0.6274,0.6274,951,0.03134230338037014
176,CA,0.019828401214147022,0.5948,0.5948,25,0.03140722028911114
176,NY,0.03535684120408973,0.591,0.591,52,0.03140722028911114
176,TX,0.9448147575817633,0.6272,0.6272,923,0.03140722028911114
177,CA,0.019456573717772957,0.5912,0.5912,20,0.031499819830060005
177,NY,0.03461115374806045,0.593,0.593,44,0.031499819830060005
177,TX,0.9459322725341666,0.626,0.626,936,0.031499819830060005
178,CA,0.01906148698664423,0.5946,0.5946,12,0.031284281983971596
178,NY,0.0339466947584645,0.5912,0.5912,27,0.031284281983971596
178,TX,0.9469918182548913,0.6274,0.6274,961,0.031284281983971596
179,CA,0.018698608823121344,0.5948,0.5948,19,0.03148169256746769
179,NY,0.033229440197159066,0.591,0.591,34,0.03148169256746769
179,TX,0.9480719509797195,0.6272,0.6272,947,0.03148169256746769
180,CA,0.018346684947254607,0.5948,0.5948,20,0.031366851180791855
180,NY,0.03252634653343725,0.591,0.591,34,0.031366851180791855
180,TX,0.9491269685193082,0.6272,0.6272,946,0.031366851180791855
181,CA,0.018000976424568226,0.5834,0.5834,18,0.03161823935806751
181,NY,0.03183740757262523,0.5956,0.5956,37,0.03161823935806751
181,TX,0.9501616160028065,0.6248,0.6248,945,0.03161823935806751
182,CA,0.01756041228301568,0.5948,0.5948,21,0.03141273185610771
182,NY,0.03129750583931857,0.591,0.591,34,0.03141273185610771
182,TX,0.9511420818776658,0.6272,0.6272,945,0.03141273185610771
183,CA,0.017228778043681062,0.5926,0.5926,22,0.031349681317806244
183,NY,0.030633276421288227,0.5926,0.5926,31,0.031349681317806244
183,TX,0.9521379455350307,0.6272,0.6272,947,0.031349681317806244
184,CA,0.01687961222184211,0.594,0.594,17,0.03128628246486187
184,NY,0.030012449273237422,0.5914,0.5914,34,0.03128628246486187
184,TX,0.9531079385049204,0.6272,0.6272,949,0.03128628246486187
185,CA,0.016551844668862052,0.5948,0.5948,13,0.03144646994769573
185,NY,0.029381665655454307,0.591,0.591,28,0.03144646994769573
185,TX,0.9540664896756836,0.6272,0.6272,959,0.03144646994769573
186,CA,0.016238238305956963,0.5918,0.5918,15,0.03141031041741371
186,NY,0.02875629125800558,0.593,0.593,29,0.03141031041741371
186,TX,0.9550054704360375,0.6266,0.6266,956,0.03141031041741371
187,CA,0.01590580617822219,0.5912,0.5912,19,0.031452059745788574
187,NY,0.028188821821881354,0.593,0.593,20,0.031452059745788574
187,TX,0.9559053719998966,0.626,0.626,961,0.031452059745788574
188,CA,0.015579603368236125,0.5948,0.5948,13,0.03131847083568573
188,NY,0.02764194771829682,0.591,0.591,31,0.03131847083568573
188,TX,0.9567784489134671,0.6272,0.6272,956,0.03131847083568573
189,CA,0.015283529711864158,0.5872,0.5872,12,0.0315976794809103
189,NY,0.02705203012758688,0.5954,0.5954,15,0.0315976794809103
189,TX,0.9576644401605489,0.6252,0.6252,973,0.0315976794809103
190,CA,0.014938922913338645,0.5936,0.5936,11,0.03131706453859806
190,NY,0.02657868046519724,0.592,0.592,26,0.03131706453859806
190,TX,0.9584823966214642,0.6264,0.6264,963,0.03131706453859806
191,CA,0.014650295753239834,0.5912,0.5912,17,0.031546469777822495
191,NY,0.026038997756111276,0.5938,0.5938,23,0.031546469777822495
191,TX,0.9593107064906489,0.6246,0.6246,960,0.031546469777822495
192,CA,0.014360516212508424,0.5766,0.5766,20,0.031553080305457115
192,NY,0.025565658066638984,0.6,0.6,28,0.031553080305457115
192,TX,0.9600738257208525,0.6124,0.6124,952,0.031553080305457115
193,CA,0.014048912305652233,0.5948,0.5948,18,0.031529610976576805
193,NY,0.025382131307274913,0.591,0.591,23,0.031529610976576805
193,TX,0.960568956387073,0.6272,0.6272,959,0.031529610976576805
194,CA,0.013780813932054527,0.5854,0.5854,14,0.031304191797971725
194,NY,0.024838433728320907,0.5944,0.5944,29,0.031304191797971725
194,TX,0.9613807523396246,0.6234,0.6234,957,0.031304191797971725
195,CA,0.01346855802566874,0.5918,0.5918,11,0.031206412240862846
195,NY,0.024413433962346485,0.593,0.593,29,0.031206412240862846
195,TX,0.9621180080119848,0.626,0.626,960,0.031206412240862846
196,CA,0.013195547210642011,0.5888,0.5888,11,0.03127046301960945
196,NY,0.02393659929388557,0.5928,0.5928,20,0.03127046301960945
196,TX,0.9628678534954724,0.6258,0.6258,969,0.03127046301960945
197,CA,0.01290538832594556,0.5916,0.5916,15,0.03135199286043644
197,NY,0.023469191991211405,0.593,0.593,26,0.03135199286043644
197,TX,0.9636254196828431,0.626,0.626,959,0.03135199286043644
198,CA,0.012641832245220674,0.5802,0.5802,8,0.0312709528952837
198,NY,0.023010122407993196,0.5918,0.5918,26,0.0312709528952837
198,TX,0.9643480453467862,0.6232,0.6232,966,0.0312709528952837
199,CA,0.012316546018751925,0.5948,0.5948,15,0.031313640996813774
199,NY,0.022582617716169574,0.591,0.591,20,0.031313640996813774
199,TX,0.9651008362650785,0.6272,0.6272,965,0.031313640996813774
200,CA,0.01208033670495274,0.5892,0.5892,9,0.031257012858986855
200,NY,0.022096746874559262,0.5922,0.5922,26,0.031257012858986855
200,TX,0.965822916420488,0.626,0.626,965,0.031257012858986855
201,CA,0.011815589481651696,0.592,0.592,6,0.03128655441105366
201,NY,0.021653283313542302,0.5928,0.5928,18,0.03128655441105366
201,TX,0.966531127204806,0.627,0.627,976,0.03128655441105366
202,CA,0.011569619430133052,0.5948,0.5948,16,0.03140658140182495
202,NY,0.021213172420326002,0.591,0.591,14,0.03140658140182495
202,TX,0.9672172081495409,0.6272,0.6272,970,0.03140658140182495
203,CA,0.011347219984176564,0.5872,0.5872,13,0.03133232146501541
203,NY,0.020755823811231845,0.5954,0.5954,28,0.03133232146501541
203,TX,0.9678969562045915,0.6252,0.6252,959,0.03133232146501541
204,CA,0.01108906469892522,0.5948,0.5948,6,0.03143388219177723
204,NY,0.020388409664779655,0.591,0.591,14,0.03143388219177723
204,TX,0.968522525636295,0.6272,0.6272,980,0.03143388219177723
205,CA,0.010875598991069272,0.5942,0.5942,8,0.031345613300800323
205,NY,0.019948285367708474,0.5914,0.5914,20,0.031345613300800323
205,TX,0.9691761156412223,0.6274,0.6274,972,0.031345613300800323
206,CA,0.010660799516646405,0.5948,0.5948,10,0.03147874027490616
206,NY,0.019519950487904357,0.591,0.591,19,0.03147874027490616
206,TX,0.9698192499954492,0.6272,0.6272,971,0.03147874027490616
207,CA,0.010455286606685165,0.5898,0.5898,6,0.0311933234333992
207,NY,0.019098041407997406,0.5918,0.5918,19,0.0311933234333992
207,TX,0.9704466719853174,0.6254,0.6254,975,0.0311933234333992
208,CA,0.010232674775910902,0.5942,0.5942,10,0.03091522678732872
208,NY,0.018714923969161818,0.5914,0.5914,11,0.03091522678732872
208,TX,0.9710524012549273,0.6274,0.6274,979,0.03091522678732872
209,CA,0.010030167950402473,0.5948,0.5948,7,0.031438710168004036
209,NY,0.018312331853378057,0.591,0.591,26,0.031438710168004036
209,TX,0.9716575001962195,0.6272,0.6272,967,0.031438710168004036
210,CA,0.009836423974763012,0.5942,0.5942,8,0.031284792348742485
210,NY,0.017915817801053117,0.5914,0.5914,19,0.031284792348742485
210,TX,0.9722477582241839,0.6274,0.6274,973,0.031284792348742485
211,CA,0.009641510508365802,0.5922,0.5922,3,0.03119724430143833
211,NY,0.017529964045330027,0.5926,0.5926,17,0.03119724430143833
211,TX,0.9728285254463042,0.6266,0.6266,980,0.03119724430143833
212,CA,0.009442993465655266,0.5884,0.5884,8,0.03101164661347866
212,NY,0.017173338384899258,0.594,0.594,11,0.03101164661347866
212,TX,0.9733836681494455,0.6254,0.6254,981,0.03101164661347866
213,CA,0.009233084563719442,0.5902,0.5902,12,0.031212562695145607
213,NY,0.016850790921773898,0.5922,0.5922,22,0.031212562695145607
213,TX,0.9739161245145067,0.6252,0.6252,966,0.031212562695145607
214,CA,0.009039132775435037,0.5918,0.5918,2,0.03127279318869114
214,NY,0.01651756836964671,0.5926,0.5926,20,0.03127279318869114
214,TX,0.9744432988549183,0.627,0.627,978,0.03127279318869114
215,CA,0.008848392505371928,0.579,0.579,15,0.03144091181457043
215,NY,0.016177147212525365,0.5952,0.5952,12,0.03144091181457043
215,TX,0.9749744602821028,0.6176,0.6176,973,0.03144091181457043
216,CA,0.008641007857372828,0.594,0.594,10,0.03127099387347698
216,NY,0.01596007652535747,0.592,0.592,15,0.03127099387347698
216,TX,0.9753989156172698,0.6268,0.6268,975,0.03127099387347698
217,CA,0.00847115344895604,0.5948,0.5948,9,0.03127010352909565
217,NY,0.015626721219773352,0.591,0.591,18,0.03127010352909565
217,TX,0.9759021253312706,0.6272,0.6272,973,0.03127010352909565
218,CA,0.008306768974072015,0.5948,0.5948,12,0.03111669421195984
218,NY,0.015286969548361009,0.591,0.591,11,0.03111669421195984
218,TX,0.9764062614775669,0.6272,0.6272,977,0.03111669421195984
219,CA,0.008145486140066839,0.5896,0.5896,9,0.031241202726960182
219,NY,0.014954442596734506,0.5922,0.5922,12,0.031241202726960182
219,TX,0.9769000712631987,0.6258,0.6258,979,0.031241202726960182
220,CA,0.007968026794084433,0.5942,0.5942,8,0.03126513212919235
220,NY,0.01465256890225555,0.5914,0.5914,13,0.03126513212919235
220,TX,0.97737940430366,0.6274,0.6274,979,0.03126513212919235
221,CA,0.007809274611327983,0.5888,0.5888,9,0.030976135283708572
221,NY,0.014335413692185143,0.5928,0.5928,11,0.030976135283708572
221,TX,0.9778553116964869,0.6258,0.6258,980,0.030976135283708572
222,CA,0.007635129512459137,0.5948,0.5948,3,0.031227564439177513
222,NY,0.014051023480613786,0.591,0.591,13,0.031227564439177513
222,TX,0.978313847006927,0.6272,0.6272,984,0.031227564439177513
223,CA,0.007486580992322863,0.5918,0.5918,7,0.03132855333387852
223,NY,0.013744819191230079,0.593,0.593,15,0.03132855333387852
223,TX,0.978768599816447,0.6268,0.6268,978,0.03132855333387852
224,CA,0.007328783351268561,0.5908,0.5908,7,0.031152963638305664
224,NY,0.01346525749819404,0.5926,0.5926,18,0.031152963638305664
224,TX,0.9792059591505374,0.625,0.625,975,0.031152963638305664
225,CA,0.007177574748156324,0.5832,0.5832,7,0.031418971717357635
225,NY,0.013202361871581901,0.5954,0.5954,21,0.031418971717357635
225,TX,0.9796200633802619,0.619,0.619,972,0.031418971717357635
226,CA,0.0070213268664111915,0.5948,0.5948,7,0.031379442662000656
226,NY,0.013014482576685185,0.591,0.591,18,0.031379442662000656
226,TX,0.9799641905569036,0.6272,0.6272,975,0.031379442662000656
227,CA,0.006884477438265935,0.5946,0.5946,8,0.030931906774640083
227,NY,0.012730417553756233,0.5912,0.5912,10,0.030931906774640083
227,TX,0.9803851050079778,0.6272,0.6272,982,0.030931906774640083
228,CA,0.006749382818594562,0.592,0.592,10,0.030992655083537102
228,NY,0.012453996506928184,0.5928,0.5928,7,0.030992655083537102
228,TX,0.9807966206744771,0.6254,0.6254,983,0.030992655083537102
229,CA,0.0066132602780685,0.589,0.589,3,0.03134415112435818
229,NY,0.012208954554207023,0.5926,0.5926,12,0.03134415112435818
229,TX,0.9811777851677244,0.6262,0.6262,985,0.03134415112435818
230,CA,0.006464587913688459,0.5948,0.5948,7,0.031229663640260696
230,NY,0.01196152415676547,0.591,0.591,13,0.031229663640260696
230,TX,0.981573887929546,0.6272,0.6272,980,0.031229663640260696
231,CA,0.0063383707923592375,0.5918,0.5918,4,0.03123520314693451
231,NY,0.011700037941074949,0.593,0.593,14,0.03123520314693451
231,TX,0.9819615912665658,0.6266,0.6266,982,0.03123520314693451
232,CA,0.006205106774913175,0.5838,0.5838,3,0.0310196653008461
232,NY,0.011462679852168263,0.5946,0.5946,10,0.0310196653008461
232,TX,0.9823322133729187,0.6182,0.6182,987,0.0310196653008461
233,CA,0.006075014376893937,0.582,0.582,5,0.031197333708405495
233,NY,0.011298886212947123,0.5928,0.5928,10,0.031197333708405495
233,TX,0.982626099410159,0.6208,0.6208,985,0.031197333708405495
234,CA,0.005931606281907702,0.5922,0.5922,7,0.03145525045692921
234,NY,0.011107476658883354,0.5928,0.5928,8,0.03145525045692921
234,TX,0.9829609170592088,0.627,0.627,985,0.03145525045692921
235,CA,0.005806827313681263,0.5898,0.5898,5,0.03156412020325661
235,NY,0.010877914256631219,0.5918,0.5918,12,0.03156412020325661
235,TX,0.9833152584296876,0.6254,0.6254,983,0.03156412020325661
236,CA,0.005681644653324159,0.5878,0.5878,5,0.032786859199404716
236,NY,0.010656799531121683,0.5936,0.5936,9,0.032786859199404716
236,TX,0.9836615558155541,0.6264,0.6264,986,0.032786859199404716
237,CA,0.005548740658316917,0.594,0.594,3,0.03113890439271927
237,NY,0.010445534753031694,0.5918,0.5918,5,0.03113890439271927
237,TX,0.9840057245886514,0.6268,0.6268,992,0.03113890439271927
238,CA,0.005438696089289205,0.5916,0.5916,7,0.03094634599983692
238,NY,0.010224244491367584,0.5934,0.5934,12,0.03094634599983692
238,TX,0.9843370594193432,0.6252,0.6252,981,0.03094634599983692
239,CA,0.005327919389817773,0.588,0.588,4,0.031039735302329063
239,NY,0.01002732202821168,0.594,0.594,11,0.031039735302329063
239,TX,0.9846447585819706,0.6254,0.6254,985,0.031039735302329063
240,CA,0.005206972444088776,0.5948,0.5948,5,0.031044065952301025
240,NY,0.009836722400219081,0.591,0.591,10,0.031044065952301025
240,TX,0.9849563051556921,0.6272,0.6272,985,0.031044065952301025
241,CA,0.005104940205411347,0.5948,0.5948,4,0.031038345769047737
241,NY,0.009620989668451674,0.591,0.591,9,0.031038345769047737
241,TX,0.9852740701261369,0.6272,0.6272,987,0.031038345769047737
242,CA,0.005004873120856355,0.594,0.594,2,0.03096000663936138
242,NY,0.009409923949848456,0.5916,0.5916,11,0.03096000663936138
242,TX,0.9855852029292952,0.6274,0.6274,987,0.03096000663936138
243,CA,0.004903674199935973,0.5898,0.5898,4,0.031102925539016724
243,NY,0.0092057730234527,0.592,0.592,8,0.031102925539016724
243,TX,0.9858905527766113,0.6254,0.6254,988,0.031102925539016724
244,CA,0.004797695300523524,0.594,0.594,6,0.03103644587099552
244,NY,0.009019280386310098,0.5918,0.5918,9,0.03103644587099552
244,TX,0.9861830243131663,0.6268,0.6268,985,0.03103644587099552
245,CA,0.0047023301546718225,0.5948,0.5948,5,0.03078579716384411
245,NY,0.008827800845186284,0.591,0.591,4,0.03078579716384411
245,TX,0.9864698690001419,0.6272,0.6272,991,0.03078579716384411
246,CA,0.00461003669363878,0.5948,0.5948,2,0.031067386269569397
246,NY,0.008633914502163642,0.591,0.591,7,0.031067386269569397
246,TX,0.9867560488041975,0.6272,0.6272,991,0.031067386269569397
247,CA,0.004519526884683673,0.5948,0.5948,3,0.031288882717490196
247,NY,0.008444234558606002,0.591,0.591,10,0.031288882717490196
247,TX,0.9870362385567103,0.6272,0.6272,987,0.031288882717490196
248,CA,0.004430767384151087,0.5932,0.5932,2,0.030940676108002663
248,NY,0.008258671978645512,0.5924,0.5924,5,0.030940676108002663
248,TX,0.9873105606372035,0.6268,0.6268,993,0.030940676108002663
249,CA,0.004340409314338549,0.5822,0.5822,1,0.03107241354882717
249,NY,0.008086187824268367,0.5902,0.5902,11,0.03107241354882717
249,TX,0.9875734028613931,0.621,0.621,988,0.03107241354882717
250,CA,0.004237609290544389,0.5812,0.5812,3,0.03127030283212662
250,NY,0.00793458869285442,0.5962,0.5962,7,0.03127030283212662
250,TX,0.9878278020166013,0.6246,0.6246,990,0.03127030283212662
251,CA,0.004125443904313221,0.5948,0.5948,6,0.03115246258676052
251,NY,0.00779784671665485,0.591,0.591,5,0.03115246258676052
251,TX,0.9880767093790319,0.6272,0.6272,989,0.03115246258676052
252,CA,0.00404433392629783,0.5948,0.5948,5,0.03145662136375904
252,NY,0.007626318993599481,0.591,0.591,8,0.03145662136375904
252,TX,0.9883293470801027,0.6272,0.6272,987,0.03145662136375904
253,CA,0.00396479710601405,0.5834,0.5834,4,0.03131154365837574
253,NY,0.007458523815285538,0.596,0.596,10,0.03131154365837574
253,TX,0.9885766790787004,0.6248,0.6248,986,0.03131154365837574
254,CA,0.003864675190133695,0.5948,0.5948,4,0.03111141361296177
254,NY,0.0073280286506816564,0.591,0.591,6,0.03111141361296177
254,TX,0.9888072961591846,0.6272,0.6272,990,0.03111141361296177
255,CA,0.0037886328766633076,0.5918,0.5918,2,0.03104451298713684
255,NY,0.007166723277912613,0.5926,0.5926,8,0.03104451298713684
255,TX,0.989044643845424,0.6256,0.6256,990,0.03104451298713684
256,CA,0.0037106905596320373,0.592,0.592,3,0.03130919113755226
256,NY,0.007022812323097046,0.5928,0.5928,4,0.03130919113755226
256,TX,0.9892664971172709,0.6254,0.6254,993,0.03130919113755226
257,CA,0.003635229588695022,0.5896,0.5896,3,0.21089034713804722
257,NY,0.006883453000037904,0.5922,0.5922,5,0.21089034713804722
257,TX,0.9894813174112671,0.6258,0.6258,992,0.21089034713804722
258,CA,0.003555081202904053,0.5698,0.5698,6,0.03126775287091732
258,NY,0.006742699380555327,0.6022,0.6022,3,0.03126775287091732
258,TX,0.9897022194165407,0.602,0.602,991,0.03126775287091732
259,CA,0.003483870527735971,0.5948,0.5948,0,0.03030969202518463
259,NY,0.006744017393881565,0.591,0.591,6,0.03030969202518463
259,TX,0.9897721120783824,0.6272,0.6272,994,0.03030969202518463
260,CA,0.0034152507369406507,0.5912,0.5912,4,0.031023206189274788
260,NY,0.0065954316090277125,0.593,0.593,5,0.031023206189274788
260,TX,0.9899893176540316,0.626,0.626,991,0.031023206189274788
261,CA,0.0033428486107459987,0.5936,0.5936,4,0.03170114941895008
261,NY,0.006462913483005024,0.592,0.592,5,0.03170114941895008
261,TX,0.9901942379062489,0.6264,0.6264,991,0.03170114941895008
262,CA,0.003276101274166991,0.5948,0.5948,2,0.036292534321546555
262,NY,0.0063275078735676015,0.591,0.591,7,0.036292534321546555
262,TX,0.9903963908522654,0.6272,0.6272,991,0.036292534321546555
263,CA,0.003211530741061338,0.5834,0.5834,4,0.031074896454811096
263,NY,0.006188015768685621,0.596,0.596,8,0.031074896454811096
263,TX,0.990600453490253,0.6248,0.6248,988,0.031074896454811096
264,CA,0.0031303002448881917,0.5948,0.5948,8,0.031222963705658913
264,NY,0.006079495899248616,0.591,0.591,6,0.031222963705658913
264,TX,0.9907902038558631,0.6272,0.6272,986,0.031222963705658913
265,CA,0.0030685775421769074,0.594,0.594,1,0.03119782544672489
265,NY,0.00594542123004876,0.5918,0.5918,9,0.03119782544672489
265,TX,0.9909860012277744,0.6274,0.6274,990,0.03119782544672489
266,CA,0.0030061797874227397,0.5942,0.5942,0,0.02567942626774311
266,NY,0.005816485650936746,0.5914,0.5914,5,0.02567942626774311
266,TX,0.9911773345616405,0.6274,0.6274,995,0.02567942626774311
267,CA,0.0029454114135117875,0.5948,0.5948,5,0.031013214960694313
267,NY,0.005688899019793022,0.591,0.591,6,0.031013214960694313
267,TX,0.9913656895666951,0.6272,0.6272,989,0.031013214960694313
268,CA,0.0028872985901714034,0.592,0.592,4,0.030975425615906715
268,NY,0.005563369573656912,0.5924,0.5924,3,0.030975425615906715
268,TX,0.9915493318361717,0.6254,0.6254,993,0.030975425615906715
269,CA,0.0028284553951911503,0.5828,0.5828,2,0.031117603182792664
269,NY,0.0054513573496776015,0.5946,0.5946,4,0.031117603182792664
269,TX,0.9917201872551312,0.619,0.619,994,0.031117603182792664
270,CA,0.0027656147214804097,0.5922,0.5922,2,0.030999185517430305
270,NY,0.00536998056851796,0.5926,0.5926,3,0.030999185517430305
270,TX,0.9918644047100016,0.6266,0.6266,995,0.030999185517430305
271,CA,0.002707588652124941,0.5834,0.5834,3,0.031205903738737106
271,NY,0.005258632400302323,0.596,0.596,5,0.031205903738737106
271,TX,0.9920337789475727,0.6248,0.6248,992,0.031205903738737106
272,CA,0.002639027183865056,0.592,0.592,4,0.031029555946588516
272,NY,0.005166259749726944,0.5928,0.5928,6,0.031029555946588516
272,TX,0.9921947130664079,0.627,0.627,990,0.031029555946588516
273,CA,0.0025826835605289307,0.5872,0.5872,4,0.030997686088085175
273,NY,0.005058500017878493,0.5946,0.5946,6,0.030997686088085175
273,TX,0.9923588164215926,0.626,0.626,990,0.030997686088085175
274,CA,0.002521456653178047,0.594,0.594,2,0.03102194331586361
274,NY,0.0049616048016836245,0.5914,0.5914,5,0.03102194331586361
274,TX,0.9925169385451383,0.6272,0.6272,993,0.03102194331586361
275,CA,0.0024704077655653563,0.5926,0.5926,2,0.031172072514891624
275,NY,0.004853224073478149,0.5922,0.5922,6,0.031172072514891624
275,TX,0.9926763681609565,0.6268,0.6268,992,0.031172072514891624
276,CA,0.0024188480130645264,0.5948,0.5948,2,0.031185023486614227
276,NY,0.004750739182128406,0.591,0.591,10,0.031185023486614227
276,TX,0.992830412804807,0.6272,0.6272,988,0.031185023486614227
277,CA,0.0023710499001313484,0.5948,0.5948,3,0.031031565740704536
277,NY,0.004645765175858599,0.591,0.591,2,0.031031565740704536
277,TX,0.99298318492401,0.6272,0.6272,995,0.031031565740704536
278,CA,0.002324188670089535,0.5854,0.5854,2,0.03095317631959915
278,NY,0.004543095776440214,0.5944,0.5944,1,0.03095317631959915
278,TX,0.9931327155534703,0.6234,0.6234,997,0.03095317631959915
279,CA,0.0022700925800440966,0.5918,0.5918,0,0.018876921385526657
279,NY,0.004462544026931832,0.5926,0.5926,0,0.018876921385526657
279,TX,0.993267363393024,0.627,0.627,1000,0.018876921385526657
280,CA,0.0022212980095702634,0.5932,0.5932,3,0.03096337616443634
280,NY,0.004368818304549015,0.5924,0.5924,7,0.03096337616443634
280,TX,0.9934098836858807,0.6268,0.6268,990,0.03096337616443634
281,CA,0.0021757200382619673,0.582,0.582,3,0.031019916757941246
281,NY,0.004277027458723774,0.5956,0.5956,6,0.031019916757941246
281,TX,0.9935472525030142,0.624,0.624,991,0.031019916757941246
282,CA,0.0021197292366259106,0.5944,0.5944,3,0.037267494946718216
282,NY,0.004202782984200618,0.5914,0.5914,7,0.037267494946718216
282,TX,0.9936774877791734,0.6274,0.6274,990,0.037267494946718216
283,CA,0.0020770282905165087,0.5892,0.5892,1,0.031272901222109795
283,NY,0.004110371307518634,0.5922,0.5922,9,0.031272901222109795
283,TX,0.9938126004019648,0.626,0.626,990,0.031272901222109795
284,CA,0.00203028942986486,0.5932,0.5932,1,0.03096899576485157
284,NY,0.00402546134076435,0.592,0.592,6,0.03096899576485157
284,TX,0.9939442492293707,0.6266,0.6266,993,0.03096899576485157
285,CA,0.0019888534344939335,0.5948,0.5948,1,0.03101222589612007
285,NY,0.003940335957845119,0.591,0.591,6,0.03101222589612007
285,TX,0.994070810607661,0.6272,0.6272,993,0.03101222589612007
286,CA,0.0019495004658082184,0.5912,0.5912,1,0.03115261346101761
286,NY,0.003853166432419584,0.593,0.593,5,0.03115261346101761
286,TX,0.9941973331017722,0.626,0.626,994,0.03115261346101761
287,CA,0.0019080056560762213,0.5908,0.5908,2,0.03108268603682518
287,NY,0.0037754184025314843,0.5926,0.5926,4,0.03108268603682518
287,TX,0.9943165759413923,0.625,0.625,994,0.03108268603682518
288,CA,0.0018680651103929165,0.5948,0.5948,0,0.025359809398651123
288,NY,0.003700569532859644,0.591,0.591,4,0.025359809398651123
288,TX,0.9944313653567474,0.6272,0.6272,996,0.025359809398651123
289,CA,0.0018310879786731583,0.5828,0.5828,0,0.02560308575630188
289,NY,0.0036186761973778553,0.5946,0.5946,4,0.02560308575630188
289,TX,0.994550235823949,0.619,0.619,996,0.02560308575630188
290,CA,0.001790316739806236,0.5944,0.5944,1,0.03097342513501644
290,NY,0.0035644793486229094,0.5912,0.5912,6,0.03097342513501644
290,TX,0.9946452039115707,0.6274,0.6274,993,0.03097342513501644
291,CA,0.0017542159294478457,0.5884,0.5884,4,0.031063325703144073
291,NY,0.003485593726567075,0.594,0.594,3,0.031063325703144073
291,TX,0.994760190343985,0.6254,0.6254,993,0.031063325703144073
292,CA,0.0017144675193642167,0.5948,0.5948,2,0.03135168179869652
292,NY,0.0034186246153361795,0.591,0.591,3,0.03135168179869652
292,TX,0.9948669078652996,0.6272,0.6272,995,0.03135168179869652
293,CA,0.0016805150695711475,0.5912,0.5912,3,0.03117101453244686
293,NY,0.0033429395046360665,0.593,0.593,3,0.03117101453244686
293,TX,0.9949765454257928,0.626,0.626,994,0.03117101453244686
294,CA,0.0016447190685838684,0.5922,0.5922,1,0.03110700473189354
294,NY,0.003275433899518125,0.5928,0.5928,5,0.03110700473189354
294,TX,0.995079847031898,0.627,0.627,994,0.03110700473189354
295,CA,0.0016097075315049288,0.5878,0.5878,0,0.02532934956252575
295,NY,0.003206916966989865,0.5936,0.5936,4,0.02532934956252575
295,TX,0.9951833755015053,0.6264,0.6264,996,0.02532934956252575
296,CA,0.0015716653910915908,0.587,0.587,1,0.03091621585190296
296,NY,0.0031425656035783474,0.595,0.595,2,0.03091621585190296
296,TX,0.9952857690053301,0.625,0.625,997,0.03091621585190296
297,CA,0.001535058076919706,0.5874,0.5874,2,0.031264303252100945
297,NY,0.003084841356342591,0.5944,0.5944,8,0.031264303252100945
297,TX,0.9953801005667378,0.6246,0.6246,990,0.031264303252100945
298,CA,0.0015000471488005385,0.5942,0.5942,0,0.025440799072384834
298,NY,0.0030277767029208407,0.5914,0.5914,5,0.025440799072384834
298,TX,0.9954721761482787,0.6274,0.6274,995,0.025440799072384834
299,CA,0.0014695886306598917,0.5918,0.5918,0,0.025431357324123383
299,NY,0.0029610876676111424,0.5926,0.5926,1,0.025431357324123383
299,TX,0.9955693237017289,0.6256,0.6256,999,0.025431357324123383
300,CA,0.0014391629537510147,0.5918,0.5918,0,0.02557973749935627
300,NY,0.002901240051287856,0.593,0.593,2,0.02557973749935627
300,TX,0.9956595969949612,0.6266,0.6266,998,0.02557973749935627
301,CA,0.0014085008204546999,0.5948,0.5948,0,0.02531619928777218
301,NY,0.002841568127619131,0.591,0.591,1,0.02531619928777218
301,TX,0.9957499310519261,0.6272,0.6272,999,0.02531619928777218
302,CA,0.0013805814436281428,0.589,0.589,3,0.031108824536204338
302,NY,0.0027786058963577736,0.5926,0.5926,2,0.031108824536204338
302,TX,0.995840812660014,0.6262,0.6262,995,0.031108824536204338
303,CA,0.0013491201309525859,0.5948,0.5948,0,0.025485267862677574
303,NY,0.002721437457673961,0.591,0.591,6,0.025485267862677574
303,TX,0.9959294424113734,0.6272,0.6272,994,0.025485267862677574
304,CA,0.0013223727031982137,0.5874,0.5874,3,0.025487978011369705
304,NY,0.002661126770306089,0.5946,0.5946,0,0.025487978011369705
304,TX,0.9960165005264957,0.6258,0.6258,997,0.025487978011369705
305,CA,0.0012912456672526797,0.591,0.591,0,0.025457939133048058
305,NY,0.0026102731079041723,0.5934,0.5934,1,0.025457939133048058
305,TX,0.9960984812248431,0.6246,0.6246,999,0.025457939133048058
306,CA,0.0012646372748283936,0.5948,0.5948,2,0.0310781542211771
306,NY,0.0025603402487550876,0.591,0.591,4,0.0310781542211771
306,TX,0.9961750224764165,0.6272,0.6272,994,0.0310781542211771
307,CA,0.0012395582617222576,0.5854,0.5854,0,0.018738651648163795
307,NY,0.002503586505376277,0.5944,0.5944,0,0.018738651648163795
307,TX,0.9962568552329015,0.6234,0.6234,1000,0.018738651648163795
308,CA,0.001210632370070888,0.5914,0.5914,1,0.0309159979224205
308,NY,0.0024590444065221728,0.5938,0.5938,3,0.0309159979224205
308,TX,0.996330323223407,0.625,0.625,996,0.0309159979224205
309,CA,0.001185685878511264,0.594,0.594,1,0.031157342717051506
309,NY,0.0024120050111606315,0.5918,0.5918,4,0.031157342717051506
309,TX,0.9964023091103281,0.6268,0.6268,995,0.031157342717051506
310,CA,0.0011618678147579339,0.5948,0.5948,0,0.02547880820930004
310,NY,0.0023602905248197134,0.591,0.591,5,0.02547880820930004
310,TX,0.9964778416604224,0.6272,0.6272,995,0.02547880820930004
311,CA,0.0011388194228620933,0.5766,0.5766,1,0.0312629621475935
311,NY,0.0023079561851462936,0.6,0.6,5,0.0312629621475935
311,TX,0.9965532243919916,0.6124,0.6124,994,0.0312629621475935
312,CA,0.0011135822201463845,0.5948,0.5948,1,0.031042395159602165
312,NY,0.002290305641813336,0.591,0.591,4,0.031042395159602165
312,TX,0.9965961121380403,0.6272,0.6272,995,0.031042395159602165
313,CA,0.0010914889380571513,0.594,0.594,1,0.03118310496211052
313,NY,0.0022395174252402656,0.5918,0.5918,1,0.03118310496211052
313,TX,0.9966689936367026,0.6268,0.6268,998,0.03118310496211052
314,CA,0.0010695571019883215,0.5944,0.5944,0,0.025578496977686882
314,NY,0.002191488855633705,0.5912,0.5912,2,0.025578496977686882
314,TX,0.996738954042378,0.6274,0.6274,998,0.025578496977686882
315,CA,0.0010479427099874684,0.5932,0.5932,1,0.031077494844794273
315,NY,0.0021428921598783245,0.592,0.592,2,0.031077494844794273
315,TX,0.9968091651301342,0.6264,0.6264,997,0.031077494844794273
316,CA,0.0010266193563279727,0.5948,0.5948,1,0.031083494424819946
316,NY,0.0020977077809268426,0.591,0.591,4,0.031083494424819946
316,TX,0.9968756728627451,0.6272,0.6272,995,0.031083494424819946
317,CA,0.001006245348420305,0.588,0.588,2,0.031355032697319984
317,NY,0.0020511781385562956,0.595,0.595,4,0.031355032697319984
317,TX,0.9969425765130234,0.6256,0.6256,994,0.031355032697319984
318,CA,0.0009830318080417122,0.579,0.579,0,0.02515561133623123
318,NY,0.0020126916889422982,0.5952,0.5952,2,0.02515561133623123
318,TX,0.9970042765030159,0.6176,0.6176,998,0.02515561133623123
319,CA,0.0009596234556023711,0.5832,0.5832,0,0.02557476796209812
319,NY,0.0019849224709242016,0.5952,0.5952,1,0.02557476796209812
319,TX,0.9970554540734734,0.625,0.625,999,0.02557476796209812
320,CA,0.0009349961017729523,0.5948,0.5948,2,0.031055185943841934
320,NY,0.0019486410790648845,0.591,0.591,2,0.031055185943841934
320,TX,0.9971163628191622,0.6272,0.6272,996,0.031055185943841934
321,CA,0.0009164357126413626,0.5926,0.5926,2,0.031025314703583717
321,NY,0.001905408117017839,0.5924,0.5924,1,0.031025314703583717
321,TX,0.9971781561703408,0.6272,0.6272,997,0.031025314703583717
322,CA,0.0008970030957446851,0.5828,0.5828,0,0.025464598089456558
322,NY,0.0018647705657131798,0.5946,0.5946,2,0.025464598089456558
322,TX,0.9972382263385422,0.619,0.619,998,0.025464598089456558
323,CA,0.0008769888081781984,0.5948,0.5948,0,0.025294149294495583
323,NY,0.0018367550088879486,0.591,0.591,4,0.025294149294495583
323,TX,0.9972862561829338,0.6272,0.6272,996,0.025294149294495583
324,CA,0.0008595767756819004,0.5946,0.5946,0,0.02538340911269188
324,NY,0.001795997829559082,0.5912,0.5912,2,0.02538340911269188
324,TX,0.997344425394759,0.6274,0.6274,998,0.02538340911269188
325,CA,0.0008423003789358824,0.5896,0.5896,2,0.03126113303005695
325,NY,0.0017561481108667677,0.5918,0.5918,1,0.03126113303005695
325,TX,0.9974015515101974,0.6254,0.6254,997,0.03126113303005695
326,CA,0.0008237936093028714,0.591,0.591,1,0.031087124720215797
326,NY,0.001719939654421687,0.5934,0.5934,3,0.031087124720215797
326,TX,0.9974562667362755,0.625,0.625,996,0.031087124720215797
327,CA,0.0008065981926661878,0.5948,0.5948,1,0.025492766872048378
327,NY,0.0016865789233457844,0.591,0.591,0,0.025492766872048378
327,TX,0.9975068228839881,0.6272,0.6272,999,0.025492766872048378
328,CA,0.0007905799697036556,0.5866,0.5866,1,0.03129113093018532
328,NY,0.0016491462959125581,0.5942,0.5942,3,0.03129113093018532
328,TX,0.9975602737343838,0.6246,0.6246,996,0.03129113093018532
329,CA,0.0007721261147247236,0.5832,0.5832,0,0.018830690532922745
329,NY,0.0016183668467707017,0.5954,0.5954,0,0.018830690532922745
329,TX,0.9976095070385046,0.619,0.619,1000,0.018830690532922745
330,CA,0.0007550832465534266,0.5814,0.5814,1,0.030793268233537674
330,NY,0.0015948409293413174,0.5964,0.5964,1,0.030793268233537674
330,TX,0.9976500758241053,0.6244,0.6244,998,0.030793268233537674
331,CA,0.0007351301048794306,0.591,0.591,1,0.03130086325109005
331,NY,0.0015674248620244048,0.5934,0.5934,5,0.03130086325109005
331,TX,0.9976974450330962,0.625,0.625,994,0.03130086325109005
332,CA,0.0007197819314750983,0.5912,0.5912,0,0.025247259065508842
332,NY,0.001537014966932755,0.593,0.593,2,0.025247259065508842
332,TX,0.9977432031015923,0.626,0.626,998,0.025247259065508842
333,CA,0.0007044098292921957,0.5892,0.5892,0,0.01871846243739128
333,NY,0.001505891109194557,0.5922,0.5922,0,0.01871846243739128
333,TX,0.9977896990615132,0.626,0.626,1000,0.01871846243739128
334,CA,0.0006884999952309492,0.5932,0.5932,0,0.01878216117620468
334,NY,0.0014746575088042454,0.5924,0.5924,0,0.01878216117620468
334,TX,0.9978368424959648,0.6268,0.6268,1000,0.01878216117620468
335,CA,0.0006743103013196434,0.5948,0.5948,1,0.030747227370738983
335,NY,0.001443540225919307,0.591,0.591,1,0.030747227370738983
335,TX,0.997882149472761,0.6272,0.6272,998,0.030747227370738983
336,CA,0.0006609138672444524,0.5802,0.5802,2,0.031192323192954063
336,NY,0.0014114903492196348,0.5898,0.5898,2,0.031192323192954063
336,TX,0.9979275957835358,0.6224,0.6224,996,0.031192323192954063
337,CA,0.0006437522618512906,0.5948,0.5948,2,0.031289683654904366
337,NY,0.0013831913104976961,0.591,0.591,3,0.031289683654904366
337,TX,0.9979730564276511,0.6272,0.6272,995,0.031289683654904366
338,CA,0.0006309616892480246,0.579,0.579,1,0.030990514904260635
338,NY,0.0013524786781560468,0.5952,0.5952,1,0.030990514904260635
338,TX,0.998016559632596,0.6176,0.6176,998,0.030990514904260635
339,CA,0.0006159261672132026,0.5948,0.5948,3,0.030922405421733856
339,NY,0.0013337950544959685,0.591,0.591,0,0.030922405421733856
339,TX,0.9980502787782909,0.6272,0.6272,997,0.030922405421733856
340,CA,0.0006036874672661027,0.5874,0.5874,0,0.025449087843298912
340,NY,0.001304177069781958,0.594,0.594,1,0.025449087843298912
340,TX,0.998092135462952,0.6246,0.6246,999,0.025449087843298912
341,CA,0.0005898869099044059,0.5828,0.5828,1,0.035329585894942284
341,NY,0.0012796614891734128,0.5946,0.5946,2,0.035329585894942284
341,TX,0.9981304516009222,0.619,0.619,997,0.035329585894942284
342,CA,0.000576716073731028,0.5948,0.5948,0,0.029058462008833885
342,NY,0.00126041660307257,0.591,0.591,2,0.029058462008833885
342,TX,0.9981628673231964,0.6272,0.6272,998,0.029058462008833885
343,CA,0.0005652551299530257,0.5948,0.5948,1,0.03257566876709461
343,NY,0.0012324250713187917,0.591,0.591,1,0.03257566876709461
343,TX,0.9982023197987282,0.6272,0.6272,998,0.03257566876709461
344,CA,0.0005540214753824302,0.5874,0.5874,0,0.025555307045578957
344,NY,0.0012050541544867586,0.593,0.593,2,0.025555307045578957
344,TX,0.9982409243701309,0.626,0.626,998,0.025555307045578957
345,CA,0.0005408897703087231,0.5948,0.5948,0,0.02545228786766529
345,NY,0.0011806417384501492,0.591,0.591,2,0.02545228786766529
345,TX,0.9982784684912411,0.6272,0.6272,998,0.02545228786766529
346,CA,0.0005301394751998667,0.5948,0.5948,0,0.02534770965576172
346,NY,0.0011544189871243262,0.591,0.591,1,0.02534770965576172
346,TX,0.9983154415376758,0.6272,0.6272,999,0.02534770965576172
347,CA,0.0005196024300505998,0.5926,0.5926,0,0.025404339656233788
347,NY,0.0011287777584642745,0.5924,0.5924,2,0.025404339656233788
347,TX,0.9983516198114851,0.6272,0.6272,998,0.025404339656233788
348,CA,0.0005085717494896221,0.5898,0.5898,0,0.025325920432806015
348,NY,0.0011046761037438158,0.5918,0.5918,2,0.025325920432806015
348,TX,0.9983867521467665,0.6254,0.6254,998,0.025325920432806015
349,CA,0.0004974497586096733,0.5912,0.5912,0,0.025361988693475723
349,NY,0.001081877178328125,0.5936,0.5936,1,0.025361988693475723
349,TX,0.9984206730630621,0.6246,0.6246,999,0.025361988693475723
350,CA,0.000487237776894611,0.5914,0.5914,1,0.031012196093797684
350,NY,0.0010612659713599125,0.5938,0.5938,2,0.031012196093797684
350,TX,0.9984514962517455,0.625,0.625,997,0.031012196093797684
351,CA,0.0004771777293455998,0.5834,0.5834,2,0.025454867631196976
351,NY,0.001040921361686151,0.5932,0.5932,0,0.025454867631196976
351,TX,0.9984819009089683,0.62,0.62,998,0.025454867631196976
352,CA,0.000466410107197556,0.5924,0.5924,0,0.025457847863435745
352,NY,0.001023729846453554,0.5932,0.5932,2,0.025457847863435745
352,TX,0.9985098600463489,0.627,0.627,998,0.025457847863435745
353,CA,0.0004565056040142281,0.5942,0.5942,0,0.025228120386600494
353,NY,0.0010024937048300872,0.5914,0.5914,2,0.025228120386600494
353,TX,0.9985410006911557,0.6274,0.6274,998,0.025228120386600494
354,CA,0.0004472066802048853,0.5926,0.5926,0,0.0253063403069973
354,NY,0.0009803482367927358,0.5922,0.5922,1,0.0253063403069973
354,TX,0.9985724450830024,0.6268,0.6268,999,0.0253063403069973
355,CA,0.0004378183586879497,0.5948,0.5948,1,0.025522448122501373
355,NY,0.0009595264846657998,0.591,0.591,0,0.025522448122501373
355,TX,0.9986026551566463,0.6272,0.6272,999,0.025522448122501373
356,CA,0.0004291136373827204,0.592,0.592,0,0.025429438799619675
356,NY,0.0009382082930284069,0.5928,0.5928,2,0.025429438799619675
356,TX,0.9986326780695889,0.627,0.627,998,0.025429438799619675
357,CA,0.0004198947081424921,0.5948,0.5948,0,0.025282569229602814
357,NY,0.0009185134827025586,0.591,0.591,1,0.025282569229602814
357,TX,0.9986615918091549,0.6272,0.6272,999,0.025282569229602814
358,CA,0.000411545823152199,0.5922,0.5922,0,0.019093617796897888
358,NY,0.0008981053536784025,0.5926,0.5926,0,0.019093617796897888
358,TX,0.9986903488231694,0.6266,0.6266,1000,0.019093617796897888
359,CA,0.0004028533531602674,0.5948,0.5948,0,0.025325190275907516
359,NY,0.0008793568714818497,0.591,0.591,1,0.025325190275907516
359,TX,0.9987177897753579,0.6272,0.6272,999,0.025325190275907516
360,CA,0.0003948428282979569,0.5918,0.5918,0,0.018801681697368622
360,NY,0.0008598177086955524,0.5926,0.5926,0,0.018801681697368622
360,TX,0.9987453394630066,0.6268,0.6268,1000,0.018801681697368622
361,CA,0.0003863581967789431,0.5948,0.5948,3,0.025219161063432693
361,NY,0.0008417642416711563,0.591,0.591,0,0.025219161063432693
361,TX,0.99877187756155,0.6272,0.6272,997,0.025219161063432693
362,CA,0.00037867522825855407,0.5878,0.5878,1,0.02554730884730816
362,NY,0.0008230594221468137,0.5936,0.5936,0,0.02554730884730816
362,TX,0.9987982653495947,0.6264,0.6264,999,0.02554730884730816
363,CA,0.00036969743711699196,0.5912,0.5912,1,0.031049294397234917
363,NY,0.0008064812195080023,0.5938,0.5938,1,0.031049294397234917
363,TX,0.998823821343375,0.6246,0.6246,998,0.031049294397234917
364,CA,0.0003621051506411587,0.5786,0.5786,1,0.030931515619158745
364,NY,0.0007912096459271144,0.5944,0.5944,1,0.030931515619158745
364,TX,0.9988466852034317,0.6182,0.6182,998,0.030931515619158745
365,CA,0.0003532510865127367,0.5948,0.5948,0,0.01894090138375759
365,NY,0.0007795887520360853,0.591,0.591,0,0.01894090138375759
365,TX,0.9988671601614513,0.6272,0.6272,1000,0.01894090138375759
366,CA,0.0003462257659272752,0.5908,0.5908,0,0.018682332709431648
366,NY,0.0007622639754140703,0.5926,0.5926,0,0.018682332709431648
366,TX,0.9988915102586587,0.625,0.625,1000,0.018682332709431648
367,CA,0.0003389466664389405,0.594,0.594,1,0.025338608771562576
367,NY,0.000747082402674447,0.592,0.592,0,0.025338608771562576
367,TX,0.9989139709308866,0.627,0.627,999,0.025338608771562576
368,CA,0.0003320795229684748,0.5948,0.5948,1,0.031241733580827713
368,NY,0.0007310279512077028,0.591,0.591,1,0.031241733580827713
368,TX,0.9989368925258237,0.6272,0.6272,998,0.031241733580827713
369,CA,0.0003254747653904518,0.5926,0.5926,0,0.02545608952641487
369,NY,0.0007147812662120868,0.5922,0.5922,3,0.02545608952641487
369,TX,0.9989597439683975,0.6268,0.6268,997,0.02545608952641487
370,CA,0.0003186393770711065,0.5918,0.5918,0,0.018640723079442978
370,NY,0.0006995941857496028,0.593,0.593,0,0.018640723079442978
370,TX,0.9989817664371793,0.626,0.626,1000,0.018640723079442978
371,CA,0.0003119438877897979,0.5876,0.5876,1,0.025160301476716995
371,NY,0.000685410105121412,0.5942,0.5942,0,0.025160301476716995
371,TX,0.9990026460070889,0.6258,0.6258,999,0.025160301476716995
372,CA,0.00030462070608994836,0.5936,0.5936,0,0.018794972449541092
372,NY,0.0006721019532246881,0.592,0.592,0,0.018794972449541092
372,TX,0.9990232773406854,0.6264,0.6264,1000,0.018794972449541092
373,CA,0.0002984834238613997,0.5816,0.5816,0,0.018685631453990936
373,NY,0.0006578997133676124,0.59,0.59,0,0.018685631453990936
373,TX,0.999043616862771,0.6216,0.6216,1000,0.018685631453990936
374,CA,0.0002911266104172891,0.5948,0.5948,0,0.025076961144804955
374,NY,0.0006450922899971346,0.591,0.591,1,0.025076961144804955
374,TX,0.9990637810995856,0.6272,0.6272,999,0.025076961144804955
375,CA,0.0002853355905703376,0.5816,0.5816,1,0.03116796351969242
375,NY,0.0006307537564825261,0.59,0.59,1,0.03116796351969242
375,TX,0.9990839106529472,0.6216,0.6216,998,0.03116796351969242
376,CA,0.0002783025983648446,0.5948,0.5948,0,0.018846269696950912
376,NY,0.0006184742593936547,0.591,0.591,0,0.018846269696950912
376,TX,0.9991032231422414,0.6272,0.6272,1000,0.018846269696950912
377,CA,0.00027276643947453567,0.5902,0.5902,0,0.01875782199203968
377,NY,0.0006047268550941901,0.5922,0.5922,0,0.01875782199203968
377,TX,0.9991225067054312,0.6252,0.6252,1000,0.01875782199203968
378,CA,0.0002668970380663532,0.594,0.594,0,0.025393228977918625
378,NY,0.000592458514566149,0.5916,0.5916,2,0.025393228977918625
378,TX,0.9991406444473675,0.6274,0.6274,998,0.025393228977918625
379,CA,0.0002614242066602162,0.5916,0.5916,0,0.018974900245666504
379,NY,0.0005794361723832775,0.5934,0.5934,0,0.018974900245666504
379,TX,0.9991591396209566,0.6252,0.6252,1000,0.018974900245666504
380,CA,0.00025602371013167555,0.594,0.594,1,0.02528287097811699
380,NY,0.0005681079591740674,0.5914,0.5914,0,0.02528287097811699
380,TX,0.9991758683306943,0.6272,0.6272,999,0.02528287097811699
381,CA,0.00025080446577698277,0.5948,0.5948,0,0.019018329679965973
381,NY,0.0005556188724844736,0.591,0.591,0,0.019018329679965973
381,TX,0.9991935766617386,0.6272,0.6272,1000,0.019018329679965973
382,CA,0.0002458148375745704,0.5924,0.5924,0,0.018630672246217728
382,NY,0.0005432675563603139,0.5928,0.5928,0,0.018630672246217728
382,TX,0.9992109176060651,0.6268,0.6268,1000,0.018630672246217728
383,CA,0.00024062086709028283,0.5918,0.5918,0,0.025218769907951355
383,NY,0.0005319221089900823,0.593,0.593,2,0.025218769907951355
383,TX,0.9992274570239197,0.626,0.626,998,0.025218769907951355
384,CA,0.00023556357299544219,0.5938,0.5938,0,0.19281060807406902
384,NY,0.0005211349052072388,0.592,0.592,0,0.19281060807406902
384,TX,0.9992433015217973,0.6268,0.6268,1000,0.19281060807406902
385,CA,0.0002307887891371077,0.5948,0.5948,0,0.0187387615442276
385,NY,0.0005099950716741253,0.591,0.591,0,0.0187387615442276
385,TX,0.9992592161391888,0.6272,0.6272,1000,0.0187387615442276
386,CA,0.00022619704297353833,0.5834,0.5834,0,0.018531905487179756
386,NY,0.0004986572602586531,0.5932,0.5932,0,0.018531905487179756
386,TX,0.9992751456967678,0.62,0.62,1000,0.018531905487179756
387,CA,0.00022108961904230423,0.5948,0.5948,0,0.018768712878227234
387,NY,0.0004904144203692744,0.591,0.591,0,0.018768712878227234
387,TX,0.9992884959605883,0.6272,0.6272,1000,0.018768712878227234
388,CA,0.00021669071016509225,0.5948,0.5948,0,0.025063782930374146
388,NY,0.00047951160918470036,0.591,0.591,1,0.025063782930374146
388,TX,0.9993037976806503,0.6272,0.6272,999,0.025063782930374146
389,CA,0.00021237925404756926,0.5938,0.5938,1,0.025195090100169182
389,NY,0.0004688510326811228,0.592,0.592,0,0.025195090100169182
389,TX,0.9993187697132713,0.6268,0.6268,999,0.025195090100169182
390,CA,0.0002080740769186993,0.5926,0.5926,0,0.025496967136859894
390,NY,0.0004588280956347646,0.5926,0.5926,1,0.025496967136859894
390,TX,0.9993330978274465,0.6272,0.6272,999,0.025496967136859894
391,CA,0.00020365257752354095,0.5912,0.5912,0,0.018713882192969322
391,NY,0.00044907816341171574,0.593,0.593,0,0.018713882192969322
391,TX,0.9993472692590647,0.626,0.626,1000,0.018713882192969322
392,CA,0.00019929664654682106,0.5942,0.5942,0,0.0188010111451149
392,NY,0.00043996995854855733,0.5914,0.5914,0,0.0188010111451149
392,TX,0.9993607333949046,0.6274,0.6274,1000,0.0188010111451149
393,CA,0.00019523356151241066,0.5948,0.5948,0,0.018832221627235413
393,NY,0.000430243242835329,0.591,0.591,0,0.018832221627235413
393,TX,0.9993745231956522,0.6272,0.6272,1000,0.018832221627235413
394,CA,0.00019134874293804977,0.5848,0.5848,0,0.01869400404393673
394,NY,0.0004206773674669233,0.5956,0.5956,0,0.01869400404393673
394,TX,0.999387973889595,0.625,0.625,1000,0.01869400404393673
395,CA,0.00018661737315553634,0.5946,0.5946,0,0.018645644187927246
395,NY,0.0004130714423376841,0.591,0.591,0,0.018645644187927246
395,TX,0.9994003111845068,0.6272,0.6272,1000,0.018645644187927246
396,CA,0.0001828809676037032,0.5922,0.5922,1,0.02503427304327488
396,NY,0.00040388714435705655,0.5928,0.5928,0,0.02503427304327488
396,TX,0.9994132318880392,0.627,0.627,999,0.02503427304327488
397,CA,0.00017897153519527963,0.5916,0.5916,0,0.025270139798521996
397,NY,0.0003954022259624624,0.593,0.593,1,0.025270139798521996
397,TX,0.9994256262388422,0.626,0.626,999,0.025270139798521996
398,CA,0.00017518724469207776,0.5948,0.5948,0,0.02554657682776451
398,NY,0.0003873820329576794,0.591,0.591,2,0.02554657682776451
398,TX,0.9994374307223503,0.6272,0.6272,998,0.02554657682776451
399,CA,0.0001717010817511146,0.5832,0.5832,1,0.030954325571656227
399,NY,0.0003787686061397968,0.5952,0.5952,1,0.030954325571656227
399,TX,0.999449530312109,0.625,0.625,998,0.030954325571656227
400,CA,0.00016728630244380733,0.5832,0.5832,1,0.02536904811859131
400,NY,0.00037182679758555355,0.5954,0.5954,0,0.02536904811859131
400,TX,0.9994608868999707,0.619,0.619,999,0.02536904811859131
401,CA,0.0001635886900841557,0.5938,0.5938,1,0.025423336774110794
401,NY,0.00036641005715390423,0.592,0.592,0,0.025423336774110794
401,TX,0.999470001252762,0.6268,0.6268,999,0.025423336774110794
402,CA,0.0001602720451887709,0.5948,0.5948,1,0.025362249463796616
402,NY,0.00035857592756432984,0.591,0.591,0,0.025362249463796616
402,TX,0.999481152027247,0.6272,0.6272,999,0.025362249463796616
403,CA,0.00015708254201657803,0.5948,0.5948,1,0.030993646010756493
403,NY,0.0003506026747476709,0.591,0.591,1,0.030993646010756493
403,TX,0.9994923147832357,0.6272,0.6272,998,0.030993646010756493
404,CA,0.00015395647465151464,0.5898,0.5898,0,0.02547461725771427
404,NY,0.0003428066316790089,0.592,0.592,1,0.02547461725771427
404,TX,0.9995032368936695,0.6254,0.6254,999,0.02547461725771427
405,CA,0.00015058604215074313,0.5916,0.5916,0,0.018784182146191597
405,NY,0.00033576586830805005,0.593,0.593,0,0.018784182146191597
405,TX,0.9995136480895412,0.626,0.626,1000,0.018784182146191597
406,CA,0.0001474016860408592,0.579,0.579,0,0.018584122881293297
406,NY,0.00032895472150129063,0.5952,0.5952,0,0.018584122881293297
406,TX,0.9995236435924579,0.6176,0.6176,1000,0.018584122881293297
407,CA,0.00014388547301982655,0.5948,0.5948,0,0.018778670579195023
407,NY,0.0003244020820200271,0.591,0.591,0,0.018778670579195023
407,TX,0.9995317124449602,0.6272,0.6272,1000,0.018778670579195023
408,CA,0.00014102191855401957,0.5948,0.5948,0,0.0251803919672966
408,NY,0.0003171883702351839,0.591,0.591,1,0.0251803919672966
408,TX,0.9995417897112109,0.6272,0.6272,999,0.0251803919672966
409,CA,0.0001382153234080641,0.5948,0.5948,0,0.018872201442718506
409,NY,0.0003101350019193575,0.591,0.591,0,0.018872201442718506
409,TX,0.9995516496746726,0.6272,0.6272,1000,0.018872201442718506
410,CA,0.0001354645558324966,0.5898,0.5898,2,0.025262931361794472
410,NY,0.00030323841594904767,0.5918,0.5918,0,0.025262931361794472
410,TX,0.9995612970282185,0.6254,0.6254,998,0.025262931361794472
411,CA,0.00013249879404954955,0.591,0.591,0,0.02559039555490017
411,NY,0.0002969726642475636,0.5934,0.5934,1,0.02559039555490017
411,TX,0.9995705285417029,0.625,0.625,999,0.02559039555490017
412,CA,0.0001297276204049521,0.588,0.588,0,0.018948080018162727
412,NY,0.0002912001770937146,0.595,0.595,0,0.018948080018162727
412,TX,0.9995790722025013,0.6256,0.6256,1000,0.018948080018162727
413,CA,0.00012672810567883528,0.5758,0.5758,0,0.01870039291679859
413,NY,0.000285721101208964,0.6018,0.6018,0,0.01870039291679859
413,TX,0.9995875507931121,0.61,0.61,1000,0.01870039291679859
414,CA,0.00012403663175345695,0.5892,0.5892,0,0.018800312653183937
414,NY,0.00028426705464080224,0.5922,0.5922,0,0.018800312653183937
414,TX,0.9995916963136058,0.626,0.626,1000,0.018800312653183937
415,CA,0.00012123046331771978,0.5948,0.5948,0,0.01869393326342106
415,NY,0.0002783603625693312,0.591,0.591,0,0.01869393326342106
415,TX,0.999600409174113,0.6272,0.6272,1000,0.01869393326342106
416,CA,0.00011881760501578846,0.582,0.582,1,0.025021014735102654
416,NY,0.00027217007648534,0.5962,0.5962,0,0.025021014735102654
416,TX,0.9996090123184989,0.6248,0.6248,999,0.025021014735102654
417,CA,0.00011568866321106156,0.5828,0.5828,0,0.018674442544579506
417,NY,0.00026738141133656937,0.595,0.595,0,0.018674442544579506
417,TX,0.9996169299254524,0.6206,0.6206,1000,0.018674442544579506
418,CA,0.00011299104261599845,0.5948,0.5948,0,0.018658041954040527
418,NY,0.00026315951080097634,0.591,0.591,0,0.018658041954040527
418,TX,0.999623849446583,0.6272,0.6272,1000,0.018658041954040527
419,CA,0.00011074211845610196,0.5912,0.5912,0,0.01862427219748497
419,NY,0.00025730713794658007,0.5938,0.5938,0,0.01862427219748497
419,TX,0.9996319507435972,0.6246,0.6246,1000,0.01862427219748497
420,CA,0.00010846615762730982,0.5902,0.5902,0,0.01872064359486103
420,NY,0.00025243078337803995,0.5922,0.5922,0,0.01872064359486103
420,TX,0.9996391030589946,0.6252,0.6252,1000,0.01872064359486103
421,CA,0.00010613104286264367,0.5946,0.5946,0,0.018665682524442673
421,NY,0.0002473069728465906,0.5912,0.5912,0,0.018665682524442673
421,TX,0.9996465619842907,0.6272,0.6272,1000,0.018665682524442673
422,CA,0.00010400555971085296,0.592,0.592,0,0.01869606412947178
422,NY,0.00024183741704207542,0.5928,0.5928,0,0.01869606412947178
422,TX,0.999654157023247,0.6254,0.6254,1000,0.01869606412947178
423,CA,0.00010186908333744779,0.5932,0.5932,0,0.01861049234867096
423,NY,0.00023698863633998647,0.592,0.592,0,0.01861049234867096
423,TX,0.9996611422803227,0.6266,0.6266,1000,0.01861049234867096
424,CA,9.977805313018709e-05,0.5758,0.5758,0,0.018797103315591812
424,NY,0.0002319492193424468,0.6004,0.6004,0,0.018797103315591812
424,TX,0.9996682727275273,0.6126,0.6126,1000,0.018797103315591812
425,CA,9.750148210308566e-05,0.5946,0.5946,0,0.018983250483870506
425,NY,0.00023019535363804836,0.5912,0.5912,0,0.018983250483870506
425,TX,0.9996723031642589,0.6272,0.6272,1000,0.018983250483870506
426,CA,9.554877020879376e-05,0.592,0.592,0,0.01865365356206894
426,NY,0.00022510412220896008,0.593,0.593,0,0.01865365356206894
426,TX,0.9996793471075822,0.6256,0.6256,1000,0.01865365356206894
427,CA,9.357445206303732e-05,0.5948,0.5948,0,0.018560534343123436
427,NY,0.00022059128546968442,0.591,0.591,0,0.018560534343123436
427,TX,0.9996858342624673,0.6272,0.6272,1000,0.018560534343123436
428,CA,9.171186489652708e-05,0.5948,0.5948,0,0.01867685094475746
428,NY,0.00021568529463736197,0.591,0.591,0,0.01867685094475746
428,TX,0.9996926028404661,0.6272,0.6272,1000,0.01867685094475746
429,CA,8.988633913857424e-05,0.5896,0.5896,0,0.018522042781114578
429,NY,0.00021088838310675067,0.5922,0.5922,0,0.018522042781114578
429,TX,0.9996992252777546,0.6258,0.6258,1000,0.018522042781114578
430,CA,8.788549231602386e-05,0.5948,0.5948,0,0.018717342987656593
430,NY,0.0002065313193884309,0.591,0.591,0,0.018717342987656593
430,TX,0.9997055831882955,0.6272,0.6272,1000,0.018717342987656593
431,CA,8.61361064455425e-05,0.594,0.594,0,0.018900161609053612
431,NY,0.00020193793875299164,0.5914,0.5914,0,0.018900161609053612
431,TX,0.9997119259548015,0.6272,0.6272,1000,0.018900161609053612
432,CA,8.437918202061332e-05,0.5794,0.5794,0,0.02521401084959507
432,NY,0.00019749633007075382,0.5966,0.5966,1,0.02521401084959507
432,TX,0.9997181244879086,0.6164,0.6164,999,0.02521401084959507
433,CA,8.244806972028428e-05,0.594,0.594,0,0.01864931359887123
433,NY,0.000195077958715872,0.5918,0.5918,0,0.01864931359887123
433,TX,0.9997224739715638,0.627,0.627,1000,0.01864931359887123
434,CA,8.077627386546911e-05,0.5812,0.5812,0,0.018654821440577507
434,NY,0.0001908585891496372,0.5962,0.5962,0,0.018654821440577507
434,TX,0.9997283651369848,0.6246,0.6246,1000,0.018654821440577507
435,CA,7.861882678416997e-05,0.594,0.594,0,0.018833020702004433
435,NY,0.00018752317730299709,0.5918,0.5918,0,0.018833020702004433
435,TX,0.9997338579959129,0.6268,0.6268,1000,0.018833020702004433
436,CA,7.703412474834487e-05,0.594,0.594,0,0.01878260262310505
436,NY,0.00018348971668029348,0.5918,0.5918,0,0.01878260262310505
436,TX,0.9997394761585713,0.6268,0.6268,1000,0.01878260262310505
437,CA,7.548135623365143e-05,0.5948,0.5948,0,0.018617253750562668
437,NY,0.0001795429909741021,0.591,0.591,0,0.018617253750562668
437,TX,0.9997449756527923,0.6272,0.6272,1000,0.018617253750562668
438,CA,7.397881555174238e-05,0.5948,0.5948,0,0.018886379897594452
438,NY,0.00017554969821842017,0.591,0.591,0,0.018886379897594452
438,TX,0.9997504714862298,0.6272,0.6272,1000,0.018886379897594452
439,CA,7.250617600933551e-05,0.5828,0.5828,0,0.018914852291345596
439,NY,0.00017164520161760193,0.5946,0.5946,0,0.018914852291345596
439,TX,0.9997558486223731,0.619,0.619,1000,0.018914852291345596
440,CA,7.08852738230284e-05,0.5948,0.5948,0,0.018939340487122536
440,NY,0.00016905904278944757,0.591,0.591,0,0.018939340487122536
440,TX,0.9997600556833875,0.6272,0.6272,1000,0.018939340487122536
441,CA,6.947420073188815e-05,0.5948,0.5948,0,0.022428136318922043
441,NY,0.0001652988743460296,0.591,0.591,0,0.022428136318922043
441,TX,0.999765226924922,0.6272,0.6272,1000,0.022428136318922043
442,CA,6.809120946630628e-05,0.594,0.594,0,0.02537347748875618
442,NY,0.00016162232055637183,0.5916,0.5916,1,0.02537347748875618
442,TX,0.9997702864699773,0.6274,0.6274,999,0.02537347748875618
443,CA,6.669406750963706e-05,0.5942,0.5942,0,0.01882171258330345
443,NY,0.00015806769047225835,0.5914,0.5914,0,0.01882171258330345
443,TX,0.9997752382420181,0.6274,0.6274,1000,0.01882171258330345
444,CA,6.533378325335293e-05,0.5882,0.5882,0,0.03096136637032032
444,NY,0.0001545717982414516,0.5932,0.5932,1,0.03096136637032032
444,TX,0.9997800944185051,0.626,0.626,999,0.03096136637032032
445,CA,6.381524950962044e-05,0.5948,0.5948,0,0.025378169491887093
445,NY,0.00015145444702336234,0.591,0.591,1,0.025378169491887093
445,TX,0.999784730303467,0.6272,0.6272,999,0.025378169491887093
446,CA,6.254488209708768e-05,0.5932,0.5932,0,0.01877938210964203
446,NY,0.00014808575669916736,0.5924,0.5924,0,0.01877938210964203
446,TX,0.9997893693612038,0.6268,0.6268,1000,0.01877938210964203
447,CA,6.125334823901498e-05,0.5882,0.5882,0,0.01854473538696766
447,NY,0.00014495500492648446,0.5926,0.5926,0,0.01854473538696766
447,TX,0.9997937916468345,0.626,0.626,1000,0.01854473538696766
448,CA,5.9829640754235965e-05,0.5898,0.5898,0,0.01865602284669876
448,NY,0.0001419780793143327,0.592,0.592,0,0.01865602284669876
448,TX,0.9997981922799314,0.6254,0.6254,1000,0.01865602284669876
449,CA,5.851948136897955e-05,0.5926,0.5926,0,0.018905559554696083
449,NY,0.00013906118979779716,0.5926,0.5926,0,0.018905559554696083
449,TX,0.9998024193288332,0.6272,0.6272,1000,0.018905559554696083
450,CA,5.727539182614014e-05,0.5874,0.5874,0,0.01868264377117157
450,NY,0.00013610483119729265,0.5946,0.5946,0,0.01868264377117157
450,TX,0.9998066197769765,0.6258,0.6258,1000,0.01868264377117157
451,CA,5.592281796941509e-05,0.5872,0.5872,0,0.01847999542951584
451,NY,0.00013349343357441768,0.5946,0.5946,0,0.01847999542951584
451,TX,0.9998105837484562,0.626,0.626,1000,0.01847999542951584
452,CA,5.458858791286059e-05,0.5948,0.5948,1,0.030782146379351616
452,NY,0.00013091602829026403,0.591,0.591,1,0.030782146379351616
452,TX,0.9998144953837969,0.6272,0.6272,998,0.030782146379351616
453,CA,5.350186097865738e-05,0.5896,0.5896,0,0.01888534054160118
453,NY,0.00012800407696573422,0.5922,0.5922,0,0.01888534054160118
453,TX,0.9998184940620556,0.6258,0.6258,1000,0.01888534054160118
454,CA,5.2310791309462704e-05,0.5924,0.5924,0,0.01870313286781311
454,NY,0.00012535912984255873,0.5934,0.5934,0,0.01870313286781311
454,TX,0.999822330078848,0.627,0.627,1000,0.01870313286781311
455,CA,5.1198532513695425e-05,0.592,0.592,0,0.018592463806271553
455,NY,0.00012277072945232864,0.5924,0.5924,0,0.018592463806271553
455,TX,0.999826030738034,0.6254,0.6254,1000,0.018592463806271553
456,CA,5.0146642475656156e-05,0.5948,0.5948,0,0.01876034215092659
456,NY,0.00012027857915634253,0.591,0.591,0,0.01876034215092659
456,TX,0.999829574778368,0.6272,0.6272,1000,0.01876034215092659
457,CA,4.9148327968263466e-05,0.5804,0.5804,0,0.018745113164186478
457,NY,0.00011760319725168679,0.591,0.591,0,0.018745113164186478
457,TX,0.9998332484747801,0.6234,0.6234,1000,0.018745113164186478
458,CA,4.784668039390304e-05,0.5908,0.5908,0,0.025354409590363503
458,NY,0.00011525647996473105,0.5926,0.5926,1,0.025354409590363503
458,TX,0.9998368968396413,0.625,0.625,999,0.025354409590363503
459,CA,4.6839846604192156e-05,0.5932,0.5932,0,0.025215620175004005
459,NY,0.00011295881640366329,0.592,0.592,2,0.025215620175004005
459,TX,0.9998402013369921,0.6266,0.6266,998,0.025215620175004005
460,CA,4.587820895933252e-05,0.5802,0.5802,0,0.018803421407938004
460,NY,0.00011055640032618082,0.5898,0.5898,0,0.018803421407938004
460,TX,0.9998435653907145,0.6224,0.6224,1000,0.018803421407938004
461,CA,4.468503042498841e-05,0.5894,0.5894,0,0.018780870363116264
461,NY,0.0001083352844166692,0.5918,0.5918,0,0.018780870363116264
461,TX,0.9998469796851585,0.6254,0.6254,1000,0.018780870363116264
462,CA,4.369546985545327e-05,0.5948,0.5948,0,0.01870672032237053
462,NY,0.00010609613793778813,0.591,0.591,0,0.01870672032237053
462,TX,0.9998502083922067,0.6272,0.6272,1000,0.01870672032237053
463,CA,4.2825565655331105e-05,0.5834,0.5834,0,0.01871565170586109
463,NY,0.00010373617302066898,0.5932,0.5932,0,0.01871565170586109
463,TX,0.999853438261324,0.62,0.62,1000,0.01871565170586109
464,CA,4.185813743135385e-05,0.5932,0.5932,0,0.018746251240372658
464,NY,0.00010202031752744782,0.592,0.592,0,0.018746251240372658
464,TX,0.9998561215450412,0.6266,0.6266,1000,0.018746251240372658
465,CA,4.0998762200964564e-05,0.5948,0.5948,0,0.018936840817332268
465,NY,9.985050876889652e-05,0.591,0.591,0,0.018936840817332268
465,TX,0.9998591507290301,0.6272,0.6272,1000,0.018936840817332268
466,CA,4.018253722855389e-05,0.5932,0.5932,0,0.01863139308989048
466,NY,9.762945060757284e-05,0.592,0.592,0,0.01863139308989048
466,TX,0.9998621880121639,0.6266,0.6266,1000,0.01863139308989048
467,CA,3.9357558147785093e-05,0.5902,0.5902,0,0.018711572512984276
467,NY,9.555301634374141e-05,0.5922,0.5922,0,0.018711572512984276
467,TX,0.9998650894255084,0.6252,0.6252,1000,0.018711572512984276
468,CA,3.851006857410968e-05,0.5948,0.5948,0,0.01853715442121029
468,NY,9.361305486166068e-05,0.591,0.591,0,0.01853715442121029
468,TX,0.9998678768765642,0.6272,0.6272,1000,0.01853715442121029
469,CA,3.7743382718715566e-05,0.5948,0.5948,0,0.018807291984558105
469,NY,9.153072435399897e-05,0.591,0.591,0,0.018807291984558105
469,TX,0.9998707258929274,0.6272,0.6272,1000,0.018807291984558105
470,CA,3.69919583126521e-05,0.5884,0.5884,0,0.01867065206170082
470,NY,8.949470773221491e-05,0.594,0.594,0,0.01867065206170082
470,TX,0.9998735133339551,0.6254,0.6254,1000,0.01867065206170082
471,CA,3.6149980096385475e-05,0.5924,0.5924,1,0.025088811293244362
471,NY,8.776604582569645e-05,0.5934,0.5934,0,0.025088811293244362
471,TX,0.9998760839740779,0.627,0.627,999,0.025088811293244362
472,CA,3.5381301104696446e-05,0.5832,0.5832,0,0.01882130093872547
472,NY,8.59537666878575e-05,0.5952,0.5952,0,0.01882130093872547
472,TX,0.9998786649322075,0.625,0.625,1000,0.01882130093872547
473,CA,3.4471270883274635e-05,0.5942,0.5942,1,0.02547120675444603
473,NY,8.437771663807687e-05,0.5914,0.5914,0,0.02547120675444603
473,TX,0.9998811510124787,0.6274,0.6274,999,0.02547120675444603
474,CA,3.376812170448994e-05,0.5948,0.5948,0,0.025384187698364258
474,NY,8.251139444765699e-05,0.591,0.591,1,0.025384187698364258
474,TX,0.9998837204838479,0.6272,0.6272,999,0.025384187698364258
475,CA,3.3095830603732014e-05,0.5948,0.5948,0,0.01883438043296337
475,NY,8.067598193514876e-05,0.591,0.591,0,0.01883438043296337
475,TX,0.9998862281874611,0.6272,0.6272,1000,0.01883438043296337
476,CA,3.243692241898941e-05,0.5918,0.5918,0,0.018793171271681786
476,NY,7.888139270803253e-05,0.5926,0.5926,0,0.018793171271681786
476,TX,0.999888681684873,0.6268,0.6268,1000,0.018793171271681786
477,CA,3.1739128819626274e-05,0.5942,0.5942,0,0.018946420401334763
477,NY,7.722326163409635e-05,0.5914,0.5914,0,0.018946420401334763
477,TX,0.9998910376095462,0.6274,0.6274,1000,0.018946420401334763
478,CA,3.1091703553453666e-05,0.5932,0.5932,0,0.018843360245227814
478,NY,7.551517025487633e-05,0.592,0.592,0,0.018843360245227814
478,TX,0.9998933931261916,0.6266,0.6266,1000,0.018843360245227814
479,CA,3.045334642523935e-05,0.5942,0.5942,0,0.018707990646362305
479,NY,7.390902551880335e-05,0.5914,0.5914,0,0.018707990646362305
479,TX,0.9998956376280559,0.6274,0.6274,1000,0.018707990646362305
480,CA,2.9832146004716047e-05,0.5948,0.5948,0,0.01870899088680744
480,NY,7.227423410681045e-05,0.591,0.591,0,0.01870899088680744
480,TX,0.9998978936198885,0.6272,0.6272,1000,0.01870899088680744
481,CA,2.9238207476381148e-05,0.583,0.583,0,0.018720930442214012
481,NY,7.06665189615383e-05,0.5954,0.5954,0,0.018720930442214012
481,TX,0.9999000952735622,0.6244,0.6244,1000,0.018720930442214012
482,CA,2.849308995113578e-05,0.5942,0.5942,0,0.018663031980395317
482,NY,6.940506685375482e-05,0.5914,0.5914,0,0.018663031980395317
482,TX,0.9999021018431952,0.6274,0.6274,1000,0.018663031980395317
483,CA,2.7911871785684008e-05,0.5932,0.5932,0,0.018523473292589188
483,NY,6.786988888564233e-05,0.592,0.592,0,0.018523473292589188
483,TX,0.9999042182393287,0.6266,0.6266,1000,0.018523473292589188
484,CA,2.7338794919072412e-05,0.5936,0.5936,0,0.01881205104291439
484,NY,6.642633777276244e-05,0.592,0.592,0,0.01881205104291439
484,TX,0.9999062348673082,0.6264,0.6264,1000,0.01881205104291439
485,CA,2.6787499271349513e-05,0.5912,0.5912,0,0.018529973924160004
485,NY,6.502148095068093e-05,0.593,0.593,0,0.018529973924160004
485,TX,0.999908191019778,0.626,0.626,1000,0.018529973924160004
486,CA,2.6214237100697833e-05,0.5948,0.5948,0,0.01885187067091465
486,NY,6.370197738230807e-05,0.591,0.591,0,0.01885187067091465
486,TX,0.9999100837855169,0.6272,0.6272,1000,0.01885187067091465
487,CA,2.569232202343582e-05,0.5948,0.5948,0,0.018908029422163963
487,NY,6.22849327348777e-05,0.591,0.591,0,0.018908029422163963
487,TX,0.9999120227452417,0.6272,0.6272,1000,0.018908029422163963
488,CA,2.5180797013131236e-05,0.5948,0.5948,0,0.018751349300146103
488,NY,6.08994075630166e-05,0.591,0.591,0,0.018751349300146103
488,TX,0.9999139197954239,0.6272,0.6272,1000,0.018751349300146103
489,CA,2.4679455272107037e-05,0.594,0.594,0,0.01870919205248356
489,NY,5.954470088652233e-05,0.5914,0.5914,0,0.01870919205248356
489,TX,0.9999157758438414,0.6272,0.6272,1000,0.01870919205248356
490,CA,2.4175960575470424e-05,0.592,0.592,0,0.020337527617812157
490,NY,5.823476453109109e-05,0.593,0.593,0,0.020337527617812157
490,TX,0.9999175892748934,0.6256,0.6256,1000,0.020337527617812157
491,CA,2.3676300084306533e-05,0.5818,0.5818,0,0.01875511184334755
491,NY,5.706701192994641e-05,0.592,0.592,0,0.01875511184334755
491,TX,0.9999192566879858,0.6244,0.6244,1000,0.01875511184334755
492,CA,2.3055428069516386e-05,0.5802,0.5802,0,0.018625054508447647
492,NY,5.592886161891092e-05,0.5918,0.5918,0,0.018625054508447647
492,TX,0.9999210157103116,0.6232,0.6232,1000,0.018625054508447647
493,CA,2.2444707431861823e-05,0.5924,0.5924,0,0.018776291981339455
493,NY,5.484703833165601e-05,0.5926,0.5926,0,0.018776291981339455
493,TX,0.9999227082542365,0.6272,0.6272,1000,0.018776291981339455
494,CA,2.1964731411783093e-05,0.594,0.594,0,0.01878773234784603
494,NY,5.368088559885548e-05,0.5916,0.5916,0,0.01878773234784603
494,TX,0.9999243543829893,0.6274,0.6274,1000,0.01878773234784603
495,CA,2.151397259342283e-05,0.5912,0.5912,0,0.018772771582007408
495,NY,5.250008413895959e-05,0.593,0.593,0,0.018772771582007408
495,TX,0.9999259859432676,0.626,0.626,1000,0.018772771582007408
496,CA,2.1053558074115372e-05,0.5876,0.5876,0,0.018846651539206505
496,NY,5.1434662762904835e-05,0.5946,0.5946,0,0.018846651539206505
496,TX,0.999927511779163,0.626,0.626,1000,0.018846651539206505
497,CA,2.055638291326149e-05,0.594,0.594,0,0.01869138330221176
497,NY,5.044147323917141e-05,0.5918,0.5918,0,0.01869138330221176
497,TX,0.9999290021438476,0.627,0.627,1000,0.01869138330221176
498,CA,2.013947374554603e-05,0.594,0.594,0,0.018768303096294403
498,NY,4.935025089288144e-05,0.5914,0.5914,0,0.018768303096294403
498,TX,0.9999305102753616,0.6272,0.6272,1000,0.018768303096294403
499,CA,1.9728594639145915e-05,0.594,0.594,0,0.025300011038780212
499,NY,4.826456908369685e-05,0.5918,0.5918,1,0.025300011038780212
499,TX,0.9999320068362773,0.627,0.627,999,0.025300011038780212
500,CA,1.9328472818603594e-05,0.5876,0.5876,0,0.01891194097697735
500,NY,4.722043763577189e-05,0.5946,0.5946,0,0.01891194097697735
500,TX,0.9999334510895456,0.626,0.626,1000,0.01891194097697735
501,CA,1.8872032863384602e-05,0.5948,0.5948,0,0.018778301775455475
501,NY,4.6308618012098045e-05,0.591,0.591,0,0.018778301775455475
501,TX,0.9999348193491245,0.6272,0.6272,1000,0.018778301775455475
502,CA,1.8496288303104738e-05,0.5948,0.5948,0,0.018742913380265236
502,NY,4.527846290959027e-05,0.591,0.591,0,0.018742913380265236
502,TX,0.9999362252487873,0.6272,0.6272,1000,0.018742913380265236
503,CA,1.8128024313445012e-05,0.5948,0.5948,0,0.01875499077141285
503,NY,4.427122270409078e-05,0.591,0.591,0,0.01875499077141285
503,TX,0.9999376007529825,0.6272,0.6272,1000,0.01875499077141285
504,CA,1.7767091988946602e-05,0.5938,0.5938,0,0.018732693046331406
504,NY,4.328638773226194e-05,0.592,0.592,0,0.018732693046331406
504,TX,0.9999389465202788,0.6268,0.6268,1000,0.018732693046331406
505,CA,1.740670496597748e-05,0.5948,0.5948,0,0.025174342095851898
505,NY,4.236047327064799e-05,0.591,0.591,1,0.025174342095851898
505,TX,0.9999402328217634,0.6272,0.6272,999,0.025174342095851898
506,CA,1.7060133273177446e-05,0.5948,0.5948,0,0.01878933236002922
506,NY,4.1418141497728155e-05,0.591,0.591,0,0.01878933236002922
506,TX,0.9999415217252291,0.6272,0.6272,1000,0.01878933236002922
507,CA,1.6720461440432755e-05,0.594,0.594,0,0.018698710948228836
507,NY,4.049677127931663e-05,0.5918,0.5918,0,0.018698710948228836
507,TX,0.9999427827672803,0.6274,0.6274,1000,0.018698710948228836
508,CA,1.6377318602137486e-05,0.5922,0.5922,0,0.018711082637310028
508,NY,3.96109375385107e-05,0.5928,0.5928,0,0.018711082637310028
508,TX,0.9999440117438593,0.627,0.627,1000,0.018711082637310028
509,CA,1.602704211700384e-05,0.5948,0.5948,0,0.018743330612778664
509,NY,3.877835030431018e-05,0.591,0.591,0,0.018743330612778664
509,TX,0.9999451946075786,0.6272,0.6272,1000,0.018743330612778664
510,CA,1.5707938160881653e-05,0.594,0.594,0,0.018696483224630356
510,NY,3.7915700742403237e-05,0.592,0.592,0,0.018696483224630356
510,TX,0.9999463763610967,0.6268,0.6268,1000,0.018696483224630356
511,CA,1.5391247643572406e-05,0.5918,0.5918,0,0.018752312287688255
511,NY,3.7104661702322e-05,0.5928,0.5928,0,0.018752312287688255
511,TX,0.9999475040906541,0.6256,0.6256,1000,0.018752312287688255
512,CA,1.5071243960177006e-05,0.5948,0.5948,0,0.018587902188301086
512,NY,3.6356033660946815e-05,0.591,0.591,0,0.018587902188301086
512,TX,0.9999485727223788,0.6272,0.6272,1000,0.018587902188301086
513,CA,1.4771169199077917e-05,0.5898,0.5898,0,0.018802881240844727
513,NY,3.554726751225381e-05,0.5918,0.5918,0,0.018802881240844727
513,TX,0.9999496815632887,0.6254,0.6254,1000,0.018802881240844727
514,CA,1.4447661896250863e-05,0.5942,0.5942,0,0.018711591139435768
514,NY,3.481247712063759e-05,0.5914,0.5914,0,0.018711591139435768
514,TX,0.9999507398609832,0.6274,0.6274,1000,0.018711591139435768
515,CA,1.4152935431232898e-05,0.5936,0.5936,0,0.018688121810555458
515,NY,3.404242047578122e-05,0.592,0.592,0,0.018688121810555458
515,TX,0.9999518046440931,0.6266,0.6266,1000,0.018688121810555458
516,CA,1.3865818708533519e-05,0.5942,0.5942,0,0.01869780384004116
516,NY,3.331832546615289e-05,0.5914,0.5914,0,0.01869780384004116
516,TX,0.9999528158558254,0.6274,0.6274,1000,0.01869780384004116
517,CA,1.3582960999268359e-05,0.5888,0.5888,0,0.01880533993244171
517,NY,3.258131819188105e-05,0.5928,0.5928,0,0.01880533993244171
517,TX,0.9999538357208089,0.6258,0.6258,1000,0.01880533993244171
518,CA,1.3273852490158024e-05,0.5802,0.5802,0,0.018695320934057236
518,NY,3.192002335954151e-05,0.5918,0.5918,0,0.018695320934057236
518,TX,0.9999548061241502,0.6232,0.6232,1000,0.018695320934057236
519,CA,1.2922228950496502e-05,0.589,0.589,0,0.01866334304213524
519,NY,3.1302576653947045e-05,0.5926,0.5926,0,0.01866334304213524
519,TX,0.9999557751943956,0.6262,0.6262,1000,0.01866334304213524
520,CA,1.262663949841918e-05,0.5942,0.5942,0,0.018723521381616592
520,NY,3.065584218321338e-05,0.5914,0.5914,0,0.018723521381616592
520,TX,0.9999567175183184,0.6274,0.6274,1000,0.018723521381616592
521,CA,1.2369059557678625e-05,0.5852,0.5852,0,0.01870953105390072
521,NY,2.9977726988380612e-05,0.595,0.595,0,0.01870953105390072
521,TX,0.999957653213454,0.6242,0.6242,1000,0.01870953105390072
522,CA,1.2072066002705743e-05,0.5896,0.5896,0,0.018702592700719833
522,NY,2.9438809578132778e-05,0.5918,0.5918,0,0.018702592700719833
522,TX,0.9999584891244192,0.6254,0.6254,1000,0.018702592700719833
523,CA,1.1806184876531649e-05,0.5948,0.5948,0,0.018903739750385284
523,NY,2.883028058548078e-05,0.591,0.591,0,0.018903739750385284
523,TX,0.999959363534538,0.6272,0.6272,1000,0.018903739750385284
524,CA,1.1571116115749203e-05,0.5948,0.5948,0,0.018557434901595116
524,NY,2.8188923681097445e-05,0.591,0.591,0,0.018557434901595116
524,TX,0.9999602399602031,0.6272,0.6272,1000,0.018557434901595116
525,CA,1.1340727510818484e-05,0.5912,0.5912,0,0.018647653982043266
525,NY,2.7561833846388553e-05,0.593,0.593,0,0.018647653982043266
525,TX,0.9999610974386427,0.626,0.626,1000,0.018647653982043266
526,CA,1.1098019735072373e-05,0.5948,0.5948,0,0.01867068186402321
526,NY,2.7002482493158772e-05,0.591,0.591,0,0.01867068186402321
526,TX,0.9999618994977718,0.6272,0.6272,1000,0.01867068186402321
527,CA,1.0877050403653203e-05,0.594,0.594,0,0.01879093050956726
527,NY,2.6401785243078433e-05,0.5918,0.5918,0,0.01879093050956726
527,TX,0.9999627211643533,0.6268,0.6268,1000,0.01879093050956726
528,CA,1.0657752639654359e-05,0.5948,0.5948,0,0.018682483583688736
528,NY,2.583378094332868e-05,0.591,0.591,0,0.018682483583688736
528,TX,0.9999635084664169,0.6272,0.6272,1000,0.018682483583688736
529,CA,1.0445548970737549e-05,0.5948,0.5948,0,0.018753942102193832
529,NY,2.525908175082348e-05,0.591,0.591,0,0.018753942102193832
529,TX,0.9999642953692784,0.6272,0.6272,1000,0.018753942102193832
530,CA,1.02375702583021e-05,0.5918,0.5918,0,0.018818411976099014
530,NY,2.469716691650081e-05,0.5926,0.5926,0,0.018818411976099014
530,TX,0.9999650652628252,0.627,0.627,1000,0.018818411976099014
531,CA,1.0016088786774421e-05,0.5948,0.5948,0,0.01882789097726345
531,NY,2.4175007548647245e-05,0.591,0.591,0,0.01882789097726345
531,TX,0.9999658089036646,0.6272,0.6272,1000,0.01882789097726345
532,CA,9.816660627930843e-06,0.5948,0.5948,0,0.018659882247447968
532,NY,2.3637208312702517e-05,0.591,0.591,0,0.018659882247447968
532,TX,0.9999665461310593,0.6272,0.6272,1000,0.018659882247447968
533,CA,9.621203086336954e-06,0.585,0.585,0,0.018751122057437897
533,NY,2.311137263516832e-05,0.5954,0.5954,0,0.018751122057437897
533,TX,0.9999672674242784,0.6246,0.6246,1000,0.018751122057437897
534,CA,9.38669014083284e-06,0.5948,0.5948,0,0.01857583224773407
534,NY,2.269599154607246e-05,0.591,0.591,0,0.01857583224773407
534,TX,0.999967917318313,0.6272,0.6272,1000,0.01857583224773407
535,CA,9.199793383127607e-06,0.5922,0.5922,0,0.018695352599024773
535,NY,2.2191093615314825e-05,0.5926,0.5926,0,0.018695352599024773
535,TX,0.9999686091130016,0.6266,0.6266,1000,0.018695352599024773
536,CA,9.005238330847504e-06,0.5882,0.5882,0,0.018617352470755577
536,NY,2.1727258675147085e-05,0.5932,0.5932,0,0.018617352470755577
536,TX,0.9999692675029941,0.626,0.626,1000,0.018617352470755577
537,CA,8.795897158419386e-06,0.5912,0.5912,0,0.018755342811346054
537,NY,2.128898581774626e-05,0.5936,0.5936,0,0.018755342811346054
537,TX,0.9999699151170238,0.6246,0.6246,1000,0.018755342811346054
538,CA,8.615068186030532e-06,0.5914,0.5914,0,0.018740221858024597
538,NY,2.0882769737735503e-05,0.5938,0.5938,0,0.018740221858024597
538,TX,0.9999705021620762,0.625,0.625,1000,0.018740221858024597
539,CA,8.436939969527976e-06,0.5918,0.5918,0,0.018773911520838737
539,NY,2.048183241943722e-05,0.593,0.593,0,0.018773911520838737
539,TX,0.999971081227611,0.6268,0.6268,1000,0.018773911520838737
540,CA,8.255427339795884e-06,0.5926,0.5926,0,0.018861541524529457
540,NY,2.005629385993042e-05,0.5926,0.5926,0,0.018861541524529457
540,TX,0.9999716882788003,0.6272,0.6272,1000,0.018861541524529457
541,CA,8.079892758299622e-06,0.594,0.594,0,0.018745901063084602
541,NY,1.9629838268455736e-05,0.5914,0.5914,0,0.018745901063084602
541,TX,0.9999722902689733,0.6272,0.6272,1000,0.018745901063084602
542,CA,7.91504224572318e-06,0.5812,0.5812,0,0.01866128295660019
542,NY,1.9197973980866312e-05,0.5964,0.5964,0,0.01866128295660019
542,TX,0.9999728869837734,0.6242,0.6242,1000,0.01866128295660019
543,CA,7.705499035791604e-06,0.5924,0.5924,0,0.018901260569691658
543,NY,1.8869389333736015e-05,0.5926,0.5926,0,0.018901260569691658
543,TX,0.9999734251116305,0.6272,0.6272,1000,0.018901260569691658
544,CA,7.540710183033262e-06,0.589,0.589,0,0.018806880339980125
544,NY,1.8468170146686366e-05,0.5926,0.5926,0,0.018806880339980125
544,TX,0.9999739911196703,0.6262,0.6262,1000,0.018806880339980125
545,CA,7.368217390194821e-06,0.5882,0.5882,0,0.022141000255942345
545,NY,1.8086597019093196e-05,0.5924,0.5924,0,0.022141000255942345
545,TX,0.9999745451855907,0.626,0.626,1000,0.022141000255942345
546,CA,7.196930650203486e-06,0.5814,0.5814,0,0.018679780885577202
546,NY,1.7712861494983233e-05,0.5964,0.5964,0,0.018679780885577202
546,TX,0.9999750902078548,0.6242,0.6242,1000,0.018679780885577202
547,CA,7.00728465656079e-06,0.5792,0.5792,0,0.01868785172700882
547,NY,1.7409694634967875e-05,0.5964,0.5964,0,0.01868785172700882
547,TX,0.9999755830207084,0.616,0.616,1000,0.01868785172700882
548,CA,6.847715366394802e-06,0.5922,0.5922,0,0.018801391124725342
548,NY,1.7198543823562795e-05,0.5924,0.5924,0,0.018801391124725342
548,TX,0.99997595374081,0.6254,0.6254,1000,0.018801391124725342
549,CA,6.7078489838912115e-06,0.5948,0.5948,0,0.018713662400841713
549,NY,1.684937527878924e-05,0.591,0.591,0,0.018713662400841713
549,TX,0.9999764427757373,0.6272,0.6272,1000,0.018713662400841713
550,CA,6.574288961589603e-06,0.5896,0.5896,0,0.01884058117866516
550,NY,1.647453889972843e-05,0.5922,0.5922,0,0.01884058117866516
550,TX,0.9999769511721387,0.6258,0.6258,1000,0.01884058117866516
551,CA,6.427909226995965e-06,0.5872,0.5872,0,0.01863471418619156
551,NY,1.6134071599710964e-05,0.5946,0.5946,0,0.01863471418619156
551,TX,0.9999774380191734,0.626,0.626,1000,0.01863471418619156
552,CA,6.274527840535605e-06,0.594,0.594,0,0.01844865456223488
552,NY,1.5822510784082787e-05,0.5918,0.5918,0,0.01844865456223488
552,TX,0.9999779029613753,0.627,0.627,1000,0.01844865456223488
553,CA,6.1472661797158214e-06,0.5948,0.5948,0,0.01864883303642273
553,NY,1.5480199442629378e-05,0.591,0.591,0,0.01864883303642273
553,TX,0.9999783725343776,0.6272,0.6272,1000,0.01864883303642273
554,CA,6.024867674303721e-06,0.5948,0.5948,0,0.01872200146317482
554,NY,1.5135821539888695e-05,0.591,0.591,0,0.01872200146317482
554,TX,0.9999788393107858,0.6272,0.6272,1000,0.01872200146317482
555,CA,5.904906191646967e-06,0.5922,0.5922,0,0.018724532797932625
555,NY,1.4799104638341842e-05,0.5924,0.5924,0,0.018724532797932625
555,TX,0.99997929598917,0.6254,0.6254,1000,0.018724532797932625
556,CA,5.784296540660766e-06,0.5846,0.5846,0,0.01859172433614731
556,NY,1.4498649039722126e-05,0.5954,0.5954,0,0.01859172433614731
556,TX,0.9999797170544197,0.625,0.625,1000,0.01859172433614731
557,CA,5.640492330527093e-06,0.5918,0.5918,0,0.018648212775588036
557,NY,1.423455637740654e-05,0.593,0.593,0,0.018648212775588036
557,TX,0.9999801249512921,0.6266,0.6266,1000,0.018648212775588036
558,CA,5.51982012494734e-06,0.5938,0.5938,0,0.01872951164841652
558,NY,1.3940524845119656e-05,0.592,0.592,0,0.01872951164841652
558,TX,0.99998053965503,0.6268,0.6268,1000,0.01872951164841652
559,CA,5.4078515636314665e-06,0.5818,0.5818,0,0.018645333126187325
559,NY,1.364231906610291e-05,0.592,0.592,0,0.018645333126187325
559,TX,0.9999809498293702,0.6244,0.6244,1000,0.018645333126187325
560,CA,5.266032469931501e-06,0.5884,0.5884,0,0.01859179325401783
560,NY,1.3370217276026588e-05,0.594,0.594,0,0.01859179325401783
560,TX,0.999981363750254,0.6254,0.6254,1000,0.01859179325401783
561,CA,5.146160414925218e-06,0.587,0.587,0,0.018596094101667404
561,NY,1.3111932076702203e-05,0.5942,0.5942,0,0.018596094101667404
561,TX,0.9999817419075084,0.625,0.625,1000,0.018596094101667404
562,CA,5.025821286751791e-06,0.5922,0.5922,0,0.018625803291797638
562,NY,1.2863415278172553e-05,0.5928,0.5928,0,0.018625803291797638
562,TX,0.9999821107634351,0.627,0.627,1000,0.018625803291797638
563,CA,4.9183255542024774e-06,0.594,0.594,0,0.01862916350364685
563,NY,1.2593027410947345e-05,0.592,0.592,0,0.01862916350364685
563,TX,0.9999824886470348,0.6268,0.6268,1000,0.01862916350364685
564,CA,4.819162664598205e-06,0.5948,0.5948,0,0.018802110105752945
564,NY,1.2323645824301661e-05,0.591,0.591,0,0.018802110105752945
564,TX,0.999982857191511,0.6272,0.6272,1000,0.018802110105752945
565,CA,4.723207634024929e-06,0.5872,0.5872,0,0.018708351999521255
565,NY,1.2049488546798764e-05,0.5954,0.5954,0,0.018708351999521255
565,TX,0.9999832273038192,0.6252,0.6252,1000,0.018708351999521255
566,CA,4.6127723609177905e-06,0.5948,0.5948,0,0.018617713823914528
566,NY,1.18285505771027e-05,0.591,0.591,0,0.018617713823914528
566,TX,0.9999835586770619,0.6272,0.6272,1000,0.018617713823914528
567,CA,4.52092672854785e-06,0.5918,0.5918,0,0.018641093745827675
567,NY,1.1565407232606501e-05,0.593,0.593,0,0.018641093745827675
567,TX,0.9999839136660389,0.626,0.626,1000,0.018641093745827675
568,CA,4.4258385854644635e-06,0.576,0.576,0,0.018665101379156113
568,NY,1.1330688682593729e-05,0.6006,0.6006,0,0.018665101379156113
568,TX,0.999984243472732,0.612,0.612,1000,0.018665101379156113
569,CA,4.326999292203141e-06,0.5874,0.5874,0,0.018743662163615227
569,NY,1.1250560515599678e-05,0.594,0.594,0,0.018743662163615227
569,TX,0.9999844224401923,0.6246,0.6246,1000,0.018743662163615227
570,CA,4.227921219083068e-06,0.5876,0.5876,0,0.01859886385500431
570,NY,1.1038655077522114e-05,0.5942,0.5942,0,0.01859886385500431
570,TX,0.9999847334237034,0.6258,0.6258,1000,0.01859886385500431
571,CA,4.128582749629742e-06,0.5948,0.5948,0,0.018497025594115257
571,NY,1.082410471671205e-05,0.591,0.591,0,0.018497025594115257
571,TX,0.9999850473125337,0.6272,0.6272,1000,0.018497025594115257
572,CA,4.046377762954947e-06,0.5932,0.5932,0,0.018763693049550056
572,NY,1.0583306395563335e-05,0.592,0.592,0,0.018763693049550056
572,TX,0.9999853703158416,0.6266,0.6266,1000,0.018763693049550056
573,CA,3.963292167012606e-06,0.5948,0.5948,0,0.018602533265948296
573,NY,1.0358188229818044e-05,0.591,0.591,0,0.018602533265948296
573,TX,0.9999856785196032,0.6272,0.6272,1000,0.018602533265948296
574,CA,3.8843782591314464e-06,0.591,0.591,0,0.01869078353047371
574,NY,1.0127754776130859e-05,0.5934,0.5934,0,0.01869078353047371
574,TX,0.9999859878669647,0.625,0.625,1000,0.01869078353047371
575,CA,3.803106172113794e-06,0.5948,0.5948,0,0.018599973991513252
575,NY,9.930811661578814e-06,0.591,0.591,0,0.018599973991513252
575,TX,0.9999862660821663,0.6272,0.6272,1000,0.018599973991513252
576,CA,3.7273817124839915e-06,0.5912,0.5912,0,0.018710801377892494
576,NY,9.709885718221056e-06,0.5938,0.5938,0,0.018710801377892494
576,TX,0.9999865627325693,0.6246,0.6246,1000,0.018710801377892494
577,CA,3.650751771028809e-06,0.5932,0.5932,0,0.018658794462680817
577,NY,9.525803208445575e-06,0.592,0.592,0,0.018658794462680817
577,TX,0.9999868234450205,0.6266,0.6266,1000,0.018658794462680817
578,CA,3.575789583285295e-06,0.5948,0.5948,0,0.01861625164747238
578,NY,9.323178973023964e-06,0.591,0.591,0,0.01861625164747238
578,TX,0.9999871010314437,0.6272,0.6272,1000,0.01861625164747238
579,CA,3.5045912095907996e-06,0.5948,0.5948,0,0.018685242161154747
579,NY,9.115770574458092e-06,0.591,0.591,0,0.018685242161154747
579,TX,0.9999873796382159,0.6272,0.6272,1000,0.018685242161154747
580,CA,3.434810462469295e-06,0.5874,0.5874,0,0.018788320943713188
580,NY,8.912976239688535e-06,0.5944,0.5944,0,0.018788320943713188
580,TX,0.9999876522132978,0.6246,0.6246,1000,0.018788320943713188
581,CA,3.3561611845016052e-06,0.5902,0.5902,0,0.018658963963389397
581,NY,8.747293357607894e-06,0.5922,0.5922,0,0.018658963963389397
581,TX,0.9999878965454578,0.6252,0.6252,1000,0.018658963963389397
582,CA,3.2838843522436173e-06,0.5802,0.5802,0,0.018607253208756447
582,NY,8.569680017447648e-06,0.5912,0.5912,0,0.018607253208756447
582,TX,0.9999881464356304,0.623,0.623,1000,0.018607253208756447
583,CA,3.1972861208292007e-06,0.5948,0.5948,0,0.018768010661005974
583,NY,8.401773453019272e-06,0.591,0.591,0,0.018768010661005974
583,TX,0.9999884009404262,0.6272,0.6272,1000,0.018768010661005974
584,CA,3.133624129296104e-06,0.5924,0.5924,0,0.018586544319987297
584,NY,8.214862901457236e-06,0.5928,0.5928,0,0.018586544319987297
584,TX,0.9999886515129692,0.6272,0.6272,1000,0.018586544319987297
585,CA,3.0666078321667355e-06,0.5948,0.5948,0,0.018683264032006264
585,NY,8.041197627032331e-06,0.591,0.591,0,0.018683264032006264
585,TX,0.9999888921945408,0.6272,0.6272,1000,0.018683264032006264
586,CA,3.005547777933862e-06,0.5948,0.5948,0,0.018695281818509102
586,NY,7.862308563447932e-06,0.591,0.591,0,0.018695281818509102
586,TX,0.9999891321436586,0.6272,0.6272,1000,0.018695281818509102
587,CA,2.945703491576859e-06,0.5686,0.5686,0,0.018473684787750244
587,NY,7.687399127947477e-06,0.6016,0.6016,0,0.018473684787750244
587,TX,0.9999893668973804,0.5978,0.5978,1000,0.018473684787750244
588,CA,2.8918704851375134e-06,0.593,0.593,0,0.018628522753715515
588,NY,7.705682113544945e-06,0.5924,0.5924,0,0.018628522753715515
588,TX,0.9999894024474014,0.6268,0.6268,1000,0.018628522753715515
589,CA,2.831786765585738e-06,0.5948,0.5948,0,0.01866942271590233
589,NY,7.542740923451816e-06,0.591,0.591,0,0.01866942271590233
589,TX,0.999989625472311,0.6272,0.6272,1000,0.01866942271590233
590,CA,2.7754022530818972e-06,0.5946,0.5946,0,0.018726052716374397
590,NY,7.3749406954086225e-06,0.5912,0.5912,0,0.018726052716374397
590,TX,0.9999898496570515,0.6272,0.6272,1000,0.018726052716374397
591,CA,2.7197992877013313e-06,0.5948,0.5948,0,0.018756261095404625
591,NY,7.211779868334928e-06,0.591,0.591,0,0.018756261095404625
591,TX,0.999990068420844,0.6272,0.6272,1000,0.018756261095404625
592,CA,2.6656445641820217e-06,0.5832,0.5832,0,0.018477264791727066
592,NY,7.0513423259368776e-06,0.5954,0.5954,0,0.018477264791727066
592,TX,0.9999902830131099,0.619,0.619,1000,0.018477264791727066
593,CA,2.6067011467301908e-06,0.5812,0.5812,0,0.018645543605089188
593,NY,6.948556742570712e-06,0.5964,0.5964,0,0.018645543605089188
593,TX,0.9999904447421107,0.6242,0.6242,1000,0.018645543605089188
594,CA,2.53769032622837e-06,0.5918,0.5918,0,0.0188189297914505
594,NY,6.8296257041238446e-06,0.593,0.593,0,0.0188189297914505
594,TX,0.9999906326839696,0.6268,0.6268,1000,0.0188189297914505
595,CA,2.483093345855179e-06,0.581,0.581,0,0.01866612210869789
595,NY,6.687727984061854e-06,0.5908,0.5908,0,0.01866612210869789
595,TX,0.99999082917867,0.6212,0.6212,1000,0.01866612210869789
596,CA,2.421521905888475e-06,0.5916,0.5916,0,0.01877721957862377
596,NY,6.56232399843637e-06,0.5934,0.5934,0,0.01877721957862377
596,TX,0.9999910161540957,0.6252,0.6252,1000,0.01877721957862377
597,CA,2.3714588685958516e-06,0.5948,0.5948,0,0.0187285915017128
597,NY,6.43392131752121e-06,0.591,0.591,0,0.0187285915017128
597,TX,0.9999911946198138,0.6272,0.6272,1000,0.0187285915017128
598,CA,2.324239997267848e-06,0.579,0.579,0,0.018632812425494194
598,NY,6.290788326392129e-06,0.5952,0.5952,0,0.018632812425494194
598,TX,0.9999913849716763,0.6176,0.6176,1000,0.018632812425494194
599,CA,2.2687781150671935e-06,0.571,0.571,0,0.01861538179218769
599,NY,6.203676415065785e-06,0.6024,0.6024,0,0.01861538179218769
599,TX,0.9999915275454698,0.604,0.604,1000,0.01861538179218769
600,CA,2.2221013760566654e-06,,,0,
600,NY,6.1974885367960884e-06,,,0,
600,TX,0.9999915804100872,,,0,
