t,state,p,acc,fitness,sample_count,step_seconds
0,CA,0.3333333333333333,0.773,0.773,327,0.061570439487695694
0,NY,0.3333333333333333,0.7496,0.7496,317,0.061570439487695694
0,TX,0.3333333333333333,0.7726,0.7726,356,0.061570439487695694
1,CA,0.3348315455506874,0.7758,0.7758,329,0.03842496871948242
1,NY,0.33041244901042455,0.7542,0.7542,323,0.03842496871948242
1,TX,0.33475600543888806,0.7696,0.7696,348,0.03842496871948242
2,CA,0.33657762416488424,0.7712,0.7712,334,0.038592372089624405
2,NY,0.32809554238076094,0.7526,0.7526,338,0.038592372089624405
2,TX,0.3353268334543547,0.776,0.776,328,0.038592372089624405
3,CA,0.3374335929598919,0.771,0.771,342,0.03763401135802269
3,NY,0.32547572986011114,0.7554,0.7554,309,0.03763401135802269
3,TX,0.33709067717999697,0.7728,0.7728,349,0.03763401135802269
4,CA,0.3382875557061801,0.777,0.777,328,0.04688604548573494
4,NY,0.32342519462686437,0.7512,0.7512,340,0.04688604548573494
4,TX,0.33828724966695556,0.771,0.771,332,0.04688604548573494
5,CA,0.3402740695042982,0.7706,0.7706,327,0.038777247071266174
5,NY,0.3206010954287885,0.7526,0.7526,354,0.038777247071266174
5,TX,0.3391248350669134,0.7694,0.7694,319,0.038777247071266174
6,CA,0.341465470711247,0.7764,0.7764,347,0.03869475796818733
6,NY,0.3184529587884262,0.7544,0.7544,308,0.03869475796818733
6,TX,0.3400815705003268,0.7674,0.7674,345,0.03869475796818733
7,CA,0.34341155313456034,0.7716,0.7716,362,0.037754032760858536
7,NY,0.3163014990739189,0.7526,0.7526,324,0.037754032760858536
7,TX,0.34028694779152063,0.7684,0.7684,314,0.037754032760858536
8,CA,0.34479310905636773,0.7732,0.7732,337,0.03798738121986389
8,NY,0.3141680828099192,0.7556,0.7556,327,0.03798738121986389
8,TX,0.34103880813371307,0.7696,0.7696,336,0.03798738121986389
9,CA,0.34611203128898993,0.7726,0.7726,349,0.03810455650091171
9,NY,0.3122396345481807,0.755,0.755,303,0.03810455650091171
9,TX,0.3416483341628294,0.774,0.774,348,0.03810455650091171
10,CA,0.34709443619259656,0.7686,0.7686,310,0.03784757852554321
10,NY,0.31001689465387594,0.7524,0.7524,314,0.03784757852554321
10,TX,0.34288866915352745,0.7642,0.7642,376,0.03784757852554321
11,CA,0.34838091710346103,0.7696,0.7696,350,0.03792688995599747
11,NY,0.30831573633515547,0.7506,0.7506,326,0.03792688995599747
11,TX,0.3433033465613836,0.7714,0.7714,324,0.03792688995599747
12,CA,0.34941558945658796,0.7646,0.7646,370,0.037222035229206085
12,NY,0.3059112336662518,0.7482,0.7482,313,0.037222035229206085
12,TX,0.34467317687716026,0.7674,0.7674,317,0.037222035229206085
13,CA,0.35021976105853836,0.778,0.778,347,0.03801513835787773
13,NY,0.3037656320456568,0.7522,0.7522,328,0.03801513835787773
13,TX,0.34601460689580493,0.7728,0.7728,325,0.03801513835787773
14,CA,0.3521282305665427,0.7746,0.7746,367,0.038069967180490494
14,NY,0.3009890891659012,0.7502,0.7502,312,0.038069967180490494
14,TX,0.3468826802675562,0.769,0.769,321,0.038069967180490494
15,CA,0.35398065020287195,0.777,0.777,364,0.03877856582403183
15,NY,0.29841224043945275,0.7596,0.7596,284,0.03877856582403183
15,TX,0.3476071093576753,0.7744,0.7744,352,0.03877856582403183
16,CA,0.35519919160598556,0.7734,0.7734,328,0.03752783313393593
16,NY,0.2965074465858364,0.7546,0.7546,319,0.03752783313393593
16,TX,0.34829336180817805,0.7764,0.7764,353,0.03752783313393593
17,CA,0.3561087327296115,0.7718,0.7718,326,0.0380161814391613
17,NY,0.2941153430895811,0.7554,0.7554,310,0.0380161814391613
17,TX,0.3497759241808074,0.77,0.77,364,0.0380161814391613
18,CA,0.35720811606569935,0.7656,0.7656,362,0.03796565532684326
18,NY,0.2922925671264017,0.7548,0.7548,284,0.03796565532684326
18,TX,0.35049931680789903,0.767,0.767,354,0.03796565532684326
19,CA,0.3577483169728871,0.7778,0.7778,352,0.03800026327371597
19,NY,0.290943968661508,0.7518,0.7518,305,0.03800026327371597
19,TX,0.35130771436560504,0.772,0.772,343,0.03800026327371597
20,CA,0.3596910549209663,0.769,0.769,362,0.03805540129542351
20,NY,0.2882458192895199,0.745,0.745,275,0.03805540129542351
20,TX,0.3520631257895137,0.765,0.765,363,0.03805540129542351
21,CA,0.3613920187080663,0.7712,0.7712,389,0.03875546157360077
21,NY,0.28567980110514235,0.7466,0.7466,258,0.03875546157360077
21,TX,0.35292818018679145,0.7632,0.7632,353,0.03875546157360077
22,CA,0.3634132687617779,0.7746,0.7746,353,0.03769189864397049
22,NY,0.28328762936376906,0.7522,0.7522,301,0.03769189864397049
22,TX,0.3532991018744531,0.7746,0.7746,346,0.03769189864397049
23,CA,0.3647174311514269,0.7714,0.7714,357,0.04056825116276741
23,NY,0.28071560077173474,0.7576,0.7576,293,0.04056825116276741
23,TX,0.35456696807683846,0.7726,0.7726,350,0.04056825116276741
24,CA,0.3654288135990445,0.7632,0.7632,345,0.038240112364292145
24,NY,0.27907197148452206,0.7516,0.7516,293,0.038240112364292145
24,TX,0.3554992149164334,0.7634,0.7634,362,0.038240112364292145
25,CA,0.3660861855902076,0.7718,0.7718,371,0.03799445554614067
25,NY,0.2777346930535202,0.7526,0.7526,274,0.03799445554614067
25,TX,0.35617912135627217,0.7682,0.7682,355,0.03799445554614067
26,CA,0.3674580353395941,0.7704,0.7704,381,0.03816555067896843
26,NY,0.2757545267873594,0.7628,0.7628,280,0.03816555067896843
26,TX,0.35678743787304645,0.7684,0.7684,339,0.03816555067896843
27,CA,0.36804205248443606,0.776,0.776,364,0.03867240995168686
27,NY,0.2750071509046972,0.7574,0.7574,258,0.03867240995168686
27,TX,0.35695079661086676,0.7666,0.7666,378,0.03867240995168686
28,CA,0.36980580765482374,0.7736,0.7736,374,0.03772304579615593
28,NY,0.273431113275519,0.75,0.75,255,0.03772304579615593
28,TX,0.35676307906965715,0.7664,0.7664,371,0.03772304579615593
29,CA,0.37169649469611066,0.7708,0.7708,357,0.03785761073231697
29,NY,0.271172120656064,0.748,0.748,275,0.03785761073231697
29,TX,0.35713138464782546,0.7654,0.7654,368,0.03785761073231697
30,CA,0.37340690281773076,0.7748,0.7748,395,0.03832109272480011
30,NY,0.2689124001942848,0.7562,0.7562,266,0.03832109272480011
30,TX,0.35768069698798444,0.7664,0.7664,339,0.03832109272480011
31,CA,0.3750990094693212,0.7724,0.7724,362,0.03753907233476639
31,NY,0.26729999894543544,0.7534,0.7534,270,0.03753907233476639
31,TX,0.3576009915852434,0.7708,0.7708,368,0.03753907233476639
32,CA,0.3762987454873738,0.7702,0.7702,397,0.038230717182159424
32,NY,0.26528034340318857,0.755,0.755,246,0.038230717182159424
32,TX,0.3584209111094375,0.767,0.767,357,0.038230717182159424
33,CA,0.377402941841834,0.7704,0.7704,369,0.03836227208375931
33,NY,0.26377423133963795,0.7548,0.7548,268,0.03836227208375931
33,TX,0.358822826818528,0.7702,0.7702,363,0.03836227208375931
34,CA,0.3782975400042382,0.7748,0.7748,393,0.03807942196726799
34,NY,0.2620697093070527,0.7536,0.7536,253,0.03807942196726799
34,TX,0.35963275068870915,0.7702,0.7702,354,0.03807942196726799
35,CA,0.37984065625844715,0.7708,0.7708,412,0.03786155954003334
35,NY,0.2599955256861198,0.7448,0.7448,241,0.03786155954003334
35,TX,0.3601638180554331,0.765,0.765,347,0.03786155954003334
36,CA,0.38174828395380367,0.7762,0.7762,386,0.038523461669683456
36,NY,0.25746468002217193,0.7534,0.7534,256,0.038523461669683456
36,TX,0.36078703602402434,0.7698,0.7698,358,0.038523461669683456
37,CA,0.3835143309001773,0.7774,0.7774,374,0.03883206844329834
37,NY,0.2553355582999733,0.7584,0.7584,279,0.03883206844329834
37,TX,0.3611501107998495,0.7726,0.7726,347,0.03883206844329834
38,CA,0.38494045496671414,0.768,0.768,353,0.03784794732928276
38,NY,0.25354541235607875,0.746,0.746,263,0.03784794732928276
38,TX,0.36151413267720717,0.766,0.766,384,0.03784794732928276
39,CA,0.3863172624506106,0.7746,0.7746,389,0.03825557604432106
39,NY,0.25128600109506005,0.7506,0.7506,252,0.03825557604432106
39,TX,0.36239673645432935,0.7672,0.7672,359,0.03825557604432106
40,CA,0.388223288697077,0.7716,0.7716,389,0.03782305493950844
40,NY,0.24911060211774164,0.7528,0.7528,233,0.03782305493950844
40,TX,0.36266610918518133,0.772,0.772,378,0.03782305493950844
41,CA,0.3892203335884444,0.7706,0.7706,381,0.03819821774959564
41,NY,0.24710005421070863,0.7484,0.7484,256,0.03819821774959564
41,TX,0.3636796122008471,0.7632,0.7632,363,0.03819821774959564
42,CA,0.39102614078929343,0.7738,0.7738,417,0.03860368952155113
42,NY,0.24513394235874614,0.75,0.75,236,0.03860368952155113
42,TX,0.36383991685196043,0.7672,0.7672,347,0.03860368952155113
43,CA,0.39285009458456416,0.7708,0.7708,395,0.037646837532520294
43,NY,0.24297294532589678,0.7562,0.7562,245,0.037646837532520294
43,TX,0.36417696008953915,0.774,0.774,360,0.037646837532520294
44,CA,0.39337925916028726,0.7762,0.7762,358,0.038368914276361465
44,NY,0.24129425052591566,0.7534,0.7534,230,0.038368914276361465
44,TX,0.36532649031379705,0.7678,0.7678,412,0.038368914276361465
45,CA,0.3952865359309605,0.7708,0.7708,404,0.03782320022583008
45,NY,0.23935178688555317,0.754,0.754,244,0.03782320022583008
45,TX,0.3653616771834863,0.7692,0.7692,352,0.03782320022583008
46,CA,0.3963173210044986,0.7768,0.7768,388,0.03779517114162445
46,NY,0.23769923360754397,0.7598,0.7598,247,0.03779517114162445
46,TX,0.3659834453879573,0.7726,0.7726,365,0.03779517114162445
47,CA,0.3975654225699051,0.7744,0.7744,388,0.03805980831384659
47,NY,0.2361663955290529,0.7572,0.7572,224,0.03805980831384659
47,TX,0.36626818190104193,0.7728,0.7728,388,0.03805980831384659
48,CA,0.39860959169365995,0.7772,0.7772,414,0.03814996778964996
48,NY,0.2344913929095398,0.7598,0.7598,216,0.03814996778964996
48,TX,0.3668990153968002,0.7668,0.7668,370,0.03814996778964996
49,CA,0.4003884727089438,0.7702,0.7702,406,0.03797851875424385
49,NY,0.23323178488166668,0.7572,0.7572,229,0.03797851875424385
49,TX,0.3663797424093896,0.7684,0.7684,365,0.03797851875424385
50,CA,0.4012251699220793,0.7686,0.7686,403,0.03779715299606323
50,NY,0.23200278494991047,0.7508,0.7508,216,0.03779715299606323
50,TX,0.3667720451280103,0.7716,0.7716,381,0.03779715299606323
51,CA,0.4019135846346245,0.7714,0.7714,377,0.03747033700346947
51,NY,0.23006186248039703,0.7584,0.7584,231,0.03747033700346947
51,TX,0.36802455288497854,0.7716,0.7716,392,0.03747033700346947
52,CA,0.40257656084675614,0.7676,0.7676,417,0.037959519773721695
52,NY,0.22875019130849708,0.752,0.752,235,0.037959519773721695
52,TX,0.36867324784474675,0.7632,0.7632,348,0.037959519773721695
53,CA,0.40376223328602173,0.7744,0.7744,376,0.039347391575574875
53,NY,0.22739912191568462,0.755,0.755,265,0.039347391575574875
53,TX,0.36883864479829376,0.7686,0.7686,359,0.039347391575574875
54,CA,0.4052583838158116,0.773,0.773,400,0.03858676552772522
54,NY,0.2257463252894833,0.7564,0.7564,230,0.03858676552772522
54,TX,0.3689952908947051,0.7768,0.7768,370,0.03858676552772522
55,CA,0.405795142736546,0.7794,0.7794,413,0.037732113152742386
55,NY,0.22392893707023265,0.7522,0.7522,250,0.037732113152742386
55,TX,0.3702759201932214,0.7682,0.7682,337,0.037732113152742386
56,CA,0.40814343717321777,0.7718,0.7718,400,0.03742710500955582
56,NY,0.22178199287873201,0.7448,0.7448,224,0.03742710500955582
56,TX,0.3700745699480503,0.7688,0.7688,376,0.03742710500955582
57,CA,0.4097851536934828,0.7786,0.7786,363,0.037726230919361115
57,NY,0.21928081635649524,0.7548,0.7548,248,0.037726230919361115
57,TX,0.370934029950022,0.7778,0.7778,389,0.037726230919361115
58,CA,0.41105989481355093,0.772,0.772,417,0.038698960095644
58,NY,0.21701955259136638,0.7538,0.7538,199,0.038698960095644
58,TX,0.3719205525950828,0.7712,0.7712,384,0.038698960095644
59,CA,0.41204752816190443,0.7656,0.7656,406,0.037858348339796066
59,NY,0.21530663744805104,0.7496,0.7496,225,0.037858348339796066
59,TX,0.37264583439004445,0.7674,0.7674,369,0.037858348339796066
60,CA,0.41269596376837,0.7732,0.7732,421,0.03800522908568382
60,NY,0.21369126821703407,0.7548,0.7548,193,0.03800522908568382
60,TX,0.37361276801459603,0.7672,0.7672,386,0.03800522908568382
61,CA,0.4141378313725436,0.7682,0.7682,427,0.037758711725473404
61,NY,0.21221269620327352,0.751,0.751,218,0.037758711725473404
61,TX,0.37364947242418284,0.7704,0.7704,355,0.037758711725473404
62,CA,0.41480125757304265,0.7728,0.7728,462,0.036905691027641296
62,NY,0.21048506335700617,0.7506,0.7506,193,0.036905691027641296
62,TX,0.3747136790699512,0.7662,0.7662,345,0.036905691027641296
63,CA,0.4164800232104516,0.7748,0.7748,434,0.038292866200208664
63,NY,0.20869044931577763,0.7552,0.7552,201,0.038292866200208664
63,TX,0.3748295274737708,0.769,0.769,365,0.038292866200208664
64,CA,0.41795524037852255,0.7724,0.7724,413,0.037450674921274185
64,NY,0.2071168174698704,0.751,0.751,219,0.037450674921274185
64,TX,0.3749279421516069,0.7694,0.7694,368,0.037450674921274185
65,CA,0.4192697954194519,0.7662,0.7662,434,0.037449125200510025
65,NY,0.20525964365489413,0.7506,0.7506,191,0.037449125200510025
65,TX,0.3754705609256539,0.7674,0.7674,375,0.037449125200510025
66,CA,0.4199239766250267,0.7728,0.7728,383,0.0379403680562973
66,NY,0.20376411859051596,0.7498,0.7498,225,0.0379403680562973
66,TX,0.37631190478445736,0.7686,0.7686,392,0.0379403680562973
67,CA,0.4214137304348425,0.7782,0.7782,432,0.03832103684544563
67,NY,0.20183402846740656,0.7562,0.7562,239,0.03832103684544563
67,TX,0.37675224109775096,0.7732,0.7732,329,0.03832103684544563
68,CA,0.42291782376929915,0.7716,0.7716,427,0.21302225440740585
68,NY,0.20004839095180957,0.7464,0.7464,198,0.21302225440740585
68,TX,0.3770337852788912,0.7652,0.7652,375,0.21302225440740585
69,CA,0.4247048241376714,0.7704,0.7704,421,0.03785566985607147
69,NY,0.1980360790041991,0.749,0.749,226,0.03785566985607147
69,TX,0.3772590968581295,0.7718,0.7718,353,0.03785566985607147
70,CA,0.42559664656249735,0.7674,0.7674,427,0.04027791693806648
70,NY,0.19605310767696474,0.7542,0.7542,183,0.04027791693806648
70,TX,0.3783502457605379,0.761,0.761,390,0.04027791693806648
71,CA,0.426806343970173,0.7732,0.7732,438,0.03890319541096687
71,NY,0.195141956774311,0.7598,0.7598,185,0.03890319541096687
71,TX,0.3780516992555159,0.7724,0.7724,377,0.03890319541096687
72,CA,0.42750970099795954,0.7746,0.7746,441,0.03813396766781807
72,NY,0.19398643165037777,0.7556,0.7556,210,0.03813396766781807
72,TX,0.37850386735166264,0.7742,0.7742,349,0.03813396766781807
73,CA,0.42843609053156056,0.7756,0.7756,405,0.03885618969798088
73,NY,0.19232534622185152,0.7522,0.7522,182,0.03885618969798088
73,TX,0.379238563246588,0.7642,0.7642,413,0.03885618969798088
74,CA,0.43057580998647077,0.7762,0.7762,415,0.03858964145183563
74,NY,0.19073862259268043,0.7536,0.7536,204,0.03858964145183563
74,TX,0.3786855674208488,0.7672,0.7672,381,0.03858964145183563
75,CA,0.432455137737886,0.7708,0.7708,441,0.038672178983688354
75,NY,0.1891336252201409,0.7498,0.7498,190,0.038672178983688354
75,TX,0.37841123704197316,0.7666,0.7666,369,0.038672178983688354
76,CA,0.4338175259809332,0.7746,0.7746,463,0.03782552853226662
76,NY,0.1874794531539004,0.7548,0.7548,179,0.03782552853226662
76,TX,0.3787030208651664,0.7694,0.7694,358,0.03782552853226662
77,CA,0.43521084540475596,0.771,0.771,439,0.037725139409303665
77,NY,0.18598308304700123,0.7454,0.7454,175,0.037725139409303665
77,TX,0.37880607154824275,0.7666,0.7666,386,0.037725139409303665
78,CA,0.4367962143173857,0.772,0.772,442,0.037576183676719666
78,NY,0.18396237572816254,0.753,0.753,174,0.037576183676719666
78,TX,0.3792414099544517,0.771,0.771,384,0.037576183676719666
79,CA,0.43775337406322673,0.7734,0.7734,419,0.03732801601290703
79,NY,0.18238866499785636,0.7518,0.7518,204,0.03732801601290703
79,TX,0.379857960938917,0.7656,0.7656,377,0.03732801601290703
80,CA,0.4394638701524564,0.7746,0.7746,467,0.03796951472759247
80,NY,0.18087116513825544,0.7528,0.7528,176,0.03796951472759247
80,TX,0.3796649647092881,0.7706,0.7706,357,0.03796951472759247
81,CA,0.44082057490160487,0.7766,0.7766,440,0.03885414078831673
81,NY,0.17920078352262347,0.7564,0.7564,179,0.03885414078831673
81,TX,0.37997864157577166,0.7744,0.7744,381,0.03885414078831673
82,CA,0.4419289566143855,0.7764,0.7764,436,0.038846857845783234
82,NY,0.17760871702706388,0.7606,0.7606,177,0.038846857845783234
82,TX,0.3804623263585506,0.7742,0.7742,387,0.038846857845783234
83,CA,0.44283717538770623,0.7744,0.7744,436,0.037880826741456985
83,NY,0.17639075667036805,0.7542,0.7542,185,0.037880826741456985
83,TX,0.38077206794192586,0.7718,0.7718,379,0.037880826741456985
84,CA,0.44397641643556146,0.7692,0.7692,445,0.03825857490301132
84,NY,0.17483131759407627,0.7488,0.7488,175,0.03825857490301132
84,TX,0.38119226597036227,0.7684,0.7684,380,0.03825857490301132
85,CA,0.4449500937672317,0.7702,0.7702,453,0.03884165734052658
85,NY,0.17319440002619976,0.758,0.758,162,0.03884165734052658
85,TX,0.38185550620656855,0.7744,0.7744,385,0.03884165734052658
86,CA,0.44507811559043,0.7738,0.7738,439,0.038356855511665344
86,NY,0.17205025395188403,0.746,0.746,167,0.038356855511665344
86,TX,0.382871630457686,0.7692,0.7692,394,0.038356855511665344
87,CA,0.4467262545494628,0.7714,0.7714,421,0.03713027760386467
87,NY,0.16998090741309707,0.749,0.749,170,0.03713027760386467
87,TX,0.3832928380374402,0.771,0.771,409,0.03713027760386467
88,CA,0.4477273828503848,0.768,0.768,433,0.038129422813653946
88,NY,0.16820755255036088,0.7538,0.7538,194,0.038129422813653946
88,TX,0.38406506459925427,0.766,0.766,373,0.038129422813653946
89,CA,0.44852820798974913,0.767,0.767,441,0.03759251534938812
89,NY,0.16715501137183678,0.7512,0.7512,150,0.03759251534938812
89,TX,0.3843167806384141,0.766,0.766,409,0.03759251534938812
90,CA,0.44929747187059355,0.7722,0.7722,444,0.03847087174654007
90,NY,0.16594448143735313,0.755,0.755,172,0.03847087174654007
90,TX,0.38475804669205327,0.7728,0.7728,384,0.03847087174654007
91,CA,0.4499635535772452,0.7762,0.7762,451,0.0382971465587616
91,NY,0.16457753980153741,0.7512,0.7512,180,0.0382971465587616
91,TX,0.3854589066212173,0.7718,0.7718,369,0.0382971465587616
92,CA,0.4514403439247866,0.7754,0.7754,486,0.037511903792619705
92,NY,0.16279365688268255,0.7546,0.7546,156,0.037511903792619705
92,TX,0.38576599919253085,0.7666,0.7666,358,0.037511903792619705
93,CA,0.45317115676694036,0.7678,0.7678,472,0.03774877265095711
93,NY,0.16150325533996612,0.7502,0.7502,151,0.03774877265095711
93,TX,0.38532558789309357,0.7662,0.7662,377,0.03774877265095711
94,CA,0.45405959565062204,0.7692,0.7692,462,0.03770330175757408
94,NY,0.16020882244928933,0.7478,0.7478,144,0.03770330175757408
94,TX,0.3857315819000887,0.7718,0.7718,394,0.03770330175757408
95,CA,0.45468296432099237,0.7668,0.7668,438,0.03796227276325226
95,NY,0.15848824535674969,0.7478,0.7478,178,0.03796227276325226
95,TX,0.38682879032225803,0.7722,0.7722,384,0.03796227276325226
96,CA,0.454920466687794,0.7668,0.7668,450,0.037308841943740845
96,NY,0.15686577338193244,0.7476,0.7476,164,0.037308841943740845
96,TX,0.38821375993027357,0.7604,0.7604,386,0.037308841943740845
97,CA,0.45634010876773184,0.7746,0.7746,428,0.03845268115401268
97,NY,0.15564529825967338,0.753,0.753,133,0.03845268115401268
97,TX,0.3880145929725948,0.7686,0.7686,439,0.03845268115401268
98,CA,0.4578080111042038,0.7706,0.7706,455,0.03821497783064842
98,NY,0.15424538945431102,0.7572,0.7572,168,0.03821497783064842
98,TX,0.3879465994414852,0.7714,0.7714,377,0.03821497783064842
99,CA,0.45826263241454235,0.7744,0.7744,452,0.038050465285778046
99,NY,0.15323006421422863,0.75,0.75,173,0.038050465285778046
99,TX,0.388507303371229,0.7662,0.7662,375,0.038050465285778046
100,CA,0.46005800292546134,0.773,0.773,456,0.037581104785203934
100,NY,0.15171504415141734,0.7496,0.7496,159,0.037581104785203934
100,TX,0.38822695292312126,0.7702,0.7702,385,0.037581104785203934
101,CA,0.4612644103327452,0.773,0.773,430,0.040024615824222565
101,NY,0.15010530439177794,0.755,0.755,168,0.040024615824222565
101,TX,0.38863028527547683,0.7716,0.7716,402,0.040024615824222565
102,CA,0.46211043416054015,0.7698,0.7698,450,0.038063548505306244
102,NY,0.14885391185141505,0.7514,0.7514,150,0.038063548505306244
102,TX,0.38903565398804485,0.7702,0.7702,400,0.038063548505306244
103,CA,0.4627859420525727,0.7742,0.7742,448,0.037994205951690674
103,NY,0.1475216598392819,0.7566,0.7566,149,0.037994205951690674
103,TX,0.38969239810814543,0.7708,0.7708,403,0.037994205951690674
104,CA,0.4638110568653168,0.777,0.777,481,0.03785713016986847
104,NY,0.14638178319082126,0.7544,0.7544,131,0.03785713016986847
104,TX,0.38980715994386195,0.7678,0.7678,388,0.03785713016986847
105,CA,0.46561757291368105,0.7676,0.7676,469,0.03776783123612404
105,NY,0.14508298730276534,0.7558,0.7558,127,0.03776783123612404
105,TX,0.3892994397835537,0.764,0.764,404,0.03776783123612404
106,CA,0.46643916059102886,0.7714,0.7714,449,0.03795667365193367
106,NY,0.1443687457693975,0.7572,0.7572,138,0.03795667365193367
106,TX,0.3891920936395737,0.7718,0.7718,413,0.03795667365193367
107,CA,0.46693851101180534,0.7656,0.7656,492,0.03797852247953415
107,NY,0.1433647648464982,0.747,0.747,161,0.03797852247953415
107,TX,0.3896967241416966,0.76,0.76,347,0.03797852247953415
108,CA,0.4682244007225276,0.7746,0.7746,481,0.03797166049480438
108,NY,0.14224511473280904,0.7542,0.7542,146,0.03797166049480438
108,TX,0.3895304845446633,0.7724,0.7724,373,0.03797166049480438
109,CA,0.46921824849611293,0.7714,0.7714,460,0.03771059215068817
109,NY,0.14090838617918017,0.7558,0.7558,137,0.03771059215068817
109,TX,0.38987336532470684,0.7636,0.7636,403,0.03771059215068817
110,CA,0.4706101490987871,0.7754,0.7754,460,0.037477053701877594
110,NY,0.14008177629260618,0.7486,0.7486,143,0.037477053701877594
110,TX,0.38930807460860667,0.766,0.766,397,0.037477053701877594
111,CA,0.47258355610872665,0.7698,0.7698,455,0.037815410643815994
111,NY,0.1385457524723214,0.7438,0.7438,148,0.037815410643815994
111,TX,0.38887069141895186,0.7648,0.7648,397,0.037815410643815994
112,CA,0.474069286526192,0.7698,0.7698,449,0.037823501974344254
112,NY,0.1369395549180217,0.7516,0.7516,154,0.037823501974344254
112,TX,0.38899115855578625,0.7666,0.7666,397,0.037823501974344254
113,CA,0.47507243926887827,0.7746,0.7746,486,0.03790394216775894
113,NY,0.13581810734946526,0.7554,0.7554,132,0.03790394216775894
113,TX,0.38910945338165653,0.7648,0.7648,382,0.03790394216775894
114,CA,0.4767976213582813,0.7722,0.7722,477,0.03767073154449463
114,NY,0.1348365199369209,0.756,0.756,133,0.03767073154449463
114,TX,0.38836585870479773,0.7738,0.7738,390,0.03767073154449463
115,CA,0.4772184973343315,0.7674,0.7674,495,0.03774078190326691
115,NY,0.13372188906929675,0.7496,0.7496,137,0.03774078190326691
115,TX,0.3890596135963718,0.7674,0.7674,368,0.03774078190326691
116,CA,0.4778620590561133,0.7744,0.7744,505,0.03839458152651787
116,NY,0.1325536538987688,0.748,0.748,107,0.03839458152651787
116,TX,0.3895842870451179,0.7738,0.7738,388,0.03839458152651787
117,CA,0.47886955456741304,0.7694,0.7694,503,0.0378626249730587
117,NY,0.1308567951358064,0.7442,0.7442,125,0.0378626249730587
117,TX,0.39027365029678057,0.7652,0.7652,372,0.0378626249730587
118,CA,0.48020936980272444,0.774,0.774,475,0.039073746651411057
118,NY,0.12935402358529874,0.7546,0.7546,126,0.039073746651411057
118,TX,0.3904366066119768,0.7734,0.7734,399,0.039073746651411057
119,CA,0.48095322877269714,0.7712,0.7712,462,0.03803795948624611
119,NY,0.12813762391679376,0.7528,0.7528,135,0.03803795948624611
119,TX,0.3909091473105091,0.773,0.773,403,0.03803795948624611
120,CA,0.4814028032770934,0.7704,0.7704,455,0.03825990483164787
120,NY,0.12692500752320895,0.7532,0.7532,142,0.03825990483164787
120,TX,0.3916721891996977,0.7654,0.7654,403,0.03825990483164787
121,CA,0.48253158241827676,0.7772,0.7772,470,0.038466766476631165
121,NY,0.12598660929052988,0.7602,0.7602,130,0.038466766476631165
121,TX,0.39148180829119333,0.7778,0.7778,400,0.038466766476631165
122,CA,0.4830498807175947,0.7728,0.7728,482,0.0382414385676384
122,NY,0.12491550132410509,0.7528,0.7528,121,0.0382414385676384
122,TX,0.39203461795830025,0.7656,0.7656,397,0.0382414385676384
123,CA,0.48450409244189124,0.773,0.773,480,0.041293978691101074
123,NY,0.12387806908939449,0.75,0.75,123,0.041293978691101074
123,TX,0.3916178384687142,0.7582,0.7582,397,0.041293978691101074
124,CA,0.48687810778832763,0.7742,0.7742,475,0.03846651688218117
124,NY,0.12287019225661602,0.7542,0.7542,116,0.03846651688218117
124,TX,0.3902516999550564,0.7744,0.7744,409,0.03846651688218117
125,CA,0.48753192968313086,0.7712,0.7712,493,0.037772905081510544
125,NY,0.12164825581130356,0.7502,0.7502,102,0.037772905081510544
125,TX,0.39081981450556563,0.764,0.764,405,0.037772905081510544
126,CA,0.4890141339628529,0.773,0.773,511,0.038107529282569885
126,NY,0.12057140177558508,0.7546,0.7546,110,0.038107529282569885
126,TX,0.39041446426156207,0.7708,0.7708,379,0.038107529282569885
127,CA,0.48986439975598234,0.7704,0.7704,484,0.03744983673095703
127,NY,0.11952759099015223,0.7536,0.7536,139,0.03744983673095703
127,TX,0.39060800925386546,0.7666,0.7666,377,0.03744983673095703
128,CA,0.49083263921020764,0.7726,0.7726,500,0.03819805756211281
128,NY,0.118627358030338,0.7608,0.7608,131,0.03819805756211281
128,TX,0.3905400027594543,0.7758,0.7758,369,0.03819805756211281
129,CA,0.4908741984198271,0.7736,0.7736,503,0.037710703909397125
129,NY,0.11784764638590658,0.7588,0.7588,121,0.037710703909397125
129,TX,0.3912781551942662,0.7672,0.7672,376,0.037710703909397125
130,CA,0.4920528184395134,0.7756,0.7756,509,0.03850654140114784
130,NY,0.11714485222711643,0.7554,0.7554,121,0.03850654140114784
130,TX,0.3908023293333703,0.7694,0.7694,370,0.03850654140114784
131,CA,0.49338361499995703,0.774,0.774,521,0.03816761448979378
131,NY,0.11612538463458152,0.7502,0.7502,121,0.03816761448979378
131,TX,0.39049100036546136,0.7658,0.7658,358,0.03816761448979378
132,CA,0.49504842052110126,0.7688,0.7688,503,0.03785698860883713
132,NY,0.11495402599002776,0.754,0.754,108,0.03785698860883713
132,TX,0.3899975534888711,0.761,0.761,389,0.03785698860883713
133,CA,0.49637953613783486,0.7772,0.7772,487,0.03815092146396637
133,NY,0.11429868532222985,0.7564,0.7564,124,0.03815092146396637
133,TX,0.3893217785399353,0.7698,0.7698,389,0.03815092146396637
134,CA,0.49785258642011054,0.7726,0.7726,496,0.03975745290517807
134,NY,0.11329617759373638,0.7464,0.7464,110,0.03975745290517807
134,TX,0.3888512359861532,0.765,0.765,394,0.03975745290517807
135,CA,0.49952187582147456,0.772,0.772,504,0.03737986460328102
135,NY,0.11199586286723627,0.7552,0.7552,106,0.03737986460328102
135,TX,0.38848226131128916,0.7688,0.7688,390,0.03737986460328102
136,CA,0.5004042686396359,0.7758,0.7758,511,0.036914609372615814
136,NY,0.11113001328327132,0.7538,0.7538,104,0.036914609372615814
136,TX,0.3884657180770928,0.774,0.774,385,0.036914609372615814
137,CA,0.5012918184182404,0.7762,0.7762,542,0.03819435462355614
137,NY,0.10994791326427183,0.7572,0.7572,111,0.03819435462355614
137,TX,0.38876026831748767,0.77,0.77,347,0.03819435462355614
138,CA,0.5025648744981985,0.7714,0.7714,496,0.037145938724279404
138,NY,0.10904803266535441,0.752,0.752,91,0.037145938724279404
138,TX,0.38838709283644707,0.7618,0.7618,413,0.037145938724279404
139,CA,0.504228380663781,0.7766,0.7766,506,0.0372888557612896
139,NY,0.10821076103827627,0.7572,0.7572,110,0.0372888557612896
139,TX,0.3875608582979427,0.777,0.777,384,0.0372888557612896
140,CA,0.5047807995249941,0.7768,0.7768,502,0.03834700584411621
140,NY,0.10714638647050179,0.7518,0.7518,102,0.03834700584411621
140,TX,0.3880728140045041,0.7664,0.7664,396,0.03834700584411621
141,CA,0.5066956278906396,0.7736,0.7736,522,0.038134075701236725
141,NY,0.10603954002106324,0.752,0.752,88,0.038134075701236725
141,TX,0.3872648320882972,0.771,0.771,390,0.038134075701236725
142,CA,0.5076393925549748,0.7724,0.7724,537,0.03782479837536812
142,NY,0.10494322727430205,0.753,0.753,76,0.03782479837536812
142,TX,0.38741738017072314,0.7728,0.7728,387,0.03782479837536812
143,CA,0.508178689205825,0.7734,0.7734,494,0.038597363978624344
143,NY,0.10390482695226057,0.7584,0.7584,104,0.038597363978624344
143,TX,0.38791648384191435,0.766,0.766,402,0.038597363978624344
144,CA,0.5094510684963561,0.7706,0.7706,510,0.037876635789871216
144,NY,0.10328392249410186,0.7492,0.7492,99,0.037876635789871216
144,TX,0.38726500900954197,0.7686,0.7686,391,0.037876635789871216
145,CA,0.5103113307244664,0.7712,0.7712,502,0.21296213939785957
145,NY,0.10220790013334351,0.757,0.757,94,0.21296213939785957
145,TX,0.38748076914219004,0.7724,0.7724,404,0.21296213939785957
146,CA,0.5105956797227679,0.775,0.775,507,0.038232315331697464
146,NY,0.1014449770493383,0.758,0.758,97,0.038232315331697464
146,TX,0.3879593432278938,0.7726,0.7726,396,0.038232315331697464
147,CA,0.5113607523381222,0.7764,0.7764,527,0.037818942219018936
147,NY,0.10062393990576562,0.7598,0.7598,90,0.037818942219018936
147,TX,0.3880153077561122,0.7678,0.7678,383,0.037818942219018936
148,CA,0.5128062427025752,0.7706,0.7706,498,0.037677984684705734
148,NY,0.0999654161109837,0.7524,0.7524,103,0.037677984684705734
148,TX,0.3872283411864411,0.7712,0.7712,399,0.037677984684705734
149,CA,0.5132662962673329,0.7694,0.7694,517,0.037689633667469025
149,NY,0.09902663152676892,0.752,0.752,106,0.037689633667469025
149,TX,0.38770707220589806,0.764,0.764,377,0.037689633667469025
150,CA,0.5143758298687086,0.7752,0.7752,529,0.03895892947912216
150,NY,0.09826478117725304,0.7588,0.7588,85,0.03895892947912216
150,TX,0.3873593889540383,0.7752,0.7752,386,0.03895892947912216
151,CA,0.5148432091311512,0.7726,0.7726,538,0.03763362392783165
151,NY,0.09744543408312631,0.7582,0.7582,78,0.03763362392783165
151,TX,0.3877113567857224,0.7712,0.7712,384,0.03763362392783165
152,CA,0.5154090396754157,0.7716,0.7716,480,0.03805460035800934
152,NY,0.0967600463936466,0.7544,0.7544,115,0.03805460035800934
152,TX,0.3878309139309377,0.7688,0.7688,405,0.03805460035800934
153,CA,0.5162103952280354,0.7716,0.7716,516,0.03823581710457802
153,NY,0.09596960993030779,0.7462,0.7462,99,0.03823581710457802
153,TX,0.38781999484165675,0.7706,0.7706,385,0.03823581710457802
154,CA,0.5170349919366131,0.7678,0.7678,548,0.03759713098406792
154,NY,0.09474476703606094,0.743,0.743,92,0.03759713098406792
154,TX,0.38822024102732594,0.77,0.77,360,0.03759713098406792
155,CA,0.5174727817819313,0.7702,0.7702,515,0.037896305322647095
155,NY,0.09349471563687081,0.7514,0.7514,82,0.037896305322647095
155,TX,0.38903250258119776,0.7694,0.7694,403,0.037896305322647095
156,CA,0.5180782873624526,0.7756,0.7756,507,0.03897015377879143
156,NY,0.09261001485412004,0.7538,0.7538,93,0.03897015377879143
156,TX,0.3893116977834273,0.765,0.765,400,0.03897015377879143
157,CA,0.5198776573428823,0.77,0.77,496,0.03702119365334511
157,NY,0.09179069224057985,0.7542,0.7542,96,0.03702119365334511
157,TX,0.3883316504165377,0.7688,0.7688,408,0.03702119365334511
158,CA,0.5204411130367889,0.7696,0.7696,518,0.037777870893478394
158,NY,0.09106991456417997,0.7434,0.7434,83,0.037777870893478394
158,TX,0.388488972399031,0.7658,0.7658,399,0.037777870893478394
159,CA,0.5215795009300437,0.7684,0.7684,546,0.036949917674064636
159,NY,0.08991782196139761,0.7522,0.7522,71,0.036949917674064636
159,TX,0.3885026771085586,0.7696,0.7696,383,0.036949917674064636
160,CA,0.5218717967974063,0.7724,0.7724,527,0.037723708897829056
160,NY,0.08914402947680268,0.7588,0.7588,93,0.037723708897829056
160,TX,0.388984173725791,0.7688,0.7688,380,0.037723708897829056
161,CA,0.52264222576251,0.774,0.774,515,0.03746844455599785
161,NY,0.08859060024082743,0.7518,0.7518,82,0.03746844455599785
161,TX,0.3887671739966626,0.7768,0.7768,403,0.03746844455599785
162,CA,0.5229010715901665,0.7752,0.7752,496,0.03804037347435951
162,NY,0.08752529594091629,0.754,0.754,83,0.03804037347435951
162,TX,0.38957363246891724,0.7746,0.7746,421,0.03804037347435951
163,CA,0.5235172130278708,0.7704,0.7704,473,0.03838062658905983
163,NY,0.08658194177497608,0.751,0.751,101,0.03838062658905983
163,TX,0.3899008451971532,0.7672,0.7672,426,0.03838062658905983
164,CA,0.5243842871784609,0.7776,0.7776,518,0.03745439648628235
164,NY,0.08577500872061843,0.758,0.758,86,0.03745439648628235
164,TX,0.3898407041009208,0.7674,0.7674,396,0.03745439648628235
165,CA,0.5260585731578807,0.7694,0.7694,531,0.03773517906665802
165,NY,0.08510009263414166,0.7472,0.7472,80,0.03773517906665802
165,TX,0.38884133420797745,0.775,0.775,389,0.03773517906665802
166,CA,0.525972876078195,0.7722,0.7722,481,0.03751976415514946
166,NY,0.08401868438622938,0.7496,0.7496,100,0.03751976415514946
166,TX,0.3900084395355756,0.7656,0.7656,419,0.03751976415514946
167,CA,0.527303744660731,0.7748,0.7748,538,0.03935019299387932
167,NY,0.08315711648592966,0.748,0.748,91,0.03935019299387932
167,TX,0.3895391388533393,0.7712,0.7712,371,0.03935019299387932
168,CA,0.5283847337332054,0.772,0.772,560,0.037591006606817245
168,NY,0.08206932011966699,0.7514,0.7514,84,0.037591006606817245
168,TX,0.3895459461471277,0.775,0.775,356,0.037591006606817245
169,CA,0.5285404295014109,0.7694,0.7694,508,0.03766168653964996
169,NY,0.08113914282810902,0.7514,0.7514,83,0.03766168653964996
169,TX,0.39032042767048,0.773,0.773,409,0.03766168653964996
170,CA,0.5285569640176623,0.7722,0.7722,548,0.037501782178878784
170,NY,0.08031623168045843,0.7504,0.7504,77,0.037501782178878784
170,TX,0.3911268043018793,0.7634,0.7634,375,0.037501782178878784
171,CA,0.530110265984923,0.773,0.773,538,0.037093617022037506
171,NY,0.07956138079544134,0.7572,0.7572,70,0.037093617022037506
171,TX,0.3903283532196358,0.7686,0.7686,392,0.037093617022037506
172,CA,0.531001112316373,0.7758,0.7758,554,0.03854064270853996
172,NY,0.07898488438986741,0.7546,0.7546,86,0.03854064270853996
172,TX,0.3900140032937594,0.769,0.769,360,0.03854064270853996
173,CA,0.5322980078743013,0.775,0.775,553,0.03792416676878929
173,NY,0.0782325470858149,0.7528,0.7528,77,0.03792416676878929
173,TX,0.3894694450398838,0.765,0.765,370,0.03792416676878929
174,CA,0.5339921791378828,0.7764,0.7764,534,0.03832418471574783
174,NY,0.07749996973450399,0.7528,0.7528,93,0.03832418471574783
174,TX,0.3885078511276132,0.77,0.77,373,0.03832418471574783
175,CA,0.5352925777556873,0.7658,0.7658,517,0.03836970403790474
175,NY,0.07665658329611655,0.7454,0.7454,63,0.03836970403790474
175,TX,0.38805083894819614,0.7718,0.7718,420,0.03836970403790474
176,CA,0.535060920819709,0.7716,0.7716,541,0.0383104644715786
176,NY,0.07573819108899456,0.7528,0.7528,76,0.0383104644715786
176,TX,0.3892008880912965,0.7732,0.7732,383,0.0383104644715786
177,CA,0.5353029966345159,0.7682,0.7682,558,0.03800024837255478
177,NY,0.07496836912529413,0.7536,0.7536,64,0.03800024837255478
177,TX,0.3897286342401901,0.77,0.77,378,0.03800024837255478
178,CA,0.5354220075590043,0.7752,0.7752,546,0.03725066035985947
178,NY,0.07436588614016572,0.7538,0.7538,63,0.03725066035985947
178,TX,0.39021210630083,0.767,0.767,391,0.03725066035985947
179,CA,0.5368709934688214,0.7684,0.7684,538,0.038174375891685486
179,NY,0.07366823348721738,0.7564,0.7564,78,0.038174375891685486
179,TX,0.3894607730439612,0.7668,0.7668,384,0.038174375891685486
180,CA,0.5373289433453993,0.7792,0.7792,553,0.03741889446973801
180,NY,0.07323074839493994,0.754,0.754,73,0.03741889446973801
180,TX,0.3894403082596607,0.7702,0.7702,374,0.03741889446973801
181,CA,0.5389496628947159,0.7736,0.7736,547,0.037786368280649185
181,NY,0.07241128620214804,0.7558,0.7558,72,0.037786368280649185
181,TX,0.388639050903136,0.7678,0.7678,381,0.037786368280649185
182,CA,0.5400284493105313,0.7702,0.7702,555,0.038132909685373306
182,NY,0.07182804750416265,0.7446,0.7446,72,0.038132909685373306
182,TX,0.38814350318530605,0.7708,0.7708,373,0.038132909685373306
183,CA,0.5405188038393598,0.7688,0.7688,527,0.038366690278053284
183,NY,0.0708535737623039,0.7486,0.7486,62,0.038366690278053284
183,TX,0.38862762239833626,0.7696,0.7696,411,0.038366690278053284
184,CA,0.5408613799860446,0.7748,0.7748,564,0.03805284947156906
184,NY,0.07008880731660305,0.7558,0.7558,59,0.03805284947156906
184,TX,0.3890498126973524,0.7658,0.7658,377,0.03805284947156906
185,CA,0.5423382756679668,0.7786,0.7786,555,0.037881553173065186
185,NY,0.06952781454014033,0.7572,0.7572,75,0.037881553173065186
185,TX,0.38813390979189294,0.7738,0.7738,370,0.037881553173065186
186,CA,0.5433619866360171,0.7744,0.7744,529,0.03829185292124748
186,NY,0.06882092114565949,0.754,0.754,73,0.03829185292124748
186,TX,0.3878170922183234,0.769,0.769,398,0.03829185292124748
187,CA,0.544435319233255,0.7726,0.7726,561,0.03699154779314995
187,NY,0.0681640805271359,0.7538,0.7538,74,0.03699154779314995
187,TX,0.3874006002396089,0.7714,0.7714,365,0.03699154779314995
188,CA,0.5449722258437772,0.7744,0.7744,509,0.03765847161412239
188,NY,0.06750764834260435,0.7498,0.7498,73,0.03765847161412239
188,TX,0.3875201258136185,0.7644,0.7644,418,0.03765847161412239
189,CA,0.5466777870309197,0.7674,0.7674,550,0.03736233711242676
189,NY,0.0667800778830392,0.7434,0.7434,67,0.03736233711242676
189,TX,0.386542135086041,0.7666,0.7666,383,0.03736233711242676
190,CA,0.5472698180260777,0.7678,0.7678,544,0.03819959983229637
190,NY,0.06594459143978959,0.7478,0.7478,69,0.03819959983229637
190,TX,0.38678559053413286,0.7638,0.7638,387,0.03819959983229637
191,CA,0.5481585164366207,0.7732,0.7732,560,0.037450503557920456
191,NY,0.06530440183671606,0.7556,0.7556,65,0.037450503557920456
191,TX,0.38653708172666323,0.77,0.77,375,0.037450503557920456
192,CA,0.5488971924293076,0.7678,0.7678,534,0.03723529353737831
192,NY,0.06474334726423474,0.7452,0.7452,73,0.03723529353737831
192,TX,0.3863594603064578,0.7664,0.7664,393,0.03723529353737831
193,CA,0.5495201672889105,0.7686,0.7686,537,0.03703296184539795
193,NY,0.06398819355659098,0.7476,0.7476,74,0.03703296184539795
193,TX,0.3864916391544985,0.7684,0.7684,389,0.03703296184539795
194,CA,0.5499620556724252,0.7756,0.7756,585,0.03773543983697891
194,NY,0.0632792548170273,0.754,0.754,59,0.03773543983697891
194,TX,0.3867586895105476,0.768,0.768,356,0.03773543983697891
195,CA,0.5512990701591504,0.7724,0.7724,559,0.03760388866066933
195,NY,0.06266143585002924,0.7526,0.7526,64,0.03760388866066933
195,TX,0.38603949399082044,0.7636,0.7636,377,0.03760388866066933
196,CA,0.5527454406809561,0.7782,0.7782,535,0.037377044558525085
196,NY,0.06212398658755385,0.7586,0.7586,64,0.037377044558525085
196,TX,0.38513057273149,0.7732,0.7732,401,0.037377044558525085
197,CA,0.5537242462204122,0.7764,0.7764,565,0.03814282640814781
197,NY,0.061548029292023916,0.7546,0.7546,46,0.03814282640814781
197,TX,0.38472772448756387,0.7714,0.7714,389,0.03814282640814781
198,CA,0.5547439788448483,0.7708,0.7708,559,0.03739917650818825
198,NY,0.060904666415326505,0.7532,0.7532,61,0.03739917650818825
198,TX,0.38435135473982524,0.7604,0.7604,380,0.03739917650818825
199,CA,0.5563365743565069,0.769,0.769,555,0.03825543820858002
199,NY,0.060472445585254025,0.7376,0.7376,49,0.03825543820858002
199,TX,0.3831909800582391,0.7668,0.7668,396,0.03825543820858002
200,CA,0.5572002047341786,0.7734,0.7734,538,0.0386141799390316
200,NY,0.05949125938542489,0.754,0.754,65,0.0386141799390316
200,TX,0.3833085358803965,0.7704,0.7704,397,0.0386141799390316
201,CA,0.5579250782236291,0.7704,0.7704,555,0.03818865492939949
201,NY,0.05891700521243775,0.7596,0.7596,51,0.03818865492939949
201,TX,0.3831579165639331,0.7758,0.7758,394,0.03818865492939949
202,CA,0.5574739257938751,0.7772,0.7772,583,0.03726862743496895
202,NY,0.05851024168328835,0.7542,0.7542,59,0.03726862743496895
202,TX,0.3840158325228365,0.7668,0.7668,358,0.03726862743496895
203,CA,0.5591538730290477,0.7702,0.7702,570,0.038023706525564194
203,NY,0.05792705801240666,0.75,0.75,65,0.038023706525564194
203,TX,0.38291906895854555,0.77,0.77,365,0.038023706525564194
204,CA,0.559547949540152,0.772,0.772,567,0.037845171988010406
204,NY,0.05730640380211025,0.7516,0.7516,60,0.037845171988010406
204,TX,0.3831456466577378,0.767,0.767,373,0.037845171988010406
205,CA,0.5605237349657916,0.7722,0.7722,562,0.03728264570236206
205,NY,0.05674545376781952,0.7484,0.7484,64,0.03728264570236206
205,TX,0.38273081126638897,0.7624,0.7624,374,0.03728264570236206
206,CA,0.5621418685976372,0.7712,0.7712,566,0.03786151856184006
206,NY,0.05614499720825109,0.7506,0.7506,50,0.03786151856184006
206,TX,0.3817131341941118,0.7658,0.7658,384,0.03786151856184006
207,CA,0.5631650018793073,0.771,0.771,577,0.03734328970313072
207,NY,0.05559299987178161,0.7484,0.7484,70,0.03734328970313072
207,TX,0.38124199824891114,0.7702,0.7702,353,0.03734328970313072
208,CA,0.563661952289831,0.7758,0.7758,577,0.03734564408659935
208,NY,0.054931999744381996,0.7596,0.7596,49,0.03734564408659935
208,TX,0.3814060479657871,0.7676,0.7676,374,0.03734564408659935
209,CA,0.5649400274551116,0.7706,0.7706,538,0.037731532007455826
209,NY,0.05455429366850336,0.7488,0.7488,50,0.037731532007455826
209,TX,0.380505678876385,0.7698,0.7698,412,0.037731532007455826
210,CA,0.5654170164387772,0.7674,0.7674,556,0.03792273998260498
210,NY,0.053928103770906836,0.7482,0.7482,45,0.03792273998260498
210,TX,0.38065487979031615,0.7708,0.7708,399,0.03792273998260498
211,CA,0.565334232430594,0.7744,0.7744,565,0.03799934685230255
211,NY,0.053334450426189485,0.753,0.753,55,0.03799934685230255
211,TX,0.38133131714321644,0.7652,0.7652,380,0.03799934685230255
212,CA,0.5668195159392005,0.7722,0.7722,589,0.037603478878736496
212,NY,0.052829648678203465,0.7506,0.7506,40,0.037603478878736496
212,TX,0.38035083538259606,0.7714,0.7714,371,0.037603478878736496
213,CA,0.5672821896156458,0.7678,0.7678,567,0.03758025914430618
213,NY,0.05222834549319077,0.752,0.752,43,0.03758025914430618
213,TX,0.3804894648911634,0.7614,0.7614,390,0.03758025914430618
214,CA,0.5683303570797884,0.762,0.762,591,0.037844497710466385
214,NY,0.05185718598502978,0.7468,0.7468,51,0.037844497710466385
214,TX,0.3798124569351818,0.757,0.757,358,0.037844497710466385
215,CA,0.5691984627536825,0.774,0.774,560,0.037660662084817886
215,NY,0.05148836363291112,0.7528,0.7528,57,0.037660662084817886
215,TX,0.3793131736134064,0.7692,0.7692,383,0.037660662084817886
216,CA,0.5701344140938575,0.7708,0.7708,585,0.03761471062898636
216,NY,0.050956709575312606,0.75,0.75,44,0.03761471062898636
216,TX,0.37890887633082987,0.768,0.768,371,0.03761471062898636
217,CA,0.5708180691156907,0.7718,0.7718,584,0.038019370287656784
217,NY,0.05041855187533771,0.7506,0.7506,39,0.038019370287656784
217,TX,0.37876337900897156,0.7696,0.7696,377,0.038019370287656784
218,CA,0.5714315413294799,0.7672,0.7672,572,0.03865507245063782
218,NY,0.049868819858324843,0.7456,0.7456,50,0.03865507245063782
218,TX,0.37869963881219515,0.7686,0.7686,378,0.03865507245063782
219,CA,0.5716084666399649,0.7728,0.7728,604,0.03820924460887909
219,NY,0.04927453852275597,0.7476,0.7476,47,0.03820924460887909
219,TX,0.3791169948372791,0.7708,0.7708,349,0.03820924460887909
220,CA,0.5722540447240815,0.7704,0.7704,585,0.03727583587169647
220,NY,0.04862897063796361,0.7466,0.7466,41,0.03727583587169647
220,TX,0.3791169846379549,0.766,0.766,374,0.03727583587169647
221,CA,0.5731687981144218,0.7706,0.7706,553,0.03844146430492401
221,NY,0.048051926161336286,0.7512,0.7512,49,0.03844146430492401
221,TX,0.378779275724242,0.7662,0.7662,398,0.03844146430492401
222,CA,0.574011315552012,0.7806,0.7806,574,0.03809675946831703
222,NY,0.04759529281754101,0.756,0.756,46,0.03809675946831703
222,TX,0.378393391630447,0.775,0.775,380,0.03809675946831703
223,CA,0.5750738253870096,0.773,0.773,566,0.03788265958428383
223,NY,0.047024619791748656,0.7544,0.7544,44,0.03788265958428383
223,TX,0.37790155482124177,0.7638,0.7638,390,0.03788265958428383
224,CA,0.5764886619499969,0.766,0.766,578,0.03755304962396622
224,NY,0.04664577844038142,0.741,0.741,41,0.03755304962396622
224,TX,0.3768655596096216,0.7702,0.7702,381,0.03755304962396622
225,CA,0.5763526704965152,0.7754,0.7754,572,0.037321314215660095
225,NY,0.045974599698679536,0.7526,0.7526,54,0.037321314215660095
225,TX,0.3776727298048054,0.7776,0.7776,374,0.037321314215660095
226,CA,0.5764232350599877,0.767,0.767,559,0.03741036355495453
226,NY,0.045389742299129975,0.7578,0.7578,51,0.03741036355495453
226,TX,0.37818702264088233,0.7688,0.7688,390,0.03741036355495453
227,CA,0.5763374038370993,0.7712,0.7712,562,0.03738515079021454
227,NY,0.045146694179494545,0.7552,0.7552,54,0.03738515079021454
227,TX,0.378515901983406,0.7734,0.7734,384,0.03738515079021454
228,CA,0.576301486550573,0.7696,0.7696,585,0.0383300743997097
228,NY,0.04473607684241131,0.7546,0.7546,44,0.0383300743997097
228,TX,0.3789624366070158,0.7718,0.7718,371,0.0383300743997097
229,CA,0.5762485130407916,0.7748,0.7748,590,0.21612010896205902
229,NY,0.04435279457688933,0.749,0.749,52,0.21612010896205902
229,TX,0.37939869238231905,0.7702,0.7702,358,0.21612010896205902
230,CA,0.5771882280581657,0.7772,0.7772,559,0.037990450859069824
230,NY,0.04377932141310642,0.7532,0.7532,37,0.037990450859069824
230,TX,0.37903245052872775,0.7756,0.7756,404,0.037990450859069824
231,CA,0.5777269313214971,0.7768,0.7768,552,0.03825050964951515
231,NY,0.04322841690080302,0.7592,0.7592,44,0.03825050964951515
231,TX,0.3790446517776999,0.7734,0.7734,404,0.03825050964951515
232,CA,0.5783941197309235,0.7752,0.7752,579,0.03829679638147354
232,NY,0.042849647933653055,0.7508,0.7508,40,0.03829679638147354
232,TX,0.37875623233542344,0.7642,0.7642,381,0.03829679638147354
233,CA,0.5800972403833263,0.773,0.773,600,0.038105398416519165
233,NY,0.042385121957323704,0.7526,0.7526,39,0.038105398416519165
233,TX,0.37751763765935,0.766,0.766,361,0.038105398416519165
234,CA,0.5812470407741905,0.7716,0.7716,576,0.040028735995292664
234,NY,0.04198048621549082,0.7526,0.7526,41,0.040028735995292664
234,TX,0.37677247301031874,0.7678,0.7678,383,0.040028735995292664
235,CA,0.5819793981284446,0.7688,0.7688,579,0.03873747959733009
235,NY,0.04158258234353129,0.7472,0.7472,44,0.03873747959733009
235,TX,0.3764380195280241,0.7706,0.7706,377,0.03873747959733009
236,CA,0.5820519885616955,0.768,0.768,558,0.03852543234825134
236,NY,0.041079912883372954,0.7474,0.7474,55,0.03852543234825134
236,TX,0.37686809855493164,0.7632,0.7632,387,0.03852543234825134
237,CA,0.5829274391047411,0.7722,0.7722,607,0.03763771429657936
237,NY,0.04066233423873152,0.7574,0.7574,37,0.03763771429657936
237,TX,0.3764102266565273,0.771,0.771,356,0.03763771429657936
238,CA,0.5832741699002969,0.7708,0.7708,589,0.037826091051101685
238,NY,0.04034673923478328,0.7498,0.7498,43,0.037826091051101685
238,TX,0.37637909086491994,0.7716,0.7716,368,0.037826091051101685
239,CA,0.5834541280860638,0.7732,0.7732,614,0.037498753517866135
239,NY,0.03988056596498812,0.7462,0.7462,29,0.037498753517866135
239,TX,0.37666530594894826,0.763,0.763,357,0.037498753517866135
240,CA,0.5850771004856278,0.7702,0.7702,590,0.03818072751164436
240,NY,0.03938256130753619,0.7468,0.7468,38,0.03818072751164436
240,TX,0.3755403382068359,0.7656,0.7656,372,0.03818072751164436
241,CA,0.5859539584698129,0.7684,0.7684,548,0.03796141967177391
241,NY,0.03892021194926568,0.7526,0.7526,55,0.03796141967177391
241,TX,0.3751258295809215,0.772,0.772,397,0.03796141967177391
242,CA,0.5857103495861562,0.7776,0.7776,611,0.03787008672952652
242,NY,0.03855643784009884,0.754,0.754,43,0.03787008672952652
242,TX,0.375733212573745,0.775,0.775,346,0.03787008672952652
243,CA,0.5863327140173988,0.7744,0.7744,558,0.037467822432518005
243,NY,0.038084975338159334,0.755,0.755,47,0.037467822432518005
243,TX,0.37558231064444175,0.7712,0.7712,395,0.037467822432518005
244,CA,0.5869747050026152,0.7612,0.7612,592,0.038425687700510025
244,NY,0.03770982621028629,0.7428,0.7428,49,0.038425687700510025
244,TX,0.37531546878709865,0.759,0.759,359,0.038425687700510025
245,CA,0.5874815812667904,0.7768,0.7768,588,0.03839818388223648
245,NY,0.03734807947648259,0.7526,0.7526,35,0.03839818388223648
245,TX,0.3751703392567271,0.7654,0.7654,377,0.03839818388223648
246,CA,0.589199560042667,0.775,0.775,589,0.0377468466758728
246,NY,0.03694712882530001,0.7574,0.7574,40,0.0377468466758728
246,TX,0.373853311132033,0.7732,0.7732,371,0.0377468466758728
247,CA,0.589639117045405,0.7716,0.7716,591,0.03827965632081032
247,NY,0.036608069968704283,0.7524,0.7524,34,0.03827965632081032
247,TX,0.37375281298589075,0.7694,0.7694,375,0.03827965632081032
248,CA,0.5901471616427543,0.77,0.77,600,0.03800671920180321
248,NY,0.036242524506425414,0.7458,0.7458,34,0.03800671920180321
248,TX,0.37361031385082044,0.765,0.765,366,0.03800671920180321
249,CA,0.5910638518079193,0.7694,0.7694,591,0.03745672106742859
249,NY,0.03580253195115231,0.7478,0.7478,35,0.03745672106742859
249,TX,0.37313361624092845,0.764,0.764,374,0.03745672106742859
250,CA,0.5919967322021247,0.7694,0.7694,624,0.03919950872659683
250,NY,0.03542128912279006,0.755,0.755,27,0.03919950872659683
250,TX,0.37258197867508525,0.7644,0.7644,349,0.03919950872659683
251,CA,0.5927917366300525,0.7708,0.7708,579,0.037384241819381714
251,NY,0.035180199047462266,0.756,0.756,36,0.037384241819381714
251,TX,0.37202806432248536,0.764,0.764,385,0.037384241819381714
252,CA,0.5938146678336486,0.7762,0.7762,592,0.037207137793302536
252,NY,0.034946369976075885,0.7562,0.7562,36,0.037207137793302536
252,TX,0.3712389621902756,0.7712,0.7712,372,0.037207137793302536
253,CA,0.5946701203910835,0.7748,0.7748,584,0.0379737988114357
253,NY,0.034602651139766315,0.7542,0.7542,40,0.0379737988114357
253,TX,0.3707272284691502,0.768,0.768,376,0.0379737988114357
254,CA,0.595755612012185,0.7736,0.7736,590,0.037146929651498795
254,NY,0.034263449624890724,0.7546,0.7546,29,0.037146929651498795
254,TX,0.3699809383629244,0.7718,0.7718,381,0.037146929651498795
255,CA,0.5961983138772612,0.7746,0.7746,593,0.03758930042386055
255,NY,0.03392158460921569,0.7464,0.7464,34,0.03758930042386055
255,TX,0.3698801015135232,0.7638,0.7638,373,0.03758930042386055
256,CA,0.5978664150061247,0.7732,0.7732,615,0.037092771381139755
256,NY,0.03347594082000104,0.7518,0.7518,35,0.037092771381139755
256,TX,0.36865764417387425,0.773,0.773,350,0.037092771381139755
257,CA,0.5981329358717643,0.7748,0.7748,632,0.03667505457997322
257,NY,0.033086676891040105,0.7514,0.7514,24,0.03667505457997322
257,TX,0.36878038723719553,0.774,0.774,344,0.03667505457997322
258,CA,0.5984935064754283,0.7722,0.7722,601,0.03807158023118973
258,NY,0.032670125378524956,0.7528,0.7528,30,0.03807158023118973
258,TX,0.36883636814604676,0.7624,0.7624,369,0.03807158023118973
259,CA,0.5999316894648444,0.7732,0.7732,590,0.03779198229312897
259,NY,0.032390137637891996,0.7568,0.7568,34,0.03779198229312897
259,TX,0.3676781728972637,0.766,0.766,376,0.03779198229312897
260,CA,0.6010090049195826,0.7804,0.7804,586,0.03807739540934563
260,NY,0.032148193225176085,0.7538,0.7538,40,0.03807739540934563
260,TX,0.36684280185524126,0.766,0.766,374,0.03807739540934563
261,CA,0.6030880661014301,0.7732,0.7732,610,0.03700842708349228
261,NY,0.031777432563558784,0.756,0.756,30,0.03700842708349228
261,TX,0.36513450133501113,0.7726,0.7726,360,0.03700842708349228
262,CA,0.6033485868427798,0.7758,0.7758,610,0.03770315274596214
262,NY,0.03148278618139152,0.7554,0.7554,35,0.03770315274596214
262,TX,0.3651686269758288,0.7716,0.7716,355,0.03770315274596214
263,CA,0.604088800434997,0.7742,0.7742,607,0.037942446768283844
263,NY,0.031159299561344184,0.7532,0.7532,40,0.037942446768283844
263,TX,0.36475190000365876,0.7696,0.7696,353,0.037942446768283844
264,CA,0.604883926537827,0.7642,0.7642,596,0.03857440873980522
264,NY,0.03083101578753361,0.7502,0.7502,31,0.03857440873980522
264,TX,0.36428505767463953,0.763,0.763,373,0.03857440873980522
265,CA,0.6051819470155764,0.7738,0.7738,581,0.03799391910433769
265,NY,0.030601422526743013,0.7496,0.7496,33,0.03799391910433769
265,TX,0.36421663045768077,0.77,0.77,386,0.03799391910433769
266,CA,0.6059076758962463,0.7744,0.7744,596,0.03807865455746651
266,NY,0.030220122815099202,0.7538,0.7538,24,0.03807865455746651
266,TX,0.36387220128865455,0.777,0.777,380,0.03807865455746651
267,CA,0.6057972185536814,0.7698,0.7698,620,0.04488270357251167
267,NY,0.029863835353416995,0.7516,0.7516,29,0.04488270357251167
267,TX,0.3643389460929015,0.7702,0.7702,351,0.04488270357251167
268,CA,0.6059334101933239,0.7712,0.7712,604,0.037828750908374786
268,NY,0.029563370949696816,0.7536,0.7536,27,0.037828750908374786
268,TX,0.36450321885697934,0.775,0.775,369,0.037828750908374786
269,CA,0.6056377046765504,0.7718,0.7718,610,0.038540489971637726
269,NY,0.029255322597680274,0.7576,0.7576,25,0.038540489971637726
269,TX,0.3651069727257693,0.7684,0.7684,365,0.038540489971637726
270,CA,0.60620455941211,0.7708,0.7708,602,0.03827066719532013
270,NY,0.029048019779713274,0.7524,0.7524,30,0.03827066719532013
270,TX,0.3647474208081767,0.7696,0.7696,368,0.03827066719532013
271,CA,0.6065375523882204,0.7686,0.7686,611,0.03722899779677391
271,NY,0.028761978594876253,0.7524,0.7524,24,0.03722899779677391
271,TX,0.3647004690169033,0.7646,0.7646,365,0.03722899779677391
272,CA,0.6071983589978334,0.7736,0.7736,600,0.03811264783143997
272,NY,0.02852957337435159,0.7542,0.7542,28,0.03811264783143997
272,TX,0.36427206762781494,0.7688,0.7688,372,0.03811264783143997
273,CA,0.6079874742391412,0.7722,0.7722,620,0.0378229096531868
273,NY,0.02825418254763489,0.7532,0.7532,34,0.0378229096531868
273,TX,0.36375834321322387,0.7642,0.7642,346,0.0378229096531868
274,CA,0.6091723030989159,0.7748,0.7748,584,0.03802308067679405
274,NY,0.028005736208454913,0.7542,0.7542,34,0.03802308067679405
274,TX,0.362821960692629,0.7698,0.7698,382,0.03802308067679405
275,CA,0.609994093124724,0.7744,0.7744,624,0.03736962750554085
275,NY,0.027718017247783524,0.7476,0.7476,34,0.03736962750554085
275,TX,0.36228788962749253,0.7718,0.7718,342,0.03736962750554085
276,CA,0.6105738324884207,0.773,0.773,612,0.03788214921951294
276,NY,0.0273253180807346,0.75,0.75,22,0.03788214921951294
276,TX,0.3621008494308448,0.7638,0.7638,366,0.03788214921951294
277,CA,0.6119405377002214,0.7752,0.7752,584,0.03751015290617943
277,NY,0.027031215523043817,0.7584,0.7584,31,0.03751015290617943
277,TX,0.3610282467767348,0.7722,0.7722,385,0.03751015290617943
278,CA,0.6124708981528794,0.7754,0.7754,605,0.03815985471010208
278,NY,0.026798605474064978,0.7538,0.7538,22,0.03815985471010208
278,TX,0.36073049637305565,0.7602,0.7602,373,0.03815985471010208
279,CA,0.6145692931231318,0.775,0.775,596,0.036583561450242996
279,NY,0.026563264363949072,0.7542,0.7542,33,0.036583561450242996
279,TX,0.3588674425129191,0.764,0.764,371,0.036583561450242996
280,CA,0.6161313362808561,0.7762,0.7762,612,0.03671632334589958
280,NY,0.026318712153390024,0.7538,0.7538,25,0.03671632334589958
280,TX,0.35754995156575387,0.7684,0.7684,363,0.03671632334589958
281,CA,0.6173054848072032,0.77,0.77,630,0.03824545443058014
281,NY,0.026036324311366862,0.75,0.75,15,0.03824545443058014
281,TX,0.35665819088142986,0.7704,0.7704,355,0.03824545443058014
282,CA,0.6174373663623578,0.7662,0.7662,605,0.03888315707445145
282,NY,0.025747628121935852,0.751,0.751,28,0.03888315707445145
282,TX,0.3568150055157064,0.7602,0.7602,367,0.03888315707445145
283,CA,0.6183238758720082,0.7818,0.7818,611,0.03719867020845413
283,NY,0.025562692827638987,0.76,0.76,23,0.03719867020845413
283,TX,0.3561134313003529,0.766,0.766,366,0.03719867020845413
284,CA,0.6204772847793016,0.767,0.767,632,0.03908426687121391
284,NY,0.025337874744275412,0.7442,0.7442,26,0.03908426687121391
284,TX,0.3541848404764229,0.7612,0.7612,342,0.03908426687121391
285,CA,0.621402874601308,0.7736,0.7736,644,0.038220927119255066
285,NY,0.02504824419750429,0.7558,0.7558,27,0.038220927119255066
285,TX,0.35354888120118766,0.7672,0.7672,329,0.038220927119255066
286,CA,0.6223533078931797,0.7784,0.7784,651,0.03754169121384621
286,NY,0.02483478459285108,0.7532,0.7532,23,0.03754169121384621
286,TX,0.35281190751396924,0.7722,0.7722,326,0.03754169121384621
287,CA,0.6233393752641547,0.7716,0.7716,626,0.03772009164094925
287,NY,0.02452166578083975,0.7554,0.7554,22,0.03772009164094925
287,TX,0.3521389589550056,0.7652,0.7652,352,0.03772009164094925
288,CA,0.6242735092776458,0.771,0.771,652,0.037248097360134125
288,NY,0.024333844932507547,0.7524,0.7524,18,0.037248097360134125
288,TX,0.35139264578984664,0.767,0.767,330,0.037248097360134125
289,CA,0.6249292015450286,0.7694,0.7694,605,0.03675459325313568
289,NY,0.02410356783161124,0.7566,0.7566,27,0.03675459325313568
289,TX,0.35096723062336016,0.7696,0.7696,368,0.03675459325313568
290,CA,0.6250133887439627,0.7764,0.7764,627,0.03778699040412903
290,NY,0.023932424053811335,0.7512,0.7512,22,0.03778699040412903
290,TX,0.3510541872022259,0.7688,0.7688,351,0.03778699040412903
291,CA,0.6261664278007228,0.7734,0.7734,637,0.0376431867480278
291,NY,0.023636443584901783,0.753,0.753,16,0.0376431867480278
291,TX,0.3501971286143754,0.7708,0.7708,347,0.0376431867480278
292,CA,0.6266585586553995,0.7764,0.7764,643,0.037940382957458496
292,NY,0.023382909037912007,0.75,0.75,35,0.037940382957458496
292,TX,0.3499585323066884,0.7672,0.7672,322,0.037940382957458496
293,CA,0.628015036947141,0.7774,0.7774,637,0.03789240121841431
293,NY,0.023085266440713646,0.7586,0.7586,22,0.03789240121841431
293,TX,0.3488996966121453,0.7746,0.7746,341,0.03789240121841431
294,CA,0.6285139591214078,0.7782,0.7782,613,0.03791265934705734
294,NY,0.0228592338034003,0.7596,0.7596,19,0.03791265934705734
294,TX,0.3486268070751918,0.7678,0.7678,368,0.03791265934705734
295,CA,0.6299490400504247,0.7716,0.7716,619,0.037996258586645126
295,NY,0.022671774211512803,0.7522,0.7522,23,0.037996258586645126
295,TX,0.3473791857380626,0.7646,0.7646,358,0.037996258586645126
296,CA,0.6309717466383028,0.7774,0.7774,644,0.03812498599290848
296,NY,0.02245990974597978,0.7542,0.7542,21,0.03812498599290848
296,TX,0.3465683436157175,0.7712,0.7712,335,0.03812498599290848
297,CA,0.6319209412527638,0.7714,0.7714,666,0.03797490522265434
297,NY,0.022200091898547724,0.756,0.756,17,0.03797490522265434
297,TX,0.3458789668486885,0.7688,0.7688,317,0.03797490522265434
298,CA,0.6323640197115594,0.77,0.77,630,0.03778018057346344
298,NY,0.022022521731462432,0.7552,0.7552,16,0.03778018057346344
298,TX,0.34561345855697817,0.776,0.776,354,0.03778018057346344
299,CA,0.6317402217743535,0.7748,0.7748,637,0.03739224746823311
299,NY,0.02181683605871,0.7526,0.7526,27,0.03739224746823311
299,TX,0.3464429421669365,0.7724,0.7724,336,0.03739224746823311
300,CA,0.6322089272606858,0.772,0.772,645,0.037539850920438766
300,NY,0.021559925263484915,0.7568,0.7568,20,0.037539850920438766
300,TX,0.34623114747582934,0.7644,0.7644,335,0.037539850920438766
301,CA,0.6332664205663594,0.7704,0.7704,622,0.039709560573101044
301,NY,0.021410740706366546,0.7488,0.7488,20,0.039709560573101044
301,TX,0.345322838727274,0.7664,0.7664,358,0.039709560573101044
302,CA,0.6339266163777626,0.7736,0.7736,606,0.038243308663368225
302,NY,0.021171565015261698,0.7532,0.7532,28,0.038243308663368225
302,TX,0.34490181860697566,0.7706,0.7706,366,0.038243308663368225
303,CA,0.634451249675843,0.7732,0.7732,614,0.03813694790005684
303,NY,0.020945368953312185,0.7592,0.7592,20,0.03813694790005684
303,TX,0.34460338137084495,0.7708,0.7708,366,0.03813694790005684
304,CA,0.6348523406203895,0.7736,0.7736,636,0.037992995232343674
304,NY,0.020793135159224953,0.7504,0.7504,19,0.037992995232343674
304,TX,0.3443545242203856,0.763,0.763,345,0.037992995232343674
305,CA,0.6363350265954995,0.7782,0.7782,644,0.03834810480475426
305,NY,0.020569072328232192,0.7598,0.7598,18,0.03834810480475426
305,TX,0.34309590107626836,0.7736,0.7736,338,0.03834810480475426
306,CA,0.6370360141456017,0.7768,0.7768,632,0.036619823426008224
306,NY,0.020378657433534814,0.7612,0.7612,22,0.036619823426008224
306,TX,0.34258532842086337,0.7686,0.7686,346,0.036619823426008224
307,CA,0.6381591522545393,0.7738,0.7738,641,0.21440066397190094
307,NY,0.020235349826064418,0.754,0.754,24,0.21440066397190094
307,TX,0.3416054979193961,0.771,0.771,335,0.21440066397190094
308,CA,0.6386477892176748,0.775,0.775,650,0.03814103454351425
308,NY,0.020024794425085993,0.7592,0.7592,17,0.03814103454351425
308,TX,0.34132741635723923,0.7704,0.7704,333,0.03814103454351425
309,CA,0.6393272762842253,0.7724,0.7724,640,0.037580493837594986
309,NY,0.019867661213022584,0.7466,0.7466,24,0.037580493837594986
309,TX,0.34080506250275205,0.7632,0.7632,336,0.037580493837594986
310,CA,0.6406458675445235,0.7722,0.7722,628,0.038138896226882935
310,NY,0.01961883685350556,0.7524,0.7524,26,0.038138896226882935
310,TX,0.3397352956019709,0.7676,0.7676,346,0.038138896226882935
311,CA,0.641352011717805,0.774,0.774,642,0.0379600003361702
311,NY,0.019421027365315945,0.755,0.755,25,0.0379600003361702
311,TX,0.33922696091687904,0.769,0.769,333,0.0379600003361702
312,CA,0.6420994873046104,0.7752,0.7752,612,0.03845822438597679
312,NY,0.019235415300176084,0.761,0.761,19,0.03845822438597679
312,TX,0.33866509739521344,0.7722,0.7722,369,0.03845822438597679
313,CA,0.64256611445501,0.773,0.773,627,0.03814837336540222
313,NY,0.01909541627646208,0.7556,0.7556,23,0.03814837336540222
313,TX,0.33833846926852795,0.7716,0.7716,350,0.03814837336540222
314,CA,0.6428583318555916,0.7698,0.7698,635,0.038524262607097626
314,NY,0.018916614980276098,0.7534,0.7534,15,0.038524262607097626
314,TX,0.33822505316413215,0.766,0.766,350,0.038524262607097626
315,CA,0.6434383962917297,0.7732,0.7732,642,0.03770685940980911
315,NY,0.018758233267395893,0.756,0.756,18,0.03770685940980911
315,TX,0.3378033704408744,0.7684,0.7684,340,0.03770685940980911
316,CA,0.6441446224010537,0.7726,0.7726,651,0.03853767365217209
316,NY,0.018596667808674295,0.751,0.751,18,0.03853767365217209
316,TX,0.3372587097902719,0.7706,0.7706,331,0.03853767365217209
317,CA,0.6445359419823325,0.777,0.777,668,0.03801038861274719
317,NY,0.01838121815414537,0.7554,0.7554,21,0.03801038861274719
317,TX,0.337082839863522,0.7708,0.7708,311,0.03801038861274719
318,CA,0.645439247437278,0.7718,0.7718,669,0.03857692331075668
318,NY,0.01818323641516901,0.7524,0.7524,15,0.03857692331075668
318,TX,0.33637751614755296,0.7702,0.7702,316,0.03857692331075668
319,CA,0.6457639731978494,0.7674,0.7674,638,0.0401100292801857
319,NY,0.017993190363165962,0.7538,0.7538,24,0.0401100292801857
319,TX,0.33624283643898467,0.761,0.761,338,0.0401100292801857
320,CA,0.6466408427459945,0.778,0.778,641,0.0380578450858593
320,NY,0.01787897879359962,0.7564,0.7564,24,0.0380578450858593
320,TX,0.3354801784604058,0.7678,0.7678,335,0.0380578450858593
321,CA,0.6480287774281019,0.773,0.773,690,0.03753650560975075
321,NY,0.017699685172542553,0.756,0.756,18,0.03753650560975075
321,TX,0.33427153739935556,0.7692,0.7692,292,0.03753650560975075
322,CA,0.6486035310599061,0.7706,0.7706,635,0.038522593677043915
322,NY,0.017545523632230754,0.7534,0.7534,10,0.038522593677043915
322,TX,0.3338509453078632,0.7676,0.7676,355,0.038522593677043915
323,CA,0.6490813187857642,0.7748,0.7748,648,0.03798754885792732
323,NY,0.017387881727229118,0.7572,0.7572,25,0.03798754885792732
323,TX,0.3335307994870067,0.7724,0.7724,327,0.03798754885792732
324,CA,0.6494862415602279,0.7734,0.7734,643,0.03790714591741562
324,NY,0.01722619256487267,0.7534,0.7534,11,0.03790714591741562
324,TX,0.3332875658748993,0.7706,0.7706,346,0.03790714591741562
325,CA,0.6499545317243758,0.7758,0.7758,632,0.03712848573923111
325,NY,0.017044199792609585,0.7584,0.7584,18,0.03712848573923111
325,TX,0.33300126848301465,0.7662,0.7662,350,0.03712848573923111
326,CA,0.6512356525828946,0.7696,0.7696,631,0.03781656175851822
326,NY,0.016910460412616138,0.751,0.751,16,0.03781656175851822
326,TX,0.33185388700448926,0.7634,0.7634,353,0.03781656175851822
327,CA,0.6521097614468417,0.7734,0.7734,649,0.03747789189219475
327,NY,0.016755176277620198,0.75,0.75,19,0.03747789189219475
327,TX,0.331135062275538,0.7646,0.7646,332,0.03747789189219475
328,CA,0.653327727191778,0.7724,0.7724,655,0.0381038673222065
328,NY,0.016564973088613193,0.7506,0.7506,19,0.0381038673222065
328,TX,0.3301072997196088,0.7686,0.7686,326,0.0381038673222065
329,CA,0.6539237719036103,0.7726,0.7726,654,0.037547025829553604
329,NY,0.016376155474846048,0.7486,0.7486,10,0.037547025829553604
329,TX,0.32970007262154377,0.7622,0.7622,336,0.037547025829553604
330,CA,0.655336745540868,0.7676,0.7676,642,0.03781892731785774
330,NY,0.016189337487110003,0.7542,0.7542,19,0.03781892731785774
330,TX,0.3284739169720221,0.7734,0.7734,339,0.03781892731785774
331,CA,0.6547114392250691,0.773,0.773,663,0.03843669220805168
331,NY,0.016051277363267318,0.7542,0.7542,20,0.03843669220805168
331,TX,0.3292372834116636,0.7688,0.7688,317,0.03843669220805168
332,CA,0.6553340844487677,0.774,0.774,655,0.03759361803531647
332,NY,0.015896180953662818,0.7596,0.7596,11,0.03759361803531647
332,TX,0.32876973459756936,0.7726,0.7726,334,0.03759361803531647
333,CA,0.6555887746396574,0.7692,0.7692,668,0.03780392184853554
333,NY,0.01577327546426101,0.7534,0.7534,13,0.03780392184853554
333,TX,0.3286379498960817,0.766,0.766,319,0.03780392184853554
334,CA,0.6560711713239354,0.7784,0.7784,659,0.03794035688042641
334,NY,0.015643913479360037,0.7552,0.7552,14,0.03794035688042641
334,TX,0.32828491519670455,0.7656,0.7656,327,0.03794035688042641
335,CA,0.6577595783606064,0.769,0.769,663,0.037308353930711746
335,NY,0.015479566429643677,0.7584,0.7584,10,0.037308353930711746
335,TX,0.32676085520974996,0.7726,0.7726,327,0.037308353930711746
336,CA,0.6573834109845987,0.767,0.767,664,0.03744007274508476
336,NY,0.015378011944618665,0.7494,0.7494,22,0.03744007274508476
336,TX,0.32723857707078263,0.7614,0.7614,314,0.03744007274508476
337,CA,0.6581668004596511,0.7706,0.7706,654,0.04223932325839996
337,NY,0.015242984138721627,0.7564,0.7564,14,0.04223932325839996
337,TX,0.3265902154016273,0.7674,0.7674,332,0.04223932325839996
338,CA,0.6586360736641711,0.7702,0.7702,677,0.038271211087703705
338,NY,0.015131518323005532,0.755,0.755,9,0.038271211087703705
338,TX,0.32623240801282327,0.7662,0.7662,314,0.038271211087703705
339,CA,0.6592076682728335,0.776,0.776,650,0.038132328540086746
339,NY,0.015014609090184775,0.7554,0.7554,18,0.038132328540086746
339,TX,0.3257777226369818,0.769,0.769,332,0.038132328540086746
340,CA,0.6601703218730548,0.7742,0.7742,638,0.03720323368906975
340,NY,0.014862124949759758,0.7566,0.7566,17,0.03720323368906975
340,TX,0.32496755317718545,0.7654,0.7654,345,0.03720323368906975
341,CA,0.6613337832154272,0.7724,0.7724,658,0.03761172294616699
341,NY,0.014740625872752627,0.7562,0.7562,13,0.03761172294616699
341,TX,0.3239255909118202,0.772,0.772,329,0.03761172294616699
342,CA,0.6614712607000504,0.7724,0.7724,650,0.03702988475561142
342,NY,0.01460893061711094,0.7548,0.7548,14,0.03702988475561142
342,TX,0.32391980868283865,0.7684,0.7684,336,0.03702988475561142
343,CA,0.6620512826235846,0.77,0.77,658,0.03824033588171005
343,NY,0.014476546251414283,0.7556,0.7556,14,0.03824033588171005
343,TX,0.323472171125001,0.7658,0.7658,328,0.03824033588171005
344,CA,0.6626379400957793,0.7748,0.7748,664,0.038839321583509445
344,NY,0.014371494566788533,0.7526,0.7526,13,0.038839321583509445
344,TX,0.3229905653374323,0.77,0.77,323,0.038839321583509445
345,CA,0.6633366344614317,0.7726,0.7726,653,0.03719697520136833
345,NY,0.014206693372344573,0.7552,0.7552,14,0.03719697520136833
345,TX,0.32245667216622376,0.7718,0.7718,333,0.03719697520136833
346,CA,0.6635257283646739,0.772,0.772,619,0.03826126456260681
346,NY,0.014071249274954933,0.7568,0.7568,15,0.03826126456260681
346,TX,0.3224030223603711,0.767,0.767,366,0.03826126456260681
347,CA,0.6642101414774524,0.7736,0.7736,669,0.03848922252655029
347,NY,0.01396493751643884,0.753,0.753,26,0.03848922252655029
347,TX,0.3218249210061088,0.7668,0.7668,305,0.03848922252655029
348,CA,0.6651387282360414,0.7702,0.7702,650,0.03765233978629112
348,NY,0.013822034296448203,0.7528,0.7528,8,0.03765233978629112
348,TX,0.3210392374675104,0.7646,0.7646,342,0.03765233978629112
349,CA,0.6659054950254577,0.7768,0.7768,679,0.038136787712574005
349,NY,0.013701949336247691,0.7508,0.7508,8,0.038136787712574005
349,TX,0.32039255563829466,0.771,0.771,313,0.038136787712574005
350,CA,0.6667364868585463,0.7738,0.7738,684,0.03800739347934723
350,NY,0.013518296678142142,0.7524,0.7524,7,0.03800739347934723
350,TX,0.3197452164633116,0.7704,0.7704,309,0.03800739347934723
351,CA,0.6672542597949712,0.7736,0.7736,657,0.03775333985686302
351,NY,0.013365576624416075,0.7568,0.7568,5,0.03775333985686302
351,TX,0.3193801635806126,0.7692,0.7692,338,0.03775333985686302
352,CA,0.6678679837811974,0.7724,0.7724,665,0.03818604350090027
352,NY,0.01325115129175654,0.7518,0.7518,8,0.03818604350090027
352,TX,0.3188808649270461,0.77,0.77,327,0.03818604350090027
353,CA,0.6682594561551001,0.771,0.771,670,0.03859032690525055
353,NY,0.013104814602755173,0.7554,0.7554,8,0.03859032690525055
353,TX,0.3186357292421447,0.7658,0.7658,322,0.03859032690525055
354,CA,0.6689625433049189,0.7746,0.7746,684,0.038014959543943405
354,NY,0.013003046106842399,0.7526,0.7526,15,0.038014959543943405
354,TX,0.3180344105882386,0.7696,0.7696,301,0.038014959543943405
355,CA,0.6696705688224667,0.7702,0.7702,683,0.03838765621185303
355,NY,0.012855436988592978,0.7544,0.7544,19,0.03838765621185303
355,TX,0.31747399418894034,0.7652,0.7652,298,0.03838765621185303
356,CA,0.6703485993832882,0.7776,0.7776,661,0.03837329521775246
356,NY,0.0127535949522142,0.7544,0.7544,15,0.03837329521775246
356,TX,0.3168978056644977,0.7724,0.7724,324,0.03837329521775246
357,CA,0.6710824077581243,0.77,0.77,666,0.037565238773822784
357,NY,0.012600922621858817,0.7528,0.7528,11,0.037565238773822784
357,TX,0.3163166696200169,0.7652,0.7652,323,0.037565238773822784
358,CA,0.6717408868415983,0.772,0.772,670,0.037451766431331635
358,NY,0.012490717098181706,0.7564,0.7564,19,0.037451766431331635
358,TX,0.31576839606022006,0.7714,0.7714,311,0.037451766431331635
359,CA,0.6718866074534379,0.7702,0.7702,686,0.03817250207066536
359,NY,0.012383439428855718,0.7492,0.7492,13,0.03817250207066536
359,TX,0.3157299531177064,0.7722,0.7722,301,0.03817250207066536
360,CA,0.6717456677297838,0.7766,0.7766,678,0.038445066660642624
360,NY,0.012233967043079547,0.7572,0.7572,15,0.038445066660642624
360,TX,0.3160203652271365,0.7754,0.7754,307,0.038445066660642624
361,CA,0.6719788758687574,0.7694,0.7694,669,0.038035549223423004
361,NY,0.012104576228054092,0.7558,0.7558,7,0.038035549223423004
361,TX,0.3159165479031885,0.765,0.765,324,0.038035549223423004
362,CA,0.6725698185969485,0.7734,0.7734,699,0.03766021504998207
362,NY,0.01202210080304741,0.7512,0.7512,8,0.03766021504998207
362,TX,0.315408080600004,0.7706,0.7706,293,0.03766021504998207
363,CA,0.6730062568409522,0.7698,0.7698,688,0.037648141384124756
363,NY,0.011879307841130806,0.7526,0.7526,13,0.037648141384124756
363,TX,0.3151144353179171,0.7684,0.7684,299,0.037648141384124756
364,CA,0.6732518063232844,0.7718,0.7718,689,0.03756570443511009
364,NY,0.011768149552600778,0.7512,0.7512,7,0.03756570443511009
364,TX,0.3149800441241148,0.767,0.767,304,0.03756570443511009
365,CA,0.673919079815691,0.7744,0.7744,681,0.038167476654052734
365,NY,0.011642854093310858,0.7548,0.7548,21,0.038167476654052734
365,TX,0.3144380660909982,0.77,0.77,298,0.038167476654052734
366,CA,0.674531772196411,0.7764,0.7764,665,0.03791496157646179
366,NY,0.01152471543222431,0.755,0.755,15,0.03791496157646179
366,TX,0.31394351237136464,0.7696,0.7696,320,0.03791496157646179
367,CA,0.6754372645165584,0.772,0.772,705,0.03735271468758583
367,NY,0.011401163490767039,0.7546,0.7546,13,0.03735271468758583
367,TX,0.31316157199267464,0.7732,0.7732,282,0.03735271468758583
368,CA,0.6753696461258244,0.7744,0.7744,657,0.03722618520259857
368,NY,0.011288080587706275,0.7574,0.7574,18,0.03722618520259857
368,TX,0.3133422732864692,0.7736,0.7736,325,0.03722618520259857
369,CA,0.6755381389781271,0.7704,0.7704,657,0.037073906511068344
369,NY,0.01118272203303493,0.7454,0.7454,12,0.037073906511068344
369,TX,0.31327913898883797,0.7656,0.7656,331,0.037073906511068344
370,CA,0.6762192885553788,0.7738,0.7738,665,0.03713221102952957
370,NY,0.011035926056698052,0.7538,0.7538,9,0.03713221102952957
370,TX,0.31274478538792316,0.767,0.767,326,0.03713221102952957
371,CA,0.6771153586443107,0.7702,0.7702,642,0.03752407059073448
371,NY,0.010925952482821594,0.7496,0.7496,13,0.03752407059073448
371,TX,0.3119586888728678,0.7626,0.7626,345,0.03752407059073448
372,CA,0.6781097922345731,0.775,0.775,663,0.04043107479810715
372,NY,0.010814665523759131,0.7542,0.7542,11,0.04043107479810715
372,TX,0.31107554224166784,0.7684,0.7684,326,0.04043107479810715
373,CA,0.6789812000046674,0.774,0.774,651,0.03815560042858124
373,NY,0.010701670498026884,0.7514,0.7514,10,0.03815560042858124
373,TX,0.3103171294973057,0.7662,0.7662,339,0.03815560042858124
374,CA,0.680001712906241,0.7686,0.7686,685,0.037541281431913376
374,NY,0.010581215564997281,0.7568,0.7568,6,0.037541281431913376
374,TX,0.3094170715287618,0.769,0.769,309,0.037541281431913376
375,CA,0.6800021325786175,0.7768,0.7768,671,0.04015190899372101
375,NY,0.010510624775015494,0.7554,0.7554,8,0.04015190899372101
375,TX,0.30948724264636684,0.77,0.77,321,0.04015190899372101
376,CA,0.6808948070617556,0.778,0.778,706,0.03795256465673447
376,NY,0.01039766516977922,0.756,0.756,6,0.03795256465673447
376,TX,0.3087075277684651,0.765,0.765,288,0.03795256465673447
377,CA,0.6825231685704656,0.7692,0.7692,665,0.03779282793402672
377,NY,0.0102935685067366,0.7538,0.7538,6,0.03779282793402672
377,TX,0.30718326292279785,0.767,0.767,329,0.03779282793402672
378,CA,0.6828451865551718,0.7694,0.7694,674,0.22409620881080627
378,NY,0.010208782433117552,0.7536,0.7536,7,0.22409620881080627
378,TX,0.3069460310117107,0.759,0.759,319,0.22409620881080627
379,CA,0.6841418381315293,0.7714,0.7714,694,0.03755917027592659
379,NY,0.010136834593366499,0.751,0.751,7,0.03755917027592659
379,TX,0.30572132727510426,0.766,0.766,299,0.03755917027592659
380,CA,0.6848600583802181,0.773,0.773,669,0.03772231191396713
380,NY,0.010030614831023927,0.7478,0.7478,12,0.03772231191396713
380,TX,0.30510932678875796,0.772,0.772,319,0.03772231191396713
381,CA,0.6850756198855465,0.7704,0.7704,683,0.03769740089774132
381,NY,0.009891160005709871,0.7516,0.7516,11,0.03769740089774132
381,TX,0.30503322010874356,0.7688,0.7688,306,0.03769740089774132
382,CA,0.6853365335738452,0.7708,0.7708,679,0.0371105894446373
382,NY,0.00978985217719666,0.753,0.753,15,0.0371105894446373
382,TX,0.3048736142489582,0.7696,0.7696,306,0.0371105894446373
383,CA,0.685545630297155,0.7698,0.7698,696,0.03767013922333717
383,NY,0.009694401901850334,0.757,0.757,10,0.03767013922333717
383,TX,0.3047599678009946,0.7706,0.7706,294,0.03767013922333717
384,CA,0.6854992591153288,0.774,0.774,683,0.037462882697582245
384,NY,0.009623636570992482,0.759,0.759,12,0.037462882697582245
384,TX,0.30487710431367865,0.772,0.772,305,0.037462882697582245
385,CA,0.68579078156966,0.774,0.774,668,0.03776068240404129
385,NY,0.009546322262453704,0.753,0.753,8,0.03776068240404129
385,TX,0.30466289616788633,0.77,0.77,324,0.03776068240404129
386,CA,0.6863398241617349,0.7764,0.7764,731,0.03834899514913559
386,NY,0.009440868485036199,0.7478,0.7478,15,0.03834899514913559
386,TX,0.3042193073532289,0.7674,0.7674,254,0.03834899514913559
387,CA,0.6875039763806716,0.7728,0.7728,696,0.03773939982056618
387,NY,0.009304626262152367,0.7566,0.7566,11,0.03773939982056618
387,TX,0.30319139735717615,0.7704,0.7704,293,0.03773939982056618
388,CA,0.6878447925722689,0.7666,0.7666,674,0.03790978714823723
388,NY,0.009224170211317934,0.7552,0.7552,13,0.03790978714823723
388,TX,0.30293103721641307,0.7662,0.7662,313,0.03790978714823723
389,CA,0.6879329270977816,0.771,0.771,694,0.037429362535476685
389,NY,0.009165820240155553,0.7534,0.7534,13,0.037429362535476685
389,TX,0.3029012526620629,0.7714,0.7714,293,0.037429362535476685
390,CA,0.687948526528794,0.772,0.772,686,0.0386471226811409
390,NY,0.009074937120172342,0.7552,0.7552,14,0.0386471226811409
390,TX,0.30297653635103367,0.7696,0.7696,300,0.0386471226811409
391,CA,0.6882901867201231,0.7774,0.7774,677,0.038100674748420715
391,NY,0.008993363555061975,0.7562,0.7562,9,0.038100674748420715
391,TX,0.302716449724815,0.77,0.77,314,0.038100674748420715
392,CA,0.6892327771212141,0.7752,0.7752,719,0.3239821828901768
392,NY,0.00889826410998113,0.751,0.751,2,0.3239821828901768
392,TX,0.30186895876880476,0.7738,0.7738,279,0.3239821828901768
393,CA,0.689480556101999,0.7732,0.7732,675,0.041555121541023254
393,NY,0.008780115914449823,0.7536,0.7536,10,0.041555121541023254
393,TX,0.3017393279835512,0.765,0.765,315,0.041555121541023254
394,CA,0.6905110861717372,0.7752,0.7752,659,0.03859785944223404
394,NY,0.008696043348696246,0.7536,0.7536,8,0.03859785944223404
394,TX,0.3007928704795665,0.7704,0.7704,333,0.03859785944223404
395,CA,0.6911463397946082,0.7752,0.7752,686,0.03769258037209511
395,NY,0.00859813580513976,0.755,0.755,6,0.03769258037209511
395,TX,0.3002555244002521,0.7676,0.7676,308,0.03769258037209511
396,CA,0.6921037230417292,0.7764,0.7764,694,0.03822699189186096
396,NY,0.00851207232419292,0.7534,0.7534,7,0.03822699189186096
396,TX,0.299384204634078,0.769,0.769,299,0.03822699189186096
397,CA,0.6930444363635389,0.7704,0.7704,706,0.037943173199892044
397,NY,0.00841328185840233,0.7508,0.7508,10,0.037943173199892044
397,TX,0.2985422817780588,0.7662,0.7662,284,0.037943173199892044
398,CA,0.6936002795365589,0.778,0.778,692,0.037494417279958725
398,NY,0.008326811892480248,0.7558,0.7558,3,0.037494417279958725
398,TX,0.29807290857096097,0.7706,0.7706,305,0.037494417279958725
399,CA,0.694534109454432,0.7702,0.7702,686,0.0373794324696064
399,NY,0.008233914664772373,0.7556,0.7556,9,0.0373794324696064
399,TX,0.2972319758807957,0.7688,0.7688,305,0.0373794324696064
400,CA,0.6947446050290095,0.7702,0.7702,686,0.03705495223402977
400,NY,0.00816847907970471,0.7544,0.7544,7,0.03705495223402977
400,TX,0.2970869158912859,0.7622,0.7622,307,0.03705495223402977
401,CA,0.6957294254358777,0.773,0.773,732,0.03861616179347038
401,NY,0.008107046655035357,0.7568,0.7568,7,0.03861616179347038
401,TX,0.29616352790908707,0.7698,0.7698,261,0.03861616179347038
402,CA,0.6961531080044824,0.7706,0.7706,709,0.03695440664887428
402,NY,0.008037864004829889,0.7576,0.7576,9,0.03695440664887428
402,TX,0.2958090279906878,0.7666,0.7666,282,0.03695440664887428
403,CA,0.6966597772359797,0.7766,0.7766,711,0.03774845972657204
403,NY,0.00798465595994913,0.7556,0.7556,8,0.03774845972657204
403,TX,0.29535556680407116,0.7668,0.7668,281,0.03774845972657204
404,CA,0.6978626189691837,0.7716,0.7716,692,0.038422439247369766
404,NY,0.007903897907079053,0.7538,0.7538,7,0.038422439247369766
404,TX,0.29423348312373726,0.7674,0.7674,301,0.038422439247369766
405,CA,0.6984052549420653,0.7718,0.7718,702,0.037804823368787766
405,NY,0.00783056823876257,0.7578,0.7578,5,0.037804823368787766
405,TX,0.2937641768191721,0.773,0.773,293,0.037804823368787766
406,CA,0.6983095264499882,0.7738,0.7738,702,0.03802884742617607
406,NY,0.0077676296296772815,0.7586,0.7586,4,0.03802884742617607
406,TX,0.2939228439203344,0.7678,0.7678,294,0.03802884742617607
407,CA,0.6990510632633746,0.7756,0.7756,698,0.03896183893084526
407,NY,0.007709245248290206,0.7558,0.7558,5,0.03896183893084526
407,TX,0.2932396914883351,0.7738,0.7738,297,0.03896183893084526
408,CA,0.6993190677651736,0.7684,0.7684,720,0.042927149683237076
408,NY,0.007626200857269506,0.7512,0.7512,5,0.042927149683237076
408,TX,0.29305473137755694,0.7668,0.7668,275,0.042927149683237076
409,CA,0.6995564431313334,0.7734,0.7734,696,0.03965049237012863
409,NY,0.007554589535646538,0.753,0.753,8,0.03965049237012863
409,TX,0.29288896733302006,0.7692,0.7692,296,0.03965049237012863
410,CA,0.7001029163264241,0.777,0.777,691,0.03728153184056282
410,NY,0.007473520162408321,0.7556,0.7556,6,0.03728153184056282
410,TX,0.2924235635111675,0.775,0.775,303,0.03728153184056282
411,CA,0.7003964681568597,0.7684,0.7684,693,0.03716224431991577
411,NY,0.007386614182904862,0.746,0.746,5,0.03716224431991577
411,TX,0.2922169176602353,0.7662,0.7662,302,0.03716224431991577
412,CA,0.7007167664789136,0.773,0.773,698,0.03707094117999077
412,NY,0.007296384473894942,0.762,0.762,7,0.03707094117999077
412,TX,0.29198684904719147,0.7642,0.7642,295,0.03707094117999077
413,CA,0.7017655535157433,0.7706,0.7706,685,0.037923287600278854
413,NY,0.0072619694340529915,0.7576,0.7576,9,0.037923287600278854
413,TX,0.2909724770502038,0.7692,0.7692,306,0.037923287600278854
414,CA,0.7019644819364511,0.7756,0.7756,707,0.038126710802316666
414,NY,0.007210694434832523,0.7548,0.7548,8,0.038126710802316666
414,TX,0.29082482362871637,0.7682,0.7682,285,0.038126710802316666
415,CA,0.7028757685800393,0.777,0.777,682,0.03798859566450119
415,NY,0.007135477065269156,0.7588,0.7588,8,0.03798859566450119
415,TX,0.2899887543546915,0.775,0.775,310,0.03798859566450119
416,CA,0.7031566526330991,0.7736,0.7736,718,0.03721695765852928
416,NY,0.007065217928664652,0.7516,0.7516,7,0.03721695765852928
416,TX,0.2897781294382364,0.7654,0.7654,275,0.03721695765852928
417,CA,0.7041617647254419,0.7718,0.7718,699,0.03799684718251228
417,NY,0.00698755385836448,0.7508,0.7508,8,0.03799684718251228
417,TX,0.28885068141619363,0.7656,0.7656,293,0.03799684718251228
418,CA,0.7049326681006476,0.766,0.766,716,0.03779662027955055
418,NY,0.006912294076696382,0.7522,0.7522,9,0.03779662027955055
418,TX,0.28815503782265606,0.7622,0.7622,275,0.03779662027955055
419,CA,0.7054081510620129,0.7752,0.7752,685,0.037178754806518555
419,NY,0.006862905514400774,0.7532,0.7532,6,0.037178754806518555
419,TX,0.2877289434235863,0.768,0.768,309,0.037178754806518555
420,CA,0.7062924618150217,0.7732,0.7732,686,0.03781410679221153
420,NY,0.00678635055762208,0.7532,0.7532,12,0.03781410679221153
420,TX,0.28692118762735624,0.764,0.764,302,0.03781410679221153
421,CA,0.707399679523691,0.776,0.776,725,0.03817858174443245
421,NY,0.006720325627333962,0.7586,0.7586,7,0.03817858174443245
421,TX,0.28587999484897497,0.7722,0.7722,268,0.03817858174443245
422,CA,0.7078792827428537,0.7728,0.7728,702,0.03686964139342308
422,NY,0.006658996210313317,0.752,0.752,3,0.03686964139342308
422,TX,0.285461721046833,0.7674,0.7674,295,0.03686964139342308
423,CA,0.7085507434507303,0.7734,0.7734,694,0.036939527839422226
423,NY,0.006587109491847783,0.7506,0.7506,11,0.036939527839422226
423,TX,0.28486214705742197,0.7646,0.7646,295,0.036939527839422226
424,CA,0.7096139130688202,0.7756,0.7756,710,0.037631113082170486
424,NY,0.0065121780521160775,0.7552,0.7552,9,0.037631113082170486
424,TX,0.2838739088790637,0.7702,0.7702,281,0.037631113082170486
425,CA,0.7102802578525456,0.771,0.771,705,0.03683004900813103
425,NY,0.006443403993182272,0.7556,0.7556,6,0.03683004900813103
425,TX,0.28327633815427217,0.7666,0.7666,289,0.03683004900813103
426,CA,0.7108203546143603,0.7762,0.7762,714,0.03751441463828087
426,NY,0.006392231349616381,0.7504,0.7504,4,0.03751441463828087
426,TX,0.28278741403602337,0.7678,0.7678,282,0.03751441463828087
427,CA,0.7118384309906938,0.7732,0.7732,684,0.0376262441277504
427,NY,0.006308404012273218,0.7516,0.7516,8,0.0376262441277504
427,TX,0.28185316499703295,0.7708,0.7708,308,0.0376262441277504
428,CA,0.7121648368443706,0.7672,0.7672,726,0.03756742924451828
428,NY,0.006234416442033984,0.7486,0.7486,6,0.03756742924451828
428,TX,0.2816007467135954,0.7658,0.7658,268,0.03756742924451828
429,CA,0.7123705024617011,0.77,0.77,727,0.037612542510032654
429,NY,0.006170579916118352,0.7512,0.7512,4,0.037612542510032654
429,TX,0.2814589176221805,0.763,0.763,269,0.037612542510032654
430,CA,0.7132111323191048,0.77,0.77,718,0.03728603571653366
430,NY,0.006112243519582414,0.7502,0.7502,6,0.03728603571653366
430,TX,0.2806766241613129,0.7638,0.7638,276,0.03728603571653366
431,CA,0.713961888451897,0.7768,0.7768,713,0.03759053349494934
431,NY,0.006050231301864247,0.7542,0.7542,7,0.03759053349494934
431,TX,0.2799878802462387,0.7678,0.7678,280,0.03759053349494934
432,CA,0.7150309845862134,0.7742,0.7742,719,0.03765632212162018
432,NY,0.005982219873637693,0.7524,0.7524,4,0.03765632212162018
432,TX,0.2789867955401489,0.7732,0.7732,277,0.03765632212162018
433,CA,0.7151960170905644,0.7724,0.7724,717,0.03776208311319351
433,NY,0.005910078732950976,0.756,0.756,12,0.03776208311319351
433,TX,0.2788939041764847,0.7692,0.7692,271,0.03776208311319351
434,CA,0.7155954754469854,0.7724,0.7724,708,0.03802943974733353
434,NY,0.0058586632437327545,0.7526,0.7526,6,0.03802943974733353
434,TX,0.27854586130928183,0.767,0.767,286,0.03802943974733353
435,CA,0.7162501990844726,0.7732,0.7732,710,0.03751857206225395
435,NY,0.005798514816074035,0.7574,0.7574,11,0.03751857206225395
435,TX,0.27795128609945335,0.769,0.769,279,0.03751857206225395
436,CA,0.7167591141982814,0.766,0.766,710,0.037379056215286255
436,NY,0.005750930762598733,0.7498,0.7498,8,0.037379056215286255
436,TX,0.2774899550391199,0.7614,0.7614,282,0.037379056215286255
437,CA,0.7173154271914433,0.7708,0.7708,710,0.037719883024692535
437,NY,0.005702598547555366,0.7476,0.7476,7,0.037719883024692535
437,TX,0.27698197426100135,0.7644,0.7644,283,0.037719883024692535
438,CA,0.7180879292682562,0.7728,0.7728,694,0.03700965642929077
438,NY,0.005633947259027076,0.7568,0.7568,6,0.03700965642929077
438,TX,0.27627812347271685,0.7722,0.7722,300,0.03700965642929077
439,CA,0.7181916027987061,0.7732,0.7732,726,0.0380079410970211
439,NY,0.005583905416325953,0.7498,0.7498,4,0.0380079410970211
439,TX,0.276224491784968,0.7638,0.7638,270,0.0380079410970211
440,CA,0.7192978796963443,0.7776,0.7776,723,0.03757666423916817
440,NY,0.0055187052587568,0.7536,0.7536,5,0.03757666423916817
440,TX,0.27518341504489896,0.768,0.768,272,0.03757666423916817
441,CA,0.7204222059111284,0.7746,0.7746,708,0.040422774851322174
441,NY,0.005452705045591059,0.7534,0.7534,5,0.040422774851322174
441,TX,0.2741250890432806,0.7692,0.7692,287,0.040422774851322174
442,CA,0.7210706546120297,0.7792,0.7792,727,0.03781725838780403
442,NY,0.005392414422739125,0.7478,0.7478,4,0.03781725838780403
442,TX,0.27353693096523124,0.7644,0.7644,269,0.03781725838780403
443,CA,0.7227840445729276,0.7738,0.7738,735,0.03698964789509773
443,NY,0.005309834222136039,0.7534,0.7534,5,0.03698964789509773
443,TX,0.27190612120493635,0.7682,0.7682,260,0.03698964789509773
444,CA,0.7234492503658567,0.7746,0.7746,738,0.03735397383570671
444,NY,0.005253597878240499,0.7522,0.7522,5,0.03735397383570671
444,TX,0.2712971517559027,0.7612,0.7612,257,0.03735397383570671
445,CA,0.7249824998754879,0.7744,0.7744,711,0.037522733211517334
445,NY,0.005198277731933191,0.7552,0.7552,7,0.037522733211517334
445,TX,0.2698192223925789,0.7748,0.7748,282,0.037522733211517334
446,CA,0.7249791819204571,0.7754,0.7754,722,0.03780323266983032
446,NY,0.0051420059277001,0.7576,0.7576,4,0.03780323266983032
446,TX,0.2698788121518429,0.7712,0.7712,274,0.03780323266983032
447,CA,0.7254797599786144,0.7662,0.7662,722,0.03760490566492081
447,NY,0.005093967457475839,0.7494,0.7494,8,0.03760490566492081
447,TX,0.2694262725639098,0.772,0.772,270,0.03760490566492081
448,CA,0.7248735397550471,0.77,0.77,725,0.038366008549928665
448,NY,0.005041297814928612,0.7534,0.7534,3,0.038366008549928665
448,TX,0.27008516243002434,0.7702,0.7702,272,0.038366008549928665
449,CA,0.7248856901953005,0.7744,0.7744,717,0.044758692383766174
449,NY,0.004994101557205661,0.755,0.755,7,0.044758692383766174
449,TX,0.27012020824749383,0.765,0.765,276,0.044758692383766174
450,CA,0.7259641690174997,0.7746,0.7746,731,0.037640560418367386
450,NY,0.004946848626402442,0.756,0.756,4,0.037640560418367386
450,TX,0.2690889823560979,0.767,0.767,265,0.037640560418367386
451,CA,0.7268394759417798,0.7778,0.7778,728,0.03766486421227455
451,NY,0.004900901523771417,0.752,0.752,5,0.03766486421227455
451,TX,0.2682596225344488,0.771,0.771,267,0.03766486421227455
452,CA,0.7276378428566762,0.7722,0.7722,741,0.04001399874687195
452,NY,0.004835083150449983,0.7512,0.7512,6,0.04001399874687195
452,TX,0.26752707399287384,0.7626,0.7626,253,0.04001399874687195
453,CA,0.7287356738382128,0.7744,0.7744,733,0.03722350299358368
453,NY,0.004784997507852269,0.7578,0.7578,2,0.03722350299358368
453,TX,0.2664793286539351,0.7704,0.7704,265,0.03722350299358368
454,CA,0.7292063654813282,0.7682,0.7682,730,0.03849264234304428
454,NY,0.004743294264651846,0.7478,0.7478,9,0.03849264234304428
454,TX,0.26605034025402,0.7602,0.7602,261,0.03849264234304428
455,CA,0.7301251810417065,0.7736,0.7736,734,0.03799423202872276
455,NY,0.004694477835014582,0.757,0.757,2,0.03799423202872276
455,TX,0.2651803411232788,0.7744,0.7744,264,0.03799423202872276
456,CA,0.7300699335095668,0.7746,0.7746,719,0.03827553614974022
456,NY,0.0046501879943413905,0.7534,0.7534,3,0.03827553614974022
456,TX,0.2652798784960918,0.7702,0.7702,278,0.03827553614974022
457,CA,0.7305910613432818,0.774,0.774,747,0.23857125267386436
457,NY,0.004597914877139315,0.7552,0.7552,4,0.23857125267386436
457,TX,0.2648110237795789,0.7688,0.7688,249,0.23857125267386436
458,CA,0.7311942587376967,0.7716,0.7716,719,0.038894567638635635
458,NY,0.004552944326784154,0.7578,0.7578,6,0.038894567638635635
458,TX,0.26425279693551906,0.765,0.765,275,0.038894567638635635
459,CA,0.7319407834253188,0.7768,0.7768,729,0.038737405091524124
459,NY,0.004522091047542674,0.7554,0.7554,1,0.038737405091524124
459,TX,0.2635371255271385,0.7654,0.7654,270,0.038737405091524124
460,CA,0.7332204925211038,0.7738,0.7738,726,0.03832597658038139
460,NY,0.0044754375203494715,0.752,0.752,3,0.03832597658038139
460,TX,0.2623040699585469,0.7674,0.7674,271,0.03832597658038139
461,CA,0.7339554868274902,0.7742,0.7742,733,0.03720618411898613
461,NY,0.004424865526624997,0.7576,0.7576,6,0.03720618411898613
461,TX,0.2616196476458848,0.765,0.765,261,0.03720618411898613
462,CA,0.7349830021476281,0.778,0.778,722,0.037836264818906784
462,NY,0.004389601743748905,0.7548,0.7548,7,0.037836264818906784
462,TX,0.26062739610862296,0.7718,0.7718,271,0.037836264818906784
463,CA,0.7356937570516449,0.7718,0.7718,729,0.03780648112297058
463,NY,0.004336514113790184,0.7564,0.7564,7,0.03780648112297058
463,TX,0.25996972883456493,0.77,0.77,264,0.03780648112297058
464,CA,0.7359158558709947,0.7668,0.7668,745,0.03682728856801987
464,NY,0.004300120094448989,0.7532,0.7532,3,0.03682728856801987
464,TX,0.25978402403455636,0.7692,0.7692,252,0.03682728856801987
465,CA,0.7356805946337761,0.777,0.777,713,0.037852440029382706
465,NY,0.0042656556792082505,0.754,0.754,1,0.037852440029382706
465,TX,0.2600537496870155,0.7718,0.7718,286,0.037852440029382706
466,CA,0.7362815485365355,0.7698,0.7698,737,0.037693291902542114
466,NY,0.004213883981285774,0.7512,0.7512,8,0.037693291902542114
466,TX,0.25950456748217876,0.7678,0.7678,255,0.037693291902542114
467,CA,0.7365301607078535,0.7746,0.7746,719,0.03723831847310066
467,NY,0.004171005387046748,0.7486,0.7486,7,0.03723831847310066
467,TX,0.2592988339050998,0.7618,0.7618,274,0.03723831847310066
468,CA,0.7379554515155394,0.773,0.773,727,0.037710707634687424
468,NY,0.00411784843162016,0.7532,0.7532,4,0.037710707634687424
468,TX,0.2579267000528403,0.7746,0.7746,269,0.037710707634687424
469,CA,0.7378176467705582,0.7714,0.7714,708,0.03818264231085777
469,NY,0.004071101933262821,0.7496,0.7496,1,0.03818264231085777
469,TX,0.2581112512961791,0.7702,0.7702,291,0.03818264231085777
470,CA,0.7379836591499933,0.7716,0.7716,714,0.03688991442322731
470,NY,0.004021905049866146,0.75,0.75,4,0.03688991442322731
470,TX,0.2579944358001406,0.7652,0.7652,282,0.03688991442322731
471,CA,0.7387083729013387,0.7768,0.7768,716,0.039407338947057724
471,NY,0.003976769932653807,0.7568,0.7568,1,0.039407338947057724
471,TX,0.25731485716600744,0.769,0.769,283,0.039407338947057724
472,CA,0.7395768976136381,0.7706,0.7706,730,0.03811287879943848
472,NY,0.003936629645877866,0.7554,0.7554,6,0.03811287879943848
472,TX,0.256486472740484,0.7698,0.7698,264,0.03811287879943848
473,CA,0.7396876151173202,0.7718,0.7718,719,0.037531252950429916
473,NY,0.003903419285989991,0.755,0.755,6,0.037531252950429916
473,TX,0.2564089655966899,0.7748,0.7748,275,0.037531252950429916
474,CA,0.7393939735297442,0.7732,0.7732,765,0.03793467953801155
474,NY,0.003864872633140895,0.758,0.758,4,0.03793467953801155
474,TX,0.2567411538371149,0.768,0.768,231,0.03793467953801155
475,CA,0.7399756214366355,0.7738,0.7738,741,0.03736107051372528
475,NY,0.0038347569216695527,0.7528,0.7528,3,0.03736107051372528
475,TX,0.25618962164169495,0.7644,0.7644,256,0.03736107051372528
476,CA,0.741015295531358,0.7796,0.7796,751,0.038006190210580826
476,NY,0.003794681363532292,0.753,0.753,3,0.038006190210580826
476,TX,0.2551900231051097,0.7714,0.7714,246,0.038006190210580826
477,CA,0.74192978223576,0.7778,0.7778,731,0.0372731052339077
477,NY,0.0037425745984236043,0.7606,0.7606,6,0.0372731052339077
477,TX,0.25432764316581624,0.7646,0.7646,263,0.0372731052339077
478,CA,0.7433604300081219,0.7798,0.7798,746,0.03123949095606804
478,NY,0.0037135125495975406,0.755,0.755,0,0.03123949095606804
478,TX,0.25292605744228047,0.7686,0.7686,254,0.03123949095606804
479,CA,0.7445840558649087,0.7696,0.7696,757,0.03789966180920601
479,NY,0.003667795447941082,0.7532,0.7532,4,0.03789966180920601
479,TX,0.2517481486871502,0.7696,0.7696,239,0.03789966180920601
480,CA,0.7446093664590852,0.7744,0.7744,757,0.03806169331073761
480,NY,0.0036339271964042847,0.7596,0.7596,3,0.03806169331073761
480,TX,0.2517567063445106,0.7698,0.7698,240,0.03806169331073761
481,CA,0.7451182602987986,0.7742,0.7742,771,0.037498313933610916
481,NY,0.0036060800099357404,0.75,0.75,3,0.037498313933610916
481,TX,0.2512756596912658,0.7682,0.7682,226,0.037498313933610916
482,CA,0.7457886887237796,0.7782,0.7782,750,0.037583183497190475
482,NY,0.0035600936116484943,0.7548,0.7548,2,0.037583183497190475
482,TX,0.2506512176645719,0.7764,0.7764,248,0.037583183497190475
483,CA,0.7460129198443397,0.7776,0.7776,738,0.03810744732618332
483,NY,0.0035143013090762564,0.7556,0.7556,2,0.03810744732618332
483,TX,0.2504727788465841,0.7734,0.7734,260,0.03810744732618332
484,CA,0.7464871593655955,0.7712,0.7712,751,0.03709309548139572
484,NY,0.003473013869159803,0.7544,0.7544,2,0.03709309548139572
484,TX,0.25003982676524467,0.7746,0.7746,247,0.03709309548139572
485,CA,0.7461536024273242,0.7692,0.7692,736,0.037549350410699844
485,NY,0.003438534857012993,0.7518,0.7518,2,0.037549350410699844
485,TX,0.2504078627156628,0.7628,0.7628,262,0.037549350410699844
486,CA,0.7468553901806408,0.7742,0.7742,731,0.03784336894750595
486,NY,0.0034079193006437453,0.7558,0.7558,1,0.03784336894750595
486,TX,0.24973669051871547,0.7704,0.7704,268,0.03784336894750595
487,CA,0.7472815138126332,0.7744,0.7744,735,0.03659529238939285
487,NY,0.0033745004551474834,0.7584,0.7584,2,0.03659529238939285
487,TX,0.24934398573221933,0.7636,0.7636,263,0.03659529238939285
488,CA,0.7484401564776013,0.774,0.774,743,0.03787906840443611
488,NY,0.003349257043579402,0.7542,0.7542,5,0.03787906840443611
488,TX,0.24821058647881944,0.7662,0.7662,252,0.03787906840443611
489,CA,0.7492858940775948,0.7758,0.7758,743,0.036673322319984436
489,NY,0.003315617676987887,0.7514,0.7514,3,0.036673322319984436
489,TX,0.24739848824541724,0.7688,0.7688,254,0.036673322319984436
490,CA,0.7500515271835826,0.77,0.77,749,0.04279039800167084
490,NY,0.0032734015448382197,0.7538,0.7538,2,0.04279039800167084
490,TX,0.24667507127157925,0.766,0.766,249,0.04279039800167084
491,CA,0.7504923797170556,0.772,0.772,727,0.0395270437002182
491,NY,0.0032453479734499474,0.7514,0.7514,4,0.0395270437002182
491,TX,0.24626227230949435,0.762,0.762,269,0.0395270437002182
492,CA,0.7515652165384863,0.7744,0.7744,734,0.039197567850351334
492,NY,0.003212205214198544,0.753,0.753,2,0.039197567850351334
492,TX,0.2452225782473151,0.7708,0.7708,264,0.039197567850351334
493,CA,0.7519684683059322,0.7684,0.7684,758,0.03216544911265373
493,NY,0.0031751674070883956,0.753,0.753,0,0.03216544911265373
493,TX,0.24485636428697935,0.7674,0.7674,242,0.03216544911265373
494,CA,0.7520934006750051,0.7764,0.7764,727,0.03866775333881378
494,NY,0.0031480395915328345,0.7524,0.7524,2,0.03866775333881378
494,TX,0.24475855973346214,0.7726,0.7726,271,0.03866775333881378
495,CA,0.7525194084516368,0.775,0.775,766,0.03784453868865967
495,NY,0.0031072671460714465,0.7608,0.7608,3,0.03784453868865967
495,TX,0.2443733244022919,0.7758,0.7758,231,0.03784453868865967
496,CA,0.7524552375996526,0.7738,0.7738,735,0.03779225051403046
496,NY,0.0030821461574600507,0.753,0.753,3,0.03779225051403046
496,TX,0.24446261624288726,0.7598,0.7598,262,0.03779225051403046
497,CA,0.7539371782119855,0.7774,0.7774,744,0.03801700472831726
497,NY,0.0030520032041014646,0.7592,0.7592,4,0.03801700472831726
497,TX,0.243010818583913,0.7692,0.7692,252,0.03801700472831726
498,CA,0.75480700056241,0.7734,0.7734,753,0.037796489894390106
498,NY,0.003024236741709349,0.7566,0.7566,3,0.037796489894390106
498,TX,0.24216876269588059,0.7664,0.7664,244,0.037796489894390106
499,CA,0.7555508728683656,0.7782,0.7782,762,0.03182302787899971
499,NY,0.002998539345747992,0.7576,0.7576,0,0.03182302787899971
499,TX,0.2414505877858864,0.7638,0.7638,238,0.03182302787899971
500,CA,0.7570574343519739,0.7772,0.7772,764,0.03794233873486519
500,NY,0.002969711815134158,0.754,0.754,1,0.03794233873486519
500,TX,0.2399728538328918,0.771,0.771,235,0.03794233873486519
501,CA,0.7577211562199507,0.7734,0.7734,725,0.03778809309005737
501,NY,0.0029335140728097378,0.7524,0.7524,5,0.03778809309005737
501,TX,0.2393453297072395,0.772,0.772,270,0.03778809309005737
502,CA,0.7578906868265558,0.77,0.77,762,0.037243396043777466
502,NY,0.002899424961163218,0.7546,0.7546,3,0.037243396043777466
502,TX,0.23920988821228098,0.7722,0.7722,235,0.037243396043777466
503,CA,0.7576845236031964,0.7704,0.7704,776,0.037303898483514786
503,NY,0.0028734164796578488,0.754,0.754,2,0.037303898483514786
503,TX,0.2394420599171459,0.7658,0.7658,222,0.037303898483514786
504,CA,0.7581763950386383,0.7754,0.7754,750,0.036921098828315735
504,NY,0.0028486468255834872,0.7528,0.7528,4,0.036921098828315735
504,TX,0.23897495813577815,0.7694,0.7694,246,0.036921098828315735
505,CA,0.7588167472878498,0.7694,0.7694,760,0.03747142478823662
505,NY,0.0028147602296705793,0.7528,0.7528,4,0.03747142478823662
505,TX,0.23836849248247965,0.7656,0.7656,236,0.03747142478823662
506,CA,0.7592254629288567,0.7728,0.7728,763,0.03706194832921028
506,NY,0.002789854830932497,0.7552,0.7552,3,0.03706194832921028
506,TX,0.23798468224021083,0.7626,0.7626,234,0.03706194832921028
507,CA,0.7602875604646386,0.7746,0.7746,800,0.03308876231312752
507,NY,0.002766021760592128,0.7524,0.7524,0,0.03308876231312752
507,TX,0.2369464177747692,0.7764,0.7764,200,0.03308876231312752
508,CA,0.7601311746470147,0.7768,0.7768,749,0.0397503525018692
508,NY,0.0027308573780303338,0.754,0.754,7,0.0397503525018692
508,TX,0.23713796797495484,0.767,0.767,244,0.0397503525018692
509,CA,0.7611533921867449,0.7746,0.7746,756,0.037384483963251114
509,NY,0.002699440166250545,0.756,0.756,2,0.037384483963251114
509,TX,0.23614716764700447,0.7706,0.7706,242,0.037384483963251114
510,CA,0.7615803158716952,0.7734,0.7734,762,0.037840042263269424
510,NY,0.002672644919669471,0.7522,0.7522,5,0.037840042263269424
510,TX,0.23574703920863527,0.77,0.77,233,0.037840042263269424
511,CA,0.761949045247416,0.775,0.775,769,0.036649420857429504
511,NY,0.0026419734802641376,0.7518,0.7518,3,0.036649420857429504
511,TX,0.23540898127231993,0.7676,0.7676,228,0.036649420857429504
512,CA,0.7627239384984149,0.7738,0.7738,759,0.03812732174992561
512,NY,0.0026100935082786244,0.7552,0.7552,2,0.03812732174992561
512,TX,0.23466596799330652,0.7652,0.7652,239,0.03812732174992561
513,CA,0.7636136336473531,0.7766,0.7766,783,0.03825274482369423
513,NY,0.002585736838187044,0.7578,0.7578,2,0.03825274482369423
513,TX,0.23380062951445985,0.7656,0.7656,215,0.03825274482369423
514,CA,0.7647415990001274,0.7732,0.7732,773,0.037701286375522614
514,NY,0.0025621536246951773,0.7566,0.7566,2,0.037701286375522614
514,TX,0.2326962473751774,0.7666,0.7666,225,0.037701286375522614
515,CA,0.7654229026435577,0.7758,0.7758,767,0.03704247623682022
515,NY,0.002540428989827542,0.7592,0.7592,2,0.03704247623682022
515,TX,0.23203666836661466,0.7666,0.7666,231,0.03704247623682022
516,CA,0.7663623669570359,0.7712,0.7712,783,0.037675850093364716
516,NY,0.0025197702376832934,0.753,0.753,1,0.037675850093364716
516,TX,0.23111786280528085,0.77,0.77,216,0.037675850093364716
517,CA,0.7665022351161073,0.7748,0.7748,766,0.037058357149362564
517,NY,0.0024943334453226447,0.754,0.754,3,0.037058357149362564
517,TX,0.23100343143857002,0.764,0.764,231,0.037058357149362564
518,CA,0.7676036950352262,0.7744,0.7744,773,0.03792602941393852
518,NY,0.002468643116919018,0.7494,0.7494,1,0.03792602941393852
518,TX,0.22992766184785485,0.7666,0.7666,226,0.03792602941393852
519,CA,0.7684070718349568,0.769,0.769,811,0.037922926247119904
519,NY,0.0024364090269546304,0.7478,0.7478,2,0.037922926247119904
519,TX,0.2291565191380886,0.7638,0.7638,187,0.037922926247119904
520,CA,0.7689474935977615,0.775,0.775,760,0.03779250755906105
520,NY,0.0024089036771048145,0.754,0.754,3,0.03779250755906105
520,TX,0.22864360272513376,0.7654,0.7654,237,0.03779250755906105
521,CA,0.7699215269879076,0.767,0.767,776,0.037780359387397766
521,NY,0.0023834192528671442,0.7524,0.7524,4,0.037780359387397766
521,TX,0.22769505375922533,0.764,0.764,220,0.037780359387397766
522,CA,0.7702344518789443,0.7678,0.7678,785,0.03656861558556557
522,NY,0.002364686738726213,0.7538,0.7538,1,0.03656861558556557
522,TX,0.2274008613823294,0.763,0.763,214,0.03656861558556557
523,CA,0.7707247675265483,0.7742,0.7742,769,0.037375129759311676
523,NY,0.002347453115729331,0.7556,0.7556,2,0.037375129759311676
523,TX,0.2269277793577225,0.7698,0.7698,229,0.037375129759311676
524,CA,0.7711777485459246,0.7716,0.7716,775,0.03774071857333183
524,NY,0.0023242085739976857,0.7562,0.7562,4,0.03774071857333183
524,TX,0.22649804288007777,0.772,0.772,221,0.03774071857333183
525,CA,0.7711538920474985,0.775,0.775,774,0.038396283984184265
525,NY,0.0023039336347564893,0.758,0.758,3,0.038396283984184265
525,TX,0.22654217431774504,0.7644,0.7644,223,0.038396283984184265
526,CA,0.7722156402271467,0.7766,0.7766,754,0.03797650337219238
526,NY,0.0022850095366097633,0.7556,0.7556,2,0.03797650337219238
526,TX,0.22549935023624362,0.7714,0.7714,244,0.03797650337219238
527,CA,0.7727465421645501,0.7814,0.7814,779,0.03681930899620056
527,NY,0.002259552353371241,0.7542,0.7542,2,0.03681930899620056
527,TX,0.22499390548207865,0.771,0.771,219,0.03681930899620056
528,CA,0.7737896406765198,0.7742,0.7742,800,0.036729421466588974
528,NY,0.0022280550026032844,0.7554,0.7554,3,0.036729421466588974
528,TX,0.22398230432087685,0.762,0.762,197,0.036729421466588974
529,CA,0.7750015783542569,0.7756,0.7756,783,0.03775947913527489
529,NY,0.0022078984912139673,0.7562,0.7562,3,0.03775947913527489
529,TX,0.2227905231545293,0.7676,0.7676,214,0.03775947913527489
530,CA,0.7757990301187986,0.7784,0.7784,774,0.037523504346609116
530,NY,0.002186022282637188,0.7604,0.7604,4,0.037523504346609116
530,TX,0.22201494759856427,0.7694,0.7694,222,0.037523504346609116
531,CA,0.7766888694761256,0.7716,0.7716,791,0.0371723473072052
531,NY,0.00216637853443387,0.7492,0.7492,3,0.0371723473072052
531,TX,0.22114475198944053,0.7644,0.7644,206,0.0371723473072052
532,CA,0.7774088674681955,0.7728,0.7728,758,0.037589170038700104
532,NY,0.002140969840582671,0.7544,0.7544,1,0.037589170038700104
532,TX,0.2204501626912219,0.7652,0.7652,241,0.037589170038700104
533,CA,0.778161576858909,0.7682,0.7682,773,0.0372074656188488
533,NY,0.002120800015890328,0.7552,0.7552,2,0.0372074656188488
533,TX,0.2197176231252006,0.7698,0.7698,225,0.0372074656188488
534,CA,0.7780190246083399,0.7724,0.7724,773,0.03779826685786247
534,NY,0.0021048220067267968,0.7462,0.7462,4,0.03779826685786247
534,TX,0.21987615338493324,0.763,0.763,223,0.03779826685786247
535,CA,0.7789516140028028,0.7758,0.7758,787,0.03791351988911629
535,NY,0.0020761937679535233,0.761,0.761,3,0.03791351988911629
535,TX,0.21897219222924383,0.7758,0.7758,210,0.03791351988911629
536,CA,0.7789650928746209,0.771,0.771,778,0.03771660476922989
536,NY,0.0020589258313746224,0.7498,0.7498,4,0.03771660476922989
536,TX,0.21897598129400436,0.7682,0.7682,218,0.03771660476922989
537,CA,0.7792540821661542,0.7792,0.7792,771,0.03231333941221237
537,NY,0.002035033875385482,0.7538,0.7538,0,0.03231333941221237
537,TX,0.21871088395846025,0.7742,0.7742,229,0.03231333941221237
538,CA,0.7797559993751566,0.7772,0.7772,789,0.2269401177763939
538,NY,0.0020072736225754065,0.7558,0.7558,3,0.2269401177763939
538,TX,0.21823672700226787,0.7726,0.7726,208,0.2269401177763939
539,CA,0.7802155787501526,0.7714,0.7714,770,0.037829864770174026
539,NY,0.00198427202958388,0.7558,0.7558,2,0.037829864770174026
539,TX,0.21780014922026358,0.7672,0.7672,228,0.037829864770174026
540,CA,0.7806323428504073,0.7722,0.7722,773,0.03770093247294426
540,NY,0.001967847947045668,0.7528,0.7528,3,0.03770093247294426
540,TX,0.217399809202547,0.7668,0.7668,224,0.03770093247294426
541,CA,0.7811666389770796,0.7684,0.7684,802,0.03744149208068848
541,NY,0.001947638349294882,0.7554,0.7554,1,0.03744149208068848
541,TX,0.2168857226736254,0.7696,0.7696,197,0.03744149208068848
542,CA,0.7810628696387248,0.7796,0.7796,764,0.03776754066348076
542,NY,0.001933063898112164,0.7578,0.7578,2,0.03776754066348076
542,TX,0.21700406646316295,0.768,0.768,234,0.03776754066348076
543,CA,0.7821877977321534,0.7756,0.7756,790,0.0380219891667366
543,NY,0.0019121339698637302,0.7504,0.7504,2,0.0380219891667366
543,TX,0.2159000682979829,0.7626,0.7626,208,0.0380219891667366
544,CA,0.7834474585235571,0.7732,0.7732,789,0.03657476231455803
544,NY,0.001888031886631935,0.7518,0.7518,1,0.03657476231455803
544,TX,0.21466450958981093,0.7656,0.7656,210,0.03657476231455803
545,CA,0.7841868257709982,0.7716,0.7716,805,0.03759627044200897
545,NY,0.0018670063282707158,0.757,0.757,1,0.03759627044200897
545,TX,0.21394616790073098,0.7662,0.7662,194,0.03759627044200897
546,CA,0.7847106310130797,0.7736,0.7736,784,0.03189869225025177
546,NY,0.0018528568792519425,0.757,0.757,0,0.03189869225025177
546,TX,0.2134365121076684,0.7688,0.7688,216,0.03189869225025177
547,CA,0.7851777943946917,0.7744,0.7744,774,0.036845698952674866
547,NY,0.0018366078158376642,0.7458,0.7458,3,0.036845698952674866
547,TX,0.2129855977894706,0.7654,0.7654,223,0.036845698952674866
548,CA,0.786050227468217,0.7758,0.7758,779,0.036724504083395004
548,NY,0.0018090129566258795,0.753,0.753,2,0.036724504083395004
548,TX,0.21214075957515724,0.7648,0.7648,219,0.036724504083395004
549,CA,0.7871028273974894,0.7762,0.7762,795,0.031353794038295746
549,NY,0.0017881778729484572,0.7526,0.7526,0,0.031353794038295746
549,TX,0.21110899472956232,0.7658,0.7658,205,0.031353794038295746
550,CA,0.788095704878622,0.7686,0.7686,774,0.037483107298612595
550,NY,0.0017666444214483276,0.7532,0.7532,2,0.037483107298612595
550,TX,0.21013765069992957,0.7666,0.7666,224,0.037483107298612595
551,CA,0.7882951550637142,0.7714,0.7714,769,0.037935521453619
551,NY,0.001751704656411986,0.755,0.755,2,0.037935521453619
551,TX,0.2099531402798738,0.7722,0.7722,229,0.037935521453619
552,CA,0.7882331988147867,0.7726,0.7726,810,0.03800591081380844
552,NY,0.0017353505990928709,0.7542,0.7542,1,0.03800591081380844
552,TX,0.2100314505861204,0.7682,0.7682,189,0.03800591081380844
553,CA,0.7886585693882637,0.775,0.775,801,0.037836313247680664
553,NY,0.0017182640187323277,0.7548,0.7548,2,0.037836313247680664
553,TX,0.20962316659300387,0.7772,0.7772,197,0.037836313247680664
554,CA,0.7884691315578078,0.7698,0.7698,765,0.03796800971031189
554,NY,0.0016983016557150373,0.747,0.747,2,0.03796800971031189
554,TX,0.209832566786477,0.767,0.767,233,0.03796800971031189
555,CA,0.7887482340132379,0.7694,0.7694,763,0.0376056432723999
555,NY,0.0016770161758660506,0.7448,0.7448,5,0.0376056432723999
555,TX,0.20957474981089605,0.7728,0.7728,232,0.0376056432723999
556,CA,0.7884491012405529,0.77,0.77,789,0.03734234347939491
556,NY,0.0016530734238742828,0.7512,0.7512,2,0.03734234347939491
556,TX,0.20989782533557275,0.7656,0.7656,209,0.03734234347939491
557,CA,0.7888745712526011,0.771,0.771,771,0.03734492510557175
557,NY,0.001636397927410144,0.7552,0.7552,3,0.03734492510557175
557,TX,0.2094890308199888,0.7676,0.7676,226,0.03734492510557175
558,CA,0.7892034956691422,0.7716,0.7716,807,0.037508249282836914
558,NY,0.0016224749970936087,0.7454,0.7454,2,0.037508249282836914
558,TX,0.20917402933376417,0.7632,0.7632,191,0.037508249282836914
559,CA,0.7900059745570325,0.7684,0.7684,792,0.04130870848894119
559,NY,0.0016001057594010088,0.7532,0.7532,3,0.04130870848894119
559,TX,0.20839391968356646,0.7636,0.7636,205,0.04130870848894119
560,CA,0.7904639700347864,0.7744,0.7744,783,0.03769468143582344
560,NY,0.001587271972382879,0.7488,0.7488,2,0.03769468143582344
560,TX,0.20794875799283066,0.7634,0.7634,215,0.03769468143582344
561,CA,0.7915024469835172,0.7746,0.7746,797,0.0387912392616272
561,NY,0.0015664269486436937,0.754,0.754,2,0.0387912392616272
561,TX,0.20693112606783903,0.7638,0.7638,201,0.0387912392616272
562,CA,0.7925149174167454,0.7752,0.7752,779,0.03764069080352783
562,NY,0.0015502239483278699,0.7534,0.7534,2,0.03764069080352783
562,TX,0.20593485863492678,0.7654,0.7654,219,0.03764069080352783
563,CA,0.7934320467785491,0.7752,0.7752,791,0.03819780424237251
563,NY,0.0015329586725469728,0.7512,0.7512,2,0.03819780424237251
563,TX,0.205034994548904,0.7662,0.7662,207,0.03819780424237251
564,CA,0.7942741536497345,0.773,0.773,811,0.03790108859539032
564,NY,0.0015138386841893076,0.7528,0.7528,2,0.03790108859539032
564,TX,0.20421200766607625,0.7626,0.7626,187,0.03790108859539032
565,CA,0.7952404557642099,0.776,0.776,781,0.037350162863731384
565,NY,0.0014984120706534089,0.7454,0.7454,1,0.037350162863731384
565,TX,0.20326113216513672,0.7626,0.7626,218,0.037350162863731384
566,CA,0.7964825157945461,0.7734,0.7734,789,0.03774997964501381
566,NY,0.0014748948333108377,0.756,0.756,5,0.03774997964501381
566,TX,0.202042589372143,0.7744,0.7744,206,0.03774997964501381
567,CA,0.7964033068440736,0.772,0.772,794,0.03254203125834465
567,NY,0.0014602784280098805,0.7576,0.7576,0,0.03254203125834465
567,TX,0.2021364147279164,0.767,0.767,206,0.03254203125834465
568,CA,0.7968672662082734,0.7782,0.7782,782,0.03695414960384369
568,NY,0.0014492554043361548,0.7516,0.7516,2,0.03695414960384369
568,TX,0.20168347838739034,0.7648,0.7648,216,0.03695414960384369
569,CA,0.798097539626583,0.771,0.771,798,0.037408363074064255
569,NY,0.0014297800860516693,0.7526,0.7526,1,0.037408363074064255
569,TX,0.2004726802873653,0.7716,0.7716,201,0.037408363074064255
570,CA,0.7980551919365433,0.7786,0.7786,802,0.040436021983623505
570,NY,0.0014148501509571284,0.7586,0.7586,2,0.040436021983623505
570,TX,0.20052995791249964,0.763,0.763,196,0.040436021983623505
571,CA,0.7994740558185357,0.7754,0.7754,801,0.03441295772790909
571,NY,0.001401427623943034,0.7538,0.7538,0,0.03441295772790909
571,TX,0.1991245165575212,0.7696,0.7696,199,0.03441295772790909
572,CA,0.8000081123922201,0.7694,0.7694,809,0.03243716061115265
572,NY,0.0013853022515760165,0.7536,0.7536,0,0.03243716061115265
572,TX,0.19860658535620376,0.766,0.766,191,0.03243716061115265
573,CA,0.8003234427984761,0.7754,0.7754,792,0.03291361778974533
573,NY,0.0013734732369495562,0.7572,0.7572,0,0.03291361778974533
573,TX,0.19830308396457422,0.7704,0.7704,208,0.03291361778974533
574,CA,0.8007819338155934,0.7784,0.7784,799,0.03798424080014229
574,NY,0.0013601722452617805,0.7552,0.7552,1,0.03798424080014229
574,TX,0.19785789393914485,0.771,0.771,200,0.03798424080014229
575,CA,0.8014559898544147,0.776,0.776,808,0.036915190517902374
575,NY,0.001343558193207273,0.7564,0.7564,3,0.036915190517902374
575,TX,0.1972004519523781,0.7698,0.7698,189,0.036915190517902374
576,CA,0.8020200124796152,0.7748,0.7748,801,0.03811309486627579
576,NY,0.001329665727394364,0.7514,0.7514,2,0.03811309486627579
576,TX,0.19665032179299038,0.7714,0.7714,197,0.03811309486627579
577,CA,0.8023363382699158,0.7752,0.7752,794,0.03908049687743187
577,NY,0.0013126521584670204,0.7578,0.7578,1,0.03908049687743187
577,TX,0.1963510095716172,0.7688,0.7688,205,0.03908049687743187
578,CA,0.8029150443578341,0.7718,0.7718,802,0.032480936497449875
578,NY,0.0013007234240401987,0.7492,0.7492,0,0.032480936497449875
578,TX,0.19578423221812577,0.7716,0.7716,198,0.032480936497449875
579,CA,0.8029461113642743,0.7708,0.7708,824,0.03887221962213516
579,NY,0.0012841818761162357,0.744,0.744,2,0.03887221962213516
579,TX,0.19576970675960945,0.7638,0.7638,174,0.03887221962213516
580,CA,0.8035836071192838,0.7778,0.7778,809,0.03788784146308899
580,NY,0.0012657506909915064,0.7518,0.7518,1,0.03788784146308899
580,TX,0.19515064218972475,0.766,0.766,190,0.03788784146308899
581,CA,0.8046407502270932,0.7754,0.7754,799,0.0374235175549984
581,NY,0.001248880106664565,0.7528,0.7528,1,0.0374235175549984
581,TX,0.19411036966624207,0.7626,0.7626,200,0.0374235175549984
582,CA,0.8057812240436042,0.7732,0.7732,796,0.03808148205280304
582,NY,0.0012347300477818831,0.756,0.756,4,0.03808148205280304
582,TX,0.19298404590861395,0.7668,0.7668,200,0.03808148205280304
583,CA,0.8063525352970072,0.7714,0.7714,813,0.03718658909201622
583,NY,0.0012236201449506417,0.7496,0.7496,2,0.03718658909201622
583,TX,0.19242384455804223,0.7584,0.7584,185,0.03718658909201622
584,CA,0.8075050259891714,0.7722,0.7722,830,0.03221931681036949
584,NY,0.0012102888334408193,0.753,0.753,0,0.03221931681036949
584,TX,0.19128468517738786,0.7666,0.7666,170,0.03221931681036949
585,CA,0.808004013277624,0.7772,0.7772,803,0.03740493580698967
585,NY,0.001197916354109347,0.7582,0.7582,3,0.03740493580698967
585,TX,0.1907980703682667,0.7712,0.7712,194,0.03740493580698967
586,CA,0.808535188337005,0.7744,0.7744,820,0.037100568413734436
586,NY,0.0011858885418512752,0.7488,0.7488,1,0.037100568413734436
586,TX,0.19027892312114375,0.7606,0.7606,179,0.037100568413734436
587,CA,0.8097473486689449,0.7718,0.7718,798,0.03248460590839386
587,NY,0.0011705314793369226,0.7582,0.7582,0,0.03248460590839386
587,TX,0.1890821198517183,0.769,0.769,202,0.03248460590839386
588,CA,0.8099966606688875,0.773,0.773,823,0.03720990568399429
588,NY,0.0011619043292270146,0.7496,0.7496,1,0.03720990568399429
588,TX,0.18884143500188538,0.7648,0.7648,176,0.03720990568399429
589,CA,0.8107171556264109,0.7664,0.7664,806,0.03708362579345703
589,NY,0.0011475894290381402,0.7464,0.7464,2,0.03708362579345703
589,TX,0.18813525494455097,0.7602,0.7602,192,0.03708362579345703
590,CA,0.811263412923878,0.7742,0.7742,823,0.0379970408976078
590,NY,0.001135360374528581,0.7582,0.7582,1,0.0379970408976078
590,TX,0.18760122670159338,0.7692,0.7692,176,0.0379970408976078
591,CA,0.8117008639197524,0.7754,0.7754,824,0.03764145076274872
591,NY,0.0011257282156365786,0.7528,0.7528,1,0.03764145076274872
591,TX,0.18717340786461104,0.7636,0.7636,175,0.03764145076274872
592,CA,0.8127235606000733,0.774,0.774,806,0.03845283389091492
592,NY,0.0011127985275644647,0.7516,0.7516,1,0.03845283389091492
592,TX,0.1861636408723622,0.7708,0.7708,193,0.03845283389091492
593,CA,0.8130079989818149,0.775,0.775,818,0.03778721019625664
593,NY,0.00109913194898385,0.7542,0.7542,1,0.03778721019625664
593,TX,0.18589286906920127,0.7686,0.7686,181,0.03778721019625664
594,CA,0.8135637782276584,0.7742,0.7742,811,0.037804752588272095
594,NY,0.0010869945514061343,0.7528,0.7528,1,0.037804752588272095
594,TX,0.18534922722093564,0.7636,0.7636,188,0.037804752588272095
595,CA,0.8144763863446134,0.7736,0.7736,794,0.0442211776971817
595,NY,0.0010750880879123344,0.7538,0.7538,1,0.0442211776971817
595,TX,0.18444852556747418,0.7604,0.7604,205,0.0442211776971817
596,CA,0.8156058032321184,0.778,0.778,821,0.03681229427456856
596,NY,0.001064560248253325,0.7534,0.7534,1,0.03681229427456856
596,TX,0.1833296365196282,0.765,0.765,178,0.03681229427456856
597,CA,0.8167125789806784,0.7722,0.7722,827,0.031611837446689606
597,NY,0.0010512558562257184,0.7562,0.7562,0,0.031611837446689606
597,TX,0.182236165163096,0.7694,0.7694,173,0.031611837446689606
598,CA,0.8169555549663634,0.776,0.776,817,0.03764363378286362
598,NY,0.001042074705367638,0.7586,0.7586,2,0.03764363378286362
598,TX,0.182002370328269,0.7696,0.7696,181,0.03764363378286362
599,CA,0.8175000704373812,0.7804,0.7804,809,0.03757013380527496
599,NY,0.001032552946254732,0.7544,0.7544,2,0.03757013380527496
599,TX,0.18146737661636406,0.7708,0.7708,189,0.03757013380527496
600,CA,0.8183131131397963,,,0,
600,NY,0.0010184860270997242,,,0,
600,TX,0.180668400833104,,,0,
