t,state,p,acc,fitness,sample_count,step_seconds
0,CA,0.3333333333333333,0.4052,0.4052,327,0.15266645699739456
0,NY,0.3333333333333333,0.409,0.409,317,0.15266645699739456
0,TX,0.3333333333333333,0.3728,0.3728,356,0.15266645699739456
1,CA,0.33561022211607355,0.4052,0.4052,329,0.03880839794874191
1,NY,0.33651779316933367,0.4092,0.4092,350,0.03880839794874191
1,TX,0.3278719847145928,0.3728,0.3728,321,0.03880839794874191
2,CA,0.3378406099356164,0.4052,0.4052,318,0.04068312048912048
2,NY,0.33971850003506066,0.409,0.409,348,0.04068312048912048
2,TX,0.32244089002932297,0.3728,0.3728,334,0.04068312048912048
3,CA,0.34005638621186696,0.4054,0.4054,352,0.038106128573417664
3,NY,0.34287129885278655,0.4092,0.4092,350,0.038106128573417664
3,TX,0.3170723149353465,0.3728,0.3728,298,0.038106128573417664
4,CA,0.3422563455463938,0.406,0.406,348,0.03838510811328888
4,NY,0.34602254139329675,0.4098,0.4098,322,0.03838510811328888
4,TX,0.31172111306030936,0.3732,0.3732,330,0.03838510811328888
5,CA,0.3444389929387893,0.4052,0.4052,340,0.03839980065822601
5,NY,0.34917036670043006,0.409,0.409,344,0.03839980065822601
5,TX,0.3063906403607806,0.3728,0.3728,316,0.03839980065822601
6,CA,0.3465600353940966,0.4054,0.4054,335,0.03855537623167038
6,NY,0.35227060033670726,0.4092,0.4092,364,0.03855537623167038
6,TX,0.30116936426919605,0.3728,0.3728,301,0.03855537623167038
7,CA,0.3486637008334328,0.4052,0.4052,340,0.03821152448654175
7,NY,0.35536720057064697,0.409,0.409,368,0.03821152448654175
7,TX,0.29596909859592024,0.3728,0.3728,292,0.03821152448654175
8,CA,0.3507200513220698,0.4054,0.4054,344,0.03787713497877121
8,NY,0.3584297534679165,0.4092,0.4092,393,0.03787713497877121
8,TX,0.2908501952100136,0.3728,0.3728,263,0.03787713497877121
9,CA,0.3527581074729332,0.4052,0.4052,343,0.03820808231830597
9,NY,0.36148738556636795,0.4092,0.4092,364,0.03820808231830597
9,TX,0.28575450696069893,0.3728,0.3728,293,0.03820808231830597
10,CA,0.35473030306444836,0.4052,0.4052,371,0.03817608952522278
10,NY,0.3645431367162814,0.4092,0.4092,385,0.03817608952522278
10,TX,0.2807265602192702,0.3728,0.3728,244,0.03817608952522278
11,CA,0.3566688250345798,0.4052,0.4052,376,0.038372352719306946
11,NY,0.3675786519327472,0.409,0.409,355,0.038372352719306946
11,TX,0.27575252303267306,0.3728,0.3728,269,0.038372352719306946
12,CA,0.35859233731659046,0.4052,0.4052,370,0.03743060678243637
12,NY,0.37056038298314314,0.409,0.409,346,0.03743060678243637
12,TX,0.27084727970026634,0.3728,0.3728,284,0.03743060678243637
13,CA,0.3604823098462233,0.4054,0.4054,364,0.03860212117433548
13,NY,0.373520799729976,0.4092,0.4092,374,0.03860212117433548
13,TX,0.26599689042380065,0.3728,0.3728,262,0.03860212117433548
14,CA,0.362352112645551,0.4052,0.4052,371,0.03800033777952194
14,NY,0.3764734176936221,0.409,0.409,357,0.03800033777952194
14,TX,0.261174469660827,0.3728,0.3728,272,0.03800033777952194
15,CA,0.3641743980611167,0.4052,0.4052,374,0.038144826889038086
15,NY,0.37938991474475053,0.409,0.409,384,0.038144826889038086
15,TX,0.25643568719413284,0.3728,0.3728,242,0.038144826889038086
16,CA,0.3659627596725794,0.4054,0.4054,339,0.04086870700120926
16,NY,0.38228399575880584,0.4092,0.4092,389,0.04086870700120926
16,TX,0.25175324456861464,0.3728,0.3728,272,0.04086870700120926
17,CA,0.36773010304250314,0.4052,0.4052,338,0.03736326843500137
17,NY,0.3851687920964556,0.4092,0.4092,400,0.03736326843500137
17,TX,0.2471011048610412,0.3728,0.3728,262,0.03736326843500137
18,CA,0.3694298697034721,0.4052,0.4052,374,0.03881172835826874
18,NY,0.3880506438222466,0.409,0.409,388,0.03881172835826874
18,TX,0.24251948647428126,0.3728,0.3728,238,0.03881172835826874
19,CA,0.3711156408231914,0.4052,0.4052,364,0.03858305513858795
19,NY,0.3908755558136357,0.409,0.409,384,0.03858305513858795
19,TX,0.238008803363173,0.3728,0.3728,252,0.03858305513858795
20,CA,0.37276729762350747,0.4054,0.4054,375,0.0378083810210228
20,NY,0.3936768806199192,0.4092,0.4092,403,0.0378083810210228
20,TX,0.23355582175657344,0.3728,0.3728,222,0.0378083810210228
21,CA,0.3743971125746873,0.4052,0.4052,402,0.038367196917533875
21,NY,0.3964672163378931,0.409,0.409,393,0.038367196917533875
21,TX,0.22913567108741964,0.3728,0.3728,205,0.038367196917533875
22,CA,0.3759803989775218,0.4054,0.4054,366,0.03813502937555313
22,NY,0.3992205119485589,0.4092,0.4092,393,0.03813502937555313
22,TX,0.22479908907391924,0.3728,0.3728,241,0.03813502937555313
23,CA,0.3775415557034551,0.4052,0.4052,369,0.03747193515300751
23,NY,0.40196208400491373,0.409,0.409,399,0.03747193515300751
23,TX,0.22049636029163125,0.3728,0.3728,232,0.03747193515300751
24,CA,0.3790566564224969,0.4052,0.4052,359,0.03800802677869797
24,NY,0.4046665507369304,0.4092,0.4092,413,0.03800802677869797
24,TX,0.2162767928405727,0.3728,0.3728,228,0.03800802677869797
25,CA,0.38051586976201585,0.4052,0.4052,385,0.03823713958263397
25,NY,0.4073806977172068,0.409,0.409,407,0.03823713958263397
25,TX,0.21210343252077732,0.3728,0.3728,208,0.03823713958263397
26,CA,0.38196307396408,0.4054,0.4054,396,0.038266830146312714
26,NY,0.41003592172296904,0.4092,0.4092,392,0.038266830146312714
26,TX,0.2080010043129509,0.3728,0.3728,212,0.038266830146312714
27,CA,0.3833878057491963,0.4052,0.4052,379,0.037679389119148254
27,NY,0.412678179641632,0.409,0.409,429,0.037679389119148254
27,TX,0.20393401460917157,0.3728,0.3728,192,0.037679389119148254
28,CA,0.3847676476447862,0.4052,0.4052,389,0.03761333227157593
28,NY,0.4152834377382149,0.409,0.409,428,0.03761333227157593
28,TX,0.19994891461699882,0.3728,0.3728,183,0.03761333227157593
29,CA,0.3861141197317025,0.4052,0.4052,371,0.0383157953619957
29,NY,0.41786365469154696,0.409,0.409,429,0.0383157953619957
29,TX,0.19602222557675048,0.3728,0.3728,200,0.0383157953619957
30,CA,0.3874273911216815,0.4052,0.4052,409,0.04710300266742706
30,NY,0.4204187618671231,0.409,0.409,400,0.04710300266742706
30,TX,0.19215384701119548,0.3728,0.3728,191,0.04710300266742706
31,CA,0.38870764599039465,0.4052,0.4052,381,0.03828277438879013
31,NY,0.4229487075616903,0.409,0.409,427,0.03828277438879013
31,TX,0.18834364644791501,0.3728,0.3728,192,0.03828277438879013
32,CA,0.38995508295595094,0.4054,0.4054,377,0.038519181311130524
32,NY,0.4254534565535346,0.4092,0.4092,426,0.038519181311130524
32,TX,0.1845914604905145,0.3728,0.3728,197,0.038519181311130524
33,CA,0.39118004891035496,0.4052,0.4052,392,0.039239540696144104
33,NY,0.4279439123124022,0.409,0.409,418,0.039239540696144104
33,TX,0.1808760387772428,0.3728,0.3728,190,0.039239540696144104
34,CA,0.3923623285230725,0.4052,0.4052,387,0.03771515190601349
34,NY,0.43039806615295173,0.4092,0.4092,432,0.03771515190601349
34,TX,0.17723960532397587,0.3728,0.3728,181,0.03771515190601349
35,CA,0.3934882927941072,0.4052,0.4052,426,0.03797470033168793
35,NY,0.4328618557994283,0.409,0.409,414,0.03797470033168793
35,TX,0.17364985140646455,0.3728,0.3728,160,0.03797470033168793
36,CA,0.39460633850767113,0.4054,0.4054,399,0.0374472439289093
36,NY,0.43526566531032557,0.4092,0.4092,432,0.0374472439289093
36,TX,0.17012799618200333,0.3728,0.3728,169,0.0374472439289093
37,CA,0.39570220983144555,0.4052,0.4052,387,0.038298673927783966
37,NY,0.4376546169964806,0.409,0.409,424,0.038298673927783966
37,TX,0.1666431731720739,0.3728,0.3728,189,0.038298673927783966
38,CA,0.39675710918802265,0.4054,0.4054,364,0.038851574063301086
38,NY,0.4400080358156754,0.4092,0.4092,467,0.038851574063301086
38,TX,0.163234854996302,0.3728,0.3728,169,0.038851574063301086
39,CA,0.39779005729741235,0.4052,0.4052,401,0.03802204132080078
39,NY,0.44234640274526843,0.4092,0.4092,437,0.03802204132080078
39,TX,0.15986353995731917,0.3728,0.3728,162,0.03802204132080078
40,CA,0.39875777791818,0.4052,0.4052,400,0.03760553151369095
40,NY,0.444684750647373,0.4092,0.4092,458,0.03760553151369095
40,TX,0.15655747143444712,0.3728,0.3728,142,0.03760553151369095
41,CA,0.39969464346678235,0.4052,0.4052,392,0.03798721730709076
41,NY,0.44699832001994183,0.409,0.409,447,0.03798721730709076
41,TX,0.15330703651327593,0.3728,0.3728,161,0.03798721730709076
42,CA,0.40062651761542273,0.4052,0.4052,427,0.03839141130447388
42,NY,0.44925209065675886,0.409,0.409,428,0.03839141130447388
42,TX,0.15012139172781838,0.3728,0.3728,145,0.03839141130447388
43,CA,0.4015285496011806,0.4052,0.4052,403,0.03832664340734482
43,NY,0.4514812271939478,0.409,0.409,448,0.03832664340734482
43,TX,0.1469902232048716,0.3728,0.3728,149,0.03832664340734482
44,CA,0.40240106420468313,0.4052,0.4052,367,0.038095347583293915
44,NY,0.4536858553496362,0.409,0.409,502,0.038095347583293915
44,TX,0.14391308044568082,0.3728,0.3728,131,0.038095347583293915
45,CA,0.4032443929633427,0.4054,0.4054,412,0.038192786276340485
45,NY,0.45586611107561786,0.4092,0.4092,441,0.038192786276340485
45,TX,0.14088949596103956,0.3728,0.3728,147,0.038192786276340485
46,CA,0.4040668752989582,0.4052,0.4052,396,0.0386325940489769
46,NY,0.4580310345917128,0.409,0.409,458,0.0386325940489769
46,TX,0.13790209010932897,0.3728,0.3728,146,0.0386325940489769
47,CA,0.40485269916724376,0.4052,0.4052,396,0.038875870406627655
47,NY,0.46016284258253937,0.4092,0.4092,480,0.038875870406627655
47,TX,0.13498445825021693,0.3728,0.3728,124,0.038875870406627655
48,CA,0.40558375582768347,0.4052,0.4052,420,0.03984753042459488
48,NY,0.4623060256963822,0.409,0.409,446,0.03984753042459488
48,TX,0.13211021847593432,0.3728,0.3728,134,0.03984753042459488
49,CA,0.4063134569121578,0.4052,0.4052,396,0.03858543932437897
49,NY,0.4643902143112744,0.409,0.409,473,0.03858543932437897
49,TX,0.12929632877656783,0.3728,0.3728,131,0.03858543932437897
50,CA,0.4070157178223513,0.4052,0.4052,409,0.037936627864837646
50,NY,0.46645084724655217,0.409,0.409,476,0.037936627864837646
50,TX,0.12653343493109642,0.3728,0.3728,115,0.037936627864837646
51,CA,0.4076909000464539,0.4052,0.4052,383,0.03846883773803711
51,NY,0.46848811221486936,0.4092,0.4092,495,0.03846883773803711
51,TX,0.12382098773867684,0.3728,0.3728,122,0.03846883773803711
52,CA,0.40831209917999284,0.4052,0.4052,422,0.03792445361614227
52,NY,0.47053756427126153,0.409,0.409,477,0.03792445361614227
52,TX,0.12115033654874555,0.3728,0.3728,101,0.03792445361614227
53,CA,0.40893406430794704,0.4054,0.4054,381,0.03844330459833145
53,NY,0.47252870032944466,0.4092,0.4092,473,0.03844330459833145
53,TX,0.11853723536260839,0.3728,0.3728,146,0.03844330459833145
54,CA,0.40953688979138686,0.4052,0.4052,404,0.03797297179698944
54,NY,0.4745048063756334,0.409,0.409,476,0.03797297179698944
54,TX,0.11595830383297956,0.3728,0.3728,120,0.03797297179698944
55,CA,0.41010714382740054,0.4054,0.4054,417,0.03950886428356171
55,NY,0.47645048637469584,0.4092,0.4092,481,0.03950886428356171
55,TX,0.11344236979790367,0.3728,0.3728,102,0.03950886428356171
56,CA,0.4106587336628062,0.4052,0.4052,409,0.03803978115320206
56,NY,0.4783812937723766,0.409,0.409,499,0.03803978115320206
56,TX,0.11095997256481717,0.3728,0.3728,92,0.03803978115320206
57,CA,0.411178780070206,0.4052,0.4052,410,0.038621366024017334
57,NY,0.4802823988281154,0.409,0.409,472,0.038621366024017334
57,TX,0.10853882110167865,0.3728,0.3728,118,0.038621366024017334
58,CA,0.41167435510265304,0.4052,0.4052,418,0.037500858306884766
58,NY,0.48216162622612513,0.409,0.409,488,0.037500858306884766
58,TX,0.10616401867122183,0.3728,0.3728,94,0.037500858306884766
59,CA,0.4121458356329707,0.4054,0.4054,406,0.03829875588417053
59,NY,0.4840192088265293,0.4092,0.4092,482,0.03829875588417053
59,TX,0.10383495554049992,0.3728,0.3728,112,0.03829875588417053
60,CA,0.412599638443969,0.4052,0.4052,421,0.038471564650535583
60,NY,0.4858623090007812,0.409,0.409,485,0.038471564650535583
60,TX,0.10153805255524985,0.3728,0.3728,94,0.038471564650535583
61,CA,0.4130239362196472,0.4052,0.4052,426,0.04027289152145386
61,NY,0.48767718671630883,0.409,0.409,477,0.04027289152145386
61,TX,0.09929887706404399,0.3728,0.3728,97,0.04027289152145386
62,CA,0.4134252724532607,0.4052,0.4052,420,0.03804239630699158
62,NY,0.4894711419820728,0.409,0.409,482,0.03804239630699158
62,TX,0.09710358556466644,0.3728,0.3728,98,0.03804239630699158
63,CA,0.41380402323332244,0.4052,0.4052,432,0.038865409791469574
63,NY,0.4912444213229304,0.409,0.409,475,0.038865409791469574
63,TX,0.09495155544374721,0.3728,0.3728,93,0.038865409791469574
64,CA,0.4141605637219829,0.4054,0.4054,409,0.03838133066892624
64,NY,0.49299727386329684,0.4092,0.4092,513,0.03838133066892624
64,TX,0.09284216241472036,0.3728,0.3728,78,0.03838133066892624
65,CA,0.414500701113878,0.4052,0.4052,429,0.038545556366443634
65,NY,0.4947362460885094,0.409,0.409,488,0.038545556366443634
65,TX,0.09076305279761272,0.3728,0.3728,83,0.038545556366443634
66,CA,0.41481382626949426,0.4052,0.4052,378,0.03886939585208893
66,NY,0.496448880276381,0.409,0.409,547,0.03886939585208893
66,TX,0.08873729345412454,0.3728,0.3728,75,0.03886939585208893
67,CA,0.41510586043927283,0.4054,0.4054,452,0.0379292368888855
67,NY,0.49814184931361016,0.4092,0.4092,459,0.0379292368888855
67,TX,0.08675229024711711,0.3728,0.3728,89,0.0379292368888855
68,CA,0.4153822653969315,0.4052,0.4052,434,0.21292320638895035
68,NY,0.49982134609043816,0.409,0.409,484,0.21292320638895035
68,TX,0.08479638851263042,0.3728,0.3728,82,0.21292320638895035
69,CA,0.41563311289816157,0.4054,0.4054,412,0.03788375109434128
69,NY,0.5014756397958452,0.4092,0.4092,487,0.03788375109434128
69,TX,0.08289124730599337,0.3728,0.3728,101,0.03788375109434128
70,CA,0.4158688470417752,0.4052,0.4052,417,0.037798456847667694
70,NY,0.5031167483739449,0.409,0.409,511,0.037798456847667694
70,TX,0.08101440458427984,0.3728,0.3728,72,0.037798456847667694
71,CA,0.4160799732997645,0.4052,0.4052,427,0.037788473069667816
71,NY,0.5047334080702904,0.409,0.409,499,0.037788473069667816
71,TX,0.07918661862994512,0.3728,0.3728,74,0.037788473069667816
72,CA,0.4162718338212697,0.4052,0.4052,430,0.038151487708091736
72,NY,0.5063316983362116,0.4092,0.4092,493,0.038151487708091736
72,TX,0.07739646784251861,0.3728,0.3728,77,0.038151487708091736
73,CA,0.4164147634073154,0.4052,0.4052,393,0.037905335426330566
73,NY,0.5079473539963909,0.409,0.409,540,0.037905335426330566
73,TX,0.07563788259629371,0.3728,0.3728,67,0.037905335426330566
74,CA,0.4165690550627569,0.4052,0.4052,400,0.03800349682569504
74,NY,0.5095096818860461,0.409,0.409,531,0.03800349682569504
74,TX,0.07392126305119702,0.3728,0.3728,69,0.03800349682569504
75,CA,0.416705143196511,0.4052,0.4052,426,0.03852561116218567
75,NY,0.5110544199051297,0.4092,0.4092,517,0.03852561116218567
75,TX,0.0722404368983594,0.3728,0.3728,57,0.03852561116218567
76,CA,0.41679304953583857,0.4054,0.4054,418,0.037090495228767395
76,NY,0.5126172887740996,0.4092,0.4092,520,0.037090495228767395
76,TX,0.07058966169006181,0.3728,0.3728,62,0.037090495228767395
77,CA,0.4168978457037369,0.4052,0.4052,401,0.03810504823923111
77,NY,0.5141325705801509,0.409,0.409,529,0.03810504823923111
77,TX,0.06896958371611218,0.3728,0.3728,70,0.03810504823923111
78,CA,0.41698120358888957,0.4052,0.4052,403,0.03782985359430313
78,NY,0.5156259869250978,0.4092,0.4092,530,0.03782985359430313
78,TX,0.06739280948601271,0.3728,0.3728,67,0.03782985359430313
79,CA,0.41701711925643703,0.4052,0.4052,439,0.03730667382478714
79,NY,0.5171382909503427,0.409,0.409,498,0.03730667382478714
79,TX,0.06584458979322023,0.3728,0.3728,63,0.03730667382478714
80,CA,0.4170670530942519,0.4052,0.4052,445,0.03708519786596298
80,NY,0.5185988475705823,0.409,0.409,491,0.03708519786596298
80,TX,0.06433409933516578,0.3728,0.3728,64,0.03708519786596298
81,CA,0.4171008168882153,0.4054,0.4054,416,0.03843493014574051
81,NY,0.5200433609037987,0.4092,0.4092,520,0.03843493014574051
81,TX,0.06285582220798602,0.3728,0.3728,64,0.03843493014574051
82,CA,0.4171224639925891,0.4052,0.4052,411,0.037921831011772156
82,NY,0.5214765462462683,0.409,0.409,527,0.037921831011772156
82,TX,0.06140098976114259,0.3728,0.3728,62,0.037921831011772156
83,CA,0.417124773790605,0.4052,0.4052,410,0.03796031326055527
83,NY,0.5228896401693365,0.4092,0.4092,544,0.03796031326055527
83,TX,0.05998558604005854,0.3728,0.3728,46,0.03796031326055527
84,CA,0.417080837959394,0.4054,0.4054,427,0.038995057344436646
84,NY,0.5243228492288967,0.4092,0.4092,515,0.038995057344436646
84,TX,0.058596312811709315,0.3728,0.3728,58,0.038995057344436646
85,CA,0.4170564487245739,0.4052,0.4052,400,0.038349710404872894
85,NY,0.5257097997769936,0.409,0.409,544,0.038349710404872894
85,TX,0.05723375149843248,0.3728,0.3728,56,0.038349710404872894
86,CA,0.41701391529632653,0.4052,0.4052,411,0.03827357292175293
86,NY,0.5270776865688231,0.409,0.409,536,0.03827357292175293
86,TX,0.05590839813485034,0.3728,0.3728,53,0.03827357292175293
87,CA,0.4169571035232524,0.4054,0.4054,391,0.038294680416584015
87,NY,0.5284310314027185,0.409,0.409,549,0.038294680416584015
87,TX,0.054611865074029146,0.3728,0.3728,60,0.038294680416584015
88,CA,0.41692090998491305,0.4052,0.4052,403,0.046999916434288025
88,NY,0.5297386456025212,0.409,0.409,530,0.046999916434288025
88,TX,0.05334044441256583,0.3728,0.3728,67,0.046999916434288025
89,CA,0.4168364343218056,0.4052,0.4052,410,0.037174783647060394
89,NY,0.5310635619525758,0.4092,0.4092,547,0.037174783647060394
89,TX,0.052100003725618564,0.3728,0.3728,43,0.037174783647060394
90,CA,0.41670707656941297,0.4052,0.4052,414,0.0376492440700531
90,NY,0.5324099962580363,0.4092,0.4092,527,0.0376492440700531
90,TX,0.05088292717255074,0.3728,0.3728,59,0.0376492440700531
91,CA,0.41656447671161434,0.4054,0.4054,438,0.03760228306055069
91,NY,0.5337428257450375,0.4092,0.4092,513,0.03760228306055069
91,TX,0.049692697543348034,0.3728,0.3728,49,0.03760228306055069
92,CA,0.4164435081403528,0.4054,0.4054,410,0.03775656968355179
92,NY,0.5350305740226678,0.4092,0.4092,542,0.03775656968355179
92,TX,0.04852591783697931,0.3728,0.3728,48,0.03775656968355179
93,CA,0.4163098614599329,0.4052,0.4052,406,0.03785642236471176
93,NY,0.5363050515774769,0.409,0.409,548,0.03785642236471176
93,TX,0.04738508696259039,0.3728,0.3728,46,0.03785642236471176
94,CA,0.41616098813562596,0.4052,0.4052,393,0.03762374818325043
94,NY,0.5375630473964248,0.409,0.409,564,0.03762374818325043
94,TX,0.046275964467949245,0.3728,0.3728,43,0.03762374818325043
95,CA,0.4160001186719726,0.4052,0.4052,385,0.03814694285392761
95,NY,0.5388083875625153,0.409,0.409,571,0.03814694285392761
95,TX,0.04519149376551207,0.3728,0.3728,44,0.03814694285392761
96,CA,0.41582751785624156,0.4052,0.4052,412,0.03769596666097641
96,NY,0.5400412962940806,0.4092,0.4092,539,0.03769596666097641
96,TX,0.044131185849677894,0.3728,0.3728,49,0.03769596666097641
97,CA,0.4156115149916387,0.4054,0.4054,389,0.03834957629442215
97,NY,0.5412972369584019,0.4092,0.4092,548,0.03834957629442215
97,TX,0.04309124804995941,0.3728,0.3728,63,0.03834957629442215
98,CA,0.415418746146377,0.4054,0.4054,412,0.03818260878324509
98,NY,0.5425090838274625,0.4092,0.4092,547,0.03818260878324509
98,TX,0.04207217002616033,0.3728,0.3728,41,0.03818260878324509
99,CA,0.41521489620232177,0.4054,0.4054,440,0.03825820982456207
99,NY,0.543709016377601,0.4092,0.4092,520,0.03825820982456207
99,TX,0.04107608742007709,0.3728,0.3728,40,0.03825820982456207
100,CA,0.41500021647448543,0.4052,0.4052,411,0.03821466118097305
100,NY,0.5448972520640092,0.409,0.409,558,0.03821466118097305
100,TX,0.04010253146150527,0.3728,0.3728,31,0.03821466118097305
101,CA,0.4147725557119404,0.4054,0.4054,387,0.03737683594226837
101,NY,0.546071057754208,0.4092,0.4092,566,0.03737683594226837
101,TX,0.03915638653385181,0.3728,0.3728,47,0.03737683594226837
102,CA,0.41453700884060846,0.4052,0.4052,403,0.038407184183597565
102,NY,0.5472366065569961,0.409,0.409,558,0.038407184183597565
102,TX,0.03822638460239546,0.3728,0.3728,39,0.038407184183597565
103,CA,0.41428907097035317,0.4054,0.4054,400,0.03816269338130951
103,NY,0.5483882747708559,0.4092,0.4092,556,0.03816269338130951
103,TX,0.03732265425879104,0.3728,0.3728,44,0.03816269338130951
104,CA,0.4140336048371539,0.4052,0.4052,431,0.03998548537492752
104,NY,0.5495319669572852,0.409,0.409,538,0.03998548537492752
104,TX,0.0364344282055608,0.3728,0.3728,31,0.03998548537492752
105,CA,0.4137663156838408,0.4052,0.4052,417,0.038394346833229065
105,NY,0.550662311366356,0.409,0.409,555,0.038394346833229065
105,TX,0.03557137294980333,0.3728,0.3728,28,0.038394346833229065
106,CA,0.4134897129880986,0.4054,0.4054,449,0.03797168284654617
106,NY,0.5517823220609199,0.4092,0.4092,510,0.03797168284654617
106,TX,0.03472796495098141,0.3728,0.3728,41,0.03797168284654617
107,CA,0.4132060957899923,0.4052,0.4052,399,0.03848271816968918
107,NY,0.5528947653315115,0.4092,0.4092,554,0.03848271816968918
107,TX,0.03389913887849621,0.3728,0.3728,47,0.03848271816968918
108,CA,0.41287899908399694,0.4052,0.4052,415,0.036843523383140564
108,NY,0.5540296978560751,0.4092,0.4092,546,0.036843523383140564
108,TX,0.03309130305992789,0.3728,0.3728,39,0.036843523383140564
109,CA,0.41254315144692005,0.4052,0.4052,418,0.037188299000263214
109,NY,0.5551548355930477,0.409,0.409,558,0.037188299000263214
109,TX,0.03230201296003229,0.3728,0.3728,24,0.037188299000263214
110,CA,0.412231307452787,0.4052,0.4052,416,0.03696991503238678
110,NY,0.5562353283813113,0.4092,0.4092,556,0.03696991503238678
110,TX,0.03153336416590181,0.3728,0.3728,28,0.03696991503238678
111,CA,0.41187861943885123,0.4052,0.4052,404,0.03799758106470108
111,NY,0.5573414445723284,0.4092,0.4092,569,0.03799758106470108
111,TX,0.03077993598882028,0.3728,0.3728,27,0.03799758106470108
112,CA,0.4115177958056746,0.4052,0.4052,389,0.03794977813959122
112,NY,0.5584383106781955,0.409,0.409,585,0.03794977813959122
112,TX,0.03004389351612993,0.3728,0.3728,26,0.03794977813959122
113,CA,0.4111816862534966,0.4052,0.4052,422,0.03705466538667679
113,NY,0.5594911215089288,0.4092,0.4092,550,0.03705466538667679
113,TX,0.02932719223757467,0.3728,0.3728,28,0.03705466538667679
114,CA,0.41080521319505736,0.4052,0.4052,401,0.037586815655231476
114,NY,0.5605700304794619,0.409,0.409,580,0.037586815655231476
114,TX,0.028624756325480796,0.3728,0.3728,19,0.037586815655231476
115,CA,0.4104539018065997,0.4052,0.4052,425,0.03876294195652008
115,NY,0.5616052638841827,0.409,0.409,546,0.03876294195652008
115,TX,0.027940834309217493,0.3728,0.3728,29,0.03876294195652008
116,CA,0.41009528236256887,0.4052,0.4052,403,0.03736523538827896
116,NY,0.5626319706083286,0.409,0.409,573,0.03736523538827896
116,TX,0.027272747029102457,0.3728,0.3728,24,0.03736523538827896
117,CA,0.40972953358999975,0.4052,0.4052,427,0.03657499700784683
117,NY,0.5636503157197412,0.409,0.409,550,0.03657499700784683
117,TX,0.026620150690259133,0.3728,0.3728,23,0.03657499700784683
118,CA,0.40935683059175987,0.4052,0.4052,428,0.03673548996448517
118,NY,0.5646604614987172,0.4092,0.4092,552,0.03673548996448517
118,TX,0.025982707909523,0.3728,0.3728,20,0.03673548996448517
119,CA,0.40894450960971035,0.4054,0.4054,402,0.03961366415023804
119,NY,0.5656974388124225,0.4094,0.4094,572,0.03961366415023804
119,TX,0.025358051577867285,0.3728,0.3728,26,0.03961366415023804
120,CA,0.40852705354139524,0.4052,0.4052,402,0.03683626651763916
120,NY,0.5667283917953689,0.409,0.409,571,0.03683626651763916
120,TX,0.024744554663235777,0.3728,0.3728,27,0.03683626651763916
121,CA,0.40813441605831813,0.4052,0.4052,429,0.03856002539396286
121,NY,0.5677148035926167,0.409,0.409,540,0.03856002539396286
121,TX,0.02415078034906516,0.3728,0.3728,31,0.03856002539396286
122,CA,0.4077354925009611,0.4052,0.4052,396,0.03837387263774872
122,NY,0.5686936383684397,0.409,0.409,579,0.03837387263774872
122,TX,0.023570869130599217,0.3728,0.3728,25,0.03837387263774872
123,CA,0.40733044056404344,0.4052,0.4052,405,0.038058482110500336
123,NY,0.5696650447607255,0.4092,0.4092,563,0.038058482110500336
123,TX,0.023004514675230958,0.3728,0.3728,32,0.038058482110500336
124,CA,0.40688645774108095,0.4052,0.4052,417,0.037626393139362335
124,NY,0.5706639440059825,0.4092,0.4092,551,0.037626393139362335
124,TX,0.022449598252936506,0.3728,0.3728,32,0.037626393139362335
125,CA,0.4064366098161158,0.4054,0.4054,370,0.03888750076293945
125,NY,0.5716556648480285,0.4092,0.4092,610,0.03888750076293945
125,TX,0.021907725335855673,0.3728,0.3728,20,0.03888750076293945
126,CA,0.40601536968461976,0.4052,0.4052,422,0.03793088346719742
126,NY,0.5726072608792635,0.409,0.409,553,0.03793088346719742
126,TX,0.021377369436116764,0.3728,0.3728,25,0.03793088346719742
127,CA,0.4055872457285429,0.4052,0.4052,414,0.0378747284412384
127,NY,0.5735503091411216,0.409,0.409,564,0.0378747284412384
127,TX,0.020862445130335434,0.3728,0.3728,22,0.0378747284412384
128,CA,0.40515373585806,0.4054,0.4054,392,0.03790783882141113
128,NY,0.5744866334886936,0.4092,0.4092,593,0.03790783882141113
128,TX,0.02035963065324642,0.3728,0.3728,15,0.03790783882141113
129,CA,0.4047162123347503,0.4054,0.4054,414,0.0377827063202858
129,NY,0.5754179002193929,0.4092,0.4092,576,0.0377827063202858
129,TX,0.019865887445856722,0.3728,0.3728,10,0.0377827063202858
130,CA,0.4042735192853239,0.4052,0.4052,403,0.03682197630405426
130,NY,0.5763426331851957,0.409,0.409,579,0.03682197630405426
130,TX,0.019383847529480344,0.3728,0.3728,18,0.03682197630405426
131,CA,0.40382461490383864,0.4054,0.4054,417,0.037857964634895325
131,NY,0.5772595026282026,0.4092,0.4092,563,0.037857964634895325
131,TX,0.018915882467958722,0.3728,0.3728,20,0.037857964634895325
132,CA,0.40337201154736385,0.4052,0.4052,419,0.03720378130674362
132,NY,0.5781715923817901,0.409,0.409,556,0.03720378130674362
132,TX,0.018456396070846082,0.3728,0.3728,25,0.03720378130674362
133,CA,0.40291351110582574,0.4054,0.4054,398,0.03877006471157074
133,NY,0.5790761410344898,0.4092,0.4092,583,0.03877006471157074
133,TX,0.01801034785968456,0.3728,0.3728,19,0.03877006471157074
134,CA,0.40245151028947435,0.4052,0.4052,431,0.04580968618392944
134,NY,0.5799760867857733,0.409,0.409,550,0.04580968618392944
134,TX,0.017572402924752362,0.3728,0.3728,19,0.04580968618392944
135,CA,0.4019839126942278,0.4052,0.4052,407,0.03753681480884552
135,NY,0.580868801217675,0.409,0.409,580,0.03753681480884552
135,TX,0.01714728608809715,0.3728,0.3728,13,0.03753681480884552
136,CA,0.40151195916624716,0.4052,0.4052,403,0.038644611835479736
136,NY,0.581755791194204,0.409,0.409,583,0.038644611835479736
136,TX,0.016732249639548856,0.3728,0.3728,14,0.038644611835479736
137,CA,0.4010357656911932,0.4052,0.4052,356,0.03824963420629501
137,NY,0.5826371706664901,0.409,0.409,625,0.03824963420629501
137,TX,0.01632706364231664,0.3728,0.3728,19,0.03824963420629501
138,CA,0.4005554456697674,0.4052,0.4052,402,0.03697983920574188
138,NY,0.5835130513433798,0.4092,0.4092,574,0.03697983920574188
138,TX,0.015931502986852756,0.3728,0.3728,24,0.03697983920574188
139,CA,0.4000379267760545,0.4052,0.4052,386,0.036968909204006195
139,NY,0.5844180152960232,0.409,0.409,599,0.036968909204006195
139,TX,0.015544057927922197,0.3728,0.3728,15,0.036968909204006195
140,CA,0.39954967520166546,0.4052,0.4052,407,0.037211574614048004
140,NY,0.585283203865238,0.409,0.409,571,0.037211574614048004
140,TX,0.015167120933096518,0.3728,0.3728,22,0.037211574614048004
141,CA,0.39905762299396097,0.4052,0.4052,399,0.03807986527681351
141,NY,0.5861432155483752,0.409,0.409,582,0.03807986527681351
141,TX,0.014799161457663922,0.3728,0.3728,19,0.03807986527681351
142,CA,0.3985618736884722,0.4054,0.4054,444,0.03856595605611801
142,NY,0.586998153409163,0.4092,0.4092,544,0.03856595605611801
142,TX,0.014439972902364814,0.3728,0.3728,12,0.03856595605611801
143,CA,0.39806341641639714,0.4052,0.4052,395,0.038554221391677856
143,NY,0.5878492040991404,0.409,0.409,589,0.038554221391677856
143,TX,0.01408737948446253,0.3728,0.3728,16,0.038554221391677856
144,CA,0.3975605538412766,0.4052,0.4052,416,0.037623897194862366
144,NY,0.5886942682952436,0.409,0.409,570,0.037623897194862366
144,TX,0.013745177863479856,0.3728,0.3728,14,0.037623897194862366
145,CA,0.39705429140679005,0.4054,0.4054,367,0.21144810318946838
145,NY,0.5895345561000385,0.4092,0.4092,616,0.21144810318946838
145,TX,0.013411152493171482,0.3728,0.3728,17,0.21144810318946838
146,CA,0.3965455518089249,0.4052,0.4052,379,0.0384991317987442
146,NY,0.5903711689629391,0.409,0.409,608,0.0384991317987442
146,TX,0.013083279228136062,0.3728,0.3728,13,0.0384991317987442
147,CA,0.3960327519073155,0.4052,0.4052,407,0.03781162202358246
147,NY,0.5912021616324655,0.4092,0.4092,577,0.03781162202358246
147,TX,0.012765086460218993,0.3728,0.3728,16,0.03781162202358246
148,CA,0.3954835948913673,0.4052,0.4052,374,0.03878525644540787
148,NY,0.5920629385263303,0.4092,0.4092,617,0.03878525644540787
148,TX,0.012453466582302505,0.3728,0.3728,9,0.03878525644540787
149,CA,0.3949313993364639,0.4052,0.4052,401,0.03703170269727707
149,NY,0.592919263629949,0.409,0.409,582,0.03703170269727707
149,TX,0.012149337033587249,0.3728,0.3728,17,0.03703170269727707
150,CA,0.3944094903033494,0.4052,0.4052,399,0.03726667910814285
150,NY,0.5937369879252633,0.409,0.409,587,0.03726667910814285
150,TX,0.011853521771387491,0.3728,0.3728,14,0.03726667910814285
151,CA,0.39388471811702064,0.4054,0.4054,394,0.0382317379117012
151,NY,0.5945504771010565,0.4092,0.4092,592,0.0382317379117012
151,TX,0.011564804781922924,0.3728,0.3728,14,0.0382317379117012
152,CA,0.3933578863547955,0.4054,0.4054,374,0.03871415555477142
152,NY,0.5953606783286826,0.4092,0.4092,613,0.03871415555477142
152,TX,0.011281435316521824,0.3728,0.3728,13,0.03871415555477142
153,CA,0.39282832119037364,0.4052,0.4052,378,0.03988458216190338
153,NY,0.5961667659442659,0.4092,0.4092,611,0.03988458216190338
153,TX,0.011004912865360407,0.3728,0.3728,11,0.03988458216190338
154,CA,0.39226217401639807,0.4052,0.4052,377,0.03781937062740326
154,NY,0.597002150440387,0.4092,0.4092,614,0.03781937062740326
154,TX,0.010735675543215167,0.3728,0.3728,9,0.03781937062740326
155,CA,0.391693484605917,0.4052,0.4052,422,0.039146557450294495
155,NY,0.5978335800192346,0.4092,0.4092,568,0.039146557450294495
155,TX,0.010472935374848304,0.3728,0.3728,10,0.039146557450294495
156,CA,0.3911223293214119,0.4052,0.4052,371,0.03785174340009689
156,NY,0.5986611312328995,0.409,0.409,619,0.03785174340009689
156,TX,0.010216539445688603,0.3728,0.3728,10,0.03785174340009689
157,CA,0.39058201407864523,0.4052,0.4052,376,0.03803025931119919
157,NY,0.5994507996323637,0.409,0.409,614,0.03803025931119919
157,TX,0.009967186288991065,0.3728,0.3728,10,0.03803025931119919
158,CA,0.39003937410245626,0.4052,0.4052,389,0.03724398463964462
158,NY,0.6002367834147136,0.409,0.409,603,0.03724398463964462
158,TX,0.009723842482830088,0.3728,0.3728,8,0.03724398463964462
159,CA,0.3894944789542677,0.4052,0.4052,396,0.037594519555568695
159,NY,0.6010191545408694,0.4092,0.4092,597,0.037594519555568695
159,TX,0.009486366504862958,0.3728,0.3728,7,0.037594519555568695
160,CA,0.38891417473836637,0.4052,0.4052,386,0.03816938400268555
160,NY,0.6018319957258086,0.409,0.409,606,0.03816938400268555
160,TX,0.009253829535825046,0.3728,0.3728,8,0.03816938400268555
161,CA,0.38836497561413547,0.4052,0.4052,415,0.03844135254621506
161,NY,0.602607328745263,0.409,0.409,572,0.03844135254621506
161,TX,0.009027695640601503,0.3728,0.3728,13,0.03844135254621506
162,CA,0.38781372084462074,0.4052,0.4052,373,0.037447646260261536
162,NY,0.6033792557179768,0.409,0.409,617,0.037447646260261536
162,TX,0.008807023437402405,0.3728,0.3728,10,0.037447646260261536
163,CA,0.3872604736718238,0.4052,0.4052,368,0.03808022290468216
163,NY,0.6041478425645901,0.409,0.409,617,0.03808022290468216
163,TX,0.008591683763586135,0.3728,0.3728,15,0.03808022290468216
164,CA,0.3867052958470858,0.4052,0.4052,353,0.03770383447408676
164,NY,0.6049131537655981,0.409,0.409,638,0.03770383447408676
164,TX,0.008381550387316137,0.3728,0.3728,9,0.03770383447408676
165,CA,0.3861482476645001,0.4054,0.4054,413,0.03798753768205643
165,NY,0.6056752523886716,0.4092,0.4092,577,0.03798753768205643
165,TX,0.008176499946828288,0.3728,0.3728,10,0.03798753768205643
166,CA,0.38558991542569393,0.4054,0.4054,394,0.037609025835990906
166,NY,0.6064347968837075,0.4092,0.4092,598,0.037609025835990906
166,TX,0.007975287690598458,0.3728,0.3728,8,0.037609025835990906
167,CA,0.38502980641047696,0.4054,0.4054,395,0.03750820457935333
167,NY,0.6071912188096709,0.4092,0.4092,599,0.03750820457935333
167,TX,0.007778974779852189,0.3728,0.3728,6,0.03750820457935333
168,CA,0.38446797760074164,0.4052,0.4052,390,0.03836981952190399
168,NY,0.6079445782548607,0.409,0.409,602,0.03836981952190399
168,TX,0.007587444144397631,0.3728,0.3728,8,0.03836981952190399
169,CA,0.3839039905627081,0.4052,0.4052,369,0.03743433207273483
169,NY,0.6086943842376722,0.409,0.409,623,0.03743433207273483
169,TX,0.007401625199619755,0.3728,0.3728,8,0.03743433207273483
170,CA,0.38333841472325697,0.4052,0.4052,372,0.03740668296813965
170,NY,0.609441273764889,0.4092,0.4092,623,0.03740668296813965
170,TX,0.007220311511854024,0.3728,0.3728,5,0.03740668296813965
171,CA,0.3827381523585457,0.4052,0.4052,367,0.03833160549402237
171,NY,0.6102190618728616,0.4092,0.4092,629,0.03833160549402237
171,TX,0.00704278576859276,0.3728,0.3728,4,0.03833160549402237
172,CA,0.3821364234669427,0.4052,0.4052,381,0.039655283093452454
172,NY,0.6109939949441614,0.409,0.409,614,0.039655283093452454
172,TX,0.006869581588895955,0.3728,0.3728,5,0.039655283093452454
173,CA,0.3815664083453492,0.4052,0.4052,371,0.03801451623439789
173,NY,0.6117324142597562,0.409,0.409,624,0.03801451623439789
173,TX,0.0067011773948945485,0.3728,0.3728,5,0.03801451623439789
174,CA,0.38099500665744934,0.4054,0.4054,369,0.03842133283615112
174,NY,0.6124681301791499,0.4092,0.4092,625,0.03842133283615112
174,TX,0.006536863163400761,0.3728,0.3728,6,0.03842133283615112
175,CA,0.3804227005344991,0.4052,0.4052,388,0.03791394829750061
175,NY,0.613201658453282,0.409,0.409,608,0.03791394829750061
175,TX,0.006375641012218883,0.3728,0.3728,4,0.03791394829750061
176,CA,0.3798486577555709,0.4054,0.4054,399,0.03820320963859558
176,NY,0.6139321045301226,0.4092,0.4092,598,0.03820320963859558
176,TX,0.006219237714306351,0.3728,0.3728,3,0.03820320963859558
177,CA,0.37927378436626163,0.4054,0.4054,353,0.03895777463912964
177,NY,0.6146604349027442,0.4092,0.4092,640,0.03895777463912964
177,TX,0.006065780730994128,0.3728,0.3728,7,0.03895777463912964
178,CA,0.3786976903832939,0.4054,0.4054,370,0.03770400583744049
178,NY,0.6153862320448156,0.4092,0.4092,627,0.03770400583744049
178,TX,0.005916077571890425,0.3728,0.3728,3,0.03770400583744049
179,CA,0.37812041948853886,0.4052,0.4052,371,0.03799919784069061
179,NY,0.6161095427448761,0.4092,0.4092,624,0.03799919784069061
179,TX,0.005770037766585079,0.3728,0.3728,5,0.03799919784069061
180,CA,0.37750856950663003,0.4052,0.4052,381,0.03869271278381348
180,NY,0.6168635551574084,0.4092,0.4092,615,0.03869271278381348
180,TX,0.0056278753359616605,0.3728,0.3728,4,0.03869271278381348
181,CA,0.37689566852419726,0.4052,0.4052,400,0.036846794188022614
181,NY,0.6176151456929485,0.409,0.409,596,0.036846794188022614
181,TX,0.005489185782854238,0.3728,0.3728,4,0.036846794188022614
182,CA,0.3763147833434136,0.4052,0.4052,371,0.03795003145933151
182,NY,0.6183308612800853,0.4092,0.4092,625,0.03795003145933151
182,TX,0.005354355376501097,0.3728,0.3728,4,0.03795003145933151
183,CA,0.3756998883058046,0.4052,0.4052,371,0.039255715906620026
183,NY,0.6190777600890346,0.4092,0.4092,626,0.039255715906620026
183,TX,0.0052223516051609735,0.3728,0.3728,3,0.039255715906620026
184,CA,0.3750840620829622,0.4052,0.4052,388,0.03773460537195206
184,NY,0.6198223620134546,0.409,0.409,604,0.03773460537195206
184,TX,0.005093575903583293,0.3728,0.3728,8,0.03773460537195206
185,CA,0.37450032632518376,0.4052,0.4052,352,0.03781531751155853
185,NY,0.6205312857055092,0.409,0.409,647,0.03781531751155853
185,TX,0.0049683879693072095,0.3728,0.3728,1,0.03781531751155853
186,CA,0.37391570568261456,0.4052,0.4052,388,0.038729824125766754
186,NY,0.6212380407049957,0.409,0.409,607,0.038729824125766754
186,TX,0.004846253612389687,0.3728,0.3728,5,0.038729824125766754
187,CA,0.3733302355785444,0.4052,0.4052,361,0.0373275950551033
187,NY,0.6219426651353284,0.409,0.409,635,0.0373275950551033
187,TX,0.004727099286127175,0.3728,0.3728,4,0.0373275950551033
188,CA,0.37274395058944,0.4054,0.4054,372,0.03788507729768753
188,NY,0.6226451962358246,0.4094,0.4094,624,0.03788507729768753
188,TX,0.004610853174735231,0.3728,0.3728,4,0.03788507729768753
189,CA,0.37212429057342883,0.4052,0.4052,374,0.03769949823617935
189,NY,0.6233792981305484,0.4092,0.4092,620,0.03769949823617935
189,TX,0.004496411296022772,0.3728,0.3728,6,0.03769949823617935
190,CA,0.3715035757086518,0.4052,0.4052,401,0.0405111089348793
190,NY,0.6241110149429655,0.409,0.409,592,0.0405111089348793
190,TX,0.004385409348382786,0.3728,0.3728,7,0.0405111089348793
191,CA,0.37091507017182757,0.4052,0.4052,372,0.03782886266708374
191,NY,0.624807422638303,0.409,0.409,620,0.03782886266708374
191,TX,0.004277507189869369,0.3728,0.3728,8,0.03782886266708374
192,CA,0.37032588070127737,0.4052,0.4052,406,0.03777991235256195
192,NY,0.6255018775641079,0.409,0.409,589,0.03777991235256195
192,TX,0.004172241734614642,0.3728,0.3728,5,0.03777991235256195
193,CA,0.36973603792078213,0.4052,0.4052,350,0.037967994809150696
193,NY,0.6261944128073541,0.409,0.409,646,0.037967994809150696
193,TX,0.00406954927186368,0.3728,0.3728,4,0.037967994809150696
194,CA,0.369145571722522,0.4052,0.4052,360,0.03765804320573807
194,NY,0.6268850606779023,0.409,0.409,639,0.03765804320573807
194,TX,0.003969367599575699,0.3728,0.3728,1,0.03765804320573807
195,CA,0.3685545112847434,0.4054,0.4054,368,0.0377054437994957
195,NY,0.6275738527251733,0.4092,0.4092,627,0.0377054437994957
195,TX,0.0038716359900832303,0.3728,0.3728,5,0.0377054437994957
196,CA,0.36796317155686453,0.4052,0.4052,359,0.03714112192392349
196,NY,0.6282610677450668,0.409,0.409,637,0.03714112192392349
196,TX,0.0037757606980687126,0.3728,0.3728,4,0.03714112192392349
197,CA,0.3673710021781271,0.4052,0.4052,368,0.03800343722105026
197,NY,0.6289462319450104,0.4092,0.4092,627,0.03800343722105026
197,TX,0.0036827658768624027,0.3728,0.3728,5,0.03800343722105026
198,CA,0.3667455451298454,0.4052,0.4052,345,0.038038723170757294
198,NY,0.6296627287415907,0.409,0.409,653,0.038038723170757294
198,TX,0.003591726128563857,0.3728,0.3728,2,0.038038723170757294
199,CA,0.36615239845343767,0.4054,0.4054,376,0.03766351193189621
199,NY,0.630344365672116,0.4092,0.4092,618,0.03766351193189621
199,TX,0.003503235874446267,0.3728,0.3728,6,0.03766351193189621
200,CA,0.36555905996976945,0.4052,0.4052,381,0.03760708123445511
200,NY,0.6310245112681703,0.409,0.409,615,0.03760708123445511
200,TX,0.0034164287620603462,0.3728,0.3728,4,0.03760708123445511
201,CA,0.3649650176278412,0.4052,0.4052,358,0.03815975785255432
201,NY,0.6317027507172486,0.409,0.409,640,0.03815975785255432
201,TX,0.0033322316549102204,0.3728,0.3728,2,0.03815975785255432
202,CA,0.3643705671829994,0.4054,0.4054,362,0.03757346421480179
202,NY,0.6323793355014682,0.4092,0.4092,634,0.03757346421480179
202,TX,0.00325009731553245,0.3728,0.3728,4,0.03757346421480179
203,CA,0.3637759851705926,0.4054,0.4054,380,0.038415826857089996
203,NY,0.6330544880669818,0.4092,0.4092,619,0.038415826857089996
203,TX,0.0031695267624254836,0.3728,0.3728,1,0.038415826857089996
204,CA,0.36318103383595085,0.4052,0.4052,379,0.03760761022567749
204,NY,0.6337280239955337,0.409,0.409,618,0.03760761022567749
204,TX,0.0030909421685153863,0.3728,0.3728,3,0.03760761022567749
205,CA,0.3625854925920753,0.4054,0.4054,358,0.038132444024086
205,NY,0.6343997853965763,0.4092,0.4092,638,0.038132444024086
205,TX,0.003014722011348589,0.3728,0.3728,4,0.038132444024086
206,CA,0.3619898759731808,0.4052,0.4052,377,0.03905525803565979
206,NY,0.6350701696286088,0.4092,0.4092,618,0.03905525803565979
206,TX,0.002939954398210271,0.3728,0.3728,5,0.03905525803565979
207,CA,0.36136111325351766,0.4054,0.4054,339,0.03229141980409622
207,NY,0.635771708357848,0.4092,0.4092,661,0.03229141980409622
207,TX,0.0028671783886342838,0.3728,0.3728,0,0.03229141980409622
208,CA,0.3607649391863329,0.4054,0.4054,359,0.038395464420318604
208,NY,0.6364390107421258,0.4092,0.4092,637,0.038395464420318604
208,TX,0.002796050071541313,0.3728,0.3728,4,0.038395464420318604
209,CA,0.36016850664652916,0.4052,0.4052,367,0.038162440061569214
209,NY,0.6371048164666653,0.4092,0.4092,631,0.038162440061569214
209,TX,0.0027266768868056076,0.3728,0.3728,2,0.038162440061569214
210,CA,0.35953906383483125,0.4052,0.4052,386,0.03888460993766785
210,NY,0.6378017842172952,0.409,0.409,611,0.03888460993766785
210,TX,0.0026591519478737008,0.3728,0.3728,3,0.03888460993766785
211,CA,0.3589419791642547,0.4052,0.4052,375,0.03813119977712631
211,NY,0.6384644957472059,0.409,0.409,624,0.03813119977712631
211,TX,0.002593525088539348,0.3728,0.3728,1,0.03813119977712631
212,CA,0.35834470359769915,0.4052,0.4052,363,0.03750227391719818
212,NY,0.639125786874067,0.4092,0.4092,634,0.03750227391719818
212,TX,0.0025295095282339085,0.3728,0.3728,3,0.03750227391719818
213,CA,0.35771477047358596,0.4052,0.4052,378,0.037797845900058746
213,NY,0.6398183875367904,0.4092,0.4092,621,0.037797845900058746
213,TX,0.0024668419896235016,0.3728,0.3728,1,0.037797845900058746
214,CA,0.35708472688058296,0.4052,0.4052,373,0.03778354823589325
214,NY,0.640509554311025,0.4092,0.4092,622,0.03778354823589325
214,TX,0.0024057188083920437,0.3728,0.3728,5,0.03778354823589325
215,CA,0.35645459143389824,0.4054,0.4054,350,0.03771533817052841
215,NY,0.6411993063427743,0.4092,0.4092,647,0.03771533817052841
215,TX,0.0023461022233273636,0.3728,0.3728,3,0.03771533817052841
216,CA,0.3558570042579606,0.4054,0.4054,359,0.03684491664171219
216,NY,0.6418551562225928,0.4092,0.4092,640,0.03684491664171219
216,TX,0.002287839519446638,0.3728,0.3728,1,0.03684491664171219
217,CA,0.3552593106687674,0.4052,0.4052,346,0.036681391298770905
217,NY,0.6425096725893739,0.409,0.409,652,0.036681391298770905
217,TX,0.002231016741858771,0.3728,0.3728,2,0.036681391298770905
218,CA,0.3546613303101129,0.4052,0.4052,361,0.037240415811538696
218,NY,0.6431627626932843,0.4092,0.4092,636,0.037240415811538696
218,TX,0.0021759069966027773,0.3728,0.3728,3,0.037240415811538696
219,CA,0.354030929598732,0.4054,0.4054,337,0.0371345579624176
219,NY,0.6438471122005185,0.4092,0.4092,662,0.0371345579624176
219,TX,0.002121958200749482,0.3728,0.3728,1,0.0371345579624176
220,CA,0.35343304502091877,0.4054,0.4054,341,0.03721405565738678
220,NY,0.6444977186576141,0.4092,0.4092,657,0.03721405565738678
220,TX,0.002069236321467162,0.3728,0.3728,2,0.03721405565738678
221,CA,0.3528351197344641,0.4052,0.4052,353,0.03799799084663391
221,NY,0.6451470619100137,0.409,0.409,644,0.03799799084663391
221,TX,0.0020178183555223453,0.3728,0.3728,3,0.03799799084663391
222,CA,0.35223698325546127,0.4054,0.4054,381,0.032256320118904114
222,NY,0.6457950654568465,0.4092,0.4092,619,0.032256320118904114
222,TX,0.001967951287692188,0.3728,0.3728,0,0.032256320118904114
223,CA,0.3516390252622404,0.4052,0.4052,333,0.038000598549842834
223,NY,0.6464419358293824,0.4092,0.4092,664,0.038000598549842834
223,TX,0.0019190389083773229,0.3728,0.3728,3,0.038000598549842834
224,CA,0.3510086507740271,0.4052,0.4052,335,0.03696499019861221
224,NY,0.6471199189036548,0.409,0.409,663,0.03696499019861221
224,TX,0.0018714303223181074,0.3728,0.3728,2,0.03696499019861221
225,CA,0.350410563543274,0.4054,0.4054,378,0.2058068811893463
225,NY,0.6477642713332703,0.4092,0.4092,622,0.2058068811893463
225,TX,0.0018251651234557629,0.3728,0.3728,0,0.2058068811893463
226,CA,0.3498126900356892,0.4052,0.4052,339,0.03894249349832535
226,NY,0.6484075236913609,0.409,0.409,659,0.03894249349832535
226,TX,0.0017797862729498745,0.3728,0.3728,2,0.03894249349832535
227,CA,0.349214690069965,0.4052,0.4052,342,0.036859214305877686
227,NY,0.6490495329417391,0.4092,0.4092,656,0.036859214305877686
227,TX,0.0017357769882958372,0.3728,0.3728,2,0.036859214305877686
228,CA,0.3485846085165956,0.4052,0.4052,338,0.036909401416778564
228,NY,0.6497226962989207,0.409,0.409,660,0.036909401416778564
228,TX,0.0016926951844838025,0.3728,0.3728,2,0.036909401416778564
229,CA,0.34798677483460644,0.4054,0.4054,335,0.0381193608045578
229,NY,0.6503623949098316,0.4092,0.4092,664,0.0381193608045578
229,TX,0.0016508302555620225,0.3728,0.3728,1,0.0381193608045578
230,CA,0.34738919817183656,0.4052,0.4052,354,0.03722907602787018
230,NY,0.6510010337451597,0.409,0.409,644,0.03722907602787018
230,TX,0.0016097680830038004,0.3728,0.3728,2,0.03722907602787018
231,CA,0.34679155592558464,0.4052,0.4052,359,0.03778456151485443
231,NY,0.6516384983234652,0.409,0.409,639,0.03778456151485443
231,TX,0.0015699457509501936,0.3728,0.3728,2,0.03778456151485443
232,CA,0.3461940287640685,0.4052,0.4052,319,0.03132189065217972
232,NY,0.6522748667332207,0.409,0.409,681,0.03132189065217972
232,TX,0.00153110450271078,0.3728,0.3728,0,0.03132189065217972
233,CA,0.345596628467595,0.4054,0.4054,357,0.037251636385917664
233,NY,0.652910151226125,0.4092,0.4092,642,0.037251636385917664
233,TX,0.0014932203062800484,0.3728,0.3728,1,0.037251636385917664
234,CA,0.34499952458039435,0.4052,0.4052,329,0.03142014890909195
234,NY,0.6535444122787265,0.4092,0.4092,671,0.03142014890909195
234,TX,0.001456063140879273,0.3728,0.3728,0,0.03142014890909195
235,CA,0.34437043312279075,0.406,0.406,375,0.03271955996751785
235,NY,0.6542096703473926,0.4096,0.4096,625,0.03271955996751785
235,TX,0.0014198965298166761,0.3732,0.3732,0,0.03271955996751785
236,CA,0.3438059208670298,0.4052,0.4052,335,0.03859134763479233
236,NY,0.6548095800683628,0.409,0.409,664,0.03859134763479233
236,TX,0.0013844990646073954,0.3728,0.3728,1,0.03859134763479233
237,CA,0.3432091349320409,0.4054,0.4054,330,0.03886129707098007
237,NY,0.6554406365294442,0.4092,0.4092,668,0.03886129707098007
237,TX,0.0013502285385148744,0.3728,0.3728,2,0.03886129707098007
238,CA,0.3426126814635734,0.4052,0.4052,356,0.03804981708526611
238,NY,0.6560707023208052,0.409,0.409,641,0.03804981708526611
238,TX,0.001316616215621522,0.3728,0.3728,3,0.03804981708526611
239,CA,0.34201626800849955,0.4052,0.4052,360,0.038080714643001556
239,NY,0.6566997123744313,0.409,0.409,638,0.038080714643001556
239,TX,0.0012840196170692776,0.3728,0.3728,2,0.038080714643001556
240,CA,0.34142005687533455,0.4054,0.4054,340,0.031189143657684326
240,NY,0.6573277161500023,0.4092,0.4092,660,0.031189143657684326
240,TX,0.0012522269746632383,0.3728,0.3728,0,0.031189143657684326
241,CA,0.3408242031601143,0.4054,0.4054,349,0.03741982579231262
241,NY,0.6579547515468815,0.4092,0.4092,650,0.03741982579231262
241,TX,0.0012210452930042663,0.3728,0.3728,1,0.03741982579231262
242,CA,0.34022856786314176,0.4052,0.4052,313,0.03213595598936081
242,NY,0.6585807949457938,0.409,0.409,687,0.03213595598936081
242,TX,0.0011906371910644362,0.3728,0.3728,0,0.03213595598936081
243,CA,0.3396330184224794,0.4052,0.4052,364,0.03791423141956329
243,NY,0.6592058332490685,0.409,0.409,634,0.03791423141956329
243,TX,0.0011611483284522759,0.3728,0.3728,2,0.03791423141956329
244,CA,0.33903770927928645,0.4052,0.4052,364,0.038751907646656036
244,NY,0.6598299035747818,0.409,0.409,635,0.038751907646656036
244,TX,0.0011323871459317071,0.3728,0.3728,1,0.038751907646656036
245,CA,0.33844264938172075,0.4052,0.4052,334,0.032030701637268066
245,NY,0.6604530148433209,0.409,0.409,666,0.032030701637268066
245,TX,0.0011043357749584589,0.3728,0.3728,0,0.032030701637268066
246,CA,0.3378478474788108,0.4054,0.4054,311,0.03262428939342499
246,NY,0.6610751757386181,0.4092,0.4092,689,0.03262428939342499
246,TX,0.0010769767825711451,0.3728,0.3728,0,0.03262428939342499
247,CA,0.33725344818121494,0.4052,0.4052,326,0.03168831765651703
247,NY,0.6616964076996035,0.409,0.409,674,0.03168831765651703
247,TX,0.0010501441191816934,0.3728,0.3728,0,0.03168831765651703
248,CA,0.33665918633628794,0.4054,0.4054,334,0.03223749250173569
248,NY,0.6623166906990036,0.4092,0.4092,666,0.03223749250173569
248,TX,0.0010241229647083602,0.3728,0.3728,0,0.03223749250173569
249,CA,0.3360653408929525,0.4052,0.4052,357,0.03198026865720749
249,NY,0.6629360565317494,0.409,0.409,643,0.03198026865720749
249,TX,0.0009986025752980743,0.3728,0.3728,0,0.03198026865720749
250,CA,0.3354716519712222,0.4052,0.4052,369,0.03787042200565338
250,NY,0.6635544938922343,0.409,0.409,630,0.03787042200565338
250,TX,0.0009738541365435306,0.3728,0.3728,1,0.03787042200565338
251,CA,0.3348782620367122,0.4054,0.4054,332,0.03789598494768143
251,NY,0.6641720210496624,0.4092,0.4092,667,0.03789598494768143
251,TX,0.0009497169136254191,0.3728,0.3728,1,0.03789598494768143
252,CA,0.33428530809193274,0.4052,0.4052,301,0.03771781921386719
252,NY,0.6647886474727328,0.4092,0.4092,696,0.03771781921386719
252,TX,0.0009260444353344793,0.3728,0.3728,3,0.03771781921386719
253,CA,0.3336610232004899,0.4054,0.4054,315,0.03201970458030701
253,NY,0.6654359739030651,0.4092,0.4092,685,0.03201970458030701
253,TX,0.0009030028964450359,0.3728,0.3728,0,0.03201970458030701
254,CA,0.3330687280326192,0.4054,0.4054,325,0.031958773732185364
254,NY,0.6660507811199671,0.4092,0.4092,675,0.031958773732185364
254,TX,0.0008804908474135616,0.3728,0.3728,0,0.031958773732185364
255,CA,0.3324767592505404,0.4052,0.4052,342,0.037938833236694336
255,NY,0.6666647025932239,0.4092,0.4092,656,0.037938833236694336
255,TX,0.0008585381562356324,0.3728,0.3728,2,0.037938833236694336
256,CA,0.33185356739935723,0.4052,0.4052,339,0.037778452038764954
256,NY,0.6673092620768772,0.409,0.409,659,0.037778452038764954
256,TX,0.0008371705237654722,0.3728,0.3728,2,0.037778452038764954
257,CA,0.33126217745488257,0.4052,0.4052,361,0.03296689689159393
257,NY,0.6679214123495032,0.4092,0.4092,639,0.03296689689159393
257,TX,0.0008164101956141354,0.3728,0.3728,0,0.03296689689159393
258,CA,0.33063976105567966,0.4052,0.4052,350,0.03213348984718323
258,NY,0.6685641514984103,0.409,0.409,650,0.03213348984718323
258,TX,0.0007960874459100359,0.3728,0.3728,0,0.03213348984718323
259,CA,0.3300491040932882,0.4052,0.4052,345,0.032620757818222046
259,NY,0.6691745533662049,0.409,0.409,655,0.032620757818222046
259,TX,0.0007763425405069976,0.3728,0.3728,0,0.032620757818222046
260,CA,0.32945880970432956,0.4054,0.4054,355,0.031624920666217804
260,NY,0.6697841045304028,0.4092,0.4092,645,0.031624920666217804
260,TX,0.0007570857652675494,0.3728,0.3728,0,0.031624920666217804
261,CA,0.3288690033410725,0.4054,0.4054,352,0.033845268189907074
261,NY,0.6703927963560042,0.4092,0.4092,648,0.033845268189907074
261,TX,0.0007382003029232378,0.3728,0.3728,0,0.033845268189907074
262,CA,0.32827956999275176,0.4054,0.4054,308,0.03107260912656784
262,NY,0.6710006455671249,0.4092,0.4092,692,0.03107260912656784
262,TX,0.0007197844401233653,0.3728,0.3728,0,0.03107260912656784
263,CA,0.3276905157506038,0.4054,0.4054,351,0.03245546668767929
263,NY,0.6716076577027249,0.4092,0.4092,649,0.03245546668767929
263,TX,0.0007018265466712363,0.3728,0.3728,0,0.03245546668767929
264,CA,0.327101846576362,0.4052,0.4052,331,0.03776427358388901
264,NY,0.6722138381448256,0.409,0.409,668,0.03776427358388901
264,TX,0.0006843152788124025,0.3728,0.3728,1,0.03776427358388901
265,CA,0.3265134529828738,0.4054,0.4054,326,0.03787114471197128
265,NY,0.6728192127133811,0.409,0.409,673,0.03787114471197128
265,TX,0.0006673343037450605,0.3728,0.3728,1,0.03787114471197128
266,CA,0.32595672565221623,0.4052,0.4052,314,0.03228908032178879
266,NY,0.6733925311486473,0.409,0.409,686,0.03228908032178879
266,TX,0.0006507431991365929,0.3728,0.3728,0,0.03228908032178879
267,CA,0.32536910526493634,0.4052,0.4052,321,0.03693217784166336
267,NY,0.6739963019444242,0.4092,0.4092,678,0.03693217784166336
267,TX,0.000634592790639494,0.3728,0.3728,1,0.03693217784166336
268,CA,0.3247507974029002,0.4056,0.4056,323,0.03206682205200195
268,NY,0.6746304198781953,0.4092,0.4092,677,0.03206682205200195
268,TX,0.0006187827189044975,0.373,0.373,0,0.03206682205200195
269,CA,0.32419528840835016,0.4052,0.4052,321,0.032100893557071686
269,NY,0.6752013141869122,0.4092,0.4092,679,0.032100893557071686
269,TX,0.0006033974047375779,0.3728,0.3728,0,0.032100893557071686
270,CA,0.32357787107045455,0.4054,0.4054,341,0.03213624656200409
270,NY,0.6758337668399336,0.4092,0.4092,659,0.03213624656200409
270,TX,0.0005883620896119901,0.3728,0.3728,0,0.03213624656200409
271,CA,0.3229920572208446,0.4052,0.4052,299,0.03824480623006821
271,NY,0.6764342689573976,0.409,0.409,700,0.03824480623006821
271,TX,0.0005736738217576527,0.3728,0.3728,1,0.03824480623006821
272,CA,0.3224065623171581,0.4054,0.4054,331,0.038019247353076935
272,NY,0.6770340071162048,0.4092,0.4092,668,0.038019247353076935
272,TX,0.0005594305666370798,0.3728,0.3728,1,0.038019247353076935
273,CA,0.3218216109416222,0.4054,0.4054,334,0.03266928344964981
273,NY,0.6776329266259218,0.4092,0.4092,666,0.03266928344964981
273,TX,0.000545462432455963,0.3728,0.3728,0,0.03266928344964981
274,CA,0.3212370977002455,0.4052,0.4052,313,0.03726842254400253
274,NY,0.678231060270026,0.409,0.409,686,0.03726842254400253
274,TX,0.0005318420297284451,0.3728,0.3728,1,0.03726842254400253
275,CA,0.3206529201191963,0.4052,0.4052,309,0.03816903382539749
275,NY,0.6788284455153054,0.409,0.409,690,0.03816903382539749
275,TX,0.000518634365498328,0.3728,0.3728,1,0.03816903382539749
276,CA,0.32006919146229806,0.4052,0.4052,308,0.0375082790851593
276,NY,0.6794250548090862,0.409,0.409,691,0.0375082790851593
276,TX,0.0005057537286157881,0.3728,0.3728,1,0.0375082790851593
277,CA,0.31948591622271066,0.4052,0.4052,313,0.03155359625816345
277,NY,0.6800208917266493,0.4092,0.4092,687,0.03155359625816345
277,TX,0.0004931920506399742,0.3728,0.3728,0,0.03155359625816345
278,CA,0.31887229261893457,0.4052,0.4052,309,0.037930019199848175
278,NY,0.6806468123789658,0.409,0.409,690,0.037930019199848175
278,TX,0.00048089500209957747,0.3728,0.3728,1,0.037930019199848175
279,CA,0.3182899667439746,0.4052,0.4052,312,0.04735240340232849
279,NY,0.6812410843171602,0.409,0.409,688,0.04735240340232849
279,TX,0.0004689489388651179,0.3728,0.3728,0,0.04735240340232849
280,CA,0.31770810732232413,0.4052,0.4052,305,0.03225085139274597
280,NY,0.681834593905442,0.4092,0.4092,695,0.03225085139274597
280,TX,0.00045729877223397904,0.3728,0.3728,0,0.03225085139274597
281,CA,0.3170960023910474,0.4052,0.4052,298,0.032291002571582794
281,NY,0.682458103602926,0.409,0.409,702,0.032291002571582794
281,TX,0.0004458940060264953,0.3728,0.3728,0,0.032291002571582794
282,CA,0.31651511790201153,0.4054,0.4054,317,0.032721854746341705
282,NY,0.6830500671606735,0.4092,0.4092,683,0.032721854746341705
282,TX,0.0004348149373150115,0.3728,0.3728,0,0.032721854746341705
283,CA,0.3159348141029386,0.4052,0.4052,321,0.032455459237098694
283,NY,0.6836412357373046,0.409,0.409,679,0.032455459237098694
283,TX,0.0004239501597567909,0.3728,0.3728,0,0.032455459237098694
284,CA,0.315354890393598,0.4052,0.4052,298,0.03794366866350174
284,NY,0.6842316948086212,0.409,0.409,700,0.03794366866350174
284,TX,0.0004134147977806678,0.3728,0.3728,2,0.03794366866350174
285,CA,0.31477545316391736,0.4052,0.4052,322,0.0335221141576767
285,NY,0.6848214063318304,0.409,0.409,678,0.0335221141576767
285,TX,0.0004031405042522163,0.3728,0.3728,0,0.0335221141576767
286,CA,0.3141965061689814,0.4052,0.4052,320,0.03350716829299927
286,NY,0.6854103729995683,0.409,0.409,680,0.03350716829299927
286,TX,0.0003931208314502589,0.3728,0.3728,0,0.03350716829299927
287,CA,0.3136180530915145,0.4052,0.4052,320,0.03272835910320282
287,NY,0.6859985974182659,0.409,0.409,680,0.03272835910320282
287,TX,0.00038334949021956156,0.3728,0.3728,0,0.03272835910320282
288,CA,0.31304009754358575,0.4052,0.4052,313,0.03223542869091034
288,NY,0.6865860821103197,0.409,0.409,687,0.03223542869091034
288,TX,0.0003738203460945017,0.3728,0.3728,0,0.03223542869091034
289,CA,0.31246264306827054,0.4052,0.4052,314,0.03752295672893524
289,NY,0.687172829516213,0.409,0.409,684,0.03752295672893524
289,TX,0.00036452741551661603,0.3728,0.3728,2,0.03752295672893524
290,CA,0.311885693141269,0.4052,0.4052,295,0.032956257462501526
290,NY,0.6877588419965871,0.409,0.409,705,0.032956257462501526
290,TX,0.00035546486214379185,0.3728,0.3728,0,0.032956257462501526
291,CA,0.3113092511724836,0.4052,0.4052,305,0.03826349973678589
291,NY,0.6883441218342675,0.409,0.409,693,0.03826349973678589
291,TX,0.00034662699324891665,0.3728,0.3728,2,0.03826349973678589
292,CA,0.31073332050755453,0.4052,0.4052,321,0.03822579234838486
292,NY,0.6889286712362396,0.409,0.409,678,0.03822579234838486
292,TX,0.00033800825620584934,0.3728,0.3728,1,0.03822579234838486
293,CA,0.3101579044293573,0.4052,0.4052,334,0.032677844166755676
293,NY,0.6895124923355822,0.409,0.409,666,0.032677844166755676
293,TX,0.0003296032350606306,0.3728,0.3728,0,0.032677844166755676
294,CA,0.30958300615946027,0.4052,0.4052,309,0.03453366458415985
294,NY,0.690095587193354,0.409,0.409,691,0.03453366458415985
294,TX,0.00032140664718589325,0.3728,0.3728,0,0.03453366458415985
295,CA,0.3090086288595455,0.4052,0.4052,316,0.03245799243450165
295,NY,0.6906779578004381,0.409,0.409,684,0.03245799243450165
295,TX,0.00031341334001648384,0.3728,0.3728,0,0.03245799243450165
296,CA,0.30843477563279265,0.4052,0.4052,328,0.03855200111865997
296,NY,0.6912596060793431,0.409,0.409,671,0.03855200111865997
296,TX,0.00030561828786435205,0.3728,0.3728,1,0.03855200111865997
297,CA,0.30786144952522704,0.4052,0.4052,308,0.0406167209148407
297,NY,0.6918405338859622,0.409,0.409,692,0.0406167209148407
297,TX,0.00029801658881080975,0.3728,0.3728,0,0.0406167209148407
298,CA,0.3072886535270331,0.4052,0.4052,313,0.03695908933877945
298,NY,0.6924207430112925,0.4092,0.4092,685,0.03695908933877945
298,TX,0.0002906034616743061,0.3728,0.3728,2,0.03695908933877945
299,CA,0.3066862225646979,0.4054,0.4054,307,0.0320839062333107
299,NY,0.6930304310643726,0.4092,0.4092,693,0.0320839062333107
299,TX,0.0002833463709295953,0.3728,0.3728,0,0.0320839062333107
300,CA,0.30611462015229535,0.4052,0.4052,334,0.03168604522943497
300,NY,0.693609121899643,0.409,0.409,666,0.03168604522943497
300,TX,0.000276257948061613,0.3728,0.3728,0,0.03168604522943497
301,CA,0.3055434626378631,0.4052,0.4052,304,0.03261059522628784
301,NY,0.6941871527184987,0.4092,0.4092,696,0.03261059522628784
301,TX,0.0002693846436381465,0.3728,0.3728,0,0.03261059522628784
302,CA,0.3049427738646283,0.4054,0.4054,257,0.037544190883636475
302,NY,0.6947945701422032,0.4092,0.4092,742,0.037544190883636475
302,TX,0.0002626559931683687,0.3728,0.3728,1,0.037544190883636475
303,CA,0.30437282594133935,0.4052,0.4052,287,0.03188095986843109
303,NY,0.6953710902229848,0.409,0.409,713,0.03188095986843109
303,TX,0.000256083835675846,0.3728,0.3728,0,0.03188095986843109
304,CA,0.30380333240632135,0.4054,0.4054,283,0.03205109387636185
304,NY,0.6959469564335619,0.4092,0.4092,717,0.03205109387636185
304,TX,0.0002497111601167504,0.3728,0.3728,0,0.03205109387636185
305,CA,0.30323448017504306,0.4054,0.4054,294,0.032654501497745514
305,NY,0.6965220577478942,0.4092,0.4092,706,0.032654501497745514
305,TX,0.00024346207706266753,0.3728,0.3728,0,0.032654501497745514
306,CA,0.3026661795300628,0.4052,0.4052,282,0.03189726173877716
306,NY,0.6970964514938509,0.409,0.409,718,0.03189726173877716
306,TX,0.00023736897608630993,0.3728,0.3728,0,0.03189726173877716
307,CA,0.30209834219116233,0.4054,0.4054,296,0.0317104309797287
307,NY,0.6976701969645068,0.4092,0.4092,704,0.0317104309797287
307,TX,0.0002314608443307495,0.3728,0.3728,0,0.0317104309797287
308,CA,0.30153115271164554,0.4052,0.4052,315,0.03536129742860794
308,NY,0.6982431799533065,0.409,0.409,685,0.03536129742860794
308,TX,0.00022566733504799906,0.3728,0.3728,0,0.03536129742860794
309,CA,0.30096443221754027,0.4052,0.4052,307,0.03195536136627197
309,NY,0.6988155180647976,0.409,0.409,693,0.03195536136627197
309,TX,0.0002200497176620147,0.3728,0.3728,0,0.03195536136627197
310,CA,0.30039827395972,0.4052,0.4052,297,0.03220462054014206
310,NY,0.69938715445787,0.4092,0.4092,703,0.03220462054014206
310,TX,0.00021457158240998142,0.3728,0.3728,0,0.03220462054014206
311,CA,0.299802893299103,0.4052,0.4052,277,0.03303203731775284
311,NY,0.6999878980108213,0.409,0.409,723,0.03303203731775284
311,TX,0.00020920869007573902,0.3728,0.3728,0,0.03303203731775284
312,CA,0.299237898489756,0.4052,0.4052,319,0.032227396965026855
312,NY,0.7005581017646005,0.409,0.409,681,0.032227396965026855
312,TX,0.00020399974564335843,0.3728,0.3728,0,0.032227396965026855
313,CA,0.2986734729623684,0.4052,0.4052,285,0.03193635493516922
313,NY,0.701127606872464,0.409,0.409,715,0.03193635493516922
313,TX,0.00019892016516773339,0.3728,0.3728,0,0.03193635493516922
314,CA,0.298109618964574,0.4054,0.4054,296,0.031880371272563934
314,NY,0.7016964142903441,0.4092,0.4092,704,0.031880371272563934
314,TX,0.00019396674508206357,0.3728,0.3728,0,0.031880371272563934
315,CA,0.2975464269116521,0.4054,0.4054,309,0.21656541526317596
315,NY,0.7022644635870643,0.4092,0.4092,691,0.21656541526317596
315,TX,0.00018910950128342655,0.3728,0.3728,0,0.21656541526317596
316,CA,0.2969838101668594,0.4052,0.4052,266,0.03270602226257324
316,NY,0.7028318162457283,0.409,0.409,734,0.03270602226257324
316,TX,0.00018437358741234762,0.3728,0.3728,0,0.03270602226257324
317,CA,0.2964216832762698,0.4052,0.4052,272,0.03259216248989105
317,NY,0.7033985352112573,0.409,0.409,728,0.03259216248989105
317,TX,0.00017978151247287618,0.3728,0.3728,0,0.03259216248989105
318,CA,0.2958601365445354,0.4054,0.4054,307,0.03326760232448578
318,NY,0.7039645599327377,0.4092,0.4092,693,0.03326760232448578
318,TX,0.00017530352272683106,0.3728,0.3728,0,0.03326760232448578
319,CA,0.2952992590683506,0.4054,0.4054,290,0.032427042722702026
319,NY,0.704529828415213,0.4092,0.4092,710,0.032427042722702026
319,TX,0.00017091251643635668,0.3728,0.3728,0,0.032427042722702026
320,CA,0.294738965286663,0.4052,0.4052,286,0.03267761319875717
320,NY,0.7050944034883112,0.409,0.409,714,0.03267761319875717
320,TX,0.00016663122502575946,0.3728,0.3728,0,0.03267761319875717
321,CA,0.29417917073745725,0.4052,0.4052,278,0.03717546910047531
321,NY,0.7056583492734004,0.409,0.409,721,0.03717546910047531
321,TX,0.00016247998914235614,0.3728,0.3728,1,0.03717546910047531
322,CA,0.29361996441594457,0.4054,0.4054,307,0.03350583463907242
322,NY,0.706221603668541,0.4092,0.4092,693,0.03350583463907242
322,TX,0.00015843191551440393,0.3728,0.3728,0,0.03350583463907242
323,CA,0.29306143419419756,0.4052,0.4052,300,0.033187784254550934
323,NY,0.7067841032973998,0.409,0.409,700,0.033187784254550934
323,TX,0.00015446250840264552,0.3728,0.3728,0,0.033187784254550934
324,CA,0.2925034098342336,0.4052,0.4052,295,0.03290747106075287
324,NY,0.7073459764665815,0.409,0.409,705,0.03290747106075287
324,TX,0.00015061369918490338,0.3728,0.3728,0,0.03290747106075287
325,CA,0.29194597941131784,0.4054,0.4054,284,0.03220073878765106
325,NY,0.7079071600319979,0.4092,0.4092,716,0.03220073878765106
325,TX,0.00014686055668430115,0.3728,0.3728,0,0.03220073878765106
326,CA,0.2913892299352905,0.4052,0.4052,291,0.03290016949176788
326,NY,0.7084675896920379,0.4092,0.4092,709,0.03290016949176788
326,TX,0.00014318037267151764,0.3728,0.3728,0,0.03290016949176788
327,CA,0.2908037253763208,0.4052,0.4052,277,0.03160761296749115
327,NY,0.7090566766585007,0.409,0.409,723,0.03160761296749115
327,TX,0.00013959796517855734,0.3728,0.3728,0,0.03160761296749115
328,CA,0.2902481203292214,0.4054,0.4054,291,0.03244888782501221
328,NY,0.7096157610100565,0.4092,0.4092,709,0.03244888782501221
328,TX,0.00013611866072197996,0.3728,0.3728,0,0.03244888782501221
329,CA,0.2896932008983054,0.4052,0.4052,277,0.03186078369617462
329,NY,0.7101740920883413,0.409,0.409,723,0.03186078369617462
329,TX,0.00013270701335340129,0.3728,0.3728,0,0.03186078369617462
330,CA,0.2891387997104426,0.4052,0.4052,276,0.03177609294652939
330,NY,0.7107318012431025,0.4092,0.4092,724,0.03177609294652939
330,TX,0.00012939904645481017,0.3728,0.3728,0,0.03177609294652939
331,CA,0.2885558694851135,0.4052,0.4052,282,0.03120768815279007
331,NY,0.7113179699153245,0.409,0.409,718,0.03120768815279007
331,TX,0.00012616059956195466,0.3728,0.3728,0,0.03120768815279007
332,CA,0.2880027122998226,0.4054,0.4054,298,0.03137298673391342
332,NY,0.7118742722844154,0.4092,0.4092,702,0.03137298673391342
332,TX,0.00012301541576203765,0.3728,0.3728,0,0.03137298673391342
333,CA,0.2874502466025188,0.4052,0.4052,281,0.03904571384191513
333,NY,0.7124298219796825,0.409,0.409,718,0.03904571384191513
333,TX,0.00011993141779882738,0.3728,0.3728,1,0.03904571384191513
334,CA,0.2868983067836485,0.4052,0.4052,288,0.032131537795066833
334,NY,0.7129847520565472,0.4092,0.4092,712,0.032131537795066833
334,TX,0.00011694115980422392,0.3728,0.3728,0,0.032131537795066833
335,CA,0.2863179790119798,0.4052,0.4052,295,0.036839306354522705
335,NY,0.7135680072561985,0.409,0.409,704,0.036839306354522705
335,TX,0.00011401373182171867,0.3728,0.3728,1,0.036839306354522705
336,CA,0.2857672964871525,0.4052,0.4052,275,0.032882899045944214
336,NY,0.7141215328496213,0.409,0.409,725,0.032882899045944214
336,TX,0.0001111706632262369,0.3728,0.3728,0,0.032882899045944214
337,CA,0.28521722833175683,0.4054,0.4054,318,0.031057581305503845
337,NY,0.7146743733473387,0.4092,0.4092,682,0.031057581305503845
337,TX,0.00010839832090433601,0.3728,0.3728,0,0.031057581305503845
338,CA,0.28466785849131354,0.4054,0.4054,291,0.032629430294036865
338,NY,0.7152264615693389,0.4092,0.4092,709,0.032629430294036865
338,TX,0.00010567993934741447,0.3728,0.3728,0,0.032629430294036865
339,CA,0.28411910562926146,0.4052,0.4052,318,0.03259565681219101
339,NY,0.7157778648021532,0.409,0.409,682,0.03259565681219101
339,TX,0.00010302956858527808,0.3728,0.3728,0,0.03259565681219101
340,CA,0.2835708892153338,0.4052,0.4052,268,0.032148562371730804
340,NY,0.7163286510060309,0.409,0.409,732,0.032148562371730804
340,TX,0.00010045977863525162,0.3728,0.3728,0,0.032148562371730804
341,CA,0.2830232931260224,0.4052,0.4052,300,0.032726675271987915
341,NY,0.7168787529403413,0.409,0.409,700,0.032726675271987915
341,TX,9.79539336362654e-05,0.3728,0.3728,0,0.032726675271987915
342,CA,0.2824763187927051,0.4052,0.4052,284,0.038973189890384674
342,NY,0.7174281707607671,0.409,0.409,715,0.038973189890384674
342,TX,9.551044652778415e-05,0.3728,0.3728,1,0.038973189890384674
343,CA,0.28192996762525346,0.4052,0.4052,282,0.03229247033596039
343,NY,0.7179769046052215,0.409,0.409,718,0.03229247033596039
343,TX,9.312776952499667e-05,0.3728,0.3728,0,0.03229247033596039
344,CA,0.28138424101242737,0.4054,0.4054,293,0.03099779784679413
344,NY,0.7185249545944224,0.4092,0.4092,707,0.03099779784679413
344,TX,9.080439315013416e-05,0.3728,0.3728,0,0.03099779784679413
345,CA,0.2808392213663601,0.4052,0.4052,268,0.03713621944189072
345,NY,0.7190722523626129,0.409,0.409,731,0.03713621944189072
345,TX,8.852627102712415e-05,0.3728,0.3728,1,0.03713621944189072
346,CA,0.2802947477600918,0.4054,0.4054,258,0.03202684968709946
346,NY,0.719618934810172,0.4092,0.4092,742,0.03202684968709946
346,TX,8.631742973623342e-05,0.3728,0.3728,0,0.03202684968709946
347,CA,0.27975098342744303,0.4052,0.4052,296,0.032524578273296356
347,NY,0.72016486495212,0.409,0.409,704,0.032524578273296356
347,TX,8.415162043706368e-05,0.3728,0.3728,0,0.032524578273296356
348,CA,0.27920776814835846,0.4052,0.4052,254,0.03213170915842056
348,NY,0.7207101801697138,0.409,0.409,746,0.03213170915842056
348,TX,8.205168192775842e-05,0.3728,0.3728,0,0.03213170915842056
349,CA,0.2786651840686681,0.4052,0.4052,277,0.03662266582250595
349,NY,0.7212548119071905,0.409,0.409,722,0.03662266582250595
349,TX,8.000402414133376e-05,0.3728,0.3728,1,0.03662266582250595
350,CA,0.2781232324580571,0.4054,0.4054,268,0.033605754375457764
350,NY,0.721798760193182,0.4092,0.4092,732,0.033605754375457764
350,TX,7.800734876098878e-05,0.3728,0.3728,0,0.033605754375457764
351,CA,0.2775819945271403,0.4054,0.4054,252,0.03222297877073288
351,NY,0.7223419558853514,0.4092,0.4092,748,0.03222297877073288
351,TX,7.604958750810074e-05,0.3728,0.3728,0,0.03222297877073288
352,CA,0.2770413912029255,0.4054,0.4054,263,0.037583887577056885
352,NY,0.7228844679486544,0.4092,0.4092,736,0.037583887577056885
352,TX,7.41408484200911e-05,0.3728,0.3728,1,0.037583887577056885
353,CA,0.2765014237063375,0.4052,0.4052,266,0.037845827639102936
353,NY,0.7234262963866417,0.409,0.409,733,0.037845827639102936
353,TX,7.227990702073372e-05,0.3728,0.3728,1,0.037845827639102936
354,CA,0.27596201379462887,0.4052,0.4052,298,0.032264962792396545
354,NY,0.7239675106270665,0.409,0.409,702,0.032264962792396545
354,TX,7.047557830455444e-05,0.3728,0.3728,0,0.032264962792396545
355,CA,0.27542324243318855,0.4052,0.4052,271,0.03212825953960419
355,NY,0.7245080413788588,0.409,0.409,729,0.03212825953960419
355,TX,6.87161879526155e-05,0.3728,0.3728,0,0.03212825953960419
356,CA,0.27488511078446515,0.4054,0.4054,277,0.03136745095252991
356,NY,0.7250478885960224,0.4092,0.4092,723,0.03136745095252991
356,TX,6.700061951245157e-05,0.3728,0.3728,0,0.03136745095252991
357,CA,0.27434769894464234,0.4054,0.4054,290,0.03224136680364609
357,NY,0.7255869825490496,0.4092,0.4092,710,0.03224136680364609
357,TX,6.531850630807705e-05,0.3728,0.3728,0,0.03224136680364609
358,CA,0.2738109287690067,0.4052,0.4052,269,0.03229208290576935
358,NY,0.726125392701983,0.409,0.409,731,0.03229208290576935
358,TX,6.367852901038644e-05,0.3728,0.3728,0,0.03229208290576935
359,CA,0.2732747227468903,0.4052,0.4052,275,0.031773991882801056
359,NY,0.7266631888005636,0.4092,0.4092,725,0.031773991882801056
359,TX,6.208845254613554e-05,0.3728,0.3728,0,0.031773991882801056
360,CA,0.27271101109847584,0.4052,0.4052,273,0.033226825296878815
360,NY,0.7272284571589476,0.409,0.409,727,0.033226825296878815
360,TX,6.0531742576599454e-05,0.3728,0.3728,0,0.033226825296878815
361,CA,0.2721761290455619,0.4054,0.4054,261,0.03194814175367355
361,NY,0.7277648508918857,0.4092,0.4092,739,0.03194814175367355
361,TX,5.9020062552421495e-05,0.3728,0.3728,0,0.03194814175367355
362,CA,0.2716419715345154,0.4052,0.4052,258,0.03221295028924942
362,NY,0.7283004905892848,0.4092,0.4092,742,0.03221295028924942
362,TX,5.753787619976757e-05,0.3728,0.3728,0,0.03221295028924942
363,CA,0.2710803387282233,0.4054,0.4054,291,0.03282633423805237
363,NY,0.7288635662781989,0.4092,0.4092,709,0.03282633423805237
363,TX,5.6094993577771085e-05,0.3728,0.3728,0,0.03282633423805237
364,CA,0.2705475112758851,0.4052,0.4052,293,0.03200584650039673
364,NY,0.7293978026247074,0.409,0.409,707,0.03200584650039673
364,TX,5.468609940741915e-05,0.3728,0.3728,0,0.03200584650039673
365,CA,0.2700152553636061,0.4052,0.4052,283,0.03149537742137909
365,NY,0.7299314245511113,0.409,0.409,717,0.03149537742137909
365,TX,5.332008528256206e-05,0.3728,0.3728,0,0.03149537742137909
366,CA,0.2694836499913143,0.4054,0.4054,257,0.03187647461891174
366,NY,0.7304643618921178,0.4092,0.4092,743,0.03187647461891174
366,TX,5.198811656782259e-05,0.3728,0.3728,0,0.03187647461891174
367,CA,0.26895277354570607,0.4054,0.4054,261,0.033515043556690216
367,NY,0.7309965443064284,0.4092,0.4092,739,0.033515043556690216
367,TX,5.0682147865667844e-05,0.3728,0.3728,0,0.033515043556690216
368,CA,0.268422549314372,0.4052,0.4052,252,0.03227639198303223
368,NY,0.7315280417722976,0.409,0.409,748,0.03227639198303223
368,TX,4.9408913330471344e-05,0.3728,0.3728,0,0.03227639198303223
369,CA,0.2678929011591958,0.4052,0.4052,252,0.03173442184925079
369,NY,0.7320589244046197,0.409,0.409,748,0.03173442184925079
369,TX,4.817443618445072e-05,0.3728,0.3728,0,0.03173442184925079
370,CA,0.2673639074247388,0.4052,0.4052,275,0.03135955333709717
370,NY,0.7325891218415592,0.409,0.409,725,0.03135955333709717
370,TX,4.697073370207356e-05,0.3728,0.3728,0,0.03135955333709717
371,CA,0.26683556904615197,0.4052,0.4052,280,0.031471893191337585
371,NY,0.7331186339133197,0.409,0.409,720,0.031471893191337585
371,TX,4.579704052835194e-05,0.3728,0.3728,0,0.031471893191337585
372,CA,0.26630788694524754,0.4052,0.4052,246,0.03162027895450592
372,NY,0.7336474604444596,0.409,0.409,754,0.03162027895450592
372,TX,4.4652610292797485e-05,0.3728,0.3728,0,0.03162027895450592
373,CA,0.2657808620306862,0.4058,0.4058,273,0.03177794814109802
373,NY,0.734175601254174,0.4094,0.4094,727,0.03177794814109802
373,TX,4.3536715139883704e-05,0.3728,0.3728,0,0.03177794814109802
374,CA,0.265282378090082,0.4054,0.4054,263,0.03182341903448105
374,NY,0.7346751869216751,0.4092,0.4092,737,0.03182341903448105
374,TX,4.243498824302536e-05,0.3728,0.3728,0,0.03182341903448105
375,CA,0.26475671105706694,0.4052,0.4052,266,0.03208351880311966
375,NY,0.7352019204230291,0.409,0.409,734,0.03208351880311966
375,TX,4.1368519903998746e-05,0.3728,0.3728,0,0.03208351880311966
376,CA,0.264231627425226,0.4052,0.4052,251,0.03167026489973068
376,NY,0.735728038050925,0.409,0.409,749,0.03167026489973068
376,TX,4.0334523848913544e-05,0.3728,0.3728,0,0.03167026489973068
377,CA,0.26370720445551465,0.4054,0.4054,277,0.03108440339565277
377,NY,0.7362534692289886,0.4092,0.4092,723,0.03108440339565277
377,TX,3.9326315496546513e-05,0.3728,0.3728,0,0.03108440339565277
378,CA,0.2631835188512803,0.4052,0.4052,254,0.032528460025787354
378,NY,0.7367781433410084,0.409,0.409,746,0.032528460025787354
378,TX,3.833780771114779e-05,0.3728,0.3728,0,0.032528460025787354
379,CA,0.26266041959740494,0.4052,0.4052,246,0.03338802605867386
379,NY,0.7373022010006476,0.409,0.409,754,0.03338802605867386
379,TX,3.7379401947273936e-05,0.3728,0.3728,0,0.03338802605867386
380,CA,0.26213798350787637,0.4052,0.4052,253,0.031133390963077545
380,NY,0.7378255715891318,0.4092,0.4092,747,0.031133390963077545
380,TX,3.644490299177674e-05,0.3728,0.3728,0,0.031133390963077545
381,CA,0.2615887956891557,0.4052,0.4052,250,0.037987373769283295
381,NY,0.738375674318648,0.409,0.409,749,0.037987373769283295
381,TX,3.5529992196306985e-05,0.3728,0.3728,1,0.037987373769283295
382,CA,0.26106772361344904,0.4052,0.4052,249,0.03181888163089752
382,NY,0.7388976347592147,0.4092,0.4092,751,0.03181888163089752
382,TX,3.4641627336155946e-05,0.3728,0.3728,0,0.03181888163089752
383,CA,0.260519973851661,0.4052,0.4052,232,0.032352641224861145
383,NY,0.7394462542667147,0.409,0.409,768,0.032352641224861145
383,TX,3.3771881624281154e-05,0.3728,0.3728,0,0.032352641224861145
384,CA,0.26000026906896384,0.4052,0.4052,249,0.03344377130270004
384,NY,0.7399668035522851,0.409,0.409,751,0.03344377130270004
384,TX,3.292737875113923e-05,0.3728,0.3728,0,0.03344377130270004
385,CA,0.2594812314491278,0.4054,0.4054,256,0.03164692223072052
385,NY,0.7404866646030015,0.4092,0.4092,744,0.03164692223072052
385,TX,3.210394787073363e-05,0.3728,0.3728,0,0.03164692223072052
386,CA,0.2589629365461505,0.4052,0.4052,265,0.03155326098203659
386,NY,0.7410057668347937,0.409,0.409,735,0.03155326098203659
386,TX,3.129661905593447e-05,0.3728,0.3728,0,0.03155326098203659
387,CA,0.2584452353711232,0.4052,0.4052,229,0.03204593062400818
387,NY,0.7415242507462112,0.409,0.409,771,0.03204593062400818
387,TX,3.0513882665736126e-05,0.3728,0.3728,0,0.03204593062400818
388,CA,0.2579282035839133,0.4052,0.4052,261,0.031966306269168854
388,NY,0.7420420457355413,0.4092,0.4092,739,0.031966306269168854
388,TX,2.975068054536338e-05,0.3728,0.3728,0,0.031966306269168854
389,CA,0.2573847129654961,0.4052,0.4052,253,0.03147885203361511
389,NY,0.7425862835652219,0.409,0.409,747,0.03147885203361511
389,TX,2.900346928198171e-05,0.3728,0.3728,0,0.03147885203361511
390,CA,0.25686905762487167,0.4054,0.4054,247,0.03193376958370209
390,NY,0.7431026644120918,0.4092,0.4092,753,0.03193376958370209
390,TX,2.8277963036607014e-05,0.3728,0.3728,0,0.03193376958370209
391,CA,0.25635414799877376,0.4052,0.4052,273,0.032328419387340546
391,NY,0.7436182853507113,0.409,0.409,727,0.032328419387340546
391,TX,2.7566650515008796e-05,0.3728,0.3728,0,0.032328419387340546
392,CA,0.25583983631377444,0.4052,0.4052,277,0.3702457994222641
392,NY,0.7441332866764505,0.409,0.409,723,0.3702457994222641
392,TX,2.6877009775083768e-05,0.3728,0.3728,0,0.3702457994222641
393,CA,0.25532619754080266,0.4052,0.4052,226,0.03554762154817581
393,NY,0.7446475978741112,0.409,0.409,774,0.03554762154817581
393,TX,2.620458508631084e-05,0.3728,0.3728,0,0.03554762154817581
394,CA,0.2548132323475839,0.4054,0.4054,250,0.03288192301988602
394,NY,0.745161218704764,0.409,0.409,750,0.03288192301988602
394,TX,2.554894765213752e-05,0.3728,0.3728,0,0.03288192301988602
395,CA,0.2543279304481003,0.4052,0.4052,241,0.03326869755983353
395,NY,0.7456471607741249,0.409,0.409,759,0.03326869755983353
395,TX,2.4908777774681383e-05,0.3728,0.3728,0,0.03326869755983353
396,CA,0.25381627856127276,0.4052,0.4052,256,0.03200123459100723
396,NY,0.7461594359435887,0.409,0.409,744,0.03200123459100723
396,TX,2.428549513853039e-05,0.3728,0.3728,0,0.03200123459100723
397,CA,0.25330530217072955,0.4052,0.4052,272,0.0328519269824028
397,NY,0.7466710200536845,0.409,0.409,728,0.0328519269824028
397,TX,2.3677775586013196e-05,0.3728,0.3728,0,0.0328519269824028
398,CA,0.25279500190516957,0.4052,0.4052,236,0.032197050750255585
398,NY,0.7471819128634355,0.409,0.409,764,0.032197050750255585
398,TX,2.3085231394892505e-05,0.3728,0.3728,0,0.032197050750255585
399,CA,0.25228537838370513,0.4054,0.4054,257,0.0316229909658432
399,NY,0.7476921141318162,0.409,0.409,743,0.0316229909658432
399,TX,2.250748447870436e-05,0.3728,0.3728,0,0.0316229909658432
400,CA,0.2518032438171363,0.4052,0.4052,249,0.03245699405670166
400,NY,0.7481748128030559,0.409,0.409,751,0.03245699405670166
400,TX,2.194337980777406e-05,0.3728,0.3728,0,0.03245699405670166
401,CA,0.25129493965628963,0.4054,0.4054,261,0.032176434993743896
401,NY,0.7486836661919443,0.4092,0.4092,739,0.032176434993743896
401,TX,2.139415176611438e-05,0.3728,0.3728,0,0.032176434993743896
402,CA,0.2507873868703209,0.4052,0.4052,274,0.03260742872953415
402,NY,0.7491917574503523,0.409,0.409,726,0.03260742872953415
402,TX,2.0855679326708858e-05,0.3728,0.3728,0,0.03260742872953415
403,CA,0.25028044021336027,0.4052,0.4052,274,0.03232265263795853
403,NY,0.7496992261672577,0.409,0.409,726,0.03232265263795853
403,TX,2.0333619381916104e-05,0.3728,0.3728,0,0.03232265263795853
404,CA,0.2497741732313402,0.4052,0.4052,241,0.032191306352615356
404,NY,0.7502060021683924,0.4092,0.4092,759,0.032191306352615356
404,TX,1.9824600267365956e-05,0.3728,0.3728,0,0.032191306352615356
405,CA,0.2492420273679096,0.4052,0.4052,248,0.031469449400901794
405,NY,0.7507386463945278,0.409,0.409,752,0.031469449400901794
405,TX,1.9326237562579516e-05,0.3728,0.3728,0,0.031469449400901794
406,CA,0.24873715737345942,0.4054,0.4054,247,0.03382917493581772
406,NY,0.7512440002432187,0.4092,0.4092,753,0.03382917493581772
406,TX,1.884238332202964e-05,0.3728,0.3728,0,0.03382917493581772
407,CA,0.24823304101207014,0.4052,0.4052,244,0.03396780043840408
407,NY,0.7517485909792113,0.409,0.409,756,0.03396780043840408
407,TX,1.8368008718607268e-05,0.3728,0.3728,0,0.03396780043840408
408,CA,0.24772953416770346,0.4052,0.4052,245,0.031989432871341705
408,NY,0.7522525577366795,0.409,0.409,755,0.031989432871341705
408,TX,1.79080956169748e-05,0.3728,0.3728,0,0.031989432871341705
409,CA,0.2472267097529513,0.4052,0.4052,260,0.03252720832824707
409,NY,0.7527558305727875,0.409,0.409,740,0.03252720832824707
409,TX,1.745967426125695e-05,0.3728,0.3728,0,0.03252720832824707
410,CA,0.2467245682874235,0.4054,0.4054,230,0.03158247470855713
410,NY,0.7532584092544298,0.4092,0.4092,770,0.03158247470855713
410,TX,1.702245814673224e-05,0.3728,0.3728,0,0.03158247470855713
411,CA,0.2462231820940171,0.4054,0.4054,269,0.032492123544216156
411,NY,0.7537602240950201,0.4092,0.4092,731,0.032492123544216156
411,TX,1.6593810962861414e-05,0.3728,0.3728,0,0.032492123544216156
412,CA,0.24572247963677923,0.4052,0.4052,250,0.03221256285905838
412,NY,0.7542613444276235,0.409,0.409,750,0.03221256285905838
412,TX,1.6175935597215797e-05,0.3728,0.3728,0,0.03221256285905838
413,CA,0.24522238982556643,0.4054,0.4054,249,0.03228813409805298
413,NY,0.7547618393727753,0.4092,0.4092,751,0.03228813409805298
413,TX,1.5770801658344826e-05,0.3728,0.3728,0,0.03228813409805298
414,CA,0.24472305643081438,0.4054,0.4054,226,0.03232000768184662
414,NY,0.7552615699592191,0.4092,0.4092,774,0.03232000768184662
414,TX,1.5373609966460835e-05,0.3728,0.3728,0,0.03232000768184662
415,CA,0.24422440823270136,0.4052,0.4052,242,0.03219179809093475
415,NY,0.7557606053659953,0.409,0.409,758,0.03219179809093475
415,TX,1.4986401303207184e-05,0.3728,0.3728,0,0.03219179809093475
416,CA,0.24372637445309095,0.4054,0.4054,253,0.03291350603103638
416,NY,0.7562590145466146,0.4092,0.4092,747,0.03291350603103638
416,TX,1.4611000294283542e-05,0.3728,0.3728,0,0.03291350603103638
417,CA,0.24322909816293867,0.4052,0.4052,229,0.032969869673252106
417,NY,0.7567566588764861,0.409,0.409,771,0.032969869673252106
417,TX,1.4242960575160238e-05,0.3728,0.3728,0,0.032969869673252106
418,CA,0.24273243743028283,0.4052,0.4052,227,0.03673188388347626
418,NY,0.7572536764249392,0.409,0.409,773,0.03673188388347626
418,TX,1.388614477799871e-05,0.3728,0.3728,0,0.03673188388347626
419,CA,0.24223646394885084,0.4052,0.4052,256,0.031241483986377716
419,NY,0.7577499978014602,0.409,0.409,744,0.031241483986377716
419,TX,1.3538249688811774e-05,0.3728,0.3728,0,0.031241483986377716
420,CA,0.24174117815590843,0.4052,0.4052,255,0.03171669691801071
420,NY,0.7582456227913232,0.4092,0.4092,745,0.03171669691801071
420,TX,1.3199052768318015e-05,0.3728,0.3728,0,0.03171669691801071
421,CA,0.2412206012257899,0.4052,0.4052,234,0.031052768230438232
421,NY,0.7587665318229542,0.409,0.409,766,0.031052768230438232
421,TX,1.2866951256059983e-05,0.3728,0.3728,0,0.031052768230438232
422,CA,0.2407267283920761,0.4054,0.4054,226,0.03282555192708969
422,NY,0.7592607270690083,0.4092,0.4092,774,0.03282555192708969
422,TX,1.2544538915538286e-05,0.3728,0.3728,0,0.03282555192708969
423,CA,0.24023361499879753,0.4054,0.4054,246,0.032146282494068146
423,NY,0.7597541565490843,0.4092,0.4092,754,0.032146282494068146
423,TX,1.2228452118261573e-05,0.3728,0.3728,0,0.032146282494068146
424,CA,0.23974119076424144,0.4052,0.4052,222,0.0312035009264946
424,NY,0.7602468889219052,0.4092,0.4092,778,0.0312035009264946
424,TX,1.1920313853396056e-05,0.3728,0.3728,0,0.0312035009264946
425,CA,0.2392235538031967,0.4052,0.4052,231,0.03253234177827835
425,NY,0.7607648258764954,0.409,0.409,769,0.03253234177827835
425,TX,1.1620320307765382e-05,0.3728,0.3728,0,0.03253234177827835
426,CA,0.23873247542007153,0.4052,0.4052,238,0.032854385673999786
426,NY,0.7612561954960516,0.409,0.409,762,0.032854385673999786
426,TX,1.132908387666914e-05,0.3728,0.3728,0,0.032854385673999786
427,CA,0.23824208760472015,0.4054,0.4054,225,0.03212094306945801
427,NY,0.7617468672633877,0.4092,0.4092,775,0.03212094306945801
427,TX,1.1045131892134833e-05,0.3728,0.3728,0,0.03212094306945801
428,CA,0.23775246065005742,0.4052,0.4052,216,0.032261498272418976
428,NY,0.7622367725966454,0.409,0.409,784,0.032261498272418976
428,TX,1.0766753297325444e-05,0.3728,0.3728,0,0.032261498272418976
429,CA,0.23726345498037904,0.4052,0.4052,213,0.032425738871097565
429,NY,0.7627260481519765,0.409,0.409,787,0.032425738871097565
429,TX,1.0496867644438934e-05,0.3728,0.3728,0,0.032425738871097565
430,CA,0.23677514098241495,0.4052,0.4052,243,0.03181806206703186
430,NY,0.7632146252840601,0.409,0.409,757,0.03181806206703186
430,TX,1.0233733524958617e-05,0.3728,0.3728,0,0.03181806206703186
431,CA,0.2362875190093786,0.4054,0.4054,243,0.03218289464712143
431,NY,0.7637025038082192,0.4092,0.4092,757,0.03218289464712143
431,TX,9.977182402091672e-06,0.3728,0.3728,0,0.03218289464712143
432,CA,0.23580065889264962,0.4054,0.4054,234,0.03277222812175751
432,NY,0.7641896154387872,0.4092,0.4092,766,0.03277222812175751
432,TX,9.725668563170555e-06,0.3728,0.3728,0,0.03277222812175751
433,CA,0.23531449127048656,0.4054,0.4054,236,0.03169266879558563
433,NY,0.7646760282469168,0.4092,0.4092,764,0.03169266879558563
433,TX,9.480482596586922e-06,0.3728,0.3728,0,0.03169266879558563
434,CA,0.23482901647506768,0.4054,0.4054,241,0.0320483073592186
434,NY,0.7651617420592989,0.4092,0.4092,759,0.0320483073592186
434,TX,9.241465633485394e-06,0.3728,0.3728,0,0.0320483073592186
435,CA,0.2343442348314339,0.4052,0.4052,243,0.03189308941364288
435,NY,0.7656467567057816,0.409,0.409,757,0.03189308941364288
435,TX,9.008462784651745e-06,0.3728,0.3728,0,0.03189308941364288
436,CA,0.2338600776011153,0.4052,0.4052,197,0.03235805779695511
436,NY,0.7661311398286045,0.4092,0.4092,803,0.03235805779695511
436,TX,8.782570280147668e-06,0.3728,0.3728,0,0.03235805779695511
437,CA,0.2333512218162588,0.4052,0.4052,239,0.03258281201124191
437,NY,0.7666402167844397,0.4092,0.4092,761,0.03258281201124191
437,TX,8.561399301420984e-06,0.3728,0.3728,0,0.03258281201124191
438,CA,0.23284313538092025,0.4052,0.4052,243,0.03170289099216461
438,NY,0.7671485188331308,0.409,0.409,757,0.03170289099216461
438,TX,8.345785948922777e-06,0.3728,0.3728,0,0.03170289099216461
439,CA,0.2323611341935576,0.4052,0.4052,240,0.03229255974292755
439,NY,0.7676307293290854,0.4092,0.4092,760,0.03229255974292755
439,TX,8.136477356897222e-06,0.3728,0.3728,0,0.03229255974292755
440,CA,0.2318545489501002,0.4052,0.4052,218,0.031552158296108246
440,NY,0.768137519506901,0.409,0.409,782,0.031552158296108246
440,TX,7.93154299881095e-06,0.3728,0.3728,0,0.031552158296108246
441,CA,0.23137397447087787,0.4054,0.4054,237,0.031636230647563934
441,NY,0.7686182929263985,0.4092,0.4092,763,0.031636230647563934
441,TX,7.732602723641153e-06,0.3728,0.3728,0,0.031636230647563934
442,CA,0.2308941638744214,0.4052,0.4052,231,0.20952893793582916
442,NY,0.7690982985536706,0.409,0.409,769,0.20952893793582916
442,TX,7.5375719080877465e-06,0.3728,0.3728,0,0.20952893793582916
443,CA,0.2304149805178292,0.4054,0.4054,221,0.03267113119363785
443,NY,0.7695776709880094,0.4092,0.4092,779,0.03267113119363785
443,TX,7.348494161328015e-06,0.3728,0.3728,0,0.03267113119363785
444,CA,0.22993656136243731,0.4054,0.4054,242,0.03192565590143204
444,NY,0.7700562755048813,0.4092,0.4092,758,0.03192565590143204
444,TX,7.1631326812349715e-06,0.3728,0.3728,0,0.03192565590143204
445,CA,0.22945883826081587,0.4052,0.4052,230,0.03172633796930313
445,NY,0.7705341793013948,0.409,0.409,770,0.03172633796930313
445,TX,6.982437789370038e-06,0.3728,0.3728,0,0.03172633796930313
446,CA,0.228981743481119,0.4054,0.4054,210,0.031151697039604187
446,NY,0.7710114492599288,0.4092,0.4092,790,0.031151697039604187
446,TX,6.8072589522046484e-06,0.3728,0.3728,0,0.031151697039604187
447,CA,0.22850541333137359,0.4054,0.4054,213,0.03227071464061737
447,NY,0.7714879511445657,0.4092,0.4092,787,0.03227071464061737
447,TX,6.63552406078943e-06,0.3728,0.3728,0,0.03227071464061737
448,CA,0.2280297799611906,0.4052,0.4052,231,0.03188127279281616
448,NY,0.7719637519254197,0.4092,0.4092,769,0.03188127279281616
448,TX,6.4681133897422085e-06,0.3728,0.3728,0,0.03188127279281616
449,CA,0.2275298287525369,0.4052,0.4052,195,0.03176651895046234
449,NY,0.7724638661250045,0.409,0.409,805,0.03176651895046234
449,TX,6.305122458600161e-06,0.3728,0.3728,0,0.03176651895046234
450,CA,0.2270555588748659,0.4052,0.4052,220,0.03256551921367645
450,NY,0.772938294220798,0.4092,0.4092,780,0.03256551921367645
450,TX,6.146904336206423e-06,0.3728,0.3728,0,0.03256551921367645
451,CA,0.2265571148394948,0.4054,0.4054,215,0.03262417018413544
451,NY,0.7734368931695366,0.4092,0.4092,785,0.03262417018413544
451,TX,5.99199096854146e-06,0.3728,0.3728,0,0.03262417018413544
452,CA,0.22608434457155802,0.4052,0.4052,211,0.03246605396270752
452,NY,0.7739098146429557,0.409,0.409,789,0.03246605396270752
452,TX,5.84078548628268e-06,0.3728,0.3728,0,0.03246605396270752
453,CA,0.2256122049446601,0.4054,0.4054,220,0.030984356999397278
453,NY,0.7743821008583769,0.4092,0.4092,780,0.030984356999397278
453,TX,5.694196963041106e-06,0.3728,0.3728,0,0.030984356999397278
454,CA,0.2251408307316329,0.4052,0.4052,243,0.031980060040950775
454,NY,0.7748536187763684,0.409,0.409,757,0.031980060040950775
454,TX,5.550491998660368e-06,0.3728,0.3728,0,0.031980060040950775
455,CA,0.22467008775394587,0.4052,0.4052,224,0.03205808252096176
455,NY,0.7753245010707854,0.409,0.409,776,0.03205808252096176
455,TX,5.411175268771104e-06,0.3728,0.3728,0,0.03205808252096176
456,CA,0.22420004343095104,0.4054,0.4054,238,0.031854838132858276
456,NY,0.7757946812203962,0.4092,0.4092,762,0.031854838132858276
456,TX,5.275348652873228e-06,0.3728,0.3728,0,0.031854838132858276
457,CA,0.22373076475909043,0.4052,0.4052,232,0.03307089954614639
457,NY,0.7762640930463574,0.409,0.409,768,0.03307089954614639
457,TX,5.142194552229474e-06,0.3728,0.3728,0,0.03307089954614639
458,CA,0.22326211816608557,0.4052,0.4052,236,0.03207146376371384
458,NY,0.7767328687270002,0.409,0.409,764,0.03207146376371384
458,TX,5.0131069142682035e-06,0.3728,0.3728,0,0.03207146376371384
459,CA,0.22279417073998617,0.4052,0.4052,200,0.03124116361141205
459,NY,0.777200942006369,0.4092,0.4092,800,0.03124116361141205
459,TX,4.887253644784957e-06,0.3728,0.3728,0,0.03124116361141205
460,CA,0.22230238360159865,0.4052,0.4052,196,0.032752543687820435
460,NY,0.7776928523704126,0.409,0.409,804,0.032752543687820435
460,TX,4.764027988733321e-06,0.3728,0.3728,0,0.032752543687820435
461,CA,0.22183587177994518,0.4052,0.4052,208,0.03238620609045029
461,NY,0.7781594838043061,0.4092,0.4092,792,0.03238620609045029
461,TX,4.6444157485635114e-06,0.3728,0.3728,0,0.03238620609045029
462,CA,0.2213455960958279,0.4054,0.4054,220,0.032267555594444275
462,NY,0.7786498766035933,0.4092,0.4092,780,0.032267555594444275
462,TX,4.527300578825923e-06,0.3728,0.3728,0,0.032267555594444275
463,CA,0.22088058667633084,0.4054,0.4054,211,0.03242560476064682
463,NY,0.7791150003299213,0.4092,0.4092,789,0.03242560476064682
463,TX,4.412993747818871e-06,0.3728,0.3728,0,0.03242560476064682
464,CA,0.22041627695997393,0.4052,0.4052,218,0.032195188105106354
464,NY,0.7795794214724612,0.4092,0.4092,782,0.032195188105106354
464,TX,4.301567564927145e-06,0.3728,0.3728,0,0.032195188105106354
465,CA,0.2199282499887293,0.4052,0.4052,220,0.03164112567901611
465,NY,0.7800675569304427,0.409,0.409,780,0.03164112567901611
465,TX,4.1930808279396794e-06,0.3728,0.3728,0,0.03164112567901611
466,CA,0.21946531111395512,0.4052,0.4052,209,0.03256378322839737
466,NY,0.7805306011087216,0.4092,0.4092,791,0.03256378322839737
466,TX,4.0877773231986556e-06,0.3728,0.3728,0,0.03256378322839737
467,CA,0.21897879701927428,0.4052,0.4052,219,0.03201345354318619
467,NY,0.7810172183090744,0.409,0.409,781,0.03201345354318619
467,TX,3.9846716512924075e-06,0.3728,0.3728,0,0.03201345354318619
468,CA,0.21851729565560862,0.4052,0.4052,226,0.035361967980861664
468,NY,0.7814788197523064,0.409,0.409,774,0.035361967980861664
468,TX,3.884592085006421e-06,0.3728,0.3728,0,0.035361967980861664
469,CA,0.21805649478914843,0.4052,0.4052,201,0.03254871815443039
469,NY,0.7819397181894466,0.409,0.409,799,0.03254871815443039
469,TX,3.787021404971639e-06,0.3728,0.3728,0,0.03254871815443039
470,CA,0.21759639451731333,0.4052,0.4052,241,0.03201504796743393
470,NY,0.7823999135858443,0.409,0.409,759,0.03201504796743393
470,TX,3.6918968422918045e-06,0.3728,0.3728,0,0.03201504796743393
471,CA,0.21713699493170707,0.4052,0.4052,207,0.0321049764752388
471,NY,0.7828594059110978,0.409,0.409,793,0.0321049764752388
471,TX,3.5991571951054514e-06,0.3728,0.3728,0,0.0321049764752388
472,CA,0.21667829611814507,0.4052,0.4052,222,0.03239622712135315
472,NY,0.7833181951390653,0.409,0.409,778,0.03239622712135315
472,TX,3.508742789553768e-06,0.3728,0.3728,0,0.03239622712135315
473,CA,0.2162202981566824,0.4052,0.4052,230,0.0315503254532814
473,NY,0.783776281247876,0.409,0.409,770,0.0315503254532814
473,TX,3.420595441718323e-06,0.3728,0.3728,0,0.0315503254532814
474,CA,0.21576300112164049,0.4052,0.4052,227,0.03142637759447098
474,NY,0.784233664219939,0.409,0.409,773,0.03142637759447098
474,TX,3.334658420504603e-06,0.3728,0.3728,0,0.03142637759447098
475,CA,0.21530640508163493,0.4052,0.4052,209,0.03225892037153244
475,NY,0.7846903440419537,0.409,0.409,791,0.03225892037153244
475,TX,3.250876411447945e-06,0.3728,0.3728,0,0.03225892037153244
476,CA,0.21485051009960135,0.4052,0.4052,216,0.031273625791072845
476,NY,0.7851463207049172,0.409,0.409,784,0.031273625791072845
476,TX,3.169195481418973e-06,0.3728,0.3728,0,0.031273625791072845
477,CA,0.21439531623282276,0.4052,0.4052,239,0.03179752826690674
477,NY,0.7856015942041332,0.409,0.409,761,0.03179752826690674
477,TX,3.0895630442062667e-06,0.3728,0.3728,0,0.03179752826690674
478,CA,0.21394082353295502,0.4054,0.4054,225,0.03132924437522888
478,NY,0.7860561645392181,0.4092,0.4092,775,0.03132924437522888
478,TX,3.0119278269544916e-06,0.3728,0.3728,0,0.03132924437522888
479,CA,0.21348709657867435,0.4052,0.4052,233,0.031538866460323334
479,NY,0.786509967598452,0.409,0.409,767,0.031538866460323334
479,TX,2.9358228737513455e-06,0.3728,0.3728,0,0.031538866460323334
480,CA,0.2130340062430741,0.4052,0.4052,199,0.03271522372961044
480,NY,0.7869631317130784,0.4092,0.4092,801,0.03271522372961044
480,TX,2.862043847475892e-06,0.3728,0.3728,0,0.03271522372961044
481,CA,0.21255785972634716,0.4052,0.4052,212,0.03194870799779892
481,NY,0.7874393504699508,0.4092,0.4092,788,0.03194870799779892
481,TX,2.789803701879898e-06,0.3728,0.3728,0,0.03194870799779892
482,CA,0.21208249022496994,0.4052,0.4052,234,0.03084297478199005
482,NY,0.7879147903917606,0.409,0.409,766,0.03084297478199005
482,TX,2.7193832694018307e-06,0.3728,0.3728,0,0.03084297478199005
483,CA,0.21163157759761939,0.4054,0.4054,195,0.03193780779838562
483,NY,0.7883657713689407,0.4092,0.4092,805,0.03193780779838562
483,TX,2.6510334398485847e-06,0.3728,0.3728,0,0.03193780779838562
484,CA,0.21118143034303,0.4052,0.4052,200,0.03110373020172119
484,NY,0.7888159856255809,0.409,0.409,800,0.03110373020172119
484,TX,2.584031389161879e-06,0.3728,0.3728,0,0.03110373020172119
485,CA,0.21073192034780544,0.4052,0.4052,218,0.03170137107372284
485,NY,0.7892655605747922,0.409,0.409,782,0.03170137107372284
485,TX,2.5190774021879152e-06,0.3728,0.3728,0,0.03170137107372284
486,CA,0.2102831117328588,0.4052,0.4052,204,0.031129054725170135
486,NY,0.7897144325139809,0.409,0.409,796,0.031129054725170135
486,TX,2.4557531603029017e-06,0.3728,0.3728,0,0.031129054725170135
487,CA,0.20983500449980722,0.4052,0.4052,219,0.0317206010222435
487,NY,0.7901626014823412,0.409,0.409,781,0.0317206010222435
487,TX,2.3940178517223505e-06,0.3728,0.3728,0,0.0317206010222435
488,CA,0.20938759864489329,0.4052,0.4052,192,0.0319674089550972
488,NY,0.7906100675234222,0.4092,0.4092,808,0.0319674089550972
488,TX,2.333831684537999e-06,0.3728,0.3728,0,0.0319674089550972
489,CA,0.20891743559769188,0.4052,0.4052,201,0.034567661583423615
489,NY,0.7910802895018869,0.409,0.409,799,0.034567661583423615
489,TX,2.2749004211859925e-06,0.3728,0.3728,0,0.034567661583423615
490,CA,0.20847146934273983,0.4054,0.4054,201,0.032330892980098724
490,NY,0.7915263129538641,0.409,0.409,799,0.032330892980098724
490,TX,2.2177033960819856e-06,0.3728,0.3728,0,0.032330892980098724
491,CA,0.20804965253160143,0.4052,0.4052,192,0.031776003539562225
491,NY,0.7919481855905568,0.4092,0.4092,808,0.031776003539562225
491,TX,2.161877841844991e-06,0.3728,0.3728,0,0.031776003539562225
492,CA,0.20758170400089151,0.4052,0.4052,219,0.03211285173892975
492,NY,0.7924161887185641,0.409,0.409,781,0.03211285173892975
492,TX,2.1072805443171985e-06,0.3728,0.3728,0,0.03211285173892975
493,CA,0.20713784156316528,0.4052,0.4052,217,0.03192736208438873
493,NY,0.7928601041463209,0.4092,0.4092,783,0.03192736208438873
493,TX,2.0542905137143814e-06,0.3728,0.3728,0,0.03192736208438873
494,CA,0.20667140810119555,0.4052,0.4052,200,0.037724487483501434
494,NY,0.7933265894937075,0.409,0.409,799,0.037724487483501434
494,TX,2.0024050968195128e-06,0.3728,0.3728,1,0.037724487483501434
495,CA,0.20622898497136408,0.4052,0.4052,188,0.03149323910474777
495,NY,0.7937690629811543,0.409,0.409,812,0.03149323910474777
495,TX,1.9520474815744995e-06,0.3728,0.3728,0,0.03149323910474777
496,CA,0.205787262993138,0.4052,0.4052,196,0.03224397450685501
496,NY,0.7942108340528482,0.4092,0.4092,804,0.03224397450685501
496,TX,1.9029540137827804e-06,0.3728,0.3728,0,0.03224397450685501
497,CA,0.20532308237353344,0.4052,0.4052,210,0.032586582005023956
497,NY,0.7946750627426712,0.4092,0.4092,790,0.032586582005023956
497,TX,1.8548837953746058e-06,0.3728,0.3728,0,0.032586582005023956
498,CA,0.20485967844556333,0.4052,0.4052,201,0.032131969928741455
498,NY,0.7951385135289514,0.409,0.409,799,0.032131969928741455
498,TX,1.8080254852587856e-06,0.3728,0.3728,0,0.032131969928741455
499,CA,0.20442013329570916,0.4052,0.4052,213,0.031649090349674225
499,NY,0.7955781041566782,0.409,0.409,787,0.031649090349674225
499,TX,1.7625476126928405e-06,0.3728,0.3728,0,0.031649090349674225
500,CA,0.20398128905232815,0.4054,0.4054,200,0.03147602826356888
500,NY,0.7960169927360515,0.4092,0.4092,800,0.03147602826356888
500,TX,1.7182116203818816e-06,0.3728,0.3728,0,0.03147602826356888
501,CA,0.2035432079100546,0.4052,0.4052,215,0.03147236257791519
501,NY,0.7964551173389057,0.4092,0.4092,785,0.03147236257791519
501,TX,1.6747510396909783e-06,0.3728,0.3728,0,0.03147236257791519
502,CA,0.2030827935199999,0.4054,0.4054,217,0.03203961253166199
502,NY,0.7969155740449937,0.4092,0.4092,783,0.03203961253166199
502,TX,1.6324350064108586e-06,0.3728,0.3728,0,0.03203961253166199
503,CA,0.2026461503337588,0.4056,0.4056,235,0.03157026320695877
503,NY,0.7973522585260359,0.4096,0.4096,765,0.03157026320695877
503,TX,1.5911402054350223e-06,0.3728,0.3728,0,0.03157026320695877
504,CA,0.20218737991255986,0.4052,0.4052,214,0.030931085348129272
504,NY,0.7978110695949812,0.409,0.409,786,0.030931085348129272
504,TX,1.5504924589389707e-06,0.3728,0.3728,0,0.030931085348129272
505,CA,0.2017521122460687,0.4052,0.4052,219,0.032223574817180634
505,NY,0.7982463762724394,0.409,0.409,781,0.032223574817180634
505,TX,1.5114814917682732e-06,0.3728,0.3728,0,0.032223574817180634
506,CA,0.20131754496460005,0.4054,0.4054,197,0.032994285225868225
506,NY,0.7986809815850769,0.4092,0.4092,803,0.032994285225868225
506,TX,1.473450322950347e-06,0.3728,0.3728,0,0.032994285225868225
507,CA,0.20088373961697473,0.4056,0.4056,204,0.03137798607349396
507,NY,0.799114824212602,0.4092,0.4092,796,0.03137798607349396
507,TX,1.4361704231673554e-06,0.3728,0.3728,0,0.03137798607349396
508,CA,0.20047344135837955,0.4052,0.4052,191,0.03357492387294769
508,NY,0.7995251588494448,0.409,0.409,809,0.03357492387294769
508,TX,1.3997921755985245e-06,0.3728,0.3728,0,0.03357492387294769
509,CA,0.20004093749818694,0.4052,0.4052,185,0.031940802931785583
509,NY,0.7999576979352457,0.4092,0.4092,815,0.031940802931785583
509,TX,1.364566567323872e-06,0.3728,0.3728,0,0.031940802931785583
510,CA,0.19958645836994982,0.4052,0.4052,216,0.031863659620285034
510,NY,0.8004122115553076,0.409,0.409,784,0.031863659620285034
510,TX,1.3300747426065394e-06,0.3728,0.3728,0,0.031863659620285034
511,CA,0.19915539107407584,0.4052,0.4052,210,0.03231378644704819
511,NY,0.8008433123254645,0.409,0.409,790,0.03231378644704819
511,TX,1.2966004598125846e-06,0.3728,0.3728,0,0.03231378644704819
512,CA,0.19872502347192694,0.4052,0.4052,186,0.031684450805187225
512,NY,0.8012737125609128,0.409,0.409,814,0.031684450805187225
512,TX,1.2639671603116435e-06,0.3728,0.3728,0,0.031684450805187225
513,CA,0.1982953554312947,0.4052,0.4052,184,0.0316522940993309
513,NY,0.8017034124149499,0.4092,0.4092,816,0.0316522940993309
513,TX,1.2321537553106912e-06,0.3728,0.3728,0,0.0316522940993309
514,CA,0.19784386063020523,0.4054,0.4054,187,0.032493628561496735
514,NY,0.8021549383668551,0.4092,0.4092,813,0.032493628561496735
514,TX,1.2010029395224537e-06,0.3728,0.3728,0,0.032493628561496735
515,CA,0.1974156888956622,0.4052,0.4052,187,0.03182816505432129
515,NY,0.8025831404990615,0.409,0.409,813,0.03182816505432129
515,TX,1.1706052763314958e-06,0.3728,0.3728,0,0.03182816505432129
516,CA,0.19698815534622177,0.4052,0.4052,173,0.03356967866420746
516,NY,0.8030107035160707,0.409,0.409,827,0.03356967866420746
516,TX,1.1411377075613536e-06,0.3728,0.3728,0,0.03356967866420746
517,CA,0.19656132077350377,0.4052,0.4052,203,0.03203205019235611
517,NY,0.8034375668158565,0.409,0.409,797,0.03203205019235611
517,TX,1.1124106397648541e-06,0.3728,0.3728,0,0.03203205019235611
518,CA,0.19613518502130262,0.4054,0.4054,191,0.03233010321855545
518,NY,0.8038637305731983,0.4092,0.4092,809,0.03233010321855545
518,TX,1.0844054990848755e-06,0.3728,0.3728,0,0.03233010321855545
519,CA,0.19570980837075844,0.4052,0.4052,196,0.0305401012301445
519,NY,0.8042891346751732,0.4092,0.4092,804,0.0305401012301445
519,TX,1.0569540684181861e-06,0.3728,0.3728,0,0.0305401012301445
520,CA,0.19526276581668955,0.4052,0.4052,205,0.031505025923252106
520,NY,0.8047362039582996,0.4092,0.4092,795,0.031505025923252106
520,TX,1.0302250108702025e-06,0.3728,0.3728,0,0.031505025923252106
521,CA,0.19481649692260228,0.4052,0.4052,208,0.032452136278152466
521,NY,0.8051824989067752,0.409,0.409,792,0.032452136278152466
521,TX,1.0041706224180698e-06,0.3728,0.3728,0,0.032452136278152466
522,CA,0.19439322808471537,0.4052,0.4052,196,0.03176174312829971
522,NY,0.8056057930294522,0.409,0.409,804,0.03176174312829971
522,TX,9.788858324004633e-07,0.3728,0.3728,0,0.03176174312829971
523,CA,0.19397065719695197,0.4052,0.4052,210,0.03218448907136917
523,NY,0.8060283885664308,0.409,0.409,790,0.03218448907136917
523,TX,9.542366172119218e-07,0.3728,0.3728,0,0.03218448907136917
524,CA,0.19354878407480527,0.4054,0.4054,200,0.031000755727291107
524,NY,0.8064502857181648,0.4092,0.4092,800,0.031000755727291107
524,TX,9.302070299097991e-07,0.3728,0.3728,0,0.031000755727291107
525,CA,0.1931276683610545,0.4052,0.4052,183,0.031846970319747925
525,NY,0.8068714249861842,0.4092,0.4092,817,0.031846970319747925
525,TX,9.066527612895341e-07,0.3728,0.3728,0,0.031846970319747925
526,CA,0.1926851101647706,0.4056,0.4056,187,0.03415963053703308
526,NY,0.8073140061170762,0.4094,0.4094,813,0.03415963053703308
526,TX,8.837181532561647e-07,0.373,0.373,0,0.03415963053703308
527,CA,0.19226548494226584,0.4052,0.4052,177,0.0322500616312027
527,NY,0.8077336537155105,0.409,0.409,823,0.0322500616312027
527,TX,8.613422235337598e-07,0.3728,0.3728,0,0.0322500616312027
528,CA,0.19184643727912623,0.4054,0.4054,193,0.031119130551815033
528,NY,0.8081527230728361,0.4092,0.4092,807,0.031119130551815033
528,TX,8.396480375648927e-07,0.3728,0.3728,0,0.031119130551815033
529,CA,0.19142814580773315,0.4052,0.4052,200,0.03235404193401337
529,NY,0.808571035809166,0.409,0.409,800,0.03235404193401337
529,TX,8.183831008614497e-07,0.3728,0.3728,0,0.03235404193401337
530,CA,0.19101049136105602,0.4052,0.4052,179,0.032657645642757416
530,NY,0.808988710869843,0.409,0.409,821,0.032657645642757416
530,TX,7.977691009538956e-07,0.3728,0.3728,0,0.032657645642757416
531,CA,0.19059353325025605,0.4052,0.4052,221,0.031931981444358826
531,NY,0.80940568907628,0.409,0.409,779,0.031931981444358826
531,TX,7.776734639119067e-07,0.3728,0.3728,0,0.031931981444358826
532,CA,0.19017727125462258,0.4052,0.4052,195,0.032030388712882996
532,NY,0.8098219706621991,0.4092,0.4092,805,0.032030388712882996
532,TX,7.580831784636509e-07,0.3728,0.3728,0,0.032030388712882996
533,CA,0.1897398833776589,0.4052,0.4052,198,0.03182794153690338
533,NY,0.8102593777217619,0.4092,0.4092,802,0.03182794153690338
533,TX,7.38900579171013e-07,0.3728,0.3728,0,0.03182794153690338
534,CA,0.18930326620237886,0.4052,0.4052,169,0.03284735232591629
534,NY,0.810696013595138,0.4092,0.4092,831,0.03284735232591629
534,TX,7.20202482966949e-07,0.3728,0.3728,0,0.03284735232591629
535,CA,0.18886741945525157,0.4052,0.4052,176,0.03254322707653046
535,NY,0.8111318785680716,0.409,0.409,824,0.03254322707653046
535,TX,7.019766767885766e-07,0.3728,0.3728,0,0.03254322707653046
536,CA,0.18845404922731812,0.4054,0.4054,203,0.03355668485164642
536,NY,0.8115452664826098,0.4092,0.4092,797,0.03355668485164642
536,TX,6.84290072153699e-07,0.3728,0.3728,0,0.03355668485164642
537,CA,0.18804143252305439,0.4052,0.4052,200,0.03168989717960358
537,NY,0.8119579005233194,0.409,0.409,800,0.03168989717960358
537,TX,6.669536262339803e-07,0.3728,0.3728,0,0.03168989717960358
538,CA,0.18762945176214488,0.4054,0.4054,188,0.03285091370344162
538,NY,0.8123698980898624,0.4092,0.4092,812,0.03285091370344162
538,TX,6.501479928166792e-07,0.3728,0.3728,0,0.03285091370344162
539,CA,0.18721822382724748,0.4052,0.4052,189,0.03221327066421509
539,NY,0.8127811424976286,0.409,0.409,811,0.03221327066421509
539,TX,6.33675124025082e-07,0.3728,0.3728,0,0.03221327066421509
540,CA,0.18680763152627988,0.4054,0.4054,210,0.031710609793663025
540,NY,0.8131917507670636,0.4092,0.4092,790,0.031710609793663025
540,TX,6.177066565045584e-07,0.3728,0.3728,0,0.031710609793663025
541,CA,0.18639779133678694,0.4052,0.4052,198,0.03231072425842285
541,NY,0.8136016066087911,0.409,0.409,802,0.03231072425842285
541,TX,6.020544219107797e-07,0.3728,0.3728,0,0.03231072425842285
542,CA,0.185988586454597,0.4054,0.4054,183,0.03267049789428711
542,NY,0.8140108266639138,0.4092,0.4092,817,0.03267049789428711
542,TX,5.868814891132362e-07,0.373,0.373,0,0.03267049789428711
543,CA,0.18558013293715395,0.4052,0.4052,173,0.030399620532989502
543,NY,0.8144192949704342,0.409,0.409,827,0.030399620532989502
543,TX,5.720924118725949e-07,0.3728,0.3728,0,0.030399620532989502
544,CA,0.18517231439922333,0.4052,0.4052,169,0.03358204662799835
544,NY,0.8148271279274281,0.409,0.409,831,0.03358204662799835
544,TX,5.576733487053845e-07,0.3728,0.3728,0,0.03358204662799835
545,CA,0.1847651886690493,0.4052,0.4052,174,0.032749757170677185
545,NY,0.8152342677138443,0.409,0.409,826,0.032749757170677185
545,TX,5.436171063595117e-07,0.3728,0.3728,0,0.032749757170677185
546,CA,0.18435875546531647,0.4054,0.4054,203,0.0323195680975914
546,NY,0.8156407146201121,0.4092,0.4092,797,0.0323195680975914
546,TX,5.299145714325176e-07,0.3728,0.3728,0,0.0323195680975914
547,CA,0.18395307212963766,0.4054,0.4054,188,0.033237576484680176
547,NY,0.8160464113868519,0.4092,0.4092,812,0.033237576484680176
547,TX,5.16483510504095e-07,0.3728,0.3728,0,0.033237576484680176
548,CA,0.1835480805479973,0.4054,0.4054,188,0.2056974247097969
548,NY,0.8164514160596845,0.4092,0.4092,812,0.2056974247097969
548,TX,5.033923182123184e-07,0.3728,0.3728,0,0.2056974247097969
549,CA,0.1831437804268813,0.4052,0.4052,187,0.031977154314517975
549,NY,0.8168557289407095,0.409,0.409,813,0.031977154314517975
549,TX,4.906324092055269e-07,0.3728,0.3728,0,0.031977154314517975
550,CA,0.1827401141375221,0.4052,0.4052,178,0.032222822308540344
550,NY,0.8172594075991525,0.4092,0.4092,822,0.032222822308540344
550,TX,4.782633253902391e-07,0.3728,0.3728,0,0.032222822308540344
551,CA,0.18231597880432082,0.4054,0.4054,179,0.032990582287311554
551,NY,0.8176835550442177,0.4092,0.4092,821,0.032990582287311554
551,TX,4.661514614646214e-07,0.3728,0.3728,0,0.032990582287311554
552,CA,0.18191378775285555,0.4052,0.4052,180,0.03231982886791229
552,NY,0.8180857579131272,0.4092,0.4092,820,0.03231982886791229
552,TX,4.5433401713147495e-07,0.3728,0.3728,0,0.03231982886791229
553,CA,0.18149114427885804,0.4052,0.4052,177,0.03287592530250549
553,NY,0.8185084128940262,0.409,0.409,823,0.03287592530250549
553,TX,4.4282711572042166e-07,0.3728,0.3728,0,0.03287592530250549
554,CA,0.18109031280221885,0.4054,0.4054,174,0.03234054893255234
554,NY,0.8189092555364796,0.4092,0.4092,826,0.03234054893255234
554,TX,4.3166130138685974e-07,0.3728,0.3728,0,0.03234054893255234
555,CA,0.18069022793140416,0.4052,0.4052,193,0.03174547851085663
555,NY,0.8193093513517675,0.409,0.409,807,0.03174547851085663
555,TX,4.207168283949702e-07,0.3728,0.3728,0,0.03174547851085663
556,CA,0.18029077558843257,0.4054,0.4054,197,0.03207038342952728
556,NY,0.8197088143039326,0.4092,0.4092,803,0.03207038342952728
556,TX,4.101076348802134e-07,0.3728,0.3728,0,0.03207038342952728
557,CA,0.17989206900641638,0.4052,0.4052,186,0.0324508473277092
557,NY,0.820107531284806,0.4092,0.4092,814,0.0324508473277092
557,TX,3.99708777740179e-07,0.3728,0.3728,0,0.0324508473277092
558,CA,0.1794730919119941,0.4054,0.4054,162,0.03306800127029419
558,NY,0.8205265185048755,0.4092,0.4092,838,0.03306800127029419
558,TX,3.895831304367409e-07,0.3728,0.3728,0,0.03306800127029419
559,CA,0.17907579847009922,0.4052,0.4052,191,0.0320405513048172
559,NY,0.8209238218260376,0.409,0.409,809,0.0320405513048172
559,TX,3.7970386320477247e-07,0.3728,0.3728,0,0.0320405513048172
560,CA,0.1786791366079479,0.4052,0.4052,181,0.03154991567134857
560,NY,0.8213204932647734,0.409,0.409,819,0.03154991567134857
560,TX,3.7012727869360655e-07,0.3728,0.3728,0,0.03154991567134857
561,CA,0.1782831625125071,0.4052,0.4052,182,0.032955072820186615
561,NY,0.8217164766956521,0.409,0.409,818,0.032955072820186615
561,TX,3.607918408291175e-07,0.3728,0.3728,0,0.032955072820186615
562,CA,0.1778878758379003,0.4052,0.4052,174,0.04506116360425949
562,NY,0.8221117724706121,0.409,0.409,826,0.04506116360425949
562,TX,3.5169148774454206e-07,0.3728,0.3728,0,0.04506116360425949
563,CA,0.17749327623441302,0.4052,0.4052,186,0.03122025728225708
563,NY,0.8225063809452773,0.409,0.409,814,0.03122025728225708
563,TX,3.4282030967468006e-07,0.3728,0.3728,0,0.03122025728225708
564,CA,0.17709936334851115,0.4052,0.4052,194,0.03284866362810135
564,NY,0.8229003024789437,0.409,0.409,806,0.03284866362810135
564,TX,3.3417254514691527e-07,0.3728,0.3728,0,0.03284866362810135
565,CA,0.17670613682285902,0.4052,0.4052,180,0.032182469964027405
565,NY,0.8232935374345638,0.4092,0.4092,820,0.032182469964027405
565,TX,3.2574257726742125e-07,0.3728,0.3728,0,0.032182469964027405
566,CA,0.17629298450380015,0.4054,0.4054,206,0.032111458480358124
566,NY,0.8237066980083897,0.4092,0.4092,794,0.032111458480358124
566,TX,3.174878101155505e-07,0.3728,0.3728,0,0.032111458480358124
567,CA,0.17590122128108687,0.4052,0.4052,170,0.03210119158029556
567,NY,0.824098469284792,0.409,0.409,830,0.03210119158029556
567,TX,3.094341210250435e-07,0.3728,0.3728,0,0.03210119158029556
568,CA,0.17551008756381176,0.4054,0.4054,176,0.03210482746362686
568,NY,0.8244896108089492,0.4092,0.4092,824,0.03210482746362686
568,TX,3.016272390353372e-07,0.3728,0.3728,0,0.03210482746362686
569,CA,0.17511969416812342,0.4052,0.4052,182,0.03193564713001251
569,NY,0.8248800118566136,0.409,0.409,818,0.03193564713001251
569,TX,2.939752628065406e-07,0.3728,0.3728,0,0.03193564713001251
570,CA,0.17472992972431273,0.4052,0.4052,165,0.03248023986816406
570,NY,0.8252697837178911,0.409,0.409,835,0.03248023986816406
570,TX,2.8655779638201746e-07,0.3728,0.3728,0,0.03248023986816406
571,CA,0.17434084939793543,0.4054,0.4054,190,0.032533638179302216
571,NY,0.8256588712748738,0.4092,0.4092,810,0.032533638179302216
571,TX,2.7932719069433956e-07,0.3728,0.3728,0,0.032533638179302216
572,CA,0.1739525079611802,0.4052,0.4052,182,0.03158257156610489
572,NY,0.8260472197987347,0.4092,0.4092,818,0.03158257156610489
572,TX,2.722400850910857e-07,0.3728,0.3728,0,0.03158257156610489
573,CA,0.17354443646512846,0.4052,0.4052,179,0.03176911920309067
573,NY,0.8264552981958018,0.409,0.409,821,0.03176911920309067
573,TX,2.6533906970548657e-07,0.3728,0.3728,0,0.03176911920309067
574,CA,0.17315744196211955,0.4054,0.4054,175,0.03238898515701294
574,NY,0.8268422993948397,0.4092,0.4092,825,0.03238898515701294
574,TX,2.5864304074299825e-07,0.3728,0.3728,0,0.03238898515701294
575,CA,0.17277118485843881,0.4054,0.4054,181,0.03224430978298187
575,NY,0.8272285630616314,0.4092,0.4092,819,0.03224430978298187
575,TX,2.520799296517298e-07,0.3728,0.3728,0,0.03224430978298187
576,CA,0.17238560970250172,0.4052,0.4052,175,0.031779348850250244
576,NY,0.8276141446143958,0.409,0.409,825,0.031779348850250244
576,TX,2.4568310256243484e-07,0.3728,0.3728,0,0.031779348850250244
577,CA,0.17200066142758152,0.4052,0.4052,174,0.03201627731323242
577,NY,0.8279990990900609,0.409,0.409,826,0.03201627731323242
577,TX,2.3948235763952687e-07,0.3728,0.3728,0,0.03201627731323242
578,CA,0.17161639448730076,0.4052,0.4052,161,0.03534363955259323
578,NY,0.8283833720748298,0.409,0.409,839,0.03534363955259323
578,TX,2.334378695312495e-07,0.3728,0.3728,0,0.03534363955259323
579,CA,0.17123280847263297,0.4052,0.4052,174,0.03289671242237091
579,NY,0.8287669639816598,0.4092,0.4092,826,0.03289671242237091
579,TX,2.2754570716534656e-07,0.3728,0.3728,0,0.03289671242237091
580,CA,0.17082979743443916,0.4052,0.4052,148,0.03341598063707352
580,NY,0.8291699807896242,0.4092,0.4092,852,0.03341598063707352
580,TX,2.2177593663029145e-07,0.3728,0.3728,0,0.03341598063707352
581,CA,0.1704275398375714,0.4052,0.4052,167,0.03200288116931915
581,NY,0.8295722440102086,0.4092,0.4092,833,0.03200288116931915
581,TX,2.1615222006163538e-07,0.3728,0.3728,0,0.03200288116931915
582,CA,0.17002603519234652,0.4052,0.4052,165,0.03201033174991608
582,NY,0.8299737541367863,0.4092,0.4092,835,0.03201033174991608
582,TX,2.1067086703696932e-07,0.3728,0.3728,0,0.03201033174991608
583,CA,0.16962528300482113,0.4052,0.4052,168,0.03180974721908569
583,NY,0.8303745116668987,0.4092,0.4092,832,0.03180974721908569
583,TX,2.053282801990316e-07,0.3728,0.3728,0,0.03180974721908569
584,CA,0.16922528277681392,0.4052,0.4052,180,0.0315854474902153
584,NY,0.830774517102233,0.409,0.409,820,0.0315854474902153
584,TX,2.0012095291372206e-07,0.3728,0.3728,0,0.0315854474902153
585,CA,0.16884595173604708,0.4052,0.4052,147,0.03246501833200455
585,NY,0.831153853195475,0.409,0.409,853,0.03246501833200455
585,TX,1.9506847802899767e-07,0.3728,0.3728,0,0.03246501833200455
586,CA,0.168467298545271,0.4054,0.4054,169,0.032318197190761566
586,NY,0.8315325113113602,0.4092,0.4092,831,0.032318197190761566
586,TX,1.9014336887552938e-07,0.3728,0.3728,0,0.032318197190761566
587,CA,0.16808937643977181,0.4054,0.4054,171,0.03246907889842987
587,NY,0.8319104382441248,0.4092,0.4092,829,0.03246907889842987
587,TX,1.8531610342574514e-07,0.3728,0.3728,0,0.03246907889842987
588,CA,0.1677121311129798,0.4052,0.4052,177,0.03183525800704956
588,NY,0.8322876882758141,0.409,0.409,823,0.03183525800704956
588,TX,1.8061120602907666e-07,0.3728,0.3728,0,0.03183525800704956
589,CA,0.16733550864026017,0.4054,0.4054,166,0.03177589178085327
589,NY,0.832664315309163,0.4092,0.4092,834,0.03177589178085327
589,TX,1.7605057692975968e-07,0.3728,0.3728,0,0.03177589178085327
590,CA,0.16695961563107745,0.4052,0.4052,156,0.0330132320523262
590,NY,0.8330402127883543,0.409,0.409,844,0.0330132320523262
590,TX,1.715805683303053e-07,0.3728,0.3728,0,0.0330132320523262
591,CA,0.16658434476972214,0.4052,0.4052,154,0.03279387950897217
591,NY,0.8334154879826449,0.409,0.409,846,0.03279387950897217
591,TX,1.6724763301962113e-07,0.3728,0.3728,0,0.03279387950897217
592,CA,0.16620974908222833,0.4052,0.4052,159,0.03139892965555191
592,NY,0.8337900878938193,0.409,0.409,841,0.03139892965555191
592,TX,1.630239525208869e-07,0.3728,0.3728,0,0.03139892965555191
593,CA,0.16583582811090325,0.4052,0.4052,169,0.031038649380207062
593,NY,0.8341640129823202,0.409,0.409,831,0.031038649380207062
593,TX,1.5890677644366875e-07,0.3728,0.3728,0,0.031038649380207062
594,CA,0.16546258139477563,0.4052,0.4052,167,0.031999893486499786
594,NY,0.8345372637118008,0.409,0.409,833,0.031999893486499786
594,TX,1.5489342351574199e-07,0.3728,0.3728,0,0.031999893486499786
595,CA,0.16509000846961283,0.4052,0.4052,179,0.03436891734600067
595,NY,0.8349098405491072,0.4092,0.4092,821,0.03436891734600067
595,TX,1.5098127984935946e-07,0.3728,0.3728,0,0.03436891734600067
596,CA,0.16469858158355896,0.4052,0.4052,181,0.03154812008142471
596,NY,0.8353012712660906,0.409,0.409,819,0.03154812008142471
596,TX,1.4715035055093147e-07,0.3728,0.3728,0,0.03154812008142471
597,CA,0.16432739018542433,0.4052,0.4052,171,0.03226634860038757
597,NY,0.8356724663810977,0.4092,0.4092,829,0.03226634860038757
597,TX,1.434334780012805e-07,0.3728,0.3728,0,0.03226634860038757
598,CA,0.16393741638917675,0.4052,0.4052,166,0.032990165054798126
598,NY,0.8360624438170629,0.409,0.409,834,0.032990165054798126
598,TX,1.397937603642049e-07,0.3728,0.3728,0,0.032990165054798126
599,CA,0.16356760452070473,0.4052,0.4052,166,0.03262810409069061
599,NY,0.8364322592168671,0.409,0.409,834,0.03262810409069061
599,TX,1.3626242814559358e-07,0.3728,0.3728,0,0.03262810409069061
600,CA,0.16319846402301336,,,0,
600,NY,0.8368014031568183,,,0,
600,TX,1.328201684210074e-07,,,0,
