t,state,p,acc,fitness,sample_count,step_seconds
0,CA,0.3333333333333333,0.773,0.773,353,0.05636700242757797
0,NY,0.3333333333333333,0.7506,0.7506,324,0.05636700242757797
0,TX,0.3333333333333333,0.7688,0.7688,323,0.05636700242757797
1,CA,0.33500869170886555,0.7776,0.7776,321,0.03861435130238533
1,NY,0.3307762073917315,0.7548,0.7548,319,0.03861435130238533
1,TX,0.334215100899403,0.7682,0.7682,360,0.03861435130238533
2,CA,0.3370342568758849,0.772,0.772,331,0.03896339237689972
2,NY,0.3285079003041593,0.7524,0.7524,332,0.03896339237689972
2,TX,0.3344578428199558,0.7746,0.7746,337,0.03896339237689972
3,CA,0.3380968511001338,0.771,0.771,329,0.03937637805938721
3,NY,0.3258985480262369,0.7518,0.7518,323,0.03937637805938721
3,TX,0.3360046008736292,0.7702,0.7702,348,0.03937637805938721
4,CA,0.33934733083903146,0.772,0.772,330,0.038912512362003326
4,NY,0.3235576690207884,0.7556,0.7556,305,0.038912512362003326
4,TX,0.3370950001401801,0.7706,0.7706,365,0.038912512362003326
5,CA,0.3404575218499344,0.776,0.776,342,0.04047958180308342
5,NY,0.32161185478910365,0.7602,0.7602,322,0.04047958180308342
5,TX,0.33793062336096197,0.7702,0.7702,336,0.04047958180308342
6,CA,0.34181273716432,0.7764,0.7764,329,0.038711871951818466
6,NY,0.32001947788705537,0.7562,0.7562,344,0.038711871951818466
6,TX,0.3381677849486247,0.773,0.773,327,0.038711871951818466
7,CA,0.3432841522776482,0.7738,0.7738,358,0.03817807510495186
7,NY,0.31774237197165595,0.7468,0.7468,322,0.03817807510495186
7,TX,0.338973475750696,0.7604,0.7604,320,0.03817807510495186
8,CA,0.3458424443788724,0.77,0.77,328,0.03844785317778587
8,NY,0.3152377385903205,0.7532,0.7532,325,0.03844785317778587
8,TX,0.3389198170308072,0.7678,0.7678,347,0.03844785317778587
9,CA,0.34702696654313747,0.7724,0.7724,341,0.03835542872548103
9,NY,0.31331510358334314,0.7544,0.7544,309,0.03835542872548103
9,TX,0.3396579298735194,0.7686,0.7686,350,0.03835542872548103
10,CA,0.3483892250228882,0.7742,0.7742,364,0.037705276161432266
10,NY,0.31135059420348216,0.7468,0.7468,311,0.037705276161432266
10,TX,0.3402601807736295,0.7654,0.7654,325,0.037705276161432266
11,CA,0.350667177323217,0.7698,0.7698,345,0.038825999945402145
11,NY,0.30854656090596716,0.7568,0.7568,305,0.038825999945402145
11,TX,0.34078626177081583,0.7696,0.7696,350,0.038825999945402145
12,CA,0.3514773074030008,0.7738,0.7738,356,0.0389925092458725
12,NY,0.30698772841090394,0.7536,0.7536,306,0.0389925092458725
12,TX,0.3415349641860953,0.7718,0.7718,338,0.0389925092458725
13,CA,0.3528467262837236,0.7738,0.7738,374,0.03836120292544365
13,NY,0.30467421665314964,0.7534,0.7534,304,0.03836120292544365
13,TX,0.3424790570631268,0.766,0.766,322,0.03836120292544365
14,CA,0.35462337995390175,0.7708,0.7708,343,0.038357242941856384
14,NY,0.30268669211909544,0.7538,0.7538,288,0.038357242941856384
14,TX,0.34268992792700276,0.7722,0.7722,369,0.038357242941856384
15,CA,0.35556025107013994,0.776,0.776,332,0.037987399846315384
15,NY,0.3005728290977757,0.7498,0.7498,310,0.037987399846315384
15,TX,0.3438669198320842,0.7724,0.7724,358,0.037987399846315384
16,CA,0.3573940951162426,0.7704,0.7704,360,0.0385635681450367
16,NY,0.2976660732865459,0.7532,0.7532,298,0.0385635681450367
16,TX,0.3449398315972114,0.768,0.768,342,0.0385635681450367
17,CA,0.35859881863465115,0.7692,0.7692,349,0.03855281323194504
17,NY,0.2957677933553975,0.755,0.755,308,0.03855281323194504
17,TX,0.3456333880099513,0.77,0.77,343,0.03855281323194504
18,CA,0.3593958184653638,0.77,0.77,362,0.03925281763076782
18,NY,0.2940459733898794,0.7522,0.7522,308,0.03925281763076782
18,TX,0.3465582081447568,0.7748,0.7748,330,0.03925281763076782
19,CA,0.36012227643518296,0.7704,0.7704,347,0.03808117285370827
19,NY,0.2916772879573965,0.7514,0.7514,282,0.03808117285370827
19,TX,0.34820043560742053,0.7632,0.7632,371,0.03808117285370827
20,CA,0.36176700681270696,0.7738,0.7738,352,0.039028506726026535
20,NY,0.28986483198110113,0.7582,0.7582,287,0.039028506726026535
20,TX,0.34836816120619185,0.771,0.771,361,0.039028506726026535
21,CA,0.3628916727614362,0.7714,0.7714,391,0.037843912839889526
21,NY,0.2882087744344532,0.7564,0.7564,266,0.037843912839889526
21,TX,0.3488995528041106,0.7716,0.7716,343,0.037843912839889526
22,CA,0.3637651180507149,0.7712,0.7712,361,0.037810154259204865
22,NY,0.2864560742060401,0.753,0.753,272,0.037810154259204865
22,TX,0.3497788077432451,0.7728,0.7728,367,0.037810154259204865
23,CA,0.36472343432263105,0.7674,0.7674,343,0.03750794380903244
23,NY,0.28425948529590506,0.7472,0.7472,293,0.03750794380903244
23,TX,0.35101708038146384,0.7722,0.7722,364,0.03750794380903244
24,CA,0.36556260249530437,0.7716,0.7716,379,0.037851277738809586
24,NY,0.2816571805180958,0.7538,0.7538,291,0.037851277738809586
24,TX,0.3527802169865997,0.7646,0.7646,330,0.037851277738809586
25,CA,0.3671132309540509,0.7806,0.7806,339,0.03771713003516197
25,NY,0.2800099720172907,0.7552,0.7552,308,0.03771713003516197
25,TX,0.3528767970286584,0.7732,0.7732,353,0.03771713003516197
26,CA,0.3691289790043759,0.7722,0.7722,356,0.037947311997413635
26,NY,0.2775312193857162,0.7568,0.7568,274,0.037947311997413635
26,TX,0.353339801609908,0.7664,0.7664,370,0.037947311997413635
27,CA,0.3704507770656594,0.7736,0.7736,374,0.03717068210244179
27,NY,0.2761047022544246,0.7558,0.7558,277,0.03717068210244179
27,TX,0.353444520679916,0.7748,0.7748,349,0.03717068210244179
28,CA,0.37139109221200556,0.7712,0.7712,398,0.03755805268883705
28,NY,0.274027494914581,0.7528,0.7528,251,0.03755805268883705
28,TX,0.35458141287341355,0.7742,0.7742,351,0.03755805268883705
29,CA,0.3722271662238742,0.77,0.77,383,0.03765913099050522
29,NY,0.2717912584748415,0.756,0.756,263,0.03765913099050522
29,TX,0.3559815753012843,0.7702,0.7702,354,0.03765913099050522
30,CA,0.3730140533423773,0.777,0.777,364,0.03865169361233711
30,NY,0.27021151842852875,0.7558,0.7558,272,0.03865169361233711
30,TX,0.3567744282290939,0.7746,0.7746,364,0.03865169361233711
31,CA,0.37440141238086166,0.7692,0.7692,373,0.03963835537433624
31,NY,0.26798084920037196,0.7506,0.7506,260,0.03963835537433624
31,TX,0.35761773841876643,0.7682,0.7682,367,0.03963835537433624
32,CA,0.3755353332820675,0.7716,0.7716,374,0.03874550014734268
32,NY,0.26596658629891873,0.7504,0.7504,258,0.03874550014734268
32,TX,0.3584980804190138,0.7676,0.7676,368,0.03874550014734268
33,CA,0.3770405337357834,0.776,0.776,369,0.03850063681602478
33,NY,0.26383715097858274,0.7538,0.7538,263,0.03850063681602478
33,TX,0.3591223152856339,0.7678,0.7678,368,0.03850063681602478
34,CA,0.37891848183853716,0.772,0.772,378,0.03847024217247963
34,NY,0.26183686953886903,0.7558,0.7558,253,0.03847024217247963
34,TX,0.35924464862259375,0.7694,0.7694,369,0.03847024217247963
35,CA,0.3800284981943418,0.7698,0.7698,397,0.03788842260837555
35,NY,0.26020312253588485,0.7512,0.7512,242,0.03788842260837555
35,TX,0.35976837926977334,0.7692,0.7692,361,0.03788842260837555
36,CA,0.3811172037200365,0.7686,0.7686,407,0.03871379792690277
36,NY,0.2582060712488655,0.7516,0.7516,258,0.03871379792690277
36,TX,0.36067672503109804,0.7628,0.7628,335,0.03871379792690277
37,CA,0.3825190298159106,0.7756,0.7756,392,0.03822868689894676
37,NY,0.25666476799102594,0.748,0.748,254,0.03822868689894676
37,TX,0.36081620219306343,0.7644,0.7644,354,0.03822868689894676
38,CA,0.38493082850337895,0.7768,0.7768,369,0.03751736506819725
38,NY,0.2542682877874328,0.7498,0.7498,251,0.03751736506819725
38,TX,0.3608008837091883,0.7624,0.7624,380,0.03751736506819725
39,CA,0.3875615654570545,0.7698,0.7698,386,0.03833887726068497
39,NY,0.25211580501222935,0.7496,0.7496,235,0.03833887726068497
39,TX,0.3603226295307162,0.7668,0.7668,379,0.03833887726068497
40,CA,0.3889182540125411,0.7764,0.7764,386,0.03781818971037865
40,NY,0.25011070329221546,0.7514,0.7514,260,0.03781818971037865
40,TX,0.36097104269524344,0.7652,0.7652,354,0.03781818971037865
41,CA,0.39118548334444697,0.7732,0.7732,377,0.0387408584356308
41,NY,0.24802831388439608,0.7506,0.7506,280,0.0387408584356308
41,TX,0.36078620277115686,0.7684,0.7684,343,0.0387408584356308
42,CA,0.39281087094362854,0.7764,0.7764,380,0.03898172825574875
42,NY,0.24588454417101357,0.76,0.76,246,0.03898172825574875
42,TX,0.3613045848853579,0.7716,0.7716,374,0.03898172825574875
43,CA,0.3940902151518301,0.7746,0.7746,389,0.038461051881313324
43,NY,0.24440792709066997,0.7528,0.7528,239,0.038461051881313324
43,TX,0.3615018577574999,0.7692,0.7692,372,0.038461051881313324
44,CA,0.39571360934972866,0.776,0.776,380,0.03862700238823891
44,NY,0.24239994102569337,0.7494,0.7494,248,0.03862700238823891
44,TX,0.3618864496245779,0.7714,0.7714,372,0.03862700238823891
45,CA,0.3975294675736812,0.7722,0.7722,383,0.03931315243244171
45,NY,0.2398650709912646,0.7596,0.7596,248,0.03931315243244171
45,TX,0.36260546143505423,0.7736,0.7736,369,0.03931315243244171
46,CA,0.3980943410811335,0.778,0.778,426,0.038166750222444534
46,NY,0.23849809202098415,0.7526,0.7526,234,0.038166750222444534
46,TX,0.3634075668978822,0.7642,0.7642,340,0.038166750222444534
47,CA,0.4005890955050174,0.7704,0.7704,414,0.038175828754901886
47,NY,0.23656423085541942,0.7554,0.7554,221,0.038175828754901886
47,TX,0.3628466736395632,0.7698,0.7698,365,0.038175828754901886
48,CA,0.4014430852776129,0.7726,0.7726,412,0.05081100016832352
48,NY,0.23505994515481438,0.7554,0.7554,223,0.05081100016832352
48,TX,0.3634969695675727,0.769,0.769,365,0.05081100016832352
49,CA,0.4026587439974511,0.7696,0.7696,409,0.038444992154836655
49,NY,0.23348400396276386,0.7526,0.7526,221,0.038444992154836655
49,TX,0.36385725203978503,0.7638,0.7638,370,0.038444992154836655
50,CA,0.40404687886235474,0.7728,0.7728,401,0.037746746093034744
50,NY,0.23203818077472693,0.7508,0.7508,240,0.037746746093034744
50,TX,0.36391494036291827,0.765,0.765,359,0.037746746093034744
51,CA,0.4058654381971682,0.7794,0.7794,406,0.03785257413983345
51,NY,0.2301900570809317,0.7594,0.7594,230,0.03785257413983345
51,TX,0.3639445047219002,0.7668,0.7668,364,0.03785257413983345
52,CA,0.40797236345826854,0.7708,0.7708,407,0.03871855139732361
52,NY,0.2287843094723121,0.7428,0.7428,251,0.03871855139732361
52,TX,0.36324332706941936,0.766,0.766,342,0.03871855139732361
53,CA,0.4098586038175281,0.7764,0.7764,394,0.038077402859926224
53,NY,0.22620780524888046,0.7564,0.7564,254,0.038077402859926224
53,TX,0.3639335909335915,0.7724,0.7724,352,0.038077402859926224
54,CA,0.4112429699040254,0.773,0.773,426,0.037749916315078735
54,NY,0.2244164461305855,0.7548,0.7548,223,0.037749916315078735
54,TX,0.36434058396538904,0.7674,0.7674,351,0.037749916315078735
55,CA,0.4126685002081714,0.7766,0.7766,410,0.03761676326394081
55,NY,0.22288272221647204,0.7514,0.7514,229,0.03761676326394081
55,TX,0.3644487775753565,0.7746,0.7746,361,0.03761676326394081
56,CA,0.41414772561133845,0.7746,0.7746,418,0.037768833339214325
56,NY,0.2205088641127485,0.7496,0.7496,241,0.037768833339214325
56,TX,0.365343410275913,0.7628,0.7628,341,0.037768833339214325
57,CA,0.41645311341866725,0.7672,0.7672,434,0.03784850612282753
57,NY,0.2186125940125723,0.7554,0.7554,213,0.03784850612282753
57,TX,0.3649342925687604,0.7674,0.7674,353,0.03784850612282753
58,CA,0.41704466024830794,0.7718,0.7718,430,0.036751165986061096
58,NY,0.21746132025475984,0.7544,0.7544,217,0.036751165986061096
58,TX,0.36549401949693217,0.7622,0.7622,353,0.036751165986061096
59,CA,0.41876827282247703,0.7774,0.7774,417,0.03773569315671921
59,NY,0.21621566091094896,0.7572,0.7572,227,0.03773569315671921
59,TX,0.36501606626657385,0.7686,0.7686,356,0.03773569315671921
60,CA,0.42056175260363293,0.768,0.768,414,0.03790131211280823
60,NY,0.21467386201083316,0.7522,0.7522,239,0.03790131211280823
60,TX,0.3647643853855339,0.7704,0.7704,347,0.03790131211280823
61,CA,0.4211611956438266,0.7728,0.7728,427,0.03754069656133652
61,NY,0.21305864505199415,0.7582,0.7582,215,0.03754069656133652
61,TX,0.36578015930417934,0.7736,0.7736,358,0.03754069656133652
62,CA,0.4218317368052835,0.7712,0.7712,422,0.03700077161192894
62,NY,0.21164041019740518,0.7554,0.7554,204,0.03700077161192894
62,TX,0.3665278529973112,0.7708,0.7708,374,0.03700077161192894
63,CA,0.4226646882589169,0.7722,0.7722,411,0.037334706634283066
63,NY,0.21016664915029779,0.7586,0.7586,203,0.037334706634283066
63,TX,0.3671686625907852,0.7662,0.7662,386,0.037334706634283066
64,CA,0.42387524611307426,0.7752,0.7752,436,0.03668806701898575
64,NY,0.20915113492726034,0.7532,0.7532,216,0.03668806701898575
64,TX,0.3669736189596654,0.7718,0.7718,348,0.03668806701898575
65,CA,0.4252764725035609,0.7688,0.7688,416,0.038006290793418884
65,NY,0.2072419644629529,0.75,0.75,213,0.038006290793418884
65,TX,0.36748156303348617,0.7632,0.7632,371,0.038006290793418884
66,CA,0.4267128518648984,0.7626,0.7626,440,0.0381927490234375
66,NY,0.20573178100015632,0.7502,0.7502,189,0.0381927490234375
66,TX,0.3675553671349453,0.7628,0.7628,371,0.0381927490234375
67,CA,0.42731349643136196,0.7766,0.7766,438,0.040979161858558655
67,NY,0.20457199768581713,0.7498,0.7498,198,0.040979161858558655
67,TX,0.3681145058828209,0.7668,0.7668,364,0.040979161858558655
68,CA,0.4295111088275629,0.7754,0.7754,426,0.21109258383512497
68,NY,0.20252224429856586,0.7596,0.7596,227,0.21109258383512497
68,TX,0.36796664687387126,0.7686,0.7686,347,0.21109258383512497
69,CA,0.4308950076441,0.7734,0.7734,433,0.038166701793670654
69,NY,0.2013666433669406,0.7498,0.7498,215,0.038166701793670654
69,TX,0.36773834898895946,0.7648,0.7648,352,0.038166701793670654
70,CA,0.43282674228863677,0.7746,0.7746,447,0.03895089775323868
70,NY,0.19957763060224684,0.7526,0.7526,183,0.03895089775323868
70,TX,0.3675956271091165,0.7692,0.7692,370,0.03895089775323868
71,CA,0.43438739497217405,0.7706,0.7706,411,0.03726539760828018
71,NY,0.19781413488797617,0.7518,0.7518,201,0.03726539760828018
71,TX,0.3677984701398498,0.7606,0.7606,388,0.03726539760828018
72,CA,0.4362097125205743,0.7716,0.7716,424,0.03824126720428467
72,NY,0.19653481758133912,0.7488,0.7488,190,0.03824126720428467
72,TX,0.36725546989808655,0.7652,0.7652,386,0.03824126720428467
73,CA,0.43789828271764786,0.7784,0.7784,425,0.03852357342839241
73,NY,0.1947564652978412,0.7548,0.7548,192,0.03852357342839241
73,TX,0.36734525198451096,0.7686,0.7686,383,0.03852357342839241
74,CA,0.4399257994162028,0.7766,0.7766,443,0.03828620910644531
74,NY,0.19306175495986402,0.7566,0.7566,181,0.03828620910644531
74,TX,0.3670124456239332,0.7696,0.7696,376,0.03828620910644531
75,CA,0.4415238748312394,0.7794,0.7794,484,0.03853122517466545
75,NY,0.19158179185824367,0.7586,0.7586,177,0.03853122517466545
75,TX,0.3668943333105169,0.7694,0.7694,339,0.03853122517466545
76,CA,0.44343123335238777,0.7722,0.7722,432,0.03741215541958809
76,NY,0.1901602767054164,0.7498,0.7498,192,0.03741215541958809
76,TX,0.36640848994219594,0.7626,0.7626,376,0.03741215541958809
77,CA,0.4453857615194454,0.77,0.77,451,0.038387231528759
77,NY,0.1885842982347851,0.7548,0.7548,188,0.038387231528759
77,TX,0.3660299402457695,0.7706,0.7706,361,0.038387231528759
78,CA,0.446052790214965,0.7714,0.7714,442,0.03776492923498154
78,NY,0.1872448237329822,0.7514,0.7514,185,0.03776492923498154
78,TX,0.3667023860520527,0.7724,0.7724,373,0.03776492923498154
79,CA,0.4469050720669609,0.7696,0.7696,467,0.03776136413216591
79,NY,0.18548446811542346,0.7484,0.7484,191,0.03776136413216591
79,TX,0.3676104598176157,0.7634,0.7634,342,0.03776136413216591
80,CA,0.448479274763312,0.775,0.775,453,0.03759424388408661
80,NY,0.18390787729583327,0.7514,0.7514,181,0.03759424388408661
80,TX,0.36761284794085475,0.7634,0.7634,366,0.03759424388408661
81,CA,0.4506639246143967,0.774,0.774,421,0.03807218000292778
81,NY,0.18234662773267224,0.7576,0.7576,192,0.03807218000292778
81,TX,0.36698944765293107,0.7726,0.7726,387,0.03807218000292778
82,CA,0.4515559053229155,0.766,0.766,448,0.03810909017920494
82,NY,0.18101847265609625,0.7458,0.7458,187,0.03810909017920494
82,TX,0.3674256220209882,0.7638,0.7638,365,0.03810909017920494
83,CA,0.4527004503675296,0.7688,0.7688,424,0.03761471062898636
83,NY,0.17940150682788858,0.7548,0.7548,188,0.03761471062898636
83,TX,0.3678980428045818,0.7732,0.7732,388,0.03761471062898636
84,CA,0.4529290837112533,0.7792,0.7792,447,0.0408870130777359
84,NY,0.1780714375700541,0.755,0.755,198,0.0408870130777359
84,TX,0.36899947871869265,0.775,0.775,355,0.0408870130777359
85,CA,0.45442556353755625,0.776,0.776,464,0.03799504041671753
85,NY,0.17622972414560717,0.7558,0.7558,165,0.03799504041671753
85,TX,0.3693447123168366,0.7736,0.7736,371,0.03799504041671753
86,CA,0.45556608650638625,0.7726,0.7726,452,0.038194797933101654
86,NY,0.17466258235342844,0.7482,0.7482,178,0.038194797933101654
86,TX,0.3697713311401853,0.7702,0.7702,370,0.038194797933101654
87,CA,0.45689331395169774,0.7782,0.7782,438,0.03781268000602722
87,NY,0.17276018637419366,0.7496,0.7496,168,0.03781268000602722
87,TX,0.3703464996741086,0.7774,0.7774,394,0.03781268000602722
88,CA,0.4582429475453008,0.7766,0.7766,459,0.03846098482608795
88,NY,0.17048368146210335,0.7482,0.7482,170,0.03846098482608795
88,TX,0.37127337099259583,0.771,0.771,371,0.03846098482608795
89,CA,0.46003504569056497,0.7776,0.7776,430,0.038624655455350876
89,NY,0.1684144692938805,0.757,0.757,192,0.038624655455350876
89,TX,0.37155048501555454,0.7728,0.7728,378,0.038624655455350876
90,CA,0.4613984710073033,0.7684,0.7684,448,0.03857347369194031
90,NY,0.1669561242155383,0.7464,0.7464,186,0.03857347369194031
90,TX,0.3716454047771585,0.7758,0.7758,366,0.03857347369194031
91,CA,0.4616393825305401,0.7716,0.7716,443,0.038133107125759125
91,NY,0.16496517466796176,0.7546,0.7546,175,0.038133107125759125
91,TX,0.3733954428014982,0.7688,0.7688,382,0.038133107125759125
92,CA,0.46264476926210407,0.776,0.776,457,0.0378766804933548
92,NY,0.16373801815241298,0.7548,0.7548,149,0.0378766804933548
92,TX,0.37361721258548297,0.7708,0.7708,394,0.0378766804933548
93,CA,0.46405943340808226,0.7774,0.7774,437,0.03869342431426048
93,NY,0.1622781854474821,0.7554,0.7554,149,0.03869342431426048
93,TX,0.3736623811444357,0.767,0.767,414,0.03869342431426048
94,CA,0.46601436783520384,0.775,0.775,485,0.037943750619888306
94,NY,0.16094473065069326,0.7544,0.7544,157,0.037943750619888306
94,TX,0.37304090151410296,0.7622,0.7622,358,0.037943750619888306
95,CA,0.4681481700483998,0.7772,0.7772,493,0.03784291818737984
95,NY,0.15980525152787942,0.7582,0.7582,155,0.03784291818737984
95,TX,0.37204657842372074,0.768,0.768,352,0.03784291818737984
96,CA,0.46985583328830566,0.7708,0.7708,471,0.039349522441625595
96,NY,0.15867346698032472,0.749,0.749,146,0.039349522441625595
96,TX,0.3714706997313696,0.7686,0.7686,383,0.039349522441625595
97,CA,0.4709932381038184,0.7694,0.7694,489,0.037474244832992554
97,NY,0.15709944703151424,0.7474,0.7474,118,0.037474244832992554
97,TX,0.3719073148646675,0.7692,0.7692,393,0.037474244832992554
98,CA,0.47193491263362564,0.7694,0.7694,486,0.03868231922388077
98,NY,0.15545632591515313,0.7536,0.7536,157,0.03868231922388077
98,TX,0.3726087614512212,0.7666,0.7666,357,0.03868231922388077
99,CA,0.47287015393099285,0.7692,0.7692,469,0.03858375921845436
99,NY,0.15437348557315417,0.7572,0.7572,156,0.03858375921845436
99,TX,0.37275636049585303,0.7708,0.7708,375,0.03858375921845436
100,CA,0.4732061141302952,0.772,0.772,476,0.03780190274119377
100,NY,0.15343534627952132,0.7562,0.7562,151,0.03780190274119377
100,TX,0.3733585395901835,0.7682,0.7682,373,0.03780190274119377
101,CA,0.4742346147120139,0.7746,0.7746,466,0.04057246074080467
101,NY,0.1523977573102753,0.754,0.754,151,0.04057246074080467
101,TX,0.37336762797771084,0.7722,0.7722,383,0.04057246074080467
102,CA,0.4753154917042433,0.7694,0.7694,468,0.03835078701376915
102,NY,0.15097199944715955,0.7508,0.7508,161,0.03835078701376915
102,TX,0.37371250884859714,0.7584,0.7584,371,0.03835078701376915
103,CA,0.47718142284303494,0.7716,0.7716,494,0.039086926728487015
103,NY,0.14997141197693684,0.75,0.75,153,0.039086926728487015
103,TX,0.3728471651800282,0.7658,0.7658,353,0.039086926728487015
104,CA,0.4786408765932418,0.7752,0.7752,470,0.03805636614561081
104,NY,0.14859599858797704,0.755,0.755,153,0.03805636614561081
104,TX,0.37276312481878116,0.7764,0.7764,377,0.03805636614561081
105,CA,0.4793305821660004,0.774,0.774,492,0.03839316964149475
105,NY,0.1471168101824435,0.757,0.757,146,0.03839316964149475
105,TX,0.37355260765155607,0.7688,0.7688,362,0.03839316964149475
106,CA,0.4805342091199388,0.7738,0.7738,488,0.03841661661863327
106,NY,0.1460728886306772,0.7564,0.7564,142,0.03841661661863327
106,TX,0.373392902249384,0.7722,0.7722,370,0.03841661661863327
107,CA,0.48138611896124744,0.7744,0.7744,481,0.03879288583993912
107,NY,0.14489641757073812,0.7524,0.7524,132,0.03879288583993912
107,TX,0.37371746346801443,0.7706,0.7706,387,0.03879288583993912
108,CA,0.4826394604028939,0.7704,0.7704,494,0.038618989288806915
108,NY,0.14347248731955833,0.7468,0.7468,137,0.038618989288806915
108,TX,0.37388805227754773,0.767,0.767,369,0.038618989288806915
109,CA,0.48391242836606246,0.7742,0.7742,460,0.037933509796857834
109,NY,0.1419333192823692,0.7548,0.7548,141,0.037933509796857834
109,TX,0.3741542523515684,0.7752,0.7752,399,0.037933509796857834
110,CA,0.4845622673180086,0.7722,0.7722,486,0.03815532103180885
110,NY,0.14056986466308746,0.7496,0.7496,141,0.03815532103180885
110,TX,0.3748678680189039,0.7694,0.7694,373,0.03815532103180885
111,CA,0.48572065955670846,0.7678,0.7678,482,0.03823846951127052
111,NY,0.13910900613759278,0.7484,0.7484,148,0.03823846951127052
111,TX,0.3751703343056988,0.7678,0.7678,370,0.03823846951127052
112,CA,0.48646329200745364,0.777,0.777,486,0.037189412862062454
112,NY,0.1377927648453652,0.7536,0.7536,144,0.037189412862062454
112,TX,0.375743943147181,0.763,0.763,370,0.037189412862062454
113,CA,0.48879718604056455,0.774,0.774,511,0.037368569523096085
113,NY,0.13663065365450305,0.7622,0.7622,142,0.037368569523096085
113,TX,0.37457216030493246,0.7692,0.7692,347,0.037368569523096085
114,CA,0.48973861828388704,0.7748,0.7748,499,0.039180938154459
114,NY,0.1359832391722785,0.7574,0.7574,144,0.039180938154459
114,TX,0.3742781425438344,0.7688,0.7688,357,0.039180938154459
115,CA,0.49101450825589665,0.7798,0.7798,487,0.03836282342672348
115,NY,0.13500086682626103,0.7572,0.7572,125,0.03836282342672348
115,TX,0.3739846249178424,0.7712,0.7712,388,0.03836282342672348
116,CA,0.4927496490861091,0.7762,0.7762,504,0.038602352142333984
116,NY,0.1337576248224915,0.7514,0.7514,157,0.038602352142333984
116,TX,0.3734927260913994,0.7676,0.7676,339,0.038602352142333984
117,CA,0.49456765621750925,0.7732,0.7732,488,0.038006313145160675
117,NY,0.13237665877031254,0.7546,0.7546,132,0.038006313145160675
117,TX,0.3730556850121782,0.7574,0.7574,380,0.038006313145160675
118,CA,0.49690942051650255,0.7764,0.7764,487,0.04179336875677109
118,NY,0.13160831744756687,0.7574,0.7574,148,0.04179336875677109
118,TX,0.37148226203593065,0.7664,0.7664,365,0.04179336875677109
119,CA,0.49865414316534357,0.7766,0.7766,492,0.038777582347393036
119,NY,0.13065781645279748,0.7554,0.7554,115,0.038777582347393036
119,TX,0.370688040381859,0.7736,0.7736,393,0.038777582347393036
120,CA,0.4997461275059125,0.7694,0.7694,481,0.037711769342422485
120,NY,0.12938139753364758,0.7528,0.7528,125,0.037711769342422485
120,TX,0.3708724749604399,0.7592,0.7592,394,0.037711769342422485
121,CA,0.5014267972408403,0.7756,0.7756,502,0.03752050921320915
121,NY,0.12859861220840538,0.7558,0.7558,120,0.03752050921320915
121,TX,0.3699745905507545,0.7686,0.7686,378,0.03752050921320915
122,CA,0.5028814247133753,0.7758,0.7758,473,0.037424735724925995
122,NY,0.12753348999844394,0.757,0.757,138,0.037424735724925995
122,TX,0.3695850852881809,0.7652,0.7652,389,0.037424735724925995
123,CA,0.5046761915736148,0.771,0.771,478,0.03783257305622101
123,NY,0.12663366530091458,0.7514,0.7514,129,0.03783257305622101
123,TX,0.36869014312547066,0.773,0.773,393,0.03783257305622101
124,CA,0.5051738461605597,0.7768,0.7768,495,0.0388893187046051
124,NY,0.12535567582062823,0.7604,0.7604,122,0.0388893187046051
124,TX,0.36947047801881194,0.7672,0.7672,383,0.0388893187046051
125,CA,0.5067718401731282,0.7752,0.7752,498,0.03814147785305977
125,NY,0.12459150536385637,0.7582,0.7582,124,0.03814147785305977
125,TX,0.36863665446301563,0.7734,0.7734,378,0.03814147785305977
126,CA,0.5075671587881398,0.7728,0.7728,522,0.03902916982769966
126,NY,0.12359202822802741,0.7538,0.7538,121,0.03902916982769966
126,TX,0.36884081298383264,0.7668,0.7668,357,0.03902916982769966
127,CA,0.5088764631993825,0.7772,0.7772,512,0.03761652484536171
127,NY,0.12258282679765627,0.759,0.759,120,0.03761652484536171
127,TX,0.36854071000296124,0.7668,0.7668,368,0.03761652484536171
128,CA,0.510618701227613,0.7762,0.7762,505,0.03780718520283699
128,NY,0.12174286545022496,0.7578,0.7578,121,0.03780718520283699
128,TX,0.367638433322162,0.7762,0.7762,374,0.03780718520283699
129,CA,0.5112634852289247,0.7782,0.7782,494,0.03813604637980461
129,NY,0.12063384584707669,0.757,0.757,126,0.03813604637980461
129,TX,0.3681026689239986,0.767,0.767,380,0.03813604637980461
130,CA,0.5131913981317799,0.7694,0.7694,498,0.038290489464998245
130,NY,0.11964510114346215,0.7542,0.7542,124,0.038290489464998245
130,TX,0.367163500724758,0.7656,0.7656,378,0.038290489464998245
131,CA,0.5141252228409222,0.772,0.772,505,0.03778485208749771
131,NY,0.11883313300452612,0.757,0.757,126,0.03778485208749771
131,TX,0.3670416441545517,0.7694,0.7694,369,0.03778485208749771
132,CA,0.5149205033980687,0.7742,0.7742,501,0.037398286163806915
132,NY,0.11800947157599102,0.753,0.753,137,0.037398286163806915
132,TX,0.36707002502594016,0.7636,0.7636,362,0.037398286163806915
133,CA,0.5167825584739347,0.773,0.773,530,0.03736081346869469
133,NY,0.11702101734275655,0.7516,0.7516,131,0.03736081346869469
133,TX,0.3661964241833087,0.7688,0.7688,339,0.03736081346869469
134,CA,0.5179634669031995,0.7706,0.7706,512,0.03738955035805702
134,NY,0.11587276001687241,0.7574,0.7574,122,0.03738955035805702
134,TX,0.36616377307992815,0.7692,0.7692,366,0.03738955035805702
135,CA,0.518561558136633,0.7772,0.7772,533,0.0398377887904644
135,NY,0.11514171754165836,0.7552,0.7552,101,0.0398377887904644
135,TX,0.36629672432170873,0.7766,0.7766,366,0.0398377887904644
136,CA,0.519366059968617,0.772,0.772,502,0.03803112357854843
136,NY,0.11389279632686986,0.7548,0.7548,123,0.03803112357854843
136,TX,0.3667411437045131,0.7708,0.7708,375,0.03803112357854843
137,CA,0.5200701637892376,0.774,0.774,533,0.038086868822574615
137,NY,0.11294019619659981,0.7532,0.7532,96,0.038086868822574615
137,TX,0.3669896400141625,0.7702,0.7702,371,0.038086868822574615
138,CA,0.5211700019214123,0.7678,0.7678,497,0.037029579281806946
138,NY,0.11185202608303406,0.7482,0.7482,114,0.037029579281806946
138,TX,0.3669779719955537,0.7684,0.7684,389,0.037029579281806946
139,CA,0.5217520553061252,0.7742,0.7742,496,0.03818291053175926
139,NY,0.11073543091597496,0.7588,0.7588,112,0.03818291053175926
139,TX,0.3675125137778999,0.77,0.77,392,0.03818291053175926
140,CA,0.5227092295918933,0.7722,0.7722,492,0.038638412952423096
140,NY,0.10997563597147605,0.753,0.753,111,0.038638412952423096
140,TX,0.36731513443663083,0.7696,0.7696,397,0.038638412952423096
141,CA,0.5236152747548193,0.7648,0.7648,499,0.037426963448524475
141,NY,0.10897272335674588,0.7504,0.7504,102,0.037426963448524475
141,TX,0.36741200188843504,0.7718,0.7718,399,0.037426963448524475
142,CA,0.5233179499781675,0.7696,0.7696,516,0.03678387403488159
142,NY,0.10802218020739199,0.7536,0.7536,105,0.03678387403488159
142,TX,0.36865986981444054,0.767,0.767,379,0.03678387403488159
143,CA,0.5241137375932687,0.7686,0.7686,515,0.03810152783989906
143,NY,0.10720826737537091,0.7432,0.7432,111,0.03810152783989906
143,TX,0.3686779950313604,0.7664,0.7664,374,0.03810152783989906
144,CA,0.5251631676474392,0.7754,0.7754,526,0.03741713985800743
144,NY,0.10588016024018863,0.7542,0.7542,105,0.03741713985800743
144,TX,0.3689566721123722,0.768,0.768,369,0.03741713985800743
145,CA,0.5266388893037238,0.7716,0.7716,527,0.2117481790482998
145,NY,0.10490982146647636,0.7524,0.7524,99,0.2117481790482998
145,TX,0.3684512892297997,0.7688,0.7688,374,0.2117481790482998
146,CA,0.5275459050237475,0.7716,0.7716,530,0.03773057460784912
146,NY,0.10395156952406634,0.7526,0.7526,106,0.03773057460784912
146,TX,0.3685025254521861,0.77,0.77,364,0.03773057460784912
147,CA,0.5283107221286223,0.7638,0.7638,525,0.03783297538757324
147,NY,0.10298580197119919,0.746,0.746,105,0.03783297538757324
147,TX,0.3687034759001785,0.7618,0.7618,370,0.03783297538757324
148,CA,0.5290818035814887,0.771,0.771,516,0.037900954484939575
148,NY,0.1020952782008381,0.7518,0.7518,108,0.037900954484939575
148,TX,0.36882291821767316,0.7714,0.7714,376,0.037900954484939575
149,CA,0.5296238980661124,0.7734,0.7734,520,0.037954047322273254
149,NY,0.10109190155832301,0.7534,0.7534,91,0.037954047322273254
149,TX,0.36928420037556453,0.7658,0.7658,389,0.037954047322273254
150,CA,0.5310698304461555,0.7738,0.7738,520,0.03736553341150284
150,NY,0.10022468979333714,0.7616,0.7616,115,0.03736553341150284
150,TX,0.3687054797605073,0.7694,0.7694,365,0.03736553341150284
151,CA,0.5319229959855324,0.7744,0.7744,550,0.03849099203944206
151,NY,0.09969525937066295,0.7516,0.7516,95,0.03849099203944206
151,TX,0.3683817446438047,0.764,0.764,355,0.03849099203944206
152,CA,0.5337592137301694,0.7732,0.7732,544,0.04098730906844139
152,NY,0.09875396327467548,0.7548,0.7548,92,0.04098730906844139
152,TX,0.3674868229951551,0.766,0.766,364,0.04098730906844139
153,CA,0.5351060253958968,0.7738,0.7738,537,0.03807307407259941
153,NY,0.0979758169834258,0.7548,0.7548,94,0.03807307407259941
153,TX,0.36691815762067737,0.7718,0.7718,369,0.03807307407259941
154,CA,0.5358901255309044,0.77,0.77,526,0.03714051842689514
154,NY,0.09706838012627712,0.7526,0.7526,97,0.03714051842689514
154,TX,0.3670414943428185,0.7686,0.7686,377,0.03714051842689514
155,CA,0.5365578969658918,0.7772,0.7772,538,0.03841143846511841
155,NY,0.09623391620912283,0.7504,0.7504,87,0.03841143846511841
155,TX,0.3672081868249853,0.7696,0.7696,375,0.03841143846511841
156,CA,0.5381840325494849,0.7736,0.7736,544,0.03735293075442314
156,NY,0.09506997442395188,0.7516,0.7516,97,0.03735293075442314
156,TX,0.3667459930265632,0.7602,0.7602,359,0.03735293075442314
157,CA,0.5403183557801096,0.7678,0.7678,539,0.03765261545777321
157,NY,0.09426306278862927,0.7518,0.7518,99,0.03765261545777321
157,TX,0.3654185814312611,0.768,0.768,362,0.03765261545777321
158,CA,0.5407573503203834,0.7732,0.7732,555,0.03785967081785202
158,NY,0.09348579999365968,0.751,0.751,94,0.03785967081785202
158,TX,0.36575684968595684,0.7662,0.7662,351,0.03785967081785202
159,CA,0.5421747596130003,0.7726,0.7726,540,0.03810807690024376
159,NY,0.09255735524479654,0.7488,0.7488,96,0.03810807690024376
159,TX,0.3652678851422031,0.7716,0.7716,364,0.03810807690024376
160,CA,0.5429613990432238,0.773,0.773,528,0.037845414131879807
160,NY,0.09144711226072547,0.7538,0.7538,89,0.037845414131879807
160,TX,0.3655914886960506,0.7682,0.7682,383,0.037845414131879807
161,CA,0.5440386211965866,0.7764,0.7764,557,0.0379398912191391
161,NY,0.09063628616879213,0.7564,0.7564,81,0.0379398912191391
161,TX,0.3653250926346213,0.7734,0.7734,362,0.0379398912191391
162,CA,0.5449308983016972,0.7752,0.7752,533,0.03813613951206207
162,NY,0.0897628159307825,0.7566,0.7566,84,0.03813613951206207
162,TX,0.3653062857675204,0.7714,0.7714,383,0.03813613951206207
163,CA,0.5458711522170742,0.7744,0.7744,558,0.037965744733810425
163,NY,0.08897556765846291,0.7522,0.7522,85,0.037965744733810425
163,TX,0.3651532801244629,0.7654,0.7654,357,0.037965744733810425
164,CA,0.5474946407916393,0.7762,0.7762,568,0.03829405829310417
164,NY,0.08812368377883065,0.75,0.75,72,0.03829405829310417
164,TX,0.36438167542953004,0.7662,0.7662,360,0.03829405829310417
165,CA,0.5493356535556434,0.7756,0.7756,524,0.037661731243133545
165,NY,0.0871157622386636,0.7552,0.7552,99,0.037661731243133545
165,TX,0.363548584205693,0.7708,0.7708,377,0.037661731243133545
166,CA,0.550427517102115,0.7778,0.7778,550,0.038268014788627625
166,NY,0.08628604535795964,0.7544,0.7544,88,0.038268014788627625
166,TX,0.3632864375399253,0.7702,0.7702,362,0.038268014788627625
167,CA,0.551911472375583,0.7718,0.7718,560,0.03760356828570366
167,NY,0.08537988515956449,0.7444,0.7444,86,0.03760356828570366
167,TX,0.3627086424648525,0.7726,0.7726,354,0.03760356828570366
168,CA,0.5525505454941433,0.777,0.777,564,0.03745492920279503
168,NY,0.08415686276386067,0.7588,0.7588,70,0.03745492920279503
168,TX,0.3632925917419961,0.7778,0.7778,366,0.03745492920279503
169,CA,0.5529367052962484,0.7674,0.7674,565,0.03774622455239296
169,NY,0.08335314193267955,0.7528,0.7528,78,0.03774622455239296
169,TX,0.36371015277107205,0.7662,0.7662,357,0.03774622455239296
170,CA,0.553454463624036,0.7726,0.7726,585,0.03732047975063324
170,NY,0.08274199018485005,0.7532,0.7532,75,0.03732047975063324
170,TX,0.3638035461911139,0.764,0.764,340,0.03732047975063324
171,CA,0.5549364768372064,0.7732,0.7732,567,0.037522077560424805
171,NY,0.08205556835504846,0.7526,0.7526,85,0.037522077560424805
171,TX,0.36300795480774517,0.7584,0.7584,348,0.037522077560424805
172,CA,0.5571556929530324,0.7782,0.7782,566,0.037940863519907
172,NY,0.08142662652894518,0.7604,0.7604,86,0.037940863519907
172,TX,0.3614176805180225,0.7724,0.7724,348,0.037940863519907
173,CA,0.5582688451453321,0.771,0.771,574,0.03799094632267952
173,NY,0.08077259137003791,0.75,0.75,68,0.03799094632267952
173,TX,0.36095856348462985,0.7638,0.7638,358,0.03799094632267952
174,CA,0.5596260809290304,0.7744,0.7744,594,0.037615906447172165
174,NY,0.08000885545959943,0.7572,0.7572,72,0.037615906447172165
174,TX,0.3603650636113701,0.7702,0.7702,334,0.037615906447172165
175,CA,0.5605389423465962,0.776,0.776,555,0.03832568600773811
175,NY,0.07936254148185615,0.7598,0.7598,85,0.03832568600773811
175,TX,0.3600985161715476,0.773,0.773,360,0.03832568600773811
176,CA,0.5612866826249382,0.7748,0.7748,569,0.0388166606426239
176,NY,0.07874352771581618,0.7558,0.7558,78,0.0388166606426239
176,TX,0.35996978965924553,0.7692,0.7692,353,0.0388166606426239
177,CA,0.5623995536676496,0.7774,0.7774,577,0.037616413086652756
177,NY,0.07805499877677137,0.7542,0.7542,84,0.037616413086652756
177,TX,0.35954544755557905,0.7772,0.7772,339,0.037616413086652756
178,CA,0.5629959305820066,0.7746,0.7746,559,0.03802968189120293
178,NY,0.0771178548437373,0.7518,0.7518,85,0.03802968189120293
178,TX,0.3598862145742562,0.7684,0.7684,356,0.03802968189120293
179,CA,0.5642644864393079,0.7738,0.7738,592,0.03820756822824478
179,NY,0.07629857856530832,0.7508,0.7508,73,0.03820756822824478
179,TX,0.35943693499538376,0.7682,0.7682,335,0.03820756822824478
180,CA,0.5654655872909273,0.7702,0.7702,562,0.03815086930990219
180,NY,0.07546955635753425,0.7478,0.7478,78,0.03815086930990219
180,TX,0.3590648563515385,0.7678,0.7678,360,0.03815086930990219
181,CA,0.5662820525488069,0.7712,0.7712,578,0.03735674172639847
181,NY,0.07462215951767584,0.7524,0.7524,78,0.03735674172639847
181,TX,0.35909578793351715,0.7764,0.7764,344,0.03735674172639847
182,CA,0.566133614597774,0.7696,0.7696,572,0.037760935723781586
182,NY,0.07381074667876314,0.7538,0.7538,67,0.037760935723781586
182,TX,0.3600556387234629,0.7654,0.7654,361,0.037760935723781586
183,CA,0.5669918060004003,0.7734,0.7734,577,0.03682660311460495
183,NY,0.0732626114880734,0.7512,0.7512,74,0.03682660311460495
183,TX,0.3597455825115262,0.7622,0.7622,349,0.03682660311460495
184,CA,0.5688057943608372,0.7754,0.7754,560,0.03737874701619148
184,NY,0.07257694258434823,0.7468,0.7468,78,0.03737874701619148
184,TX,0.35861726305481445,0.7636,0.7636,362,0.03737874701619148
185,CA,0.5708337699928343,0.7762,0.7762,555,0.03859703242778778
185,NY,0.07166238905669148,0.752,0.752,72,0.03859703242778778
185,TX,0.3575038409504741,0.776,0.776,373,0.03859703242778778
186,CA,0.5714146848516446,0.7734,0.7734,562,0.038232143968343735
186,NY,0.07075795261027358,0.7534,0.7534,83,0.038232143968343735
186,TX,0.3578273625380818,0.7672,0.7672,355,0.038232143968343735
187,CA,0.5725879149386164,0.7772,0.7772,576,0.03776983916759491
187,NY,0.0701036025573992,0.7556,0.7556,61,0.03776983916759491
187,TX,0.3573084825039845,0.7748,0.7748,363,0.03776983916759491
188,CA,0.5733530884366578,0.7756,0.7756,597,0.03906358778476715
188,NY,0.06934411067855097,0.7556,0.7556,71,0.03906358778476715
188,TX,0.35730280088479116,0.7706,0.7706,332,0.03906358778476715
189,CA,0.574379633918732,0.7706,0.7706,539,0.03782930225133896
189,NY,0.06868578955399006,0.7592,0.7592,74,0.03782930225133896
189,TX,0.3569345765272779,0.7702,0.7702,387,0.03782930225133896
190,CA,0.574680116330027,0.774,0.774,580,0.03771647438406944
190,NY,0.06827925751849803,0.7578,0.7578,62,0.03771647438406944
190,TX,0.3570406261514749,0.769,0.769,358,0.03771647438406944
191,CA,0.5756182790871025,0.7768,0.7768,585,0.03769023343920708
191,NY,0.06776618549875157,0.7482,0.7482,81,0.03769023343920708
191,TX,0.35661553541414603,0.7658,0.7658,334,0.03769023343920708
192,CA,0.57752327503701,0.7726,0.7726,554,0.03777889162302017
192,NY,0.06689605780619719,0.7512,0.7512,74,0.03777889162302017
192,TX,0.3555806671567928,0.7644,0.7644,372,0.03777889162302017
193,CA,0.5789431447291864,0.7714,0.7714,558,0.037680238485336304
193,NY,0.06625092606313257,0.7486,0.7486,80,0.037680238485336304
193,TX,0.35480592920768106,0.774,0.774,362,0.037680238485336304
194,CA,0.5791353918180334,0.769,0.769,577,0.037920620292425156
194,NY,0.06541991526778347,0.7456,0.7456,62,0.037920620292425156
194,TX,0.355444692914183,0.7642,0.7642,361,0.037920620292425156
195,CA,0.5801970509255283,0.7742,0.7742,580,0.03757776319980621
195,NY,0.06467289298714547,0.7538,0.7538,58,0.03757776319980621
195,TX,0.35513005608732623,0.7732,0.7732,362,0.03757776319980621
196,CA,0.5807451474308493,0.774,0.774,616,0.037992753088474274
196,NY,0.06398966727077995,0.7574,0.7574,53,0.037992753088474274
196,TX,0.35526518529837064,0.7758,0.7758,331,0.037992753088474274
197,CA,0.5808835742600827,0.7678,0.7678,594,0.03822549805045128
197,NY,0.06340600125207502,0.7408,0.7408,64,0.03822549805045128
197,TX,0.35571042448784224,0.7662,0.7662,342,0.03822549805045128
198,CA,0.581634091727029,0.7756,0.7756,578,0.038002464920282364
198,NY,0.0625182584559986,0.749,0.749,67,0.038002464920282364
198,TX,0.3558476498169723,0.7684,0.7684,355,0.038002464920282364
199,CA,0.5830214071079068,0.78,0.78,610,0.03766926750540733
199,NY,0.061728566519328086,0.7532,0.7532,56,0.03766926750540733
199,TX,0.35525002637276515,0.7674,0.7674,334,0.03766926750540733
200,CA,0.5850363234507855,0.774,0.774,585,0.03855706378817558
200,NY,0.061009291468328494,0.7454,0.7454,69,0.03855706378817558
200,TX,0.3539543850808861,0.7596,0.7596,346,0.03855706378817558
201,CA,0.587301376310061,0.7752,0.7752,584,0.038112252950668335
201,NY,0.06025811263755696,0.7558,0.7558,64,0.038112252950668335
201,TX,0.3524405110523819,0.7718,0.7718,352,0.038112252950668335
202,CA,0.5880856136274077,0.7734,0.7734,574,0.03813478723168373
202,NY,0.059679175860612145,0.7576,0.7576,51,0.03813478723168373
202,TX,0.3522352105119802,0.7708,0.7708,375,0.03813478723168373
203,CA,0.5887026468092906,0.7744,0.7744,571,0.037245262414216995
203,NY,0.0592095267609917,0.749,0.749,60,0.037245262414216995
203,TX,0.3520878264297176,0.7658,0.7658,369,0.037245262414216995
204,CA,0.590210063164017,0.769,0.769,590,0.03787260502576828
204,NY,0.05851140035577031,0.7508,0.7508,59,0.03787260502576828
204,TX,0.3512785364802127,0.77,0.77,351,0.03787260502576828
205,CA,0.5904482547796669,0.7648,0.7648,577,0.0366470105946064
205,NY,0.05793278816148593,0.7408,0.7408,52,0.0366470105946064
205,TX,0.35161895705884716,0.7646,0.7646,371,0.0366470105946064
206,CA,0.5909373688674053,0.7722,0.7722,575,0.03723527491092682
206,NY,0.0571922818506279,0.7586,0.7586,60,0.03723527491092682
206,TX,0.35187034928196664,0.7674,0.7674,365,0.03723527491092682
207,CA,0.5917610636409563,0.776,0.776,597,0.03793151676654816
207,NY,0.05683249116205176,0.753,0.753,54,0.03793151676654816
207,TX,0.35140644519699193,0.7748,0.7748,349,0.03793151676654816
208,CA,0.5923376706878283,0.773,0.773,602,0.03750334307551384
208,NY,0.056151144748393285,0.7562,0.7562,54,0.03750334307551384
208,TX,0.3515111845637785,0.7664,0.7664,344,0.03750334307551384
209,CA,0.5934299141074019,0.7734,0.7734,612,0.03802580013871193
209,NY,0.05572164556133681,0.7582,0.7582,51,0.03802580013871193
209,TX,0.3508484403312613,0.7754,0.7754,337,0.03802580013871193
210,CA,0.5934785302635486,0.7718,0.7718,573,0.03776304051280022
210,NY,0.05524857522513144,0.7518,0.7518,52,0.03776304051280022
210,TX,0.35127289451132004,0.7628,0.7628,375,0.03776304051280022
211,CA,0.5949110536364296,0.7778,0.7778,604,0.03807920962572098
211,NY,0.05475678402278416,0.7586,0.7586,61,0.03807920962572098
211,TX,0.3503321623407862,0.7732,0.7732,335,0.03807920962572098
212,CA,0.5958034713207575,0.7766,0.7766,598,0.03798932582139969
212,NY,0.05424667092753436,0.7566,0.7566,56,0.03798932582139969
212,TX,0.3499498577517082,0.774,0.774,346,0.03798932582139969
213,CA,0.5964732037114105,0.7698,0.7698,598,0.03785831108689308
213,NY,0.05369628259570691,0.7552,0.7552,66,0.03785831108689308
213,TX,0.3498305136928825,0.767,0.767,336,0.03785831108689308
214,CA,0.597068143476055,0.7768,0.7768,600,0.037612468004226685
214,NY,0.05330643046169115,0.756,0.756,60,0.037612468004226685
214,TX,0.3496254260622539,0.7728,0.7728,340,0.037612468004226685
215,CA,0.5979118680103982,0.7708,0.7708,580,0.037641387432813644
215,NY,0.05275684817728399,0.7518,0.7518,51,0.037641387432813644
215,TX,0.34933128381231776,0.7654,0.7654,369,0.037641387432813644
216,CA,0.5988888567117954,0.7716,0.7716,601,0.039478134363889694
216,NY,0.05227606738331366,0.753,0.753,45,0.039478134363889694
216,TX,0.348835075904891,0.761,0.761,354,0.039478134363889694
217,CA,0.6004717167850881,0.7734,0.7734,605,0.03819778934121132
217,NY,0.051863936562838456,0.7462,0.7462,51,0.03819778934121132
217,TX,0.3476643466520734,0.7724,0.7724,344,0.03819778934121132
218,CA,0.6010676880472423,0.7724,0.7724,592,0.03830737620592117
218,NY,0.05111914517933511,0.7544,0.7544,51,0.03830737620592117
218,TX,0.34781316677342256,0.7746,0.7746,357,0.03830737620592117
219,CA,0.6011202421973493,0.7738,0.7738,594,0.03810537979006767
219,NY,0.05060441759357972,0.7506,0.7506,44,0.03810537979006767
219,TX,0.3482753402090709,0.7698,0.7698,362,0.03810537979006767
220,CA,0.6019914715713316,0.7774,0.7774,590,0.03770425543189049
220,NY,0.050014932893425346,0.7544,0.7544,67,0.03770425543189049
220,TX,0.34799359553524306,0.7688,0.7688,343,0.03770425543189049
221,CA,0.603397981735351,0.775,0.775,617,0.0376243069767952
221,NY,0.049483071343549075,0.7558,0.7558,58,0.0376243069767952
221,TX,0.34711894692109996,0.771,0.771,325,0.0376243069767952
222,CA,0.6041940033377006,0.7756,0.7756,612,0.03722936660051346
222,NY,0.04901239134078839,0.756,0.756,48,0.03722936660051346
222,TX,0.346793605321511,0.7696,0.7696,340,0.03722936660051346
223,CA,0.6052306959280759,0.7766,0.7766,590,0.21180212497711182
223,NY,0.04855453546812334,0.759,0.759,42,0.21180212497711182
223,TX,0.34621476860380074,0.7724,0.7724,368,0.21180212497711182
224,CA,0.6060182064059404,0.7742,0.7742,597,0.03784201294183731
224,NY,0.04813607892466804,0.752,0.752,41,0.03784201294183731
224,TX,0.34584571466939157,0.7748,0.7748,362,0.03784201294183731
225,CA,0.6063124820668969,0.7724,0.7724,627,0.037664007395505905
225,NY,0.047556849353017176,0.752,0.752,54,0.037664007395505905
225,TX,0.34613066858008584,0.7612,0.7612,319,0.037664007395505905
226,CA,0.6079750568918929,0.774,0.774,611,0.036979082971811295
226,NY,0.04713838381826295,0.7536,0.7536,44,0.036979082971811295
226,TX,0.34488655928984413,0.7728,0.7728,345,0.036979082971811295
227,CA,0.608446821623078,0.7782,0.7782,596,0.03761719539761543
227,NY,0.04663247588695124,0.7584,0.7584,54,0.03761719539761543
227,TX,0.34492070248997087,0.773,0.773,350,0.03761719539761543
228,CA,0.6093778897222827,0.7716,0.7716,599,0.03733217343688011
228,NY,0.0461837941981259,0.7556,0.7556,43,0.03733217343688011
228,TX,0.3444383160795914,0.7692,0.7692,358,0.03733217343688011
229,CA,0.609916883512953,0.769,0.769,635,0.03686594218015671
229,NY,0.04580717118168386,0.7498,0.7498,44,0.03686594218015671
229,TX,0.3442759453053631,0.7742,0.7742,321,0.03686594218015671
230,CA,0.6096030405599353,0.7742,0.7742,642,0.03804713860154152
230,NY,0.04528668392576926,0.7566,0.7566,43,0.03804713860154152
230,TX,0.3451102755142954,0.7706,0.7706,315,0.03804713860154152
231,CA,0.6103045855878286,0.7694,0.7694,617,0.037361957132816315
231,NY,0.044889041601296614,0.7512,0.7512,58,0.037361957132816315
231,TX,0.3448063728108747,0.7688,0.7688,325,0.037361957132816315
232,CA,0.6106579431762141,0.7734,0.7734,574,0.037266019731760025
232,NY,0.044453036923995055,0.7604,0.7604,48,0.037266019731760025
232,TX,0.3448890198997909,0.7704,0.7704,378,0.037266019731760025
233,CA,0.611213721163822,0.7718,0.7718,599,0.037698063999414444
233,NY,0.04416733310185852,0.75,0.75,56,0.037698063999414444
233,TX,0.34461894573431945,0.7722,0.7722,345,0.037698063999414444
234,CA,0.6114984521697447,0.775,0.775,624,0.03913068771362305
234,NY,0.04364422588721918,0.7558,0.7558,48,0.03913068771362305
234,TX,0.34485732194303603,0.7704,0.7704,328,0.03913068771362305
235,CA,0.6123347851661216,0.7752,0.7752,584,0.03728755563497543
235,NY,0.04323117617313353,0.7562,0.7562,48,0.03728755563497543
235,TX,0.344434038660745,0.7702,0.7702,368,0.03728755563497543
236,CA,0.6132134166871189,0.771,0.771,588,0.03798219934105873
236,NY,0.042829840002200484,0.7556,0.7556,60,0.03798219934105873
236,TX,0.3439567433106806,0.7654,0.7654,352,0.03798219934105873
237,CA,0.6141100441555558,0.7724,0.7724,627,0.03785652294754982
237,NY,0.042519486917618456,0.759,0.759,48,0.03785652294754982
237,TX,0.34337046892682577,0.7756,0.7756,325,0.03785652294754982
238,CA,0.613926799830285,0.7752,0.7752,639,0.037947047501802444
238,NY,0.04218543238887979,0.7528,0.7528,41,0.037947047501802444
238,TX,0.3438877677808352,0.7708,0.7708,320,0.037947047501802444
239,CA,0.6147780623811249,0.775,0.775,562,0.037806540727615356
239,NY,0.04171087974911073,0.7584,0.7584,43,0.037806540727615356
239,TX,0.34351105786976444,0.7714,0.7714,395,0.037806540727615356
240,CA,0.615446919834592,0.7728,0.7728,644,0.0384645089507103
240,NY,0.04136575050999983,0.7574,0.7574,37,0.0384645089507103
240,TX,0.34318732965540816,0.7656,0.7656,319,0.0384645089507103
241,CA,0.6165277844805974,0.7764,0.7764,623,0.03862394019961357
241,NY,0.04107843013326375,0.7572,0.7572,41,0.03862394019961357
241,TX,0.3423937853861388,0.7716,0.7716,336,0.03862394019961357
242,CA,0.6173730740204991,0.776,0.776,628,0.03834915533661842
242,NY,0.040690150784341496,0.7522,0.7522,35,0.03834915533661842
242,TX,0.3419367751951594,0.7704,0.7704,337,0.03834915533661842
243,CA,0.6183769866106755,0.7782,0.7782,614,0.038252200931310654
243,NY,0.040210145818112636,0.7554,0.7554,41,0.038252200931310654
243,TX,0.3414128675712118,0.7726,0.7726,345,0.038252200931310654
244,CA,0.6193622481598288,0.7708,0.7708,614,0.03789252042770386
244,NY,0.03975781860595452,0.7544,0.7544,26,0.03789252042770386
244,TX,0.3408799332342167,0.7696,0.7696,360,0.03789252042770386
245,CA,0.619733599807045,0.7674,0.7674,629,0.0390196219086647
245,NY,0.039413224367385875,0.7516,0.7516,36,0.0390196219086647
245,TX,0.34085317582556907,0.7692,0.7692,335,0.0390196219086647
246,CA,0.6197368234022917,0.7794,0.7794,631,0.038783300668001175
246,NY,0.03906108571879615,0.7566,0.7566,40,0.038783300668001175
246,TX,0.3412020908789122,0.7718,0.7718,329,0.038783300668001175
247,CA,0.6209525310113239,0.7728,0.7728,612,0.03786693140864372
247,NY,0.03863622642597214,0.757,0.757,45,0.03786693140864372
247,TX,0.34041124256270405,0.7702,0.7702,343,0.03786693140864372
248,CA,0.6214768044714309,0.7752,0.7752,641,0.038391951471567154
248,NY,0.03832421283779838,0.7564,0.7564,30,0.038391951471567154
248,TX,0.3401989826907706,0.7726,0.7726,329,0.038391951471567154
249,CA,0.6220392091250958,0.7734,0.7734,651,0.0384242981672287
249,NY,0.03795265993919459,0.7516,0.7516,40,0.0384242981672287
249,TX,0.34000813093570964,0.7608,0.7608,309,0.0384242981672287
250,CA,0.6238372952262081,0.7718,0.7718,620,0.03882203251123428
250,NY,0.03759447513121735,0.7558,0.7558,43,0.03882203251123428
250,TX,0.3385682296425745,0.766,0.766,337,0.03882203251123428
251,CA,0.6247417947372889,0.773,0.773,639,0.038115307688713074
251,NY,0.037308999183724295,0.7578,0.7578,39,0.038115307688713074
251,TX,0.3379492060789868,0.768,0.768,322,0.038115307688713074
252,CA,0.6255380389734057,0.7768,0.7768,637,0.037922006100416183
252,NY,0.03703629094889084,0.7558,0.7558,24,0.037922006100416183
252,TX,0.33742567007770335,0.771,0.771,339,0.037922006100416183
253,CA,0.6265023444838727,0.7744,0.7744,630,0.038439229130744934
253,NY,0.03665497794795483,0.7572,0.7572,38,0.038439229130744934
253,TX,0.3368426775681725,0.7734,0.7734,332,0.038439229130744934
254,CA,0.6268440664559229,0.7742,0.7742,609,0.03842976689338684
254,NY,0.03631946538007057,0.7498,0.7498,41,0.03842976689338684
254,TX,0.3368364681640065,0.7654,0.7654,350,0.03842976689338684
255,CA,0.6282073975595106,0.7748,0.7748,640,0.038321059197187424
255,NY,0.03589788081295225,0.756,0.756,34,0.038321059197187424
255,TX,0.33589472162753714,0.768,0.768,326,0.038321059197187424
256,CA,0.6292565002745666,0.7744,0.7744,609,0.03836345672607422
256,NY,0.035576938018846115,0.7562,0.7562,38,0.03836345672607422
256,TX,0.3351665617065872,0.7718,0.7718,353,0.03836345672607422
257,CA,0.6297956219849025,0.7748,0.7748,635,0.0379304401576519
257,NY,0.0352421940328676,0.7566,0.7566,39,0.0379304401576519
257,TX,0.3349621839822299,0.7742,0.7742,326,0.0379304401576519
258,CA,0.6300946880577831,0.776,0.776,630,0.0377005934715271
258,NY,0.034897360299430254,0.756,0.756,37,0.0377005934715271
258,TX,0.33500795164278657,0.7664,0.7664,333,0.0377005934715271
259,CA,0.6314863843272411,0.7686,0.7686,632,0.03819780796766281
259,NY,0.034580582150012626,0.75,0.75,27,0.03819780796766281
259,TX,0.3339330335227463,0.762,0.762,341,0.03819780796766281
260,CA,0.6325046133457096,0.7706,0.7706,633,0.03855206444859505
260,NY,0.03427207776969455,0.7504,0.7504,37,0.03855206444859505
260,TX,0.3332233088845959,0.7664,0.7664,330,0.03855206444859505
261,CA,0.6332527549700274,0.7784,0.7784,641,0.03798393905162811
261,NY,0.03392115800024226,0.7574,0.7574,23,0.03798393905162811
261,TX,0.33282608702973027,0.7734,0.7734,336,0.03798393905162811
262,CA,0.6341001025209796,0.7732,0.7732,611,0.0371880903840065
262,NY,0.03356545801460611,0.7572,0.7572,40,0.0371880903840065
262,TX,0.33233443946441427,0.7696,0.7696,349,0.0371880903840065
263,CA,0.6347205949905625,0.774,0.774,659,0.036817822605371475
263,NY,0.03329513778676355,0.7546,0.7546,24,0.036817822605371475
263,TX,0.331984267222674,0.7666,0.7666,317,0.036817822605371475
264,CA,0.6358326244055892,0.7708,0.7708,632,0.037979599088430405
264,NY,0.0329887259791662,0.7532,0.7532,39,0.037979599088430405
264,TX,0.33117864961524446,0.7672,0.7672,329,0.037979599088430405
265,CA,0.636469829156785,0.7752,0.7752,650,0.03829801827669144
265,NY,0.032693582014225356,0.7546,0.7546,32,0.03829801827669144
265,TX,0.3308365888289896,0.769,0.769,318,0.03829801827669144
266,CA,0.6374482197600081,0.7778,0.7778,626,0.03784582391381264
266,NY,0.03236386886825426,0.755,0.755,27,0.03784582391381264
266,TX,0.33018791137173764,0.7696,0.7696,347,0.03784582391381264
267,CA,0.6386860150581062,0.771,0.771,630,0.037765514105558395
267,NY,0.032010845549620484,0.7486,0.7486,41,0.037765514105558395
267,TX,0.32930313939227346,0.7698,0.7698,329,0.037765514105558395
268,CA,0.6390873686764985,0.776,0.776,608,0.037105757743120193
268,NY,0.031625826642908784,0.7522,0.7522,31,0.037105757743120193
268,TX,0.3292868046805927,0.7694,0.7694,361,0.037105757743120193
269,CA,0.6401420125849762,0.7768,0.7768,668,0.03728830814361572
269,NY,0.031253502705297316,0.7562,0.7562,27,0.03728830814361572
269,TX,0.32860448470972664,0.7676,0.7676,305,0.03728830814361572
270,CA,0.6414658783759095,0.7728,0.7728,630,0.03742939606308937
270,NY,0.030955038870550393,0.7546,0.7546,33,0.03742939606308937
270,TX,0.32757908275354003,0.7694,0.7694,337,0.03742939606308937
271,CA,0.6420733093488513,0.7774,0.7774,636,0.039254702627658844
271,NY,0.03066625853781074,0.7542,0.7542,30,0.039254702627658844
271,TX,0.32726043211333794,0.773,0.773,334,0.039254702627658844
272,CA,0.6428514305146258,0.7736,0.7736,631,0.03787650913000107
272,NY,0.030302657791673196,0.7582,0.7582,31,0.03787650913000107
272,TX,0.32684591169370114,0.7628,0.7628,338,0.03787650913000107
273,CA,0.6443032913949472,0.7704,0.7704,660,0.03772147372364998
273,NY,0.030107386113895428,0.755,0.755,32,0.03772147372364998
273,TX,0.3255893224911574,0.7754,0.7754,308,0.03772147372364998
274,CA,0.6438798477023153,0.7734,0.7734,654,0.037812989205121994
274,NY,0.02982587922022096,0.7522,0.7522,29,0.037812989205121994
274,TX,0.32629427307746356,0.7704,0.7704,317,0.037812989205121994
275,CA,0.6444653654040001,0.777,0.777,645,0.0376548245549202
275,NY,0.029496125789787102,0.7538,0.7538,36,0.0376548245549202
275,TX,0.3260385088062128,0.7688,0.7688,319,0.0376548245549202
276,CA,0.6456854550709548,0.7782,0.7782,644,0.03848891705274582
276,NY,0.029166145328102643,0.7544,0.7544,47,0.03848891705274582
276,TX,0.3251483996009426,0.7646,0.7646,309,0.03848891705274582
277,CA,0.6475485582775617,0.7724,0.7724,635,0.038616593927145004
277,NY,0.02885880778438958,0.753,0.753,24,0.038616593927145004
277,TX,0.3235926339380486,0.7706,0.7706,341,0.038616593927145004
278,CA,0.6479661782601488,0.7752,0.7752,656,0.0387936569750309
278,NY,0.02856133855320637,0.7568,0.7568,30,0.0387936569750309
278,TX,0.3234724831866449,0.7686,0.7686,314,0.0387936569750309
279,CA,0.6489387261979838,0.7774,0.7774,669,0.0410226508975029
279,NY,0.02830772350657617,0.7582,0.7582,28,0.0410226508975029
279,TX,0.32275355029544,0.7724,0.7724,303,0.0410226508975029
280,CA,0.6497273169345529,0.77,0.77,656,0.03781743347644806
280,NY,0.02803596308132919,0.7496,0.7496,30,0.03781743347644806
280,TX,0.3222367199841179,0.7684,0.7684,314,0.03781743347644806
281,CA,0.6501267637799905,0.7718,0.7718,634,0.038447022438049316
281,NY,0.027729874344215248,0.7528,0.7528,29,0.038447022438049316
281,TX,0.32214336187579434,0.7708,0.7708,337,0.038447022438049316
282,CA,0.650438440817148,0.7744,0.7744,626,0.038362883031368256
282,NY,0.027445662839762706,0.7554,0.7554,32,0.038362883031368256
282,TX,0.3221158963430893,0.7708,0.7708,342,0.038362883031368256
283,CA,0.6510552572680549,0.776,0.776,650,0.03797278553247452
283,NY,0.02717752720771809,0.7582,0.7582,24,0.03797278553247452
283,TX,0.32176721552422705,0.7718,0.7718,326,0.03797278553247452
284,CA,0.6517287037628205,0.7714,0.7714,650,0.038586344569921494
284,NY,0.026932970296566335,0.7522,0.7522,25,0.038586344569921494
284,TX,0.3213383259406131,0.7704,0.7704,325,0.038586344569921494
285,CA,0.6520373306024774,0.7762,0.7762,653,0.038580965250730515
285,NY,0.026653662839214012,0.757,0.757,29,0.038580965250730515
285,TX,0.32130900655830863,0.7746,0.7746,318,0.038580965250730515
286,CA,0.6524141325415699,0.7738,0.7738,643,0.037615980952978134
286,NY,0.026380783806285776,0.7504,0.7504,36,0.037615980952978134
286,TX,0.3212050836521443,0.7704,0.7704,321,0.037615980952978134
287,CA,0.6530434692684501,0.7728,0.7728,658,0.03759860619902611
287,NY,0.026057879982675027,0.751,0.751,30,0.03759860619902611
287,TX,0.3208986507488747,0.763,0.763,312,0.03759860619902611
288,CA,0.654414043121427,0.7764,0.7764,655,0.038695499300956726
288,NY,0.025791464444461284,0.7544,0.7544,33,0.038695499300956726
288,TX,0.31979449243411173,0.7712,0.7712,312,0.038695499300956726
289,CA,0.6552367198893624,0.773,0.773,665,0.03802035376429558
289,NY,0.02550406893590297,0.7542,0.7542,29,0.03802035376429558
289,TX,0.31925921117473466,0.7714,0.7714,306,0.03802035376429558
290,CA,0.6556029002644524,0.7762,0.7762,689,0.0384240560233593
290,NY,0.025247738489262303,0.7572,0.7572,16,0.0384240560233593
290,TX,0.31914936124628523,0.7726,0.7726,295,0.0384240560233593
291,CA,0.6562045916004967,0.7766,0.7766,641,0.03656252473592758
291,NY,0.02500058729203714,0.7494,0.7494,27,0.03656252473592758
291,TX,0.31879482110746615,0.7648,0.7648,332,0.03656252473592758
292,CA,0.6578493240943959,0.7754,0.7754,668,0.03742215409874916
292,NY,0.02467952764144939,0.7562,0.7562,14,0.03742215409874916
292,TX,0.3174711482641548,0.773,0.773,318,0.03742215409874916
293,CA,0.6583075429591454,0.7776,0.7776,672,0.03761100396513939
293,NY,0.024429636162652785,0.7536,0.7536,17,0.03761100396513939
293,TX,0.3172628208782019,0.7584,0.7584,311,0.03761100396513939
294,CA,0.660789875599016,0.771,0.771,664,0.03768456354737282
294,NY,0.02419067813651039,0.7494,0.7494,25,0.03768456354737282
294,TX,0.31501944626447353,0.7644,0.7644,311,0.03768456354737282
295,CA,0.6617620219426247,0.7706,0.7706,652,0.037329599261283875
295,NY,0.023930791532379363,0.7442,0.7442,22,0.037329599261283875
295,TX,0.3143071865249959,0.7658,0.7658,326,0.037329599261283875
296,CA,0.6625629827515692,0.777,0.777,676,0.037577155977487564
296,NY,0.023602511309470112,0.76,0.76,22,0.037577155977487564
296,TX,0.3138345059389607,0.7732,0.7732,302,0.037577155977487564
297,CA,0.6631577773643856,0.7814,0.7814,642,0.037851881235837936
297,NY,0.023397699201401126,0.7592,0.7592,24,0.037851881235837936
297,TX,0.31344452343421325,0.7672,0.7672,334,0.037851881235837936
298,CA,0.6650132521233806,0.7714,0.7714,657,0.03716915845870972
298,NY,0.02317076402668707,0.7542,0.7542,29,0.03716915845870972
298,TX,0.3118159838499322,0.7712,0.7712,314,0.03716915845870972
299,CA,0.6651863268681621,0.772,0.772,658,0.03737328574061394
299,NY,0.022951751566935772,0.7512,0.7512,14,0.03737328574061394
299,TX,0.31186192156490217,0.7656,0.7656,328,0.03737328574061394
300,CA,0.6661160748184505,0.7724,0.7724,660,0.037697676569223404
300,NY,0.022714044175304902,0.75,0.75,23,0.037697676569223404
300,TX,0.3111698810062447,0.7678,0.7678,317,0.037697676569223404
301,CA,0.6668460447574284,0.7734,0.7734,694,0.21136625483632088
301,NY,0.022451555674346688,0.7544,0.7544,20,0.21136625483632088
301,TX,0.31070239956822493,0.7644,0.7644,286,0.21136625483632088
302,CA,0.6680601486392044,0.7702,0.7702,659,0.03764529526233673
302,NY,0.02225145116878439,0.7512,0.7512,18,0.03764529526233673
302,TX,0.3096884001920111,0.7738,0.7738,323,0.03764529526233673
303,CA,0.6677990571388887,0.7726,0.7726,672,0.036695752292871475
303,NY,0.022004017789715072,0.7526,0.7526,20,0.036695752292871475
303,TX,0.3101969250713963,0.7646,0.7646,308,0.036695752292871475
304,CA,0.6689015619899717,0.7676,0.7676,671,0.036632850766181946
304,NY,0.021791667227943113,0.743,0.743,19,0.036632850766181946
304,TX,0.3093067707820852,0.7676,0.7676,310,0.036632850766181946
305,CA,0.6691044869713544,0.7768,0.7768,654,0.036810003221035004
305,NY,0.021494907706070474,0.7562,0.7562,25,0.036810003221035004
305,TX,0.3094006053225753,0.7694,0.7694,321,0.036810003221035004
306,CA,0.6701350192983588,0.7694,0.7694,672,0.039975669234991074
306,NY,0.02127842031120317,0.7518,0.7518,15,0.039975669234991074
306,TX,0.308586560390438,0.765,0.765,313,0.039975669234991074
307,CA,0.6707917389924949,0.7708,0.7708,680,0.038106828927993774
307,NY,0.021087411566007293,0.747,0.747,17,0.038106828927993774
307,TX,0.3081208494414978,0.7674,0.7674,303,0.038106828927993774
308,CA,0.6713792114546511,0.7786,0.7786,679,0.037205420434474945
308,NY,0.02082221133995173,0.757,0.757,26,0.037205420434474945
308,TX,0.30779857720539716,0.7676,0.7676,295,0.037205420434474945
309,CA,0.6728301671430822,0.7726,0.7726,673,0.03740119934082031
309,NY,0.0206137919896731,0.7518,0.7518,24,0.03740119934082031
309,TX,0.30655604086724475,0.769,0.769,303,0.03740119934082031
310,CA,0.6734123153438586,0.7734,0.7734,673,0.03756989538669586
310,NY,0.020389532374538475,0.7562,0.7562,19,0.03756989538669586
310,TX,0.3061981522816031,0.7702,0.7702,308,0.03756989538669586
311,CA,0.6739179377410184,0.7776,0.7776,683,0.037376437336206436
311,NY,0.020206937393873282,0.755,0.755,17,0.037376437336206436
311,TX,0.30587512486510837,0.7688,0.7688,300,0.037376437336206436
312,CA,0.6751136583255146,0.7698,0.7698,673,0.03787924349308014
312,NY,0.019985427996034477,0.7566,0.7566,18,0.03787924349308014
312,TX,0.30490091367845085,0.7666,0.7666,309,0.03787924349308014
313,CA,0.6755868098015049,0.7688,0.7688,676,0.03766525536775589
313,NY,0.019850269544475295,0.7438,0.7438,16,0.03766525536775589
313,TX,0.30456292065401985,0.7626,0.7626,308,0.03766525536775589
314,CA,0.676498808388296,0.7686,0.7686,672,0.037818793207407
314,NY,0.01959612613774574,0.7554,0.7554,20,0.037818793207407
314,TX,0.3039050654739582,0.765,0.765,308,0.037818793207407
315,CA,0.6770166296834527,0.7674,0.7674,652,0.03747865930199623
315,NY,0.01946475762034431,0.7522,0.7522,24,0.03747865930199623
315,TX,0.30351861269620306,0.7642,0.7642,324,0.03747865930199623
316,CA,0.6775023598047973,0.778,0.778,660,0.03693201020359993
316,NY,0.019311201758061572,0.756,0.756,17,0.03693201020359993
316,TX,0.30318643843714105,0.7646,0.7646,323,0.03693201020359993
317,CA,0.6792166540146987,0.7744,0.7744,661,0.037737663835287094
317,NY,0.019120514313885995,0.7502,0.7502,18,0.037737663835287094
317,TX,0.30166283167141533,0.7664,0.7664,321,0.037737663835287094
318,CA,0.6803193430501774,0.7698,0.7698,682,0.03773387148976326
318,NY,0.0188903590992641,0.746,0.746,21,0.03773387148976326
318,TX,0.30079029785055844,0.763,0.763,297,0.03773387148976326
319,CA,0.6812797729841694,0.7684,0.7684,686,0.03743479773402214
319,NY,0.01866263396874581,0.7572,0.7572,21,0.03743479773402214
319,TX,0.3000575930470846,0.7702,0.7702,293,0.03743479773402214
320,CA,0.6811522467672839,0.7676,0.7676,683,0.036782775074243546
320,NY,0.01854096461611407,0.7488,0.7488,12,0.036782775074243546
320,TX,0.3003067886166019,0.7662,0.7662,305,0.036782775074243546
321,CA,0.6814487130573005,0.7708,0.7708,667,0.03745408356189728
321,NY,0.01835174893016507,0.7552,0.7552,18,0.03745408356189728
321,TX,0.3001995380125344,0.7702,0.7702,315,0.03745408356189728
322,CA,0.6816282455789324,0.7676,0.7676,661,0.03787664324045181
322,NY,0.018194870079685063,0.7476,0.7476,18,0.03787664324045181
322,TX,0.30017688434138234,0.7638,0.7638,321,0.03787664324045181
323,CA,0.6822089373656189,0.7732,0.7732,691,0.039106402546167374
323,NY,0.01800432434354545,0.754,0.754,23,0.039106402546167374
323,TX,0.29978673829083574,0.7622,0.7622,286,0.039106402546167374
324,CA,0.6836135361652995,0.7706,0.7706,711,0.03786506503820419
324,NY,0.017846043340422012,0.754,0.754,11,0.03786506503820419
324,TX,0.29854042049427854,0.7692,0.7692,278,0.03786506503820419
325,CA,0.6838893943074454,0.7682,0.7682,690,0.0380500890314579
325,NY,0.01768586427167307,0.754,0.754,18,0.0380500890314579
325,TX,0.2984247414208815,0.7634,0.7634,292,0.0380500890314579
326,CA,0.6845411749226143,0.7708,0.7708,662,0.03743622824549675
326,NY,0.017560553384466264,0.744,0.744,11,0.03743622824549675
326,TX,0.29789827169291927,0.7694,0.7694,327,0.03743622824549675
327,CA,0.6848844991567175,0.768,0.768,683,0.037861213088035583
327,NY,0.017303458913502656,0.7506,0.7506,15,0.037861213088035583
327,TX,0.29781204192977995,0.7648,0.7648,302,0.037861213088035583
328,CA,0.6853706466356531,0.7724,0.7724,666,0.03805048018693924
328,NY,0.01714532622326317,0.757,0.757,15,0.03805048018693924
328,TX,0.29748402714108374,0.767,0.767,319,0.03805048018693924
329,CA,0.6860946970987826,0.7754,0.7754,701,0.03793376311659813
329,NY,0.01701430976082581,0.752,0.752,12,0.03793376311659813
329,TX,0.29689099314039175,0.7724,0.7724,287,0.03793376311659813
330,CA,0.686593112429316,0.7722,0.7722,684,0.03886086866259575
330,NY,0.016802256156486655,0.7576,0.7576,19,0.03886086866259575
330,TX,0.2966046314141973,0.7684,0.7684,297,0.03886086866259575
331,CA,0.6871252295192509,0.7804,0.7804,702,0.03770728409290314
331,NY,0.016676747977274302,0.7578,0.7578,15,0.03770728409290314
331,TX,0.2961980225034747,0.7702,0.7702,283,0.03770728409290314
332,CA,0.6884392011646353,0.7698,0.7698,694,0.03768628090620041
332,NY,0.016496542761665744,0.7532,0.7532,14,0.03768628090620041
332,TX,0.29506425607369885,0.7594,0.7594,292,0.03768628090620041
333,CA,0.6897418736203628,0.7744,0.7744,692,0.037037480622529984
333,NY,0.016372734100748694,0.7544,0.7544,12,0.037037480622529984
333,TX,0.29388539227888844,0.7754,0.7754,296,0.037037480622529984
334,CA,0.6897549228667856,0.7744,0.7744,673,0.037689365446567535
334,NY,0.0161884964735584,0.7498,0.7498,12,0.037689365446567535
334,TX,0.29405658065965595,0.7698,0.7698,315,0.037689365446567535
335,CA,0.6904362139465705,0.7688,0.7688,685,0.03724730759859085
335,NY,0.015979829897544758,0.7434,0.7434,26,0.03724730759859085
335,TX,0.29358395615588473,0.7534,0.7534,289,0.03724730759859085
336,CA,0.6923648307084501,0.771,0.771,678,0.03655264899134636
336,NY,0.015794355215183218,0.7478,0.7478,17,0.03655264899134636
336,TX,0.2918408140763667,0.7594,0.7594,305,0.03655264899134636
337,CA,0.6938346877544703,0.776,0.776,695,0.03761668503284454
337,NY,0.015620541456198496,0.7574,0.7574,17,0.03761668503284454
337,TX,0.2905447707893312,0.7676,0.7676,288,0.03761668503284454
338,CA,0.6949033043220108,0.7764,0.7764,701,0.03788306191563606
338,NY,0.015480754123659755,0.7586,0.7586,13,0.03788306191563606
338,TX,0.28961594155432957,0.7732,0.7732,286,0.03788306191563606
339,CA,0.6953739572620753,0.7664,0.7664,689,0.03765615448355675
339,NY,0.015336012793374312,0.749,0.749,8,0.03765615448355675
339,TX,0.2892900299445504,0.7724,0.7724,303,0.03765615448355675
340,CA,0.6947961823324446,0.7794,0.7794,711,0.038775861263275146
340,NY,0.01517232780856433,0.7576,0.7576,18,0.038775861263275146
340,TX,0.29003148985899113,0.7692,0.7692,271,0.038775861263275146
341,CA,0.6960828355305434,0.7758,0.7758,687,0.03787783160805702
341,NY,0.0150141992964298,0.756,0.756,14,0.03787783160805702
341,TX,0.2889029651730268,0.7728,0.7728,299,0.03787783160805702
342,CA,0.6965393987266758,0.7744,0.7744,709,0.03778502345085144
342,NY,0.014856530475310591,0.7592,0.7592,20,0.03778502345085144
342,TX,0.28860407079801376,0.7702,0.7702,271,0.03778502345085144
343,CA,0.6971043252361767,0.7682,0.7682,692,0.03766036778688431
343,NY,0.01474121146920713,0.7488,0.7488,15,0.03766036778688431
343,TX,0.28815446329461614,0.7678,0.7678,293,0.03766036778688431
344,CA,0.6972625485836164,0.7714,0.7714,684,0.03774487227201462
344,NY,0.014582785789559806,0.7534,0.7534,22,0.03774487227201462
344,TX,0.2881546656268239,0.768,0.768,294,0.03774487227201462
345,CA,0.6977518556425713,0.7774,0.7774,695,0.03784117102622986
345,NY,0.01444473302585564,0.758,0.758,17,0.03784117102622986
345,TX,0.28780341133157317,0.7682,0.7682,288,0.03784117102622986
346,CA,0.6989032014264009,0.7754,0.7754,690,0.03731458634138107
346,NY,0.014310646172094845,0.7524,0.7524,7,0.03731458634138107
346,TX,0.2867861524015042,0.7708,0.7708,303,0.03731458634138107
347,CA,0.6995526975952595,0.7748,0.7748,711,0.03732592985033989
347,NY,0.014138380933884304,0.751,0.751,10,0.03732592985033989
347,TX,0.2863089214708562,0.7658,0.7658,279,0.03732592985033989
348,CA,0.7007028775063595,0.772,0.772,728,0.03727684170007706
348,NY,0.013971719889655473,0.7542,0.7542,17,0.03727684170007706
348,TX,0.28532540260398503,0.7678,0.7678,255,0.03727684170007706
349,CA,0.7012755581648779,0.7754,0.7754,666,0.03785445913672447
349,NY,0.013842676218528261,0.753,0.753,10,0.03785445913672447
349,TX,0.2848817656165939,0.773,0.773,324,0.03785445913672447
350,CA,0.7016683217643334,0.775,0.775,707,0.03798329085111618
350,NY,0.013675679956597044,0.7552,0.7552,6,0.03798329085111618
350,TX,0.28465599827906957,0.7708,0.7708,287,0.03798329085111618
351,CA,0.7022484516457198,0.7724,0.7724,723,0.037265852093696594
351,NY,0.01353430944973229,0.7546,0.7546,9,0.037265852093696594
351,TX,0.28421723890454803,0.7758,0.7758,268,0.037265852093696594
352,CA,0.7019611450545463,0.777,0.777,693,0.036651257425546646
352,NY,0.013392904408669418,0.7482,0.7482,17,0.036651257425546646
352,TX,0.2846459505367842,0.7622,0.7622,290,0.036651257425546646
353,CA,0.7037823753085931,0.7752,0.7752,729,0.03615147992968559
353,NY,0.013210028972797183,0.7526,0.7526,11,0.03615147992968559
353,TX,0.2830075957186097,0.7656,0.7656,260,0.03615147992968559
354,CA,0.7049798798877204,0.7732,0.7732,706,0.03751982003450394
354,NY,0.013064043685649795,0.7532,0.7532,12,0.03751982003450394
354,TX,0.2819560764266298,0.7696,0.7696,282,0.03751982003450394
355,CA,0.7054876793317559,0.774,0.774,697,0.038111746311187744
355,NY,0.012925997707312563,0.7572,0.7572,19,0.038111746311187744
355,TX,0.28158632296093156,0.7714,0.7714,284,0.038111746311187744
356,CA,0.7058653933951801,0.7782,0.7782,705,0.041458893567323685
356,NY,0.012810441873133386,0.7562,0.7562,14,0.041458893567323685
356,TX,0.28132416473168653,0.7722,0.7722,281,0.041458893567323685
357,CA,0.7066481724406519,0.7758,0.7758,732,0.03769033029675484
357,NY,0.012665980849368014,0.7558,0.7558,7,0.03769033029675484
357,TX,0.2806858467099801,0.768,0.768,261,0.03769033029675484
358,CA,0.707621528295768,0.7744,0.7744,723,0.04006847366690636
358,NY,0.01254057983088796,0.7492,0.7492,8,0.04006847366690636
358,TX,0.279837891873344,0.7612,0.7612,269,0.04006847366690636
359,CA,0.7092242707402943,0.7712,0.7712,700,0.03780583292245865
359,NY,0.012390479379025286,0.7514,0.7514,8,0.03780583292245865
359,TX,0.27838524988068053,0.7632,0.7632,292,0.03780583292245865
360,CA,0.7102156589384092,0.7786,0.7786,736,0.037213198840618134
360,NY,0.012269094319523352,0.757,0.757,17,0.037213198840618134
360,TX,0.27751524674206746,0.7678,0.7678,247,0.037213198840618134
361,CA,0.7115206777524462,0.7744,0.7744,707,0.03723762556910515
361,NY,0.012142364366583124,0.7568,0.7568,12,0.03723762556910515
361,TX,0.27633695788097073,0.766,0.766,281,0.03723762556910515
362,CA,0.7125386217593019,0.771,0.771,701,0.03754999861121178
362,NY,0.012039125412726217,0.7546,0.7546,10,0.03754999861121178
362,TX,0.27542225282797184,0.765,0.765,289,0.03754999861121178
363,CA,0.7132837133242259,0.7708,0.7708,718,0.03694429248571396
363,NY,0.011940112004488627,0.75,0.75,17,0.03694429248571396
363,TX,0.27477617467128546,0.768,0.768,265,0.03694429248571396
364,CA,0.7136938928962555,0.769,0.769,722,0.03778355196118355
364,NY,0.011806647819870399,0.7516,0.7516,11,0.03778355196118355
364,TX,0.27449945928387404,0.7562,0.7562,267,0.03778355196118355
365,CA,0.7151974768300609,0.7678,0.7678,716,0.03691093996167183
365,NY,0.011715146006843088,0.7498,0.7498,9,0.03691093996167183
365,TX,0.27308737716309595,0.7646,0.7646,275,0.03691093996167183
366,CA,0.7156366036573589,0.7744,0.7744,713,0.03767542168498039
366,NY,0.011602980451268093,0.7568,0.7568,13,0.03767542168498039
366,TX,0.272760415891373,0.7714,0.7714,274,0.03767542168498039
367,CA,0.7160492252896505,0.7746,0.7746,725,0.03726737201213837
367,NY,0.011494515964262491,0.7552,0.7552,14,0.03726737201213837
367,TX,0.2724562587460871,0.7696,0.7696,261,0.03726737201213837
368,CA,0.7166894539636766,0.7754,0.7754,717,0.037216540426015854
368,NY,0.011379022483513064,0.7556,0.7556,12,0.037216540426015854
368,TX,0.2719315235528104,0.7742,0.7742,271,0.037216540426015854
369,CA,0.7169122008835191,0.775,0.775,731,0.036378249526023865
369,NY,0.011255616043042276,0.7536,0.7536,10,0.036378249526023865
369,TX,0.2718321830734387,0.768,0.768,259,0.036378249526023865
370,CA,0.7177790739796563,0.777,0.777,702,0.03738730028271675
370,NY,0.011133360466151323,0.7572,0.7572,8,0.03738730028271675
370,TX,0.2710875655541923,0.7702,0.7702,290,0.03738730028271675
371,CA,0.7186136833085744,0.7722,0.7722,711,0.03658714145421982
371,NY,0.011022109644126735,0.7456,0.7456,10,0.03658714145421982
371,TX,0.2703642070472989,0.767,0.767,279,0.03658714145421982
372,CA,0.7193033093669087,0.7764,0.7764,701,0.037530433386564255
372,NY,0.010867091001820938,0.753,0.753,11,0.037530433386564255
372,TX,0.26982959963127046,0.7714,0.7714,288,0.037530433386564255
373,CA,0.7199531631204789,0.7776,0.7776,704,0.037984080612659454
373,NY,0.01073363050914845,0.7572,0.7572,10,0.037984080612659454
373,TX,0.26931320637037265,0.7708,0.7708,286,0.037984080612659454
374,CA,0.7207845208630475,0.7716,0.7716,698,0.03782058134675026
374,NY,0.010622702077423277,0.7494,0.7494,11,0.03782058134675026
374,TX,0.26859277705952933,0.7668,0.7668,291,0.03782058134675026
375,CA,0.7214055377122011,0.776,0.776,730,0.03752077370882034
375,NY,0.010498626183617701,0.7572,0.7572,11,0.03752077370882034
375,TX,0.26809583610418125,0.7664,0.7664,259,0.03752077370882034
376,CA,0.7225329063751154,0.7708,0.7708,698,0.03722016140818596
376,NY,0.01040372501795988,0.7548,0.7548,14,0.03722016140818596
376,TX,0.2670633686069247,0.7644,0.7644,288,0.03722016140818596
377,CA,0.7232990385223728,0.7726,0.7726,715,0.052769698202610016
377,NY,0.010320654367141609,0.755,0.755,9,0.052769698202610016
377,TX,0.26638030711048555,0.7664,0.7664,276,0.052769698202610016
378,CA,0.7240478400168737,0.7744,0.7744,717,0.037149373441934586
378,NY,0.010228759895920824,0.758,0.758,11,0.037149373441934586
378,TX,0.26572340008720546,0.7706,0.7706,272,0.037149373441934586
379,CA,0.72452864079272,0.7734,0.7734,741,0.038460422307252884
379,NY,0.010140949544085514,0.757,0.757,9,0.038460422307252884
379,TX,0.26533040966319454,0.7688,0.7688,250,0.038460422307252884
380,CA,0.7250956789662318,0.7742,0.7742,734,0.03777666389942169
380,NY,0.010055031568195491,0.7604,0.7604,15,0.03777666389942169
380,TX,0.2648492894655726,0.7724,0.7724,251,0.03777666389942169
381,CA,0.7253473093790387,0.7756,0.7756,710,0.03826601430773735
381,NY,0.009980284251723917,0.757,0.757,6,0.03826601430773735
381,TX,0.2646724063692374,0.7664,0.7664,284,0.03826601430773735
382,CA,0.7264194364833635,0.7716,0.7716,744,0.038026802241802216
382,NY,0.009890334666271584,0.7562,0.7562,11,0.038026802241802216
382,TX,0.2636902288503649,0.7696,0.7696,245,0.038026802241802216
383,CA,0.7266982413483334,0.7688,0.7688,734,0.04099832475185394
383,NY,0.009808123865671035,0.7518,0.7518,10,0.04099832475185394
383,TX,0.2634936347859955,0.7682,0.7682,256,0.04099832475185394
384,CA,0.7268317215969509,0.7804,0.7804,732,0.03871799260377884
384,NY,0.009715641882339502,0.7538,0.7538,12,0.03871799260377884
384,TX,0.2634526365207096,0.7638,0.7638,256,0.03871799260377884
385,CA,0.7287275223075104,0.7742,0.7742,732,0.2216196097433567
385,NY,0.009595448466721241,0.7554,0.7554,7,0.2216196097433567
385,TX,0.26167702922576835,0.7694,0.7694,261,0.2216196097433567
386,CA,0.7293179994743937,0.7722,0.7722,733,0.0377054437994957
386,NY,0.009501464638700845,0.7584,0.7584,6,0.0377054437994957
386,TX,0.26118053588690543,0.7712,0.7712,261,0.0377054437994957
387,CA,0.7294794797505953,0.77,0.77,739,0.03840837627649307
387,NY,0.009429564747768026,0.754,0.754,11,0.03840837627649307
387,TX,0.2610909555016366,0.7632,0.7632,250,0.03840837627649307
388,CA,0.7302742374232455,0.7724,0.7724,731,0.03765202313661575
388,NY,0.009354506256376093,0.758,0.758,9,0.03765202313661575
388,TX,0.2603712563203785,0.7718,0.7718,260,0.03765202313661575
389,CA,0.7303941267498094,0.7706,0.7706,700,0.03768060728907585
389,NY,0.009280028106195713,0.7552,0.7552,10,0.03768060728907585
389,TX,0.2603258451439948,0.767,0.767,290,0.03768060728907585
390,CA,0.7308399471562999,0.7722,0.7722,714,0.038568951189517975
390,NY,0.009204929087430085,0.748,0.748,12,0.038568951189517975
390,TX,0.2599551237562701,0.7692,0.7692,274,0.038568951189517975
391,CA,0.7312536549452864,0.7686,0.7686,737,0.03682572394609451
391,NY,0.009084372113918335,0.749,0.749,6,0.03682572394609451
391,TX,0.2596619729407953,0.7674,0.7674,257,0.03682572394609451
392,CA,0.7314561631958728,0.7744,0.7744,729,0.38278499245643616
392,NY,0.008986185058991715,0.7556,0.7556,5,0.38278499245643616
392,TX,0.2595576517451353,0.7676,0.7676,266,0.38278499245643616
393,CA,0.7322542527806916,0.7728,0.7728,726,0.041749007999897
393,NY,0.008900676169296209,0.7522,0.7522,9,0.041749007999897
393,TX,0.25884507105001225,0.7638,0.7638,265,0.041749007999897
394,CA,0.7332937030444631,0.7714,0.7714,718,0.03853766620159149
394,NY,0.008809737871684214,0.7484,0.7484,11,0.03853766620159149
394,TX,0.25789655908385284,0.7656,0.7656,271,0.03853766620159149
395,CA,0.7339974621704485,0.7726,0.7726,725,0.03769361600279808
395,NY,0.008703696659290439,0.752,0.752,8,0.03769361600279808
395,TX,0.257298841170261,0.768,0.768,267,0.03769361600279808
396,CA,0.7345622333730621,0.7692,0.7692,745,0.04056312143802643
396,NY,0.008609167172405216,0.7396,0.7396,13,0.04056312143802643
396,TX,0.2568285994545326,0.764,0.764,242,0.04056312143802643
397,CA,0.7352231280133161,0.775,0.775,719,0.03824840113520622
397,NY,0.0084727457382592,0.7544,0.7544,7,0.03824840113520622
397,TX,0.25630412624842464,0.7696,0.7696,274,0.03824840113520622
398,CA,0.7358692754817201,0.7682,0.7682,740,0.03799210116267204
398,NY,0.008381773969323294,0.7524,0.7524,5,0.03799210116267204
398,TX,0.2557489505489567,0.7704,0.7704,255,0.03799210116267204
399,CA,0.7356902767938905,0.7752,0.7752,718,0.03790618106722832
399,NY,0.008304856817308323,0.746,0.746,6,0.03790618106722832
399,TX,0.25600486638880116,0.7668,0.7668,276,0.03790618106722832
400,CA,0.7366833147376745,0.7792,0.7792,725,0.03801090270280838
400,NY,0.008179277007774126,0.752,0.752,4,0.03801090270280838
400,TX,0.2551374082545514,0.7686,0.7686,271,0.03801090270280838
401,CA,0.7378972173986814,0.7708,0.7708,763,0.03793215751647949
401,NY,0.008067505825954089,0.7538,0.7538,4,0.03793215751647949
401,TX,0.2540352767753645,0.765,0.765,233,0.03793215751647949
402,CA,0.7385689498643804,0.7738,0.7738,730,0.038948286324739456
402,NY,0.007997329927095767,0.7578,0.7578,8,0.038948286324739456
402,TX,0.2534337202085238,0.7672,0.7672,262,0.038948286324739456
403,CA,0.739319447812328,0.7802,0.7802,731,0.03790289908647537
403,NY,0.007933245746687462,0.7556,0.7556,15,0.03790289908647537
403,TX,0.2527473064409846,0.7686,0.7686,254,0.03790289908647537
404,CA,0.7406203913379308,0.769,0.769,763,0.038228388875722885
404,NY,0.007837385656841122,0.7514,0.7514,3,0.038228388875722885
404,TX,0.251542223005228,0.7612,0.7612,234,0.038228388875722885
405,CA,0.7415006214555158,0.7724,0.7724,740,0.03840034827589989
405,NY,0.007768632625257239,0.7554,0.7554,11,0.03840034827589989
405,TX,0.25073074591922706,0.7704,0.7704,249,0.03840034827589989
406,CA,0.7417657588739931,0.775,0.775,737,0.038100577890872955
406,NY,0.007696870850524588,0.7572,0.7572,6,0.038100577890872955
406,TX,0.2505373702754823,0.7684,0.7684,257,0.038100577890872955
407,CA,0.7425147788959633,0.7744,0.7744,764,0.03819740191102028
407,NY,0.007627379532490851,0.752,0.752,5,0.03819740191102028
407,TX,0.24985784157154584,0.7654,0.7654,231,0.03819740191102028
408,CA,0.7435286554235084,0.7778,0.7778,730,0.03687530383467674
408,NY,0.007541375030960057,0.7562,0.7562,8,0.03687530383467674
408,TX,0.24892996954553154,0.769,0.769,262,0.03687530383467674
409,CA,0.7445142541947696,0.7722,0.7722,736,0.038324907422065735
409,NY,0.007459623627649867,0.7528,0.7528,8,0.038324907422065735
409,TX,0.24802612217758058,0.7664,0.7664,256,0.038324907422065735
410,CA,0.7451799915772103,0.7768,0.7768,731,0.03806449845433235
410,NY,0.007384561582282245,0.7562,0.7562,8,0.03806449845433235
410,TX,0.24743544684050744,0.7652,0.7652,261,0.03806449845433235
411,CA,0.7464497178190006,0.778,0.778,758,0.03877164423465729
411,NY,0.007311382697869041,0.7608,0.7608,4,0.03877164423465729
411,TX,0.24623889948313035,0.7736,0.7736,238,0.03877164423465729
412,CA,0.746957719201476,0.7778,0.7778,756,0.037855859845876694
412,NY,0.007245581587147502,0.7532,0.7532,6,0.037855859845876694
412,TX,0.2457966992113764,0.7688,0.7688,238,0.037855859845876694
413,CA,0.7479634231293554,0.7734,0.7734,757,0.038288477808237076
413,NY,0.007154942567384985,0.76,0.76,7,0.038288477808237076
413,TX,0.24488163430325957,0.7696,0.7696,236,0.038288477808237076
414,CA,0.748396587697859,0.7682,0.7682,751,0.03765103220939636
414,NY,0.007104991355354713,0.752,0.752,7,0.03765103220939636
414,TX,0.2444984209467863,0.7658,0.7658,242,0.03765103220939636
415,CA,0.7486937859643825,0.7704,0.7704,764,0.03911394253373146
415,NY,0.007042692059441525,0.7532,0.7532,4,0.03911394253373146
415,TX,0.24426352197617587,0.7696,0.7696,232,0.03911394253373146
416,CA,0.7488276753380273,0.7688,0.7688,764,0.038452789187431335
416,NY,0.006975517275515659,0.7512,0.7512,9,0.038452789187431335
416,TX,0.2441968073864571,0.7702,0.7702,227,0.038452789187431335
417,CA,0.7487349273539858,0.7744,0.7744,737,0.03773638606071472
417,NY,0.006905253769452146,0.757,0.757,11,0.03773638606071472
417,TX,0.24435981887656202,0.7718,0.7718,252,0.03773638606071472
418,CA,0.7490538522898841,0.7728,0.7728,738,0.036905884742736816
418,NY,0.006840452403862805,0.7514,0.7514,6,0.036905884742736816
418,TX,0.2441056953062531,0.769,0.769,256,0.036905884742736816
419,CA,0.7495079147895607,0.7798,0.7798,755,0.03722938522696495
419,NY,0.006761975753817378,0.7526,0.7526,6,0.03722938522696495
419,TX,0.24373010945662194,0.7672,0.7672,239,0.03722938522696495
420,CA,0.7508811375541983,0.772,0.772,774,0.038042519241571426
420,NY,0.006670834798232492,0.7528,0.7528,9,0.038042519241571426
420,TX,0.2424480276475692,0.7662,0.7662,217,0.038042519241571426
421,CA,0.751531848176783,0.7762,0.7762,773,0.03862254321575165
421,NY,0.0066042731541957585,0.7562,0.7562,9,0.03862254321575165
421,TX,0.24186387866902134,0.7692,0.7692,218,0.03862254321575165
422,CA,0.7523048783360821,0.7754,0.7754,749,0.037458717823028564
422,NY,0.006536625786682724,0.7558,0.7558,7,0.037458717823028564
422,TX,0.24115849587723515,0.7724,0.7724,244,0.037458717823028564
423,CA,0.7526659041787465,0.7696,0.7696,746,0.037706583738327026
423,NY,0.006467565220124708,0.7502,0.7502,11,0.037706583738327026
423,TX,0.2408665306011287,0.765,0.765,243,0.037706583738327026
424,CA,0.7531908976456007,0.773,0.773,774,0.03891991451382637
424,NY,0.0064011235067913605,0.7526,0.7526,10,0.03891991451382637
424,TX,0.24040797884760798,0.7748,0.7748,216,0.03891991451382637
425,CA,0.7530625620904154,0.775,0.775,753,0.03770194202661514
425,NY,0.006326394545271051,0.7572,0.7572,4,0.03770194202661514
425,TX,0.24061104336431344,0.7724,0.7724,243,0.03770194202661514
426,CA,0.7533758809479434,0.774,0.774,761,0.03654622286558151
426,NY,0.006265558152565389,0.7576,0.7576,5,0.03654622286558151
426,TX,0.24035856089949115,0.767,0.767,234,0.03654622286558151
427,CA,0.7541348045850558,0.7692,0.7692,779,0.037602655589580536
427,NY,0.006213888639993748,0.7538,0.7538,6,0.037602655589580536
427,TX,0.23965130677495047,0.766,0.766,215,0.037602655589580536
428,CA,0.7545026643236604,0.775,0.775,759,0.03803938254714012
428,NY,0.006162804542645887,0.7524,0.7524,4,0.03803938254714012
428,TX,0.23933453113369374,0.766,0.766,237,0.03803938254714012
429,CA,0.7554787386671198,0.7728,0.7728,791,0.03214133903384209
429,NY,0.006092208384276309,0.757,0.757,0,0.03214133903384209
429,TX,0.2384290529486039,0.7676,0.7676,209,0.03214133903384209
430,CA,0.7560485420064987,0.772,0.772,733,0.03712744638323784
430,NY,0.006042465815120106,0.7552,0.7552,8,0.03712744638323784
430,TX,0.23790899217838118,0.7648,0.7648,259,0.03712744638323784
431,CA,0.7568234994451815,0.7796,0.7796,759,0.03708804026246071
431,NY,0.005991313197446512,0.7554,0.7554,8,0.03708804026246071
431,TX,0.23718518735737204,0.7642,0.7642,233,0.03708804026246071
432,CA,0.7584420041401507,0.7676,0.7676,775,0.04126107320189476
432,NY,0.0059224784432974,0.7528,0.7528,7,0.04126107320189476
432,TX,0.23563551741655187,0.7662,0.7662,218,0.04126107320189476
433,CA,0.758621205612733,0.7734,0.7734,770,0.03735770657658577
433,NY,0.00587427753755622,0.749,0.749,7,0.03735770657658577
433,TX,0.23550451684971077,0.7612,0.7612,223,0.03735770657658577
434,CA,0.7599137907225114,0.7734,0.7734,744,0.03685520216822624
434,NY,0.0058033252911098565,0.7534,0.7534,10,0.03685520216822624
434,TX,0.23428288398637875,0.7628,0.7628,246,0.03685520216822624
435,CA,0.761029314080933,0.7696,0.7696,743,0.03974426910281181
435,NY,0.005746299690308818,0.7498,0.7498,6,0.03974426910281181
435,TX,0.2332243862287582,0.7652,0.7652,251,0.03974426910281181
436,CA,0.7615198799001632,0.7708,0.7708,762,0.03761513903737068
436,NY,0.005685667187048357,0.7548,0.7548,6,0.03761513903737068
436,TX,0.23279445291278844,0.7672,0.7672,232,0.03761513903737068
437,CA,0.7619196126284433,0.7742,0.7742,787,0.03836005553603172
437,NY,0.005637252066917296,0.7532,0.7532,12,0.03836005553603172
437,TX,0.23244313530463942,0.766,0.766,201,0.03836005553603172
438,CA,0.7627899791263566,0.7776,0.7776,774,0.03672792389988899
438,NY,0.005576891146095146,0.7552,0.7552,3,0.03672792389988899
438,TX,0.23163312972754835,0.7698,0.7698,223,0.03672792389988899
439,CA,0.763619780192571,0.7718,0.7718,767,0.03712385892868042
439,NY,0.005512605661421243,0.7544,0.7544,5,0.03712385892868042
439,TX,0.23086761414600773,0.7622,0.7622,228,0.03712385892868042
440,CA,0.7646176275297998,0.7754,0.7754,773,0.03768838569521904
440,NY,0.005465601761775402,0.7506,0.7506,7,0.03768838569521904
440,TX,0.22991677070842478,0.7682,0.7682,220,0.03768838569521904
441,CA,0.7653897199809541,0.7726,0.7726,765,0.03761284798383713
441,NY,0.005394696442042536,0.7504,0.7504,7,0.03761284798383713
441,TX,0.2292155835770034,0.7738,0.7738,228,0.03761284798383713
442,CA,0.7653226705137137,0.7644,0.7644,756,0.03737526759505272
442,NY,0.005326666726715204,0.7462,0.7462,4,0.03737526759505272
442,TX,0.22935066275957114,0.7628,0.7628,240,0.03737526759505272
443,CA,0.7655239465589488,0.7642,0.7642,754,0.036290086805820465
443,NY,0.005273107949834906,0.7514,0.7514,7,0.036290086805820465
443,TX,0.2292029454912162,0.758,0.758,239,0.036290086805820465
444,CA,0.7661704073105897,0.7712,0.7712,778,0.03736322745680809
444,NY,0.005239270037377605,0.7518,0.7518,5,0.03736322745680809
444,TX,0.2285903226520327,0.7664,0.7664,217,0.03736322745680809
445,CA,0.7666893577401394,0.7756,0.7756,748,0.036978404968976974
445,NY,0.005185394022553063,0.753,0.753,11,0.036978404968976974
445,TX,0.22812524823730765,0.7726,0.7726,241,0.036978404968976974
446,CA,0.7670356234575304,0.7736,0.7736,756,0.037934333086013794
446,NY,0.005121705961422426,0.7546,0.7546,5,0.037934333086013794
446,TX,0.22784267058104715,0.7668,0.7668,239,0.037934333086013794
447,CA,0.7677484150823587,0.7728,0.7728,791,0.037488728761672974
447,NY,0.005071547308086025,0.7576,0.7576,5,0.037488728761672974
447,TX,0.2271800376095553,0.7736,0.7736,204,0.037488728761672974
448,CA,0.767703094049354,0.773,0.773,772,0.03643954172730446
448,NY,0.005027767012713393,0.7506,0.7506,6,0.03643954172730446
448,TX,0.22726913893793266,0.7596,0.7596,222,0.03643954172730446
449,CA,0.7690729498023742,0.7676,0.7676,758,0.03713717684149742
449,NY,0.004973104420567114,0.7512,0.7512,5,0.03713717684149742
449,TX,0.2259539457770587,0.7666,0.7666,237,0.03713717684149742
450,CA,0.7692067702213122,0.7698,0.7698,759,0.037313126027584076
450,NY,0.004927820677482873,0.7482,0.7482,4,0.037313126027584076
450,TX,0.225865409101205,0.7684,0.7684,237,0.037313126027584076
451,CA,0.7693905112217435,0.774,0.774,777,0.03796299919486046
451,NY,0.004868840510784553,0.7546,0.7546,3,0.03796299919486046
451,TX,0.22574064826747187,0.7686,0.7686,220,0.03796299919486046
452,CA,0.7699605837039956,0.7726,0.7726,779,0.037743762135505676
452,NY,0.004819164213972278,0.7578,0.7578,3,0.037743762135505676
452,TX,0.2252202520820322,0.7662,0.7662,218,0.037743762135505676
453,CA,0.7706182277360903,0.768,0.768,755,0.03970503434538841
453,NY,0.004783009292836868,0.7516,0.7516,2,0.03970503434538841
453,TX,0.22459876297107279,0.7648,0.7648,243,0.03970503434538841
454,CA,0.7709658414923107,0.7744,0.7744,759,0.0375610776245594
454,NY,0.004740779538911425,0.7492,0.7492,4,0.0375610776245594
454,TX,0.22429337896877788,0.7656,0.7656,237,0.0375610776245594
455,CA,0.7718764196236666,0.7728,0.7728,745,0.0378803052008152
455,NY,0.004678970819560245,0.7526,0.7526,6,0.0378803052008152
455,TX,0.22344460955677306,0.7662,0.7662,249,0.0378803052008152
456,CA,0.7725602756308252,0.7716,0.7716,788,0.03753184527158737
456,NY,0.0046297549072389825,0.7522,0.7522,4,0.03753184527158737
456,TX,0.2228099694619358,0.7654,0.7654,208,0.03753184527158737
457,CA,0.7732023875921671,0.7756,0.7756,786,0.0376606360077858
457,NY,0.0045828624038272234,0.76,0.76,7,0.0376606360077858
457,TX,0.22221475000400573,0.7664,0.7664,207,0.0376606360077858
458,CA,0.7741248624164929,0.771,0.771,751,0.03777531161904335
458,NY,0.004548018043582814,0.7516,0.7516,5,0.03777531161904335
458,TX,0.22132711953992434,0.7688,0.7688,244,0.03777531161904335
459,CA,0.7743763494276265,0.767,0.767,789,0.03689774498343468
459,NY,0.00449965916971731,0.745,0.745,7,0.03689774498343468
459,TX,0.22112399140265626,0.7608,0.7608,204,0.03689774498343468
460,CA,0.7750210868154787,0.7682,0.7682,798,0.03818318992853165
460,NY,0.004447335972096456,0.7512,0.7512,4,0.03818318992853165
460,TX,0.2205315772124248,0.7652,0.7652,198,0.03818318992853165
461,CA,0.7753443440367679,0.7726,0.7726,779,0.03774826228618622
461,NY,0.0044064150894048,0.7578,0.7578,7,0.03774826228618622
461,TX,0.22024924087382736,0.7654,0.7654,214,0.03774826228618622
462,CA,0.7760671773127518,0.7748,0.7748,768,0.2528844326734543
462,NY,0.004373698218078547,0.753,0.753,5,0.2528844326734543
462,TX,0.21955912446916973,0.7756,0.7756,227,0.2528844326734543
463,CA,0.7760320658064632,0.7752,0.7752,820,0.037406813353300095
463,NY,0.004319780310458718,0.756,0.756,5,0.037406813353300095
463,TX,0.21964815388307804,0.7666,0.7666,175,0.037406813353300095
464,CA,0.7768950503449811,0.7758,0.7758,767,0.03735227510333061
464,NY,0.004277810781731909,0.7496,0.7496,5,0.03735227510333061
464,TX,0.21882713887328695,0.7612,0.7612,228,0.03735227510333061
465,CA,0.7783445098378128,0.7708,0.7708,801,0.03833421692252159
465,NY,0.004222559724159227,0.7516,0.7516,3,0.03833421692252159
465,TX,0.21743293043802808,0.7698,0.7698,196,0.03833421692252159
466,CA,0.77847573851347,0.7714,0.7714,789,0.03640792891383171
466,NY,0.004177480582888206,0.7496,0.7496,2,0.03640792891383171
466,TX,0.21734678090364187,0.7636,0.7636,209,0.03640792891383171
467,CA,0.7792615873413453,0.7742,0.7742,800,0.03721144050359726
467,NY,0.004130234939594678,0.7556,0.7556,5,0.03721144050359726
467,TX,0.2166081777190601,0.7656,0.7656,195,0.03721144050359726
468,CA,0.7801144512238096,0.7756,0.7756,760,0.038104914128780365
468,NY,0.004091408167537067,0.7502,0.7502,5,0.038104914128780365
468,TX,0.2157941406086534,0.7624,0.7624,235,0.038104914128780365
469,CA,0.781413758182716,0.7766,0.7766,776,0.0380992591381073
469,NY,0.004039597375526016,0.7578,0.7578,4,0.0380992591381073
469,TX,0.21454664444175797,0.7742,0.7742,220,0.0380992591381073
470,CA,0.7816737249199402,0.7716,0.7716,784,0.03820878267288208
470,NY,0.0039981800162444585,0.7588,0.7588,4,0.03820878267288208
470,TX,0.21432809506381537,0.7726,0.7726,212,0.03820878267288208
471,CA,0.7816017451209947,0.772,0.772,788,0.03793155774474144
471,NY,0.003968927227688728,0.7576,0.7576,4,0.03793155774474144
471,TX,0.21442932765131661,0.7664,0.7664,208,0.03793155774474144
472,CA,0.7821570045523256,0.7756,0.7756,784,0.03680006414651871
472,NY,0.003939470755846457,0.7592,0.7592,1,0.03680006414651871
472,TX,0.21390352469182797,0.7716,0.7716,215,0.03680006414651871
473,CA,0.7825625749754658,0.7738,0.7738,763,0.039540018886327744
473,NY,0.0039051084242516542,0.7478,0.7478,5,0.039540018886327744
473,TX,0.21353231660028246,0.7614,0.7614,232,0.039540018886327744
474,CA,0.7837774050077705,0.77,0.77,796,0.03853374719619751
474,NY,0.003853841470028875,0.7476,0.7476,4,0.03853374719619751
474,TX,0.2123687535222005,0.7654,0.7654,200,0.03853374719619751
475,CA,0.7842484956864268,0.7758,0.7758,801,0.03814644739031792
475,NY,0.0038073567342734494,0.7504,0.7504,3,0.03814644739031792
475,TX,0.21194414757929972,0.7708,0.7708,196,0.03814644739031792
476,CA,0.7847595428729993,0.7736,0.7736,772,0.038310084491968155
476,NY,0.0037553440765885544,0.7552,0.7552,1,0.038310084491968155
476,TX,0.21148511305041212,0.7764,0.7764,227,0.038310084491968155
477,CA,0.7845281743031413,0.7702,0.7702,781,0.03881808742880821
477,NY,0.003715289019061611,0.75,0.75,4,0.03881808742880821
477,TX,0.21175653667779717,0.7656,0.7656,215,0.03881808742880821
478,CA,0.7849934094616513,0.7704,0.7704,785,0.03749146685004234
478,NY,0.003675071408319523,0.7474,0.7474,4,0.03749146685004234
478,TX,0.2113315191300292,0.7606,0.7606,211,0.03749146685004234
479,CA,0.785950354418539,0.7736,0.7736,790,0.03788944333791733
479,NY,0.0036317489200181547,0.749,0.749,5,0.03788944333791733
479,TX,0.21041789666144298,0.763,0.763,205,0.03788944333791733
480,CA,0.786979680324031,0.7748,0.7748,800,0.03790655732154846
480,NY,0.0035860665953024074,0.7588,0.7588,3,0.03790655732154846
480,TX,0.20943425308066654,0.7638,0.7638,197,0.03790655732154846
481,CA,0.7880280550567571,0.7758,0.7758,775,0.03825448825955391
481,NY,0.003558471956037242,0.7612,0.7612,5,0.03825448825955391
481,TX,0.20841347298720578,0.7694,0.7694,220,0.03825448825955391
482,CA,0.788643497163664,0.7732,0.7732,791,0.03774522244930267
482,NY,0.003531971739564542,0.7424,0.7424,2,0.03774522244930267
482,TX,0.20782453109677151,0.7584,0.7584,207,0.03774522244930267
483,CA,0.7900624138771885,0.775,0.775,802,0.03777799382805824
483,NY,0.003476866651309394,0.7554,0.7554,1,0.03777799382805824
483,TX,0.20646071947150207,0.766,0.766,197,0.03777799382805824
484,CA,0.790920749173761,0.7782,0.7782,790,0.03869035094976425
484,NY,0.003442209816673223,0.76,0.76,4,0.03869035094976425
484,TX,0.20563704100956579,0.7708,0.7708,206,0.03869035094976425
485,CA,0.7916260818344726,0.7752,0.7752,788,0.03745175525546074
485,NY,0.0034100168595067584,0.7564,0.7564,7,0.03745175525546074
485,TX,0.2049639013060207,0.7678,0.7678,205,0.03745175525546074
486,CA,0.7923316646019739,0.7744,0.7744,804,0.038267746567726135
486,NY,0.0033769107546429474,0.7548,0.7548,7,0.038267746567726135
486,TX,0.20429142464338307,0.7666,0.7666,189,0.038267746567726135
487,CA,0.7930734549179663,0.7712,0.7712,794,0.03801481053233147
487,NY,0.0033427360231050173,0.7556,0.7556,4,0.03801481053233147
487,TX,0.2035838090589286,0.7626,0.7626,202,0.03801481053233147
488,CA,0.7938815751930248,0.7758,0.7758,817,0.03817002475261688
488,NY,0.0033166707382073835,0.753,0.753,4,0.03817002475261688
488,TX,0.2028017540687678,0.7658,0.7658,179,0.03817002475261688
489,CA,0.7948231338462235,0.7702,0.7702,796,0.03819606080651283
489,NY,0.003277970191200194,0.7492,0.7492,5,0.03819606080651283
489,TX,0.20189889596257626,0.7658,0.7658,199,0.03819606080651283
490,CA,0.79525314760818,0.7716,0.7716,789,0.03667374327778816
490,NY,0.003240835816425974,0.7566,0.7566,1,0.03667374327778816
490,TX,0.20150601657539408,0.7648,0.7648,210,0.03667374327778816
491,CA,0.7958905669334697,0.7742,0.7742,777,0.03853931277990341
491,NY,0.003215971544058548,0.7516,0.7516,4,0.03853931277990341
491,TX,0.2008934615224717,0.771,0.771,219,0.03853931277990341
492,CA,0.7962116814264323,0.7758,0.7758,796,0.040061965584754944
492,NY,0.003176287068610801,0.7564,0.7564,2,0.040061965584754944
492,TX,0.20061203150495696,0.7756,0.7756,202,0.040061965584754944
493,CA,0.7962573020533982,0.7768,0.7768,774,0.037247881293296814
493,NY,0.0031417672362707982,0.7568,0.7568,3,0.037247881293296814
493,TX,0.20060093071033108,0.769,0.769,223,0.037247881293296814
494,CA,0.7969873306981669,0.7722,0.7722,793,0.037822425365448
494,NY,0.003109250932494095,0.753,0.753,3,0.037822425365448
494,TX,0.1999034183693392,0.7688,0.7688,204,0.037822425365448
495,CA,0.797319975921573,0.774,0.774,798,0.03781401365995407
495,NY,0.003076849008111938,0.7544,0.7544,3,0.03781401365995407
495,TX,0.199603175070315,0.7704,0.7704,199,0.03781401365995407
496,CA,0.7976701943562159,0.7698,0.7698,786,0.03839278221130371
496,NY,0.003044191066673676,0.7434,0.7434,4,0.03839278221130371
496,TX,0.19928561457711036,0.7674,0.7674,210,0.03839278221130371
497,CA,0.7979220651057832,0.7728,0.7728,784,0.03714101389050484
497,NY,0.0029997279410159308,0.749,0.749,2,0.03714101389050484
497,TX,0.19907820695320086,0.7694,0.7694,214,0.03714101389050484
498,CA,0.7982589924622837,0.7718,0.7718,809,0.03713778406381607
498,NY,0.0029607059707778202,0.7458,0.7458,4,0.03713778406381607
498,TX,0.19878030156693838,0.7572,0.7572,187,0.03713778406381607
499,CA,0.799603475639117,0.7792,0.7792,775,0.0380912609398365
499,NY,0.0029221730083307924,0.7554,0.7554,3,0.0380912609398365
499,TX,0.19747435135255212,0.7712,0.7712,222,0.0380912609398365
500,CA,0.8003454066849073,0.7732,0.7732,777,0.038084082305431366
500,NY,0.0028857588262043003,0.753,0.753,3,0.038084082305431366
500,TX,0.1967688344888884,0.7682,0.7682,220,0.038084082305431366
501,CA,0.800816058413334,0.7714,0.7714,831,0.0377718061208725
501,NY,0.0028545624103415174,0.7496,0.7496,5,0.0377718061208725
501,TX,0.19632937917632445,0.7646,0.7646,164,0.0377718061208725
502,CA,0.8014482357682201,0.7718,0.7718,791,0.03763744980096817
502,NY,0.0028216580157399422,0.753,0.753,5,0.03763744980096817
502,TX,0.19573010621603992,0.7708,0.7708,204,0.03763744980096817
503,CA,0.8015607823924006,0.7766,0.7766,810,0.037068210542201996
503,NY,0.002792110348347115,0.7564,0.7564,2,0.037068210542201996
503,TX,0.19564710725925227,0.767,0.767,188,0.037068210542201996
504,CA,0.8024345864390126,0.776,0.776,812,0.037621986120939255
504,NY,0.002763373113247336,0.7538,0.7538,2,0.037621986120939255
504,TX,0.19480204044774002,0.7648,0.7648,186,0.037621986120939255
505,CA,0.8034493618641653,0.7656,0.7656,819,0.037737224251031876
505,NY,0.0027322818855620317,0.7532,0.7532,2,0.037737224251031876
505,TX,0.1938183562502726,0.7664,0.7664,179,0.037737224251031876
506,CA,0.8033942243444788,0.7782,0.7782,794,0.03187744319438934
506,NY,0.0027129065852785398,0.7568,0.7568,0,0.03187744319438934
506,TX,0.19389286907024267,0.7654,0.7654,206,0.03187744319438934
507,CA,0.8045433907091115,0.7672,0.7672,822,0.03680594637989998
507,NY,0.002684091537876379,0.7526,0.7526,3,0.03680594637989998
507,TX,0.19277251775301218,0.7676,0.7676,175,0.03680594637989998
508,CA,0.8045261268719676,0.7686,0.7686,819,0.03088468685746193
508,NY,0.0026618593753917727,0.7476,0.7476,0,0.03088468685746193
508,TX,0.19281201375264065,0.7634,0.7634,181,0.03088468685746193
509,CA,0.8050079306812553,0.7694,0.7694,803,0.04050443321466446
509,NY,0.0026318281641858963,0.7528,0.7528,5,0.04050443321466446
509,TX,0.19236024115455877,0.7614,0.7614,192,0.04050443321466446
510,CA,0.8057285829399295,0.7714,0.7714,830,0.03787556663155556
510,NY,0.0026094710509259097,0.751,0.751,4,0.03787556663155556
510,TX,0.19166194600914446,0.7618,0.7618,166,0.03787556663155556
511,CA,0.8065906285598267,0.7678,0.7678,799,0.03756662458181381
511,NY,0.002582179271028507,0.7558,0.7558,1,0.03756662458181381
511,TX,0.19082719216914476,0.7686,0.7686,200,0.03756662458181381
512,CA,0.8065351156929156,0.7732,0.7732,815,0.0376766063272953
512,NY,0.002564474674776981,0.7556,0.7556,6,0.0376766063272953
512,TX,0.19090040963230748,0.7642,0.7642,179,0.0376766063272953
513,CA,0.8073379181134366,0.778,0.778,825,0.03741784766316414
513,NY,0.0025415481019351264,0.7618,0.7618,3,0.03741784766316414
513,TX,0.19012053378462837,0.7672,0.7672,172,0.03741784766316414
514,CA,0.808290079664963,0.77,0.77,803,0.03665931522846222
514,NY,0.002521361290092438,0.7526,0.7526,1,0.03665931522846222
514,TX,0.1891885590449444,0.762,0.762,196,0.03665931522846222
515,CA,0.8090019008563931,0.7726,0.7726,813,0.037097129970788956
515,NY,0.002498773637005441,0.751,0.751,2,0.037097129970788956
515,TX,0.18849932550660145,0.762,0.762,185,0.037097129970788956
516,CA,0.8099395346561531,0.777,0.777,808,0.03652377426624298
516,NY,0.0024711856455666287,0.7566,0.7566,1,0.03652377426624298
516,TX,0.18758927969828024,0.7664,0.7664,191,0.03652377426624298
517,CA,0.810869894261359,0.7712,0.7712,797,0.03810941055417061
517,NY,0.0024456223878011256,0.7554,0.7554,1,0.03810941055417061
517,TX,0.18668448335083984,0.7628,0.7628,202,0.03810941055417061
518,CA,0.8116061640610334,0.769,0.769,813,0.03228688985109329
518,NY,0.002426007014767105,0.7564,0.7564,0,0.03228688985109329
518,TX,0.18596782892419958,0.769,0.769,187,0.03228688985109329
519,CA,0.8116201885681062,0.7722,0.7722,798,0.03738106042146683
519,NY,0.0024087689944810404,0.7582,0.7582,2,0.03738106042146683
519,TX,0.18597104243741272,0.7694,0.7694,200,0.03738106042146683
520,CA,0.8118741874916565,0.776,0.776,818,0.03727100044488907
520,NY,0.002390488112150341,0.7552,0.7552,2,0.03727100044488907
520,TX,0.1857353243961931,0.7704,0.7704,180,0.03727100044488907
521,CA,0.8123726988865082,0.7712,0.7712,820,0.037442147731781006
521,NY,0.0023639420343246143,0.7522,0.7522,2,0.037442147731781006
521,TX,0.18526335907916727,0.7656,0.7656,178,0.037442147731781006
522,CA,0.812869447715195,0.773,0.773,805,0.03251339867711067
522,NY,0.002340013572241567,0.7512,0.7512,0,0.03251339867711067
522,TX,0.18479053871256343,0.7688,0.7688,195,0.03251339867711067
523,CA,0.8132488411696043,0.7748,0.7748,827,0.03758721798658371
523,NY,0.0023123205658968408,0.7582,0.7582,2,0.03758721798658371
523,TX,0.184438838264499,0.775,0.775,171,0.03758721798658371
524,CA,0.8132495270126693,0.7706,0.7706,836,0.03771788254380226
524,NY,0.0022906949783446607,0.751,0.751,1,0.03771788254380226
524,TX,0.18445977800898608,0.7696,0.7696,163,0.03771788254380226
525,CA,0.8133548861912733,0.777,0.777,831,0.03763929381966591
525,NY,0.00226563116816596,0.7554,0.7554,2,0.03763929381966591
525,TX,0.1843794826405608,0.7698,0.7698,167,0.03763929381966591
526,CA,0.8139854018983432,0.7732,0.7732,827,0.03775734454393387
526,NY,0.002239826677895516,0.7514,0.7514,1,0.03775734454393387
526,TX,0.18377477142376128,0.7662,0.7662,172,0.03775734454393387
527,CA,0.8145988095124362,0.7746,0.7746,804,0.038578663021326065
527,NY,0.002213957045680962,0.758,0.758,4,0.038578663021326065
527,TX,0.18318723344188284,0.7718,0.7718,192,0.038578663021326065
528,CA,0.8148512067306853,0.7728,0.7728,817,0.032108429819345474
528,NY,0.0021939267638141713,0.7518,0.7518,0,0.032108429819345474
528,TX,0.18295486650550036,0.767,0.767,183,0.032108429819345474
529,CA,0.8153604439813413,0.7726,0.7726,826,0.03751029446721077
529,NY,0.0021692930783680873,0.7558,0.7558,2,0.03751029446721077
529,TX,0.18247026294029062,0.7732,0.7732,172,0.03751029446721077
530,CA,0.8153268493349566,0.774,0.774,810,0.03697076067328453
530,NY,0.0021486448461036116,0.7606,0.7606,3,0.03697076067328453
530,TX,0.1825245058189399,0.769,0.769,187,0.03697076067328453
531,CA,0.8157597512246392,0.7712,0.7712,814,0.03689464181661606
531,NY,0.0021335471634773722,0.7564,0.7564,2,0.03689464181661606
531,TX,0.1821067016118835,0.7754,0.7754,184,0.03689464181661606
532,CA,0.8154221688182723,0.7708,0.7708,815,0.036501526832580566
532,NY,0.0021148438814768723,0.7526,0.7526,2,0.036501526832580566
532,TX,0.18246298730025087,0.7602,0.7602,183,0.036501526832580566
533,CA,0.8163315283147919,0.7696,0.7696,807,0.037659741938114166
533,NY,0.002095442088988862,0.7552,0.7552,2,0.037659741938114166
533,TX,0.1815730295962191,0.764,0.764,191,0.037659741938114166
534,CA,0.8168147965546072,0.776,0.776,811,0.036329127848148346
534,NY,0.0020796209782402647,0.7606,0.7606,2,0.036329127848148346
534,TX,0.18110558246715258,0.7736,0.7736,187,0.036329127848148346
535,CA,0.8170294874118696,0.7694,0.7694,817,0.03664325550198555
535,NY,0.0020621300947393693,0.7504,0.7504,1,0.03664325550198555
535,TX,0.18090838249339108,0.7674,0.7674,182,0.03664325550198555
536,CA,0.8172146919067923,0.7758,0.7758,803,0.03634701296687126
536,NY,0.0020404491535572357,0.7492,0.7492,3,0.03634701296687126
536,TX,0.1807448589396505,0.7614,0.7614,194,0.03634701296687126
537,CA,0.8184392637572874,0.7706,0.7706,819,0.03743263706564903
537,NY,0.0020128966830421802,0.7516,0.7516,4,0.03743263706564903
537,TX,0.17954783955967046,0.7598,0.7598,177,0.03743263706564903
538,CA,0.8193542981022875,0.7742,0.7742,817,0.03665521740913391
538,NY,0.0019935229560411423,0.756,0.756,5,0.03665521740913391
538,TX,0.1786521789416713,0.769,0.769,178,0.03665521740913391
539,CA,0.8198003196790496,0.7778,0.7778,829,0.2118704840540886
539,NY,0.0019741471664136033,0.7526,0.7526,1,0.2118704840540886
539,TX,0.1782255331545368,0.7636,0.7636,170,0.2118704840540886
540,CA,0.8209920239503817,0.773,0.773,822,0.031729888170957565
540,NY,0.0019489930250371022,0.7514,0.7514,0,0.031729888170957565
540,TX,0.1770589830245812,0.7636,0.7636,178,0.031729888170957565
541,CA,0.8217829623296689,0.7678,0.7678,817,0.03724293038249016
541,NY,0.0019271037198963716,0.7468,0.7468,5,0.03724293038249016
541,TX,0.17628993395043474,0.7574,0.7574,178,0.03724293038249016
542,CA,0.8226549842872808,0.7746,0.7746,856,0.037685129791498184
542,NY,0.001906231947277758,0.7538,0.7538,4,0.037685129791498184
542,TX,0.1754387837654415,0.7614,0.7614,140,0.037685129791498184
543,CA,0.8237483524337431,0.7788,0.7788,808,0.03725220635533333
543,NY,0.001886392920905769,0.7578,0.7578,2,0.03725220635533333
543,TX,0.1743652546453511,0.7714,0.7714,190,0.03725220635533333
544,CA,0.8243646874483123,0.7704,0.7704,830,0.03243584185838699
544,NY,0.0018655174612136293,0.7514,0.7514,0,0.03243584185838699
544,TX,0.17376979509047413,0.7612,0.7612,170,0.03243584185838699
545,CA,0.8251263012775386,0.7756,0.7756,818,0.03781239315867424
545,NY,0.001847201673972427,0.7528,0.7528,0,0.03781239315867424
545,TX,0.17302649704848908,0.7654,0.7654,182,0.03781239315867424
546,CA,0.8259668683840021,0.7754,0.7754,815,0.038640350103378296
546,NY,0.0018253398617755752,0.7562,0.7562,1,0.038640350103378296
546,TX,0.17220779175422235,0.7684,0.7684,184,0.038640350103378296
547,CA,0.8265443884900975,0.772,0.772,820,0.03936555236577988
547,NY,0.0018068622731943307,0.7512,0.7512,2,0.03936555236577988
547,TX,0.1716487492367081,0.7688,0.7688,178,0.03936555236577988
548,CA,0.8268182177742803,0.7708,0.7708,852,0.03814144805073738
548,NY,0.0017862446309698558,0.7522,0.7522,2,0.03814144805073738
548,TX,0.17139553759474974,0.7664,0.7664,146,0.03814144805073738
549,CA,0.8271860158975464,0.7718,0.7718,831,0.03137347102165222
549,NY,0.001768268643759568,0.7526,0.7526,0,0.03137347102165222
549,TX,0.1710457154586941,0.7604,0.7604,169,0.03137347102165222
550,CA,0.8281132484380951,0.778,0.778,854,0.031166601926088333
550,NY,0.0017510675690388772,0.7592,0.7592,0,0.031166601926088333
550,TX,0.17013568399286594,0.7686,0.7686,146,0.031166601926088333
551,CA,0.8288741509460256,0.7694,0.7694,807,0.03777594119310379
551,NY,0.0017341442800580208,0.7526,0.7526,3,0.03777594119310379
551,TX,0.1693917047739164,0.764,0.764,190,0.03777594119310379
552,CA,0.8293165322269005,0.7718,0.7718,827,0.037692997604608536
552,NY,0.0017185957724868593,0.7512,0.7512,2,0.037692997604608536
552,TX,0.16896487200061264,0.7592,0.7592,171,0.037692997604608536
553,CA,0.8303308313691484,0.7768,0.7768,792,0.037712424993515015
553,NY,0.0017006918540369768,0.7572,0.7572,1,0.037712424993515015
553,TX,0.16796847677681467,0.7692,0.7692,207,0.037712424993515015
554,CA,0.8309434201731773,0.7638,0.7638,837,0.03246692940592766
554,NY,0.0016831722777770185,0.7498,0.7498,0,0.03246692940592766
554,TX,0.16737340754904564,0.767,0.767,163,0.03246692940592766
555,CA,0.8307022676099545,0.774,0.774,835,0.0396713986992836
555,NY,0.0016693276476907944,0.7576,0.7576,1,0.0396713986992836
555,TX,0.16762840474235474,0.768,0.768,164,0.0396713986992836
556,CA,0.8311863363832969,0.7736,0.7736,818,0.037354130297899246
556,NY,0.0016548590681669043,0.7556,0.7556,2,0.037354130297899246
556,TX,0.1671588045485362,0.7666,0.7666,180,0.037354130297899246
557,CA,0.8317490421359929,0.777,0.777,829,0.036370549350976944
557,NY,0.0016391731069020335,0.7522,0.7522,3,0.036370549350976944
557,TX,0.16661178475710506,0.7608,0.7608,168,0.036370549350976944
558,CA,0.833033405449042,0.7774,0.7774,843,0.037503503262996674
558,NY,0.0016187924730865556,0.7544,0.7544,3,0.037503503262996674
558,TX,0.1653478020778714,0.7634,0.7634,154,0.037503503262996674
559,CA,0.8341372512029716,0.7748,0.7748,852,0.03738108649849892
559,NY,0.0015999621853092258,0.759,0.759,1,0.03738108649849892
559,TX,0.1642627866117192,0.769,0.769,147,0.03738108649849892
560,CA,0.8345971559774709,0.7756,0.7756,841,0.03749236464500427
560,NY,0.0015865929555586385,0.7546,0.7546,1,0.03749236464500427
560,TX,0.16381625106697056,0.7728,0.7728,158,0.03749236464500427
561,CA,0.8348284799884791,0.7786,0.7786,834,0.030960209667682648
561,NY,0.0015682628921878286,0.7574,0.7574,0,0.030960209667682648
561,TX,0.16360325711933316,0.767,0.767,166,0.030960209667682648
562,CA,0.8357358472955654,0.7748,0.7748,849,0.03687218204140663
562,NY,0.001551254215877531,0.7568,0.7568,2,0.03687218204140663
562,TX,0.1627128984885571,0.7676,0.7676,149,0.03687218204140663
563,CA,0.8363010410285626,0.7712,0.7712,846,0.03776243329048157
563,NY,0.0015365598611368385,0.7508,0.7508,3,0.03776243329048157
563,TX,0.16216239911030042,0.7638,0.7638,151,0.03776243329048157
564,CA,0.8368828463939181,0.769,0.769,846,0.03638911247253418
564,NY,0.0015199190116683367,0.7552,0.7552,1,0.03638911247253418
564,TX,0.16159723459441347,0.7648,0.7648,153,0.03638911247253418
565,CA,0.8372139852389835,0.7744,0.7744,830,0.03685533627867699
565,NY,0.0015086588087084916,0.7512,0.7512,1,0.03685533627867699
565,TX,0.16127735595230797,0.7588,0.7588,169,0.03685533627867699
566,CA,0.838419320572858,0.7746,0.7746,826,0.03742123022675514
566,NY,0.0014910769472521836,0.7566,0.7566,3,0.03742123022675514
566,TX,0.1600896024798898,0.7654,0.7654,171,0.03742123022675514
567,CA,0.8391284440319672,0.775,0.775,840,0.03773210570216179
567,NY,0.0014772010990928993,0.7582,0.7582,3,0.03773210570216179
567,TX,0.15939435486894002,0.7688,0.7688,157,0.03773210570216179
568,CA,0.8396076409773531,0.7718,0.7718,838,0.03673754632472992
568,NY,0.0014640552964397763,0.7486,0.7486,1,0.03673754632472992
568,TX,0.15892830372620723,0.7652,0.7652,161,0.03673754632472992
569,CA,0.8401211081704061,0.7698,0.7698,840,0.031770024448633194
569,NY,0.0014457685426268944,0.748,0.748,0,0.031770024448633194
569,TX,0.15843312328696701,0.767,0.767,160,0.031770024448633194
570,CA,0.8403467123930053,0.7728,0.7728,828,0.038312509655952454
570,NY,0.0014283433506618675,0.7582,0.7582,2,0.038312509655952454
570,TX,0.1582249442563329,0.77,0.77,170,0.038312509655952454
571,CA,0.8405666611388224,0.7778,0.7778,843,0.03180951625108719
571,NY,0.0014169509135294575,0.753,0.753,0,0.03180951625108719
571,TX,0.15801638794764813,0.7688,0.7688,157,0.03180951625108719
572,CA,0.841256250818989,0.7736,0.7736,840,0.032124701887369156
572,NY,0.001398330927056607,0.7542,0.7542,0,0.032124701887369156
572,TX,0.15734541825395432,0.7728,0.7728,160,0.032124701887369156
573,CA,0.8413288301142735,0.7738,0.7738,825,0.03730759024620056
573,NY,0.0013831550182850168,0.751,0.751,1,0.03730759024620056
573,TX,0.1572880148674415,0.7646,0.7646,174,0.03730759024620056
574,CA,0.842030721285319,0.7746,0.7746,845,0.036515746265649796
574,NY,0.0013665153608349678,0.7534,0.7534,1,0.036515746265649796
574,TX,0.15660276335384607,0.7652,0.7652,154,0.036515746265649796
575,CA,0.8427435514976661,0.7756,0.7756,834,0.03749314695596695
575,NY,0.0013513335027952537,0.7592,0.7592,2,0.03749314695596695
575,TX,0.1559051149995387,0.7666,0.7666,164,0.03749314695596695
576,CA,0.8434205812460434,0.7724,0.7724,856,0.03744799643754959
576,NY,0.001339927747086457,0.7554,0.7554,2,0.03744799643754959
576,TX,0.15523949100687018,0.7656,0.7656,142,0.03744799643754959
577,CA,0.8439340684210631,0.7712,0.7712,831,0.03917960822582245
577,NY,0.0013278837546739806,0.753,0.753,1,0.03917960822582245
577,TX,0.15473804782426284,0.7654,0.7654,168,0.03917960822582245
578,CA,0.8443734401627793,0.7764,0.7764,856,0.0320725217461586
578,NY,0.001314923282842094,0.7508,0.7508,0,0.0320725217461586
578,TX,0.1543116365543786,0.768,0.768,144,0.0320725217461586
579,CA,0.8450060434355559,0.7772,0.7772,846,0.03648494929075241
579,NY,0.0012969446431325361,0.7554,0.7554,1,0.03648494929075241
579,TX,0.15369701192131166,0.7632,0.7632,153,0.03648494929075241
580,CA,0.8460438570240979,0.776,0.776,848,0.03685914725065231
580,NY,0.0012826090224527873,0.7558,0.7558,3,0.03685914725065231
580,TX,0.1526735339534493,0.764,0.764,149,0.03685914725065231
581,CA,0.8469298864157057,0.7768,0.7768,852,0.032165832817554474
581,NY,0.0012693487389046124,0.7538,0.7538,0,0.032165832817554474
581,TX,0.15180076484538976,0.7622,0.7622,148,0.032165832817554474
582,CA,0.8480015747448757,0.7794,0.7794,852,0.03618608042597771
582,NY,0.0012545029194445062,0.755,0.755,2,0.03618608042597771
582,TX,0.15074392233567985,0.7664,0.7664,146,0.03618608042597771
583,CA,0.848951137069559,0.7744,0.7744,861,0.03788153454661369
583,NY,0.0012386860496590275,0.7564,0.7564,4,0.03788153454661369
583,TX,0.14981017688078194,0.7688,0.7688,135,0.03788153454661369
584,CA,0.8493633891367438,0.7786,0.7786,853,0.037605565041303635
584,NY,0.0012267158849409551,0.7574,0.7574,2,0.037605565041303635
584,TX,0.14940989497831528,0.7714,0.7714,145,0.037605565041303635
585,CA,0.8498898552475577,0.774,0.774,847,0.03771325573325157
585,NY,0.0012128453602909875,0.7568,0.7568,2,0.03771325573325157
585,TX,0.14889729939215135,0.7692,0.7692,151,0.03771325573325157
586,CA,0.8502423981342503,0.7732,0.7732,867,0.037319671362638474
586,NY,0.001201584315616559,0.7514,0.7514,1,0.037319671362638474
586,TX,0.14855601755013315,0.7654,0.7654,132,0.037319671362638474
587,CA,0.8508109480279841,0.7808,0.7808,841,0.03692449629306793
587,NY,0.0011876054598804996,0.753,0.753,4,0.03692449629306793
587,TX,0.14800144651213548,0.7614,0.7614,155,0.03692449629306793
588,CA,0.8522007720103488,0.7766,0.7766,856,0.037582606077194214
588,NY,0.0011709754992958895,0.7466,0.7466,2,0.037582606077194214
588,TX,0.14662825249035533,0.7632,0.7632,142,0.037582606077194214
589,CA,0.8531611895975553,0.775,0.775,826,0.032077327370643616
589,NY,0.0011524995756595547,0.7552,0.7552,0,0.032077327370643616
589,TX,0.14568631082678515,0.767,0.767,174,0.032077327370643616
590,CA,0.8537327384041875,0.7672,0.7672,841,0.036853641271591187
590,NY,0.001140406992792343,0.7552,0.7552,1,0.036853641271591187
590,TX,0.1451268546030201,0.7644,0.7644,158,0.036853641271591187
591,CA,0.8539357076324683,0.7698,0.7698,851,0.03218851983547211
591,NY,0.0011329324529106228,0.7538,0.7538,0,0.03218851983547211
591,TX,0.144931359914621,0.7678,0.7678,149,0.03218851983547211
592,CA,0.8540843397533526,0.7818,0.7818,860,0.03674236685037613
592,NY,0.0011228855085417277,0.7584,0.7584,1,0.03674236685037613
592,TX,0.14479277473810567,0.7666,0.7666,139,0.03674236685037613
593,CA,0.8551532216226303,0.7742,0.7742,857,0.03753432258963585
593,NY,0.001109525722003952,0.7526,0.7526,2,0.03753432258963585
593,TX,0.1437372526553658,0.772,0.772,141,0.03753432258963585
594,CA,0.8553172214017427,0.7726,0.7726,853,0.03727438673377037
594,NY,0.00109622799215195,0.7556,0.7556,1,0.03727438673377037
594,TX,0.1435865506061053,0.769,0.769,146,0.03727438673377037
595,CA,0.8555757125435801,0.7712,0.7712,858,0.030909225344657898
595,NY,0.0010860428130936746,0.7476,0.7476,0,0.030909225344657898
595,TX,0.1433382446433263,0.7622,0.7622,142,0.030909225344657898
596,CA,0.8562117198797013,0.7724,0.7724,848,0.030988618731498718
596,NY,0.0010723686249727604,0.7564,0.7564,0,0.030988618731498718
596,TX,0.14271591149532586,0.767,0.767,152,0.030988618731498718
597,CA,0.8565924713765682,0.7714,0.7714,851,0.03974683955311775
597,NY,0.0010631605936258063,0.7554,0.7554,1,0.03974683955311775
597,TX,0.14234436802980596,0.7664,0.7664,148,0.03974683955311775
598,CA,0.8569450081275606,0.766,0.766,862,0.03790827840566635
598,NY,0.0010539912970918015,0.7528,0.7528,1,0.03790827840566635
598,TX,0.14200100057534765,0.7666,0.7666,137,0.03790827840566635
599,CA,0.8569104173250778,0.7738,0.7738,872,0.03716205805540085
599,NY,0.0010460709928212092,0.7516,0.7516,2,0.03716205805540085
599,TX,0.14204351168210094,0.7628,0.7628,126,0.03716205805540085
600,CA,0.8576771440428328,,,0,
600,NY,0.0010339031529526606,,,0,
600,TX,0.1412889528042145,,,0,
